gauge_id,header_offset,compress_size,compress_type,area_km2
1159100,23921041,1571665,8,786037.2386959121
1159103,25492799,1565002,8,764465.7176806229
1159105,27057894,1553330,8,881178.2146204921
1159110,28611317,1562930,8,1496.14091888198
1159120,30174340,1562579,8,1666.59062903599
1159125,31737012,1558698,8,8923.99302635022
1159130,33295803,1561288,8,37845.1984804379
1159131,34857184,1563912,8,13054.8158904077
1159290,36421189,1583500,8,346731.961448247
1159300,38004782,1593575,8,342567.44963824697
1159301,39598450,1592081,8,320560.184561054
1159302,41190624,1613123,8,97005.5363328845
1159304,42803840,1586932,8,282905.12007692
1159305,44390865,1588444,8,8190.95358035607
1159310,45979402,1594313,8,338.364997607828
1159320,47573808,1594886,8,2378.08648462918
1159321,49168787,1592099,8,601.134860584799
1159325,50760979,1588404,8,196.56612466932705
1159330,52349476,1584483,8,25538.5871271011
1159333,53934052,1595829,8,1873.45933726172
1159335,55529974,1582748,8,12888.4122246278
1159337,57112815,1591039,8,4573.59672153915
1159400,58703947,1578904,8,11207.2724579467
1159403,60282944,1580062,8,24474.7979402021
1159405,61863099,1568756,8,31036.5467838346
1159410,63431948,1585688,8,17137.8023614413
1159413,65017729,1591794,8,15895.9551195297
1159415,66609616,1585357,8,7026.52817351504
1159417,68195066,1589991,8,7107.515212506691
1159419,69785150,1582992,8,591.347818146706
1159450,71368235,1575108,8,152687.400369953
1159490,72943436,1582805,8,116270.792769249
1159500,74526334,1576844,8,116220.034447757
1159510,76103271,1585387,8,7803.15051406898
1159511,77688751,1589032,8,7798.00547680109
1159512,79277876,1592182,8,860.47554099595
1159513,80870151,1591728,8,3563.87838644397
1159520,82461972,1590038,8,909.838229140784
1159525,84052103,1589949,8,5740.62732082681
1159530,85642145,1585005,8,894.684384283613
1159535,87227243,1593403,8,80192.166675224
1159540,88820739,1578325,8,1374.4558742733802
1159545,90399157,1593602,8,63625.0339926033
1159546,91992852,1583780,8,816.5757096373759
1159547,93576725,1588916,8,5750.089140248339
1159548,95165734,1595593,8,3835.0390606892297
1159549,96761420,1592636,8,1529.60591101279
1159550,98354149,1601249,8,49211.6240463992
1159555,99955491,1590248,8,47286.6281098935
1159560,101545832,1602308,8,1117.77959639878
1159570,103148233,1587938,8,2213.0503384213
1159580,104736264,1598181,8,3493.8512039009497
1159600,106334538,1597777,8,2163.42467911029
1159601,107932408,1609296,8,2368.0209162326
1159650,109541797,1627766,8,36754.7138959302
1159651,111169656,1617365,8,24525.8590421669
1159653,112787114,1627698,8,2986.023334690089
1159655,114414905,1598746,8,10651.3346558186
1159660,116013744,1628850,8,8586.88318444692
1159670,117642687,1607404,8,512.602559853043
1159673,119250184,1601634,8,3908.22183805354
1159675,120851911,1603478,8,12915.1170703144
1159800,122455482,1595597,8,38605.7372898409
1159805,124051172,1613399,8,15633.7881511715
1159810,125664664,1603367,8,15446.8422414285
1159811,127268124,1600437,8,4641.4285861916105
1159813,128868654,1602286,8,10528.2055083915
1159815,130471033,1603173,8,7488.287020458471
1159820,132074299,1603589,8,872.368216133876
1159825,133677981,1599297,8,389.336293411324
1159830,135277371,1621381,8,702.370719864225
1159850,136898845,1591149,8,33.89283834930939
1159855,138490087,1586488,8,4.89916374696508
1159860,140076668,1588921,8,26.578874408380297
1159880,141665682,1594601,8,15543.6687208145
1159890,143260376,1603467,8,4705.7620173655605
1159900,144863936,1604243,8,4130.258486918739
1159910,146468272,1598045,8,2229.14364335414
1160091,148066410,1583084,8,901.0099341217972
1160095,149649587,1568545,8,157.96806071945102
1160100,151218225,1595251,8,489.93884135582704
1160101,152813569,1605955,8,39.314241612039
1160102,154419617,1597317,8,2002.14535697444
1160113,156017027,1628696,8,465.122330528025
1160115,157645816,1597107,8,603.293134426681
1160120,159243016,1581165,8,373.730843953501
1160200,160824274,1538871,8,2354.26250111923
1160210,162363238,1614650,8,20.9995539431505
1160220,163977981,1575820,8,289.57634845285304
1160230,165553894,1576561,8,190.788410285961
1160235,167130548,1561037,8,24011.5430222584
1160240,168691678,1594836,8,22.6422923430018
1160245,170286607,1573111,8,181.686676132196
1160250,171859811,1596131,8,235.384367786052
1160255,173456035,1597929,8,471.042153587992
1160256,175054057,1593374,8,1312.70652438898
1160257,176647524,1587371,8,24.1533000591908
1160260,178234988,1601447,8,468.679179932546
1160263,179836528,1621888,8,635.721904731265
1160265,181458509,1602727,8,399.388423135728
1160266,183061329,1610724,8,2973.2400571509
1160270,184672146,1595573,8,33.3326956884826
1160271,186267812,1608949,8,20.069988399998103
1160275,187876854,1585209,8,11.6465755158794
1160276,189462156,1585593,8,4.996337282760741
1160290,191047842,1618958,8,27.2441238574118
1160295,192666893,1620264,8,50.5923862912818
1160300,194287250,1593393,8,636.150581107398
1160301,195880736,1597479,8,740.930749778914
1160303,197478308,1585718,8,6692.83976333192
1160304,199064119,1585620,8,4315.88691225243
1160305,200649832,1590512,8,9838.50994799234
1160310,202240437,1596751,8,54.35676406675029
1160315,203837281,1576794,8,18.4503586251786
1160317,205414168,1628637,8,80.250846388888
1160318,207042898,1583678,8,163.344004228143
1160320,208626669,1575534,8,6868.491270481601
1160324,210202296,1577686,8,24.276077059046504
1160325,211780075,1557243,8,19.7464336585682
1160327,213337411,1567806,8,20.826522361132103
1160328,214905310,1597960,8,18.5115676808018
1160330,216503363,1576538,8,674.892347947983
1160331,218079994,1584241,8,57.17601715603151
1160332,219664328,1599202,8,42.7517881233919
1160340,221263623,1559234,8,708.69734319932
1160341,222822950,1571175,8,1214.95668496246
1160345,224394218,1567070,8,78.2134184920716
1160346,225961381,1563208,8,18.5724896214598
1160347,227524682,1561276,8,104.89444276662
1160348,229086051,1562693,8,46.80368524501579
1160350,230648837,1564050,8,2904.33515297846
1160351,232212980,1606980,8,81.6173875679465
1160352,233820053,1561892,8,5846.8942353722805
1160353,235382038,1561143,8,12456.8418037981
1160360,236943274,1572321,8,8.97976243146191
1160361,238515688,1562704,8,31.393818513948304
1160365,240078485,1571759,8,276.350628248554
1160367,241650337,1572496,8,26.149823671500503
1160368,243222926,1575333,8,33.3120600250711
1160370,244798352,1593911,8,97.3635695274936
1160373,246392356,1562245,8,43471.4924777208
1160375,247954694,1578532,8,120.018078770393
1160378,249533319,1561067,8,17144.7465309679
1160380,251094479,1564730,8,4258.92115162434
1160385,252659302,1583925,8,29.8657354937212
1160390,254243320,1568032,8,696.180654121054
1160391,255811445,1566524,8,10963.89662696
1160393,257378062,1578600,8,345.554987249771
1160395,258956755,1582179,8,32.278381115654604
1160396,260539027,1573313,8,139.959232138154
1160398,262112433,1566187,8,35.6555007640225
1160400,263678713,1608810,8,143.887489827499
1160403,265287616,1602017,8,135.339464459523
1160405,266889726,1614525,8,35.6303611191432
1160415,268504344,1588067,8,149.342065089063
1160417,270092504,1587590,8,218.66502350018905
1160419,271680187,1595250,8,197.12349552527303
1160420,273275530,1611240,8,48.6407057562697
1160425,274886863,1606885,8,74.683323383103
1160427,276493841,1617876,8,23.3535840454948
1160430,278111810,1617083,8,145.452797459033
1160435,279728986,1602340,8,92.387063398846
1160441,281331419,1598423,8,167.011500103048
1160443,282929935,1597826,8,780.471628848009
1160450,284527854,1596734,8,52.133041008159296
1160453,286124681,1593308,8,1620.91166051089
1160455,287718082,1628356,8,59.150811004961206
1160456,289346531,1637276,8,26.179098239556694
1160457,290983900,1626417,8,19.424272355438603
1160458,292610410,1612759,8,117.288315614595
1160459,294223262,1610792,8,148.34827842158
1160460,295834147,1576498,8,29585.5697175877
1160470,297410738,1581363,8,1281.52083988103
1160480,298992194,1570595,8,3948.78869986268
1160481,300562882,1572268,8,3677.07291556054
1160485,302135243,1588389,8,916.7816887584752
1160487,303723725,1595230,8,398.830692332768
1160490,305319048,1593073,8,1774.45549250145
1160493,306912214,1590123,8,13495.350522225
1160495,308502430,1584268,8,552.7581628596299
1160500,310086791,1596422,8,1452.6903455737197
1160505,311683306,1601770,8,592.067505393599
1160510,313285169,1597496,8,23089.8023661227
1160511,314882758,1594733,8,9114.93485552202
1160512,316477584,1591659,8,1712.89358493573
1160520,318069336,1613656,8,1581.71587034579
1160523,319683085,1584467,8,2613.0301542616103
1160525,321267645,1600002,8,875.872938164007
1160527,322867740,1598261,8,1519.6638717197195
1160528,324466094,1601602,8,10960.8283867032
1160529,326067789,1592057,8,4737.2172607658895
1160530,327659939,1594842,8,805.248429928014
1160533,329254874,1595096,8,19168.2110637399
1160535,330850063,1597075,8,1315.68089245449
1160537,332447231,1611450,8,1061.71063925405
1160540,334058774,1599540,8,47.525903873439205
1160545,335658407,1607242,8,616.534983684557
1160550,337265742,1598034,8,471.130732314082
1160580,338863869,1596869,8,29606.8837063252
1160600,340460831,1617244,8,2540.88101948008
1160601,342078168,1614201,8,1529.79166336526
1160602,343692462,1617153,8,487.188769611932
1160605,345309708,1614178,8,98.3869059776384
1160607,346923979,1609091,8,35.80097371327621
1160610,348533163,1626952,8,125.210897318041
1160611,350160208,1615831,8,98.379379966444
1160612,351776132,1621345,8,18.2262839900543
1160615,353397570,1626948,8,59.9660382187245
1160617,355024611,1613527,8,1025.8909947711
1160620,356638231,1612701,8,250.450894240723
1160621,358251025,1634014,8,72.1511078242761
1160625,359885132,1613854,8,231.883831689086
1160630,361499079,1613166,8,1257.38027555622
1160631,363112338,1600160,8,496.16654372127095
1160635,364712591,1625323,8,79.83099104977491
1160640,366338007,1625751,8,422.371454168986
1160641,367963851,1642434,8,29.0776325540461
1160650,369606378,1626721,8,730.52955649468
1160660,371233192,1611585,8,509.783233959073
1160670,372844870,1619325,8,468.73650024479
1160671,374464288,1632542,8,103.27686510379
1160675,376096923,1620423,8,221.30855665992297
1160680,377717439,1634836,8,550.155887715114
1160682,379352368,1614222,8,3633.197593723901
1160684,380966683,1607316,8,18834.6480044748
1160685,382574092,1629410,8,146.186872858883
1160687,384203595,1611281,8,103.051649389876
1160688,385814969,1616006,8,877.041551302776
1160690,387431068,1598092,8,1406.38044552771
1160693,389029253,1598496,8,6861.546564105611
1160695,390627842,1622287,8,2372.66647880393
1160700,392250222,1629197,8,1854.74160764904
1160701,393879512,1617185,8,4394.93417580241
1160703,395496790,1605152,8,4372.47545677499
1160704,397102035,1610858,8,417.108465893988
1160705,398712986,1611807,8,115.641047719225
1160708,400324886,1617996,8,19.369326859936
1160709,401942975,1607440,8,105.293743275913
1160710,403550508,1623065,8,360.53558096579104
1160715,405173666,1619616,8,332.955765196434
1160717,406793375,1620261,8,442.951162790628
1160720,408413729,1621028,8,294.555744383353
1160721,410034850,1607088,8,960.097939875274
1160723,411642031,1607674,8,548.858890212679
1160725,413249798,1604775,8,3530.00419318408
1160730,414854666,1607228,8,2213.36048615023
1160731,416461987,1609514,8,822.631693980979
1160740,418071594,1606793,8,4948.79384371504
1160743,419678480,1609181,8,2483.6355766577
1160745,421287754,1616500,8,994.396971971293
1160750,422904347,1615588,8,1520.86256988302
1160751,424520028,1598197,8,1925.47072336323
1160752,426118318,1626497,8,265.394593342214
1160755,427744908,1621280,8,188.646759317278
1160756,429366281,1621720,8,112.735664577921
1160760,430988094,1617059,8,1219.78611416047
1160763,432605246,1629167,8,4297.03581471193
1160765,434234506,1635203,8,324.462877903752
1160770,435869802,1628332,8,2567.57215315595
1160773,437498227,1607797,8,6945.80111581737
1160774,439106117,1602124,8,3115.61299843902
1160775,440708334,1616895,8,2484.59225814675
1160777,442325322,1599810,8,19314.6731454543
1160780,443925225,1629517,8,102.91991242839
1160785,445554835,1612758,8,1006.70885797762
1160788,447167686,1603291,8,4125.07591741507
1160790,448771070,1613651,8,319.529971380686
1160793,450384814,1596796,8,49.76044543931771
1160795,451981703,1624729,8,246.130413335212
1160798,453606525,1616251,8,360.106350301292
1160800,455222869,1601615,8,651.147109105559
1160810,456824577,1618400,8,325.345678909635
1160815,458443070,1623303,8,653.024300890777
1160820,460066466,1626447,8,141.939593881032
1160825,461693006,1620936,8,152.892108853099
1160830,463314035,1603178,8,886.7298570894679
1160840,464917306,1608761,8,118.568710322862
1160842,466526160,1617530,8,193.087447957575
1160850,468143783,1610956,8,5985.40006773428
1160851,469754832,1607870,8,1514.7502402113
1160880,471362795,1609904,8,29060.9353999769
1160881,472972792,1623759,8,4262.829763556911
1160882,474596644,1621368,8,1948.66786427344
1160883,476218105,1622456,8,12990.936491453502
1160884,477840654,1606398,8,1745.08396768845
1160885,479447145,1624829,8,804.765715928728
1160890,481072067,1604991,8,160.86913842983802
1160891,482677151,1600562,8,19.9997720401723
1160892,484277806,1614127,8,196.996158156941
1160893,485892026,1609046,8,53.08560926890701
1160894,487501165,1612350,8,447.748359329225
1160895,489113608,1593376,8,457.71810057759694
1160900,490707077,1616763,8,439.667172876984
1160910,492323933,1601316,8,3491.84181092324
1160911,493925342,1616088,8,1675.87655596113
1160913,495541523,1605342,8,240.450170053139
1160915,497146958,1615306,8,3959.76344251921
1160919,498762357,1604232,8,9711.47995145511
1160920,500366682,1651717,8,54.22098086009979
1160930,502018492,1602535,8,5100.3264963861
1160940,503621120,1599283,8,783.647209952146
1160950,505220496,1581086,8,459.851562921094
1160955,506801675,1597894,8,10.8629658401652
1160957,508399662,1605475,8,19.9364631445891
1160960,510005230,1589717,8,232.185954845944
1160965,511595040,1586546,8,51.4464183693725
1160970,513181679,1626935,8,19.173660842754604
1160971,514808707,1610041,8,431.509419750666
1160974,516418841,1607457,8,19.173660842754604
1160975,518026391,1620729,8,2403.3886086405605
1160979,519647213,1610671,8,2790.8751308396004
1160981,521257977,1599191,8,146.44738776792
1160983,522857261,1619095,8,218.98737024008
1160985,524476449,1614233,8,513.827765968295
1196100,526090775,1571300,8,42600.672399716204
1196101,527662168,1572936,8,31512.1535317067
1196102,529235197,1582825,8,16578.745161423
1196103,530818115,1585623,8,3701.26778670257
1196104,532403831,1587603,8,4318.37325886115
1196105,533991527,1577642,8,16486.9002841447
1196106,535569262,1573748,8,6009.5602647942005
1196110,537143103,1602237,8,251.748208676639
1196120,538745433,1582754,8,1584.38416096832
1196130,540328280,1599800,8,128.602496043162
1196140,541928173,1582030,8,827.138241055796
1196141,543510296,1570692,8,87.7426056239563
1196142,545081081,1577797,8,87.7426056239563
1196150,546658971,1591991,8,318.92562587532296
1196160,548251055,1605920,8,140.141185193479
1196170,549857068,1579273,8,458.13171881746
1196175,551436434,1590257,8,2246.99049126294
1196180,553026784,1583950,8,189.643157092873
1196190,554610827,1604200,8,91.8225658381108
1196200,556215120,1581464,8,402.764794178741
1196205,557796677,1588269,8,831.070134856777
1196210,559385039,1583948,8,697.1277066316969
1196213,560969080,1580928,8,3151.9576253350106
1196215,562550101,1591140,8,4716.68816433446
1196220,564141334,1587891,8,13491.2828704677
1196300,565729318,1578136,8,1046.9142870964802
1196310,567307547,1604119,8,106.745804290202
1196320,568911759,1599080,8,353.970330453825
1196330,570510932,1594656,8,928.416918540644
1196340,572105681,1593047,8,2277.75696484568
1196350,573698821,1593868,8,1073.45056349575
1196360,575292782,1579552,8,1813.57550406631
1196370,576872427,1579351,8,488.694892173544
1196380,578451871,1568489,8,394.304427054102
1196390,580020453,1581492,8,1892.8891986473895
1196400,581602038,1565376,8,101159.762872077
1196405,583167507,1566317,8,101208.789955265
1196410,584733917,1598180,8,152.514570072993
1196413,586332190,1606281,8,2581.44893382254
1196415,587938564,1593365,8,81.7262450275678
1196420,589532022,1588484,8,4.32452367315861
1196423,591120599,1587991,8,21.0784466771406
1196425,592708683,1582747,8,514.00315304651
1196435,594291523,1583290,8,113.042318853867
1196440,595874906,1578938,8,12607.0797479425
1196441,597453937,1604906,8,362.884691720966
1196443,599058936,1601733,8,1041.91147571508
1196445,600660762,1596571,8,626.362474161514
1196447,602257426,1588240,8,7521.28206986356
1196450,603845759,1576694,8,22109.9552162469
1196455,605422546,1570884,8,28333.993552057294
1196500,606993523,1566107,8,6701.66072768922
1196540,608559723,1562934,8,7707.808529476841
1196550,610122750,1563339,8,203473.20661018
1196551,611686182,1563501,8,203478.968645794
1196560,613249776,1587927,8,69.1144823818468
1196561,614837796,1589281,8,146.567305656926
1196562,616427170,1587403,8,14.6164229145546
1196563,618014666,1587013,8,21.8386312121418
1196564,619601772,1589776,8,42.9318758947583
1196565,621191641,1585319,8,21.076664961573695
1196569,622777053,1564913,8,15837.2892234812
1196570,624342059,1591638,8,637.408270758741
1196600,625933790,1597463,8,3225.08485214068
1196700,627531346,1598092,8,512.425289186387
1196710,629129531,1587708,8,2176.146587147
1196720,630717332,1583069,8,2268.8485059007103
1196800,632300494,1571358,8,46727.1626733814
1196850,633871945,1567809,8,50019.8791915694
1197001,635439847,1599609,8,8791.12483690212
1197010,637039549,1595333,8,2628.23559672471
1197090,638634975,1585198,8,21720.1896426101
1197100,640220266,1574089,8,51.208233390881794
1197200,641794448,1589178,8,1008.99679819878
1197300,643383719,1602142,8,5520.21533232504
1197310,644985954,1599894,8,1123.11447604469
1197500,646585941,1593175,8,10393.9070097314
1197501,648179209,1599425,8,5099.26268417944
1197502,649778727,1594982,8,1523.9446288655802
1197505,651373802,1589912,8,5386.15228709295
1197507,652963807,1582637,8,8501.43956375139
1197510,654546537,1590742,8,641.5229897479061
1197520,656137372,1585402,8,298.490930976279
1197530,657722867,1609289,8,641.928505488326
1197540,659332249,1599449,8,256.196481170007
1197550,660931791,1598365,8,1551.0553493196398
1197551,662530249,1590916,8,398.907857554098
1197555,664121258,1600122,8,93.0135896366946
1197560,665721473,1589374,8,82.3726997759178
1197561,667310940,1583327,8,26.7893007813089
1197562,668894360,1581572,8,21.3559998283813
1197563,670476025,1580962,8,75.9309001667983
1197564,672057080,1581959,8,4.7968465036532
1197580,673639132,1594650,8,130.442987913493
1197590,675233875,1586059,8,286.021238048855
1197591,676820027,1574721,8,60.5178083424691
1197593,678394841,1589239,8,1666.92590908095
1197595,679984173,1591020,8,179.88361442864
1197700,681575286,1600625,8,783.802259364021
1197701,683176004,1608200,8,184.252094853138
1197705,684784297,1604637,8,57.5660726724937
1197710,686389027,1615804,8,220.731940093284
1197720,688004924,1597668,8,40.222817872339895
1197730,689602685,1614793,8,47.6860954790533
1197740,691217571,1606105,8,1095.25991482163
1197745,692823769,1599462,8,2482.84646040534
1197750,694423324,1600631,8,5845.75294297255
1199100,696024048,1602322,8,912.6038424993292
1199110,697626463,1588337,8,20.791954706243104
1199115,699214893,1596128,8,1446.10487323513
1199200,700811114,1623368,8,951.840444855663
1199310,702434575,1611837,8,6889.49571782546
1199400,704046505,1596360,8,525.6877998912989
1199410,705642958,1607420,8,108.432825827347
1199415,707250471,1602451,8,768.2211022583299
1199450,708853015,1602936,8,472.51035401806297
1199453,710456044,1612617,8,807.718979379915
1199455,712068754,1605018,8,1421.80822196431
1199460,713673865,1618652,8,170.91543242860902
1199465,715292610,1606888,8,2336.8299178653897
1255100,716899591,1562546,8,85521.029086868
1255150,718462230,1530502,8,1643.77313035539
1257100,719992825,1566337,8,103880.04852287
1257101,721559255,1556775,8,230434.205675636
1257200,723116123,1552350,8,5845.14927808588
1258100,724668566,1529366,8,10953.2640123944
1258150,726198025,1529527,8,1690.0452324492
1258200,727727645,1552628,8,14364.3454833955
1258201,729280366,1533167,8,29109.465885333902
1258202,730813626,1558640,8,7904.151014542879
1258270,732372359,1521855,8,1794.8368469088
1258300,733894307,1546904,8,3669.44614128308
1258301,735441304,1554561,8,1321.29750221384
1258350,736995958,1540605,8,4154.43870526581
1258355,738536656,1515186,8,592.6750238991281
1258400,740051935,1549656,8,8931.62342943687
1258500,741601684,1521228,8,13317.2941797628
1258501,743123005,1533894,8,6496.8157830876
1258502,744656992,1548608,8,1857.1366552380105
1258503,746205693,1513928,8,16665.3473678734
1258505,747719714,1527989,8,22.686992416122305
1258506,749247796,1529200,8,85.0146895814325
1258507,750777089,1545821,8,22.9363737578933
1258508,752323003,1546089,8,273.10230144841097
1258509,753869185,1551666,8,265.347416579108
1258510,755420944,1523444,8,2644.21268727774
1258520,756944481,1555550,8,28.951948927143697
1258530,758500124,1547331,8,38.25240204210979
1259060,760047548,1532917,8,3314.5844624186498
1259070,761580558,1540753,8,1507.6072906276902
1259080,763121404,1530993,8,5850.30056404367
1259090,764652490,1527270,8,2240.13818915996
1259100,766179853,1527560,8,63893.2248959945
1259101,767707506,1533771,8,45436.479848512405
1259102,769241370,1533187,8,37935.6887816954
1259103,770774650,1532874,8,8954.11464755831
1259104,772307617,1531662,8,2862.85732118086
1259110,773839372,1536489,8,6913.230609324411
1259111,775375954,1534051,8,8001.45046179739
1259112,776910098,1534919,8,3366.34466246328
1259201,778445110,1528337,8,4769.22595247923
1259261,779973540,1531528,8,853.144733704794
1259350,781505161,1539215,8,21196.5983112901
1259370,783044469,1538346,8,20129.2621129632
1259400,784582908,1526997,8,4089.27252797606
1259440,786109998,1552538,8,9830.04574659987
1259450,787662629,1552578,8,9892.06081553153
1259451,789215300,1557254,8,4418.08757283159
1259460,790772647,1536271,8,2419.28477588717
1291100,792309011,1561617,8,336136.06655123
1291200,793870721,1550789,8,113907.715304818
1320100,795421603,1530415,8,5721.01688436918
1320150,796952111,1551137,8,664.504772808826
1320160,798503341,1544920,8,1112.42248062071
1321880,800048354,1531757,8,8076.79948711192
1322840,801580204,1537431,8,13811.8665824707
1322880,803117728,1531576,8,18398.8848544949
1323550,804649397,1525455,8,11078.9694457837
1323580,806174945,1521650,8,15861.0620451302
1324580,807696688,1514139,8,11677.097509668798
3258310,809210920,1626507,8,274.415664078352
3264500,810837520,1591749,8,936576.430092334
3265005,812429362,1609056,8,13237.1327838071
3265010,814038511,1590488,8,7019.497525181379
3265050,815629092,1598050,8,1724.42078284917
3265070,817227235,1603207,8,39026.4895898677
3265100,818830535,1608004,8,46706.4552643514
3265300,820438632,1604303,8,2137298.13430592
3265600,822043028,1584699,8,2247120.68425683
3265601,823627820,1595582,8,2527033.67257874
3265700,825223495,1602053,8,350.794758160288
3265810,826825641,1577321,8,2193373.01837065
3265815,828403055,1573675,8,2193380.30524704
3265910,829976823,1667762,8,15274.2080445554
3268100,831644678,1625121,8,4888.43881058182
3268210,833269892,1603158,8,887.82011698595
3268270,834873143,1609558,8,22253.7352459495
3268310,836482794,1602782,8,55.657960312189104
3268500,838085669,1611418,8,89074.271308817
3268900,839697180,1621573,8,105103.162596036
3269300,841318846,1668923,8,10172.2920360912
3274030,842987862,1617919,8,13794.1186844874
3274050,844605874,1593362,8,517.017361153854
3274080,846199329,1597969,8,7821.57311578496
3274100,847797391,1611386,8,877.460240341958
3274120,849408870,1613941,8,570.124516764251
3274130,851022904,1622899,8,416.85285656054
3274140,852645896,1599907,8,4195.796430841239
3274800,854245896,1600806,8,2068.53818724258
3275010,855846795,1645880,8,6232.4794577227
3275100,857492768,1643593,8,26716.573219036894
3275130,859136454,1646736,8,3559.3307060160205
3275140,860783283,1636268,8,8460.83547103693
3275150,862419644,1651005,8,3489.217874308189
3275200,864070742,1642601,8,1766.0666199363
3275210,865713436,1661194,8,7034.951989180589
3275250,867374723,1657726,8,2458.3027968842803
3275270,869032542,1638541,8,134733.05479196302
3275280,870671176,1676461,8,2790.7476610329
3275290,872347730,1688244,8,5140.01231555283
3275400,874036067,1694888,8,5131.225519424121
3275450,875731048,1680388,8,5033.52459168858
3275500,877411529,1678491,8,3225.1398036817604
3275700,879090113,1679688,8,14937.2207838949
3275750,880769894,1666513,8,288874.01482447603
3275800,882436500,1690321,8,30321.053797023906
3275880,884126914,1689219,8,1011.86138520929
3275910,885816226,1676804,8,9841.7945212798
3275950,887493123,1679150,8,3976.87824193739
3275990,889172366,1681880,8,110768.674804991
3276100,890854339,1698636,8,1283.8438817949302
3276150,892553068,1669009,8,1638.53909639341
3276200,894222170,1658313,8,32022.892837318
3276300,895880576,1727481,8,1042.14331167485
3276320,897608150,1677926,8,16057.194448081298
3276800,899286169,1706517,8,17023.0688511002
3289050,900992779,1719811,8,1299.15963546246
3290500,902712683,1696434,8,4544.8037361570005
3292100,904409210,1708037,8,857.675364608609
3613010,906117340,1550053,8,10702.4699236762
3613050,907667486,1552903,8,30657.9916782282
3613060,909220482,1556796,8,10844.3393120466
3613150,910777371,1529841,8,2317.02403649223
3617100,912307305,1564098,8,1037.6975840999698
3617110,913871496,1584795,8,614223.523924996
3617120,915456384,1568385,8,4386.67306748765
3617130,917024862,1563498,8,1042.7545968405
3617800,918588453,1587679,8,3031.27578145747
3617805,920176225,1568273,8,110438.411238309
3617810,921744591,1560160,8,110454.736268136
3617811,923304844,1573979,8,342859.35483211104
3617812,924878916,1570457,8,55945.8227268186
3617813,926449466,1595130,8,17797.8980718248
3617814,928044689,1593989,8,3031.27578145747
3617820,929638771,1571563,8,1405.31209989199
3618051,931210427,1479303,8,293714.733686805
3618052,932689823,1486083,8,194159.397038967
3618053,934175999,1487689,8,124376.940596553
3618090,935663781,1490106,8,74838.2356286532
3618110,937153980,1508973,8,23605.409864685
3618115,938663046,1508496,8,4670.42400294823
3618120,940171635,1517007,8,4578.83219605955
3618121,941688735,1522712,8,2007.0284079619696
3618130,943211540,1512312,8,13518.5116225476
3618150,944723945,1526005,8,17858.2371311334
3618200,946250043,1551825,8,5632.15708325778
3618500,947801961,1546610,8,126160.277650068
3618600,949348664,1544622,8,7174.977231184491
3618700,950893379,1566042,8,3237.98098507677
3618710,952459514,1565644,8,3236.9116959362104
3618711,954025251,1576828,8,5914.64587183189
3618715,955602172,1572583,8,2331.86798842824
3618720,957174848,1535576,8,49585.0722961651
3618721,958710517,1525571,8,36260.402261375
3618722,960236181,1514405,8,15373.0218447547
3618730,961750679,1545921,8,12534.6186804869
3618731,963296693,1529174,8,9655.70921263283
3618740,964825960,1539067,8,6176.78979730924
3618950,966365120,1521756,8,39908.8497258631
3618951,967886969,1517815,8,44067.7429797133
3620000,969404877,1516519,8,1020954.08185835
3621100,970921489,1529528,8,1095.6188372592
3621200,972451110,1487764,8,249386.016302045
3621400,973938967,1501841,8,149883.965736177
3623100,975440901,1516672,8,1016426.83866314
3624200,976957666,1508347,8,35666.9001415478
3624201,978466106,1524464,8,10783.4252931727
3624250,979990663,1516683,8,10945.7890627213
3624400,981507439,1526610,8,13769.8201609873
3624500,983034142,1529091,8,8226.739371715319
3625000,984563326,1499818,8,1783024.73467853
3626000,986063237,1499977,8,2199117.57110174
3627000,987563307,1474852,8,2932849.44632232
3627001,989038252,1485641,8,2216658.96737105
3628050,990523986,1528720,8,1508.25888317296
3628300,992052799,1539134,8,9852.00783024653
3628400,993592026,1530199,8,20083.4442409238
3628401,995122318,1517782,8,18925.8751805894
3628700,996640193,1566548,8,12729.7444718152
3628701,998206834,1573236,8,12727.1872765298
3628900,999780163,1559093,8,5033.729580319529
3629000,1001339349,1471250,8,4691072.83245413
3629001,1002810692,1484165,8,4691041.93947457
3630100,1004294950,1562063,8,19797.6487973481
3630300,1005857106,1556723,8,12484.4100913151
3630600,1007413922,1555015,8,2997.09529011145
3631100,1008969030,1546722,8,52004.83054730071
3631110,1010515845,1544076,8,4459.2229531879
3631210,1012060014,1534844,8,29102.1665293545
3631215,1013594951,1554698,8,7140.79032511422
3631500,1015149742,1555765,8,6764.81051549947
3632400,1016705600,1520417,8,61764.223630971
3632401,1018226110,1532939,8,16614.6819972346
3632450,1019759142,1523356,8,24628.6795798812
3632800,1021282591,1512642,8,19345.9884553209
3632801,1022795326,1510127,8,19345.9884553209
3633100,1024305546,1569462,8,1004.26188979417
3633120,1025875101,1528809,8,164374.674402977
3633121,1027404003,1530386,8,144044.67701038302
3633122,1028934482,1532626,8,77070.4565549176
3633123,1030467201,1540296,8,55722.94187899389
3633160,1032007590,1555632,8,38095.6505483669
3633180,1033563315,1554519,8,16237.9931902486
3633190,1035117927,1559862,8,7800.24130840717
3633300,1036677882,1541214,8,50071.2473274699
3633301,1038219189,1558640,8,15759.7916367146
3633310,1039777922,1547616,8,17325.3570848725
3633320,1041325631,1558168,8,2061.05117510476
3634100,1042883892,1572099,8,7052.97389330495
3634110,1044456084,1575042,8,2913.09744162855
3634140,1046031219,1584544,8,8324.880217742371
3634150,1047615856,1575052,8,23582.636988158
3634160,1049191001,1567203,8,34839.3895407522
3634200,1050758297,1537065,8,23468.4042695398
3634210,1052295455,1541461,8,17319.3779035732
3634220,1053837009,1523332,8,38394.9662680893
3634320,1055360434,1534046,8,237359.649689318
3634340,1056894573,1547089,8,227885.874856557
3634350,1058441755,1548491,8,154883.78292025698
3634360,1059990339,1553353,8,105911.311828955
3634370,1061543785,1557338,8,63370.7230103337
3634380,1063101216,1548862,8,32852.296072892
3634400,1064650171,1553181,8,11309.6292583819
3634450,1066203445,1559980,8,5678.96518474278
3634500,1067763518,1544848,8,5680.185795429859
3635010,1069308459,1546743,8,1314810.97008825
3635030,1070855295,1586460,8,1149993.72286313
3635035,1072441848,1591925,8,1092027.74872311
3635040,1074033866,1600243,8,978989.135385429
3635041,1075634202,1592446,8,923316.445897797
3635060,1077226741,1555537,8,31074.8880043773
3635100,1078782371,1516356,8,26671.1147070795
3635101,1080298820,1560086,8,3848.19138814744
3635300,1081858999,1536499,8,15619.6652723133
3635301,1083395591,1572722,8,8197.3679049647
3635310,1084968406,1560221,8,12404.7284463648
3635320,1086528720,1548881,8,154.411708231524
3635330,1088077694,1561598,8,1059.74108507889
3635340,1089639385,1559691,8,1130.79213536024
3635350,1091199169,1572983,8,917.683914350552
3635360,1092772245,1577190,8,1021.99971381824
3635402,1094349528,1558131,8,60410.8420236382
3635403,1095907752,1536496,8,48714.338576291
3635408,1097444341,1567524,8,33007.9130248097
3635410,1099011958,1567251,8,16319.443707106202
3635420,1100579302,1554472,8,4627.61146538952
3635430,1102133867,1573113,8,3989.06072784885
3635440,1103707073,1575890,8,10098.0682971119
3635450,1105283056,1562958,8,6165.03214747381
3635451,1106846107,1575244,8,4374.102587620179
3635550,1108421444,1551312,8,24464.2148221394
3635551,1109972849,1540097,8,59561.11906190481
3635600,1111513039,1570467,8,15344.279602369
3635610,1113083599,1534046,8,40382.5043951669
3635650,1114617738,1544629,8,131322.156187705
3635651,1116162460,1545120,8,70445.1565510691
3635660,1117707673,1544334,8,16268.517733152
3636100,1119252100,1543219,8,34815.3313962689
3636150,1120795412,1563351,8,701.9732556655431
3636200,1122358856,1531062,8,77996.7463935898
3636201,1123890011,1541860,8,52053.772387522695
3636202,1125431964,1543818,8,39174.4330425002
3636500,1126975875,1534895,8,25848.3265221506
3636501,1128510863,1537991,8,21686.6982865194
3637150,1130048947,1533916,8,364441.304365246
3637152,1131582956,1526237,8,388706.797705495
3637180,1133109286,1542787,8,333769.116413368
3637210,1134652166,1533929,8,12504.5705557114
3637380,1136186188,1569977,8,55944.8623583802
3637390,1137756258,1532186,8,182916.24523713
3637400,1139288537,1542495,8,6198.21715925397
3637700,1140831125,1574032,8,5412.40289442094
3637770,1142405250,1536788,8,131500.29321427402
3637771,1143942131,1549733,8,81835.64483145361
3637772,1145491957,1561863,8,52376.4552633812
3637773,1147053913,1568975,8,34777.938905679504
3637774,1148622981,1581162,8,14209.1558348874
3637775,1150204236,1588078,8,10897.4273362864
3637790,1151792407,1546228,8,139163.428939078
3637800,1153338728,1544293,8,17505.1511762945
3637810,1154883114,1578766,8,1015.27317675294
3637815,1156461973,1585110,8,496.214561298266
3637900,1158047176,1563794,8,24890.9587462634
3637910,1159611063,1571528,8,37150.508809752406
3637911,1161182684,1562991,8,14783.3906906665
3637950,1162745768,1568904,8,4420.09319283556
3638010,1164314765,1536110,8,24851.675379546698
3638050,1165850968,1531118,8,449151.995861021
3638051,1167382179,1543811,8,211156.165078692
3638120,1168926083,1530587,8,122640.931295062
3638150,1170456763,1534726,8,58832.2966043016
3638200,1171991582,1548335,8,42547.7107816565
3638210,1173540010,1548609,8,35766.824185338104
3638215,1175088712,1545108,8,25673.0209862194
3638219,1176633913,1561426,8,1112.84612576826
3638700,1178195432,1576560,8,3872.182264022
3638900,1179772085,1590405,8,707.765290979431
3649010,1181362583,1598311,8,2000.24866865674
3649012,1182960987,1589972,8,10635.5646602323
3649014,1184551052,1572282,8,18374.0925807766
3649020,1186123427,1579802,8,2918.9050049899297
3649030,1187703322,1584332,8,11286.1426599819
3649031,1189287747,1568888,8,34762.327739308595
3649040,1190856728,1573944,8,863.844801867623
3649050,1192430765,1597837,8,3680.0316088750897
3649110,1194028695,1588567,8,417.95791514357904
3649120,1195617355,1592312,8,1082.63855345054
3649130,1197209760,1585024,8,2900.4720299553496
3649140,1198794877,1583867,8,1057.25674947196
3649150,1200378837,1574970,8,22884.4169017415
3649151,1201953900,1572616,8,7482.324275311659
3649160,1203526609,1593923,8,3945.8925969481
3649210,1205120625,1582155,8,8798.39516764397
3649211,1206702873,1581312,8,13913.7376488291
3649240,1208284278,1585640,8,14538.1090810796
3649241,1209870011,1582930,8,10188.7521741531
3649242,1211453034,1595432,8,1804.36822823692
3649251,1213048559,1566834,8,128682.965895747
3649255,1214615486,1561297,8,63894.3500907115
3649310,1216176876,1589698,8,10061.2028294211
3649311,1217766667,1601044,8,2867.47882363942
3649312,1219367804,1575313,8,3137.68256396074
3649315,1220943210,1590852,8,4086.34492976326
3649320,1222534155,1587428,8,44160.2941931731
3649321,1224121676,1592401,8,18141.6800727982
3649322,1225714170,1589950,8,17013.3226679325
3649325,1227304213,1592194,8,9457.06686830219
3649409,1228896500,1569894,8,196521.078124739
3649410,1230466487,1594663,8,4484.70432263068
3649411,1232061243,1600318,8,18478.3435698712
3649412,1233661654,1593597,8,50265.7663340835
3649413,1235255344,1574917,8,117613.90040836
3649414,1236830354,1559780,8,134147.100749134
3649416,1238390227,1556862,8,326749.561526781
3649418,1239947182,1551183,8,372095.737315901
3649419,1241498458,1547486,8,383486.021165826
3649420,1243046037,1611905,8,4785.80516715705
3649421,1244658035,1590972,8,76997.29961533469
3649422,1246249100,1599950,8,36908.6534339437
3649423,1247849143,1605355,8,2100.57762970493
3649424,1249454591,1582865,8,92917.9048210962
3649430,1251037549,1595647,8,1940.38991495625
3649440,1252633289,1601025,8,2075.9129387048497
3649449,1254234407,1592002,8,10185.3208155811
3649450,1255826502,1600501,8,6498.76826377161
3649455,1257427096,1605538,8,1338.88894742564
3649459,1259032727,1598448,8,12095.7513523779
3649460,1260631268,1575082,8,39414.1977236182
3649461,1262206443,1579837,8,5435.59064852121
3649465,1263786373,1581322,8,6711.963058524991
3649510,1265367788,1593810,8,5340.461780557121
3649511,1266961691,1594701,8,233.650629702143
3649515,1268556485,1587962,8,226.568477591337
3649610,1270144540,1581215,8,5264.96586793287
3649614,1271725848,1587317,8,17598.3304275185
3649617,1273313258,1585422,8,25232.3107068107
3649618,1274898773,1572171,8,40791.6505243725
3649619,1276471037,1573401,8,59283.2648398489
3649630,1278044531,1569663,8,10859.2520858992
3649640,1279614287,1576092,8,18438.4987086035
3649850,1281190472,1586061,8,3460.44281081469
3649855,1282776626,1587090,8,1587.05817059012
3649860,1284363809,1581049,8,1204.50712835718
3649870,1285944951,1582634,8,1671.35412693514
3649900,1287527678,1536406,8,743372.48736912
3649901,1289064177,1548190,8,699551.0365384329
3649902,1290612460,1556426,8,298489.34551052
3649903,1292168979,1551472,8,290672.971640622
3649904,1293720544,1562207,8,275880.44577776804
3649905,1295282844,1564974,8,243494.004889731
3649906,1296847911,1564363,8,185443.101708188
3649950,1298412367,1542437,8,762774.2841893841
3649960,1299954897,1555324,8,37673.9981563758
3649965,1301510314,1541364,8,8893.650096070642
3650150,1303051771,1550217,8,33028.488750224
3650202,1304602081,1545170,8,32937.7580257399
3650205,1306147344,1543296,8,13972.234163931398
3650220,1307690733,1550717,8,1491.21389164171
3650221,1309241543,1558677,8,1883.3999546101104
3650250,1310800313,1574149,8,2527.3251084631897
3650270,1312374555,1564739,8,3910.83070359217
3650280,1313939387,1557095,8,5518.39878945643
3650285,1315496575,1548129,8,35498.3811508515
3650310,1317044797,1553702,8,5551.6427546646
3650320,1318598592,1558643,8,4537.32590716234
3650321,1320157328,1569051,8,4525.36495964544
3650330,1321726472,1569325,8,3770.83491493784
3650335,1323295890,1555535,8,25754.23197856
3650340,1324851518,1551170,8,4604.31675659945
3650341,1326402781,1565527,8,3041.385162620349
3650350,1327968401,1569516,8,6048.722438211421
3650355,1329538010,1559093,8,32714.2241917724
3650359,1331097196,1559559,8,49922.1231676908
3650360,1332656848,1565497,8,5329.44524291891
3650370,1334222438,1565042,8,3943.62343820573
3650380,1335787573,1579050,8,4244.484570676121
3650385,1337366716,1580472,8,12666.6343590926
3650410,1338947281,1576303,8,9020.649989156109
3650415,1340523677,1580327,8,9015.11711847369
3650430,1342104097,1581683,8,678.4072558980549
3650450,1343685873,1561414,8,3922.9288458961
3650455,1345247380,1557947,8,34676.3681265126
3650460,1346805420,1566647,8,17799.1060448905
3650470,1348372160,1565974,8,51678.4472861916
3650471,1349938227,1560686,8,19267.4759255767
3650475,1351499006,1588291,8,11300.9116900619
3650477,1353087390,1579477,8,21881.1798562942
3650480,1354666960,1546792,8,299399.291826677
3650481,1356213845,1556156,8,299671.619089604
3650485,1357770094,1544433,8,140801.936222075
3650488,1359314620,1567218,8,25660.7844760344
3650510,1360881931,1544509,8,3994.84162923916
3650511,1362426533,1560761,8,3991.6273331950606
3650520,1363987387,1560981,8,2694.87838605772
3650525,1365548461,1551847,8,11423.3641764448
3650526,1367100401,1566022,8,1613.47686145008
3650530,1368666516,1562929,8,2826.4226826293702
3650535,1370229538,1552291,8,1384.03235391695
3650540,1371781922,1545746,8,7364.51942876458
3650545,1373327761,1550650,8,468.771401271825
3650610,1374878504,1568188,8,5835.73789440526
3650620,1376446785,1568586,8,4303.55760956745
3650630,1378015464,1573223,8,4597.1241998525
3650634,1379588780,1563403,8,17339.0486172369
3650635,1381152276,1554403,8,17337.551982421002
3650640,1382706772,1565089,8,3546.6356130363897
3650645,1384271954,1556622,8,20622.710559484894
3650649,1385828669,1567725,8,48471.8799670585
3650650,1387396487,1559498,8,10220.2272414254
3650690,1388956078,1566472,8,2075.15347660501
3650710,1390522643,1560992,8,6613.99682717276
3650720,1392083728,1559296,8,1759.26247202318
3650730,1393643117,1563596,8,4568.2418176029
3650740,1395206806,1563957,8,2283.41755844005
3650745,1396770856,1576491,8,12513.6442500606
3650750,1398347440,1566104,8,21709.9572783939
3650755,1399913637,1568376,8,1107.58652698869
3650811,1401482106,1543849,8,2440.12845174664
3650820,1403026048,1539156,8,2487.18805343245
3650840,1404565297,1534194,8,3504.47959291705
3650860,1406099584,1542613,8,2809.75947296149
3650870,1407642290,1530617,8,630.077846176517
3650875,1409173000,1541044,8,3207.69372920792
3650880,1410714137,1529501,8,12417.8195767401
3650881,1412243731,1541222,8,5047.364355999211
3650885,1413785046,1533711,8,19379.7431044322
3650890,1415318850,1532718,8,139.947533711977
3650910,1416851661,1531051,8,690.5883964129739
3650912,1418382805,1538023,8,1240.66345396406
3650920,1419920921,1528942,8,2468.37789533086
3650924,1421449956,1528575,8,4945.882891146551
3650925,1422978624,1528128,8,5634.13303384926
3650928,1424506845,1526932,8,7360.991128033771
3650930,1426033870,1532659,8,1988.97549575349
3650940,1427566622,1546489,8,4958.694135936789
3650941,1429113204,1526898,8,2621.69756322095
3650970,1430640195,1550549,8,3601.48802800656
3650990,1432190837,1552323,8,1494.72008806857
3651300,1433743253,1603097,8,1541.9703979802898
3651309,1435346443,1600590,8,26551.034209115096
3651400,1436947126,1602507,8,7815.03624974082
3651408,1438549726,1593130,8,41573.9084321083
3651410,1440142949,1586514,8,5352.367529470371
3651520,1441729556,1600251,8,2380.16093701899
3651530,1443329900,1602827,8,6081.65991319359
3651535,1444932820,1589681,8,16333.3544038976
3651550,1446522594,1586682,8,9476.73319601262
3651650,1448109369,1585713,8,6294.041112983859
3651660,1449695175,1582461,8,5336.73532026678
3651670,1451277729,1582364,8,5002.85277092644
3651678,1452860186,1583042,8,46445.5212245051
3651680,1454443321,1564892,8,22351.0785966356
3651720,1456008306,1546042,8,3106.93865943775
3651805,1457554441,1587339,8,202749.614038336
3651806,1459141873,1588138,8,271581.641154442
3651807,1460730104,1575609,8,346390.477699666
3651860,1462305806,1547751,8,4990.65929738416
3651865,1463853650,1546372,8,474.262483480054
3651870,1465400115,1557206,8,2277.3371143510603
3652010,1466957414,1557195,8,2097.7637201402104
3652020,1468514702,1543494,8,3234.06457847812
3652030,1470058289,1562972,8,11909.7997993108
3652039,1471621354,1552565,8,35403.6649592554
3652040,1473174012,1543172,8,1410.22883928314
3652050,1474717277,1554650,8,15920.9387505646
3652060,1476272020,1549288,8,7171.280235126171
3652065,1477821401,1553048,8,2080.9456426255897
3652068,1479374542,1555668,8,11644.8970244832
3652080,1480930303,1573495,8,3210.76351294467
3652089,1482503891,1576938,8,4731.49799427646
3652110,1484080922,1564304,8,9724.08461825963
3652115,1485645319,1583912,8,2352.76908690135
3652120,1487229324,1581801,8,2110.6104946903697
3652130,1488811218,1555079,8,32161.3347184316
3652135,1490366390,1539386,8,54269.66671359981
3652200,1491905869,1565717,8,3417.7712058310603
3652210,1493471679,1558906,8,7962.732037821809
3652220,1495030678,1551255,8,40634.122584001496
3652230,1496582026,1558053,8,4008.23910608091
3652320,1498140172,1572013,8,30642.4512298691
3652350,1499712278,1577185,8,2848.8301672562
3652410,1501289556,1584302,8,2865.04373268934
3652419,1502873951,1587912,8,16024.4382578232
3652450,1504461956,1580642,8,62841.5451625089
3652455,1506042691,1579275,8,68303.9172110239
3652500,1507622059,1578441,8,14335.7117152412
3652600,1509200593,1567228,8,82505.1585465987
3652610,1510767914,1607577,8,1356.47017800623
3652630,1512375584,1576802,8,5263.765499632979
3652660,1513952479,1589618,8,8743.66768228924
3652810,1515542190,1601641,8,4891.960914544171
3652850,1517143924,1617727,8,3688.4563864470097
3652870,1518761744,1622066,8,5946.3456529185305
3652879,1520383903,1607659,8,8322.77406377384
3652880,1521991655,1589434,8,46974.3395856321
3652890,1523581182,1601737,8,56013.8735150454
3653110,1525183012,1620993,8,4677.92389031905
3653120,1526804098,1612238,8,12773.932083377
3653180,1528416429,1625434,8,2039.10671497498
3653181,1530041956,1599693,8,3964.23623628041
3653250,1531641742,1629343,8,798.909594550979
3653350,1533271178,1604728,8,9099.94790131005
3653352,1534875999,1623588,8,12044.7737365944
3653400,1536499680,1615799,8,71655.1623155192
3653450,1538115572,1635380,8,2773.57280391557
3653510,1539751045,1644975,8,5390.09912240136
3653550,1541396113,1622663,8,1198.26314682728
3653620,1543018869,1662997,8,1826.79975077371
3653710,1544681959,1647319,8,4055.23780165798
3653770,1546329371,1639012,8,1657.63561618443
3653910,1547968476,1623025,8,622.653368270884
3653950,1549591594,1598777,8,162.110451082735
3653955,1551190464,1610909,8,298.71215271057497
3653980,1552801466,1584512,8,20.3930323238604
3653985,1554386071,1600151,8,584.652448624816
3659100,1555986315,1589234,8,2145.71298738336
3659105,1557575642,1591610,8,4566.13917823326
3660200,1559167345,1619433,8,4658.6817384936
3660201,1560786871,1582904,8,3786.9159256759694
3660600,1562369868,1582374,8,3779.17290353498
3660602,1563952335,1614894,8,4673.38097094478
3660700,1565567322,1591812,8,847.681816695385
3660730,1567159227,1617798,8,867.7714502849119
3660900,1568777118,1613533,8,1977.02865798583
3661300,1570390744,1616397,8,1986.62467637486
3661600,1572007234,1607124,8,5221.6566104232
3661700,1573614451,1614614,8,790.664429136031
3662100,1575229158,1574183,8,477572.270667134
3662150,1576803434,1611713,8,2381.34479318575
3662300,1578415240,1626460,8,13606.1423474355
3662400,1580041793,1636886,8,20979.261920644298
3662500,1581678772,1634065,8,1348.07084584082
3662550,1583312930,1635938,8,2534.59403614109
3662600,1584948961,1638381,8,3320.26512851193
3662650,1586587435,1628483,8,34593.940800127995
3662655,1588216011,1639746,8,28552.433484694106
3662700,1589855850,1610985,8,7703.55386011994
3663700,1591466928,1623448,8,21868.6092385368
3663800,1593090469,1635386,8,5615.09490890404
3664100,1594725948,1648178,8,6694.5047102955705
3664102,1596374219,1614892,8,7243.01226117601
3664150,1597989204,1620972,8,45862.532296674406
3664160,1599610269,1635017,8,66941.393191707
3664600,1601245379,1605344,8,2597.17385047879
3664800,1602850816,1632096,8,3626.31251442399
3664802,1604483005,1633605,8,24207.9281850447
3664804,1606116703,1608242,8,63964.2256973656
3664905,1607725038,1632479,8,3430.93723315859
3666020,1609357610,1582970,8,373835.314084343
3666050,1610940673,1589680,8,32632.1189553194
3666100,1612530446,1602715,8,18595.0616949118
3666200,1614133254,1598629,8,24321.4382169906
3666250,1615731976,1610529,8,3026.0506431838103
3666300,1617342598,1601300,8,2964.46487564391
3666400,1618943991,1580926,8,104219.212015376
3666401,1620525010,1585063,8,37036.0005639787
3666500,1622110166,1591016,8,23220.836838721098
3666505,1623701275,1617344,8,58.95213963546411
3666600,1625318712,1626408,8,15050.163861673998
3666700,1626945213,1609141,8,27950.804080872706
3667050,1628554447,1580658,8,569911.862032949
3667060,1630135198,1596342,8,579411.319739955
3667400,1631731633,1634324,8,10208.2580991657
3669050,1633366050,1629261,8,8367.886393167679
3669310,1634995404,1630494,8,7605.787517100359
3669350,1636625991,1640841,8,639.239208446074
3669520,1638266925,1664103,8,9473.93129305592
3669600,1639931121,1674890,8,42570.8727537685
3669630,1641606104,1674673,8,5939.162286011529
3669700,1643280870,1628879,8,40968.355040444
3671810,1644909842,1638198,8,5404.91477495711
4101200,1646548133,1659206,8,1839.99192041432
4101250,1648207432,1645584,8,497.399663716193
4101300,1649853109,1607064,8,1787.3295480407398
4101400,1651460266,1637971,8,8529.341624119781
4101450,1653098330,1618268,8,5652.478881391779
4101451,1654716691,1625063,8,4772.70250540741
4101455,1656341847,1631322,8,310.786390298038
4101460,1657973262,1607454,8,764.16937723068
4101501,1659580809,1636394,8,35346.3662866877
4101550,1661217296,1629018,8,1677.85945947341
4101560,1662846407,1630389,8,1988.5156079152105
4101600,1664476889,1627688,8,3599.75827614388
4101700,1666104670,1638392,8,6700.44308210796
4101800,1667743155,1631906,8,27714.4280231032
4101900,1669375154,1651636,8,24398.9722850015
4101901,1671026883,1639059,8,16554.7405737725
4102100,1672666035,1711045,8,80176.878454059
4102110,1674377173,1688288,8,30374.8375284583
4102200,1676065554,1712337,8,4382.91894218577
4102400,1677777984,1664012,8,2624.1629001554898
4102740,1679442089,1714867,8,26252.1350522758
4102750,1681157049,1707748,8,9206.4756774031
4103200,1682864890,1662541,8,819520.523610359
4103250,1684527524,1662816,8,3454.48533094428
4103300,1686190433,1654777,8,751524.58077456
4103400,1687845303,1638172,8,2384.28369865944
4103450,1689483568,1656879,8,659273.400785123
4103451,1691140540,1633258,8,6864.3579383900205
4103500,1692773891,1637955,8,46838.8722091
4103505,1694411939,1615165,8,2867.08676835909
4103520,1696027197,1656812,8,506799.219598331
4103530,1697684102,1636350,8,1575.50693760309
4103540,1699320545,1635555,8,376.29261928263
4103550,1700956193,1665167,8,499456.002419952
4103560,1702621453,1613935,8,24696.298699272906
4103570,1704235481,1655530,8,7055.474115057671
4103600,1705891104,1675293,8,64095.1373210457
4103602,1707566490,1670674,8,51264.4542840684
4103610,1709237257,1656879,8,34019.4411406069
4103615,1710894229,1641504,8,1798.93307516506
4103620,1712535826,1660911,8,6600.28268148323
4103621,1714196830,1660377,8,5128.06614179841
4103622,1715857300,1664067,8,5109.50215340503
4103630,1717521460,1662188,8,5275.60378493791
4103631,1719183741,1650514,8,3772.235326019721
4103632,1720834348,1640967,8,3766.57207887803
4103633,1722475408,1657013,8,2449.31045007604
4103635,1724132514,1656233,8,948.0894240804988
4103650,1725788840,1659245,8,5535.52244706519
4103700,1727448178,1631023,8,75584.7385468013
4103710,1729079294,1638755,8,58373.201663559696
4103750,1730718142,1660674,8,21008.755701051898
4103751,1732378909,1651129,8,16302.4108164075
4103800,1734030131,1683542,8,287596.545900727
4103810,1735713766,1633846,8,2785.9251251279
4103820,1737347705,1627712,8,13976.1564500418
4105050,1738975510,1673692,8,26487.3780858321
4105060,1740649295,1670252,8,27890.0112292555
4105300,1742319640,1665213,8,3097.28480170641
4105310,1743984946,1675475,8,5370.22426878516
4105450,1745660514,1679940,8,4544.24269354037
4105700,1747340547,1662350,8,56818.3386571173
4105705,1749002990,1558873,8,23.6458807937611
4105710,1750561956,1661179,8,65253.9800014554
4105720,1752223228,1681516,8,4817.72107643317
4105800,1753904837,1678911,8,49969.7609580255
4105805,1755583841,1684949,8,5755.688309396589
4105810,1757268883,1662652,8,28528.6041023879
4105820,1758931628,1675463,8,15636.1120558339
4105830,1760607184,1659077,8,1592.59571327218
4105850,1762266354,1731492,8,5156.21207220914
4105851,1763997939,1706968,8,3805.00690564664
4105852,1765705000,1712449,8,3198.8746694278902
4106500,1767417542,1731518,8,206.99425971365503
4106600,1769149153,1722999,8,16724.8602033551
4113300,1770872245,1688911,8,66372.4613784445
4113301,1772561249,1688846,8,78163.1070226188
4113302,1774250188,1685655,8,45227.582027443
4113303,1775935936,1689901,8,17377.7075257568
4113304,1777625930,1687132,8,10993.9089123305
4113305,1779313155,1693298,8,9838.82744280919
4113306,1781006546,1692185,8,2407.23671031897
4113307,1782698824,1681319,8,3060.03840821826
4113308,1784380236,1681171,8,1591.85189199654
4113309,1786061500,1680809,8,1754.18701656397
4113310,1787742402,1680831,8,5579.784708673001
4113315,1789423326,1693112,8,3535.241471611
4113320,1791116531,1675550,8,14293.692038705802
4113321,1792792174,1689103,8,13631.5756484767
4113330,1794481370,1679414,8,4809.59755013522
4113340,1796160877,1675171,8,4078.7872707598
4113350,1797836141,1679742,8,8002.248903230999
4113351,1799515976,1680840,8,8384.70284249577
4113355,1801196909,1671384,8,3375.15038006557
4113360,1802868386,1678927,8,4959.206492402071
4113361,1804547406,1680026,8,7010.53146634156
4113362,1806227525,1672341,8,10823.3825392082
4113363,1807899959,1680426,8,11881.7383203563
4113364,1809580478,1681773,8,13269.0710804004
4113365,1811262344,1681451,8,13618.3446470058
4113400,1812943888,1670096,8,30534.5177836135
4113401,1814614077,1668769,8,28070.987841810096
4113402,1816282939,1666980,8,25973.1322161962
4113404,1817950012,1677195,8,1351.66883458706
4113405,1819627300,1674276,8,2930.95827063786
4113406,1821301669,1670138,8,661.163971582086
4113409,1822971900,1670094,8,42402.2160482
4113410,1824642087,1664393,8,3591.6671044728496
4113420,1826306573,1671274,8,2364.36678804971
4113500,1827977940,1723571,8,453.804517085848
4113600,1829701604,1702334,8,4339.54856831156
4113900,1831404031,1712832,8,164.064417887453
4114615,1833116956,1718833,8,11062.3740088567
4115080,1834835882,1730578,8,5761.715684777911
4115081,1836566553,1731871,8,3581.62880630026
4115082,1838298517,1738005,8,811.249626314089
4115100,1840036615,1713022,8,18807.1590170753
4115101,1841749730,1699083,8,28841.2982325734
4115102,1843448906,1718266,8,8959.94083993982
4115105,1845167265,1706797,8,2793.16006405987
4115106,1846874155,1730017,8,2398.61957758832
4115200,1848604265,1713684,8,600111.724507701
4115201,1850318042,1702887,8,650736.081752865
4115202,1852021022,1726682,8,248852.72288528
4115203,1853747797,1722601,8,232742.080159099
4115204,1855470491,1725574,8,228595.36213314897
4115205,1857196158,1719435,8,224291.908443271
4115206,1858915686,1727217,8,194690.41834483
4115210,1860642996,1708164,8,3339.60412463452
4115211,1862351253,1717927,8,393.936567881967
4115220,1864069273,1691816,8,13193.1528749806
4115221,1865761182,1683183,8,19771.2306292227
4115222,1867444458,1688364,8,1014.18385171652
4115223,1869132915,1696775,8,6493.703646847281
4115224,1870829783,1698187,8,1356.18618784692
4115225,1872528063,1655597,8,6744.5778101539
4115226,1874183753,1661500,8,11571.3776169071
4115230,1875845346,1734631,8,2599.90968138711
4115231,1877580070,1725244,8,3374.7454572418605
4115235,1879305407,1706626,8,4609.38501649264
4115236,1881012126,1703048,8,2665.6818877469
4115240,1882715267,1662107,8,6488.0392610662
4115241,1884377467,1697665,8,343.788553362638
4115250,1886075225,1668957,8,4275.09490944747
4115260,1887744275,1702934,8,14591.1248303873
4115261,1889447302,1706676,8,9446.86629545157
4115262,1891154071,1719342,8,4136.67272346405
4115270,1892873506,1618211,8,11867.737320671298
4115280,1894491810,1688180,8,27544.4166444834
4115281,1896180083,1690870,8,20614.1579912537
4115282,1897871046,1700603,8,6950.86353442791
4115290,1899571742,1715731,8,2395.49436940163
4115300,1901287566,1702721,8,18760.0357127721
4115301,1902990380,1695337,8,20954.5383520763
4115305,1904685810,1711677,8,9134.01216703857
4115310,1906397580,1702023,8,5647.53841636656
4115311,1908099696,1699592,8,10004.1311696005
4115320,1909799381,1696688,8,26398.980147361
4115321,1911496162,1699359,8,33870.9615937879
4115322,1913195614,1710148,8,34307.3934946243
4115330,1914905855,1727925,8,2907.5655299612395
4115331,1916633873,1697731,8,23235.3269102838
4115332,1918331697,1716178,8,18305.6397992887
4115333,1920047968,1712278,8,2985.03823992023
4115340,1921760339,1703866,8,5910.62907717432
4115344,1923464298,1694448,8,2606.9025814340803
4115345,1925158839,1706694,8,27719.0750939684
4115346,1926865626,1710062,8,57048.0229243702
4115347,1928575781,1709837,8,51550.67180403099
4115348,1930285711,1706636,8,23295.7653143894
4115349,1931992440,1704290,8,15557.556732429
4115350,1933696823,1714733,8,3114.82330407345
4115351,1935411649,1719975,8,2307.2236245610898
4115400,1937131717,1717419,8,15909.3058178218
4115401,1938849229,1717194,8,11039.5438688744
4115402,1940566516,1694624,8,10679.4752845824
4115403,1942261233,1717202,8,9863.53492600688
4115410,1943978528,1725690,8,2658.75443482356
4115450,1945704311,1697425,8,7248.292021286991
4115451,1947401829,1715382,8,2680.6950985386898
4116150,1949117304,1715853,8,631.937299232648
4116170,1950833250,1708536,8,417.569502394943
4116180,1952541879,1685904,8,246855.495215529
4116181,1954227876,1696195,8,221071.247267135
4116182,1955924164,1691394,8,260255.203359644
4116183,1957615651,1692970,8,170434.085049568
4116184,1959308714,1695304,8,159719.259725977
4116185,1961004111,1691073,8,134029.708656925
4116186,1962695277,1700059,8,92907.46216100131
4116187,1964395429,1702739,8,75963.1702001026
4116188,1966098261,1710856,8,46107.0524749124
4116189,1967809210,1714581,8,39781.6842086148
4116190,1969523884,1724358,8,25013.710321092403
4116191,1971248335,1722498,8,13427.5435987461
4116192,1972970926,1719128,8,4322.09737060229
4116193,1974690147,1725441,8,1306.36084860058
4116200,1976415681,1667628,8,6512.76828579401
4116201,1978083402,1687777,8,814.9609542668879
4116300,1979771272,1721792,8,24046.3380761834
4116301,1981493157,1717748,8,14260.859316676298
4116302,1983210998,1699759,8,12490.4067490003
4116310,1984910850,1700722,8,6308.22509601914
4116311,1986611665,1718987,8,3501.6852885900103
4116320,1988330745,1723639,8,5093.42407760969
4116325,1990054477,1728401,8,3050.09045732776
4116330,1991782971,1708826,8,34934.5721641563
4116331,1993491890,1689675,8,16130.8743079868
4116332,1995181658,1696023,8,9678.06627379249
4116333,1996877774,1716180,8,2091.87578267734
4116335,1998594047,1683467,8,16382.8926868495
4116340,2000277607,1684765,8,2348.91805667082
4116350,2001962465,1673345,8,6969.33698288801
4116351,2003635903,1673593,8,986.562726917102
4116360,2005309589,1714476,8,385.97332801356
4116370,2007024158,1663778,8,2132.79836121926
4116400,2008688029,1717204,8,8539.457157363679
4116401,2010405326,1720819,8,7084.20693051637
4116402,2012126238,1723059,8,5760.01809573225
4116405,2013849390,1722320,8,2384.3859654526
4116406,2015571803,1717525,8,1585.28772832299
4116407,2017289421,1723507,8,375.874353761341
4116450,2019013021,1648658,8,26955.5250826752
4116451,2020661772,1661863,8,19737.0072031739
4116452,2022323728,1663918,8,1005.97814981813
4116460,2023987739,1699650,8,7241.385694805959
4116461,2025687482,1726578,8,2148.22387110798
4116470,2027414153,1725041,8,8386.86345748499
4116471,2029139287,1727622,8,4927.941393902321
4116480,2030867002,1693807,8,5025.15451760106
4116481,2032560902,1694343,8,862.543392054657
4118100,2034255338,1700730,8,174.603677667221
4118105,2035956161,1669265,8,3799.1006711188
4118110,2037625519,1656843,8,6303.646591592779
4118200,2039282455,1558137,8,43.415241187841794
4118220,2040840685,1586763,8,64.8391294691109
4118300,2042427541,1547626,8,235.699600176888
4118310,2043975260,1537772,8,77.7997744019715
4118315,2045513125,1552293,8,293.172730253713
4118320,2047065511,1556331,8,7991.746464421609
4118400,2048621935,1677481,8,2347.8449589691395
4118410,2050299509,1652274,8,13039.6407176727
4118420,2051951876,1668686,8,525.697937149877
4118440,2053620655,1639127,8,40419.9627197553
4118450,2055259875,1637647,8,361.99793562149
4118800,2056897615,1689969,8,841.3003714985499
4118850,2058587677,1668426,8,13339.4058119879
4118900,2060256196,1701390,8,293.774434605365
4119050,2061957679,1695405,8,2775.34662231528
4119070,2063653177,1698338,8,6895.72854671706
4119080,2065351608,1709629,8,16159.7236705428
4119090,2067061330,1705333,8,2944.64119867472
4119100,2068766756,1703336,8,95296.5574283935
4119101,2070470185,1699443,8,14887.7067395363
4119150,2072169721,1704585,8,4055.74973314882
4119170,2073874399,1706319,8,6052.36729810334
4119200,2075580811,1701787,8,24788.567008915
4119201,2077282691,1700896,8,8695.19376975212
4119210,2078983680,1698753,8,3433.7400271240804
4119220,2080682526,1702635,8,2880.34279645237
4119230,2082385254,1700562,8,2573.49550886812
4119250,2084085909,1706970,8,32194.3598841599
4119251,2085792972,1703848,8,8434.44161245791
4119252,2087496913,1706732,8,4042.2055793501295
4119260,2089203738,1708431,8,16733.181970727
4119261,2090912262,1708690,8,13230.8952689167
4119262,2092621045,1708721,8,4346.5482827752
4119263,2094329859,1699654,8,2768.68491148171
4119264,2096029606,1707362,8,19996.7508281517
4119265,2097737061,1703467,8,4378.83647429373
4119270,2099440621,1703636,8,11213.7406329266
4119271,2101144350,1703760,8,4325.8905863428
4119280,2102848203,1705438,8,36550.0787602888
4119281,2104553734,1705568,8,14438.6412403153
4119282,2106259395,1705205,8,11196.9788010468
4119283,2107964693,1704033,8,3454.78078935617
4119285,2109668819,1703643,8,8858.444458913242
4119286,2111372555,1701849,8,4219.77871212781
4119288,2113074497,1705565,8,2146.14608412538
4119290,2114780155,1685326,8,6451.8062268370895
4119295,2116465574,1677353,8,2395.98324259981
4119300,2118143020,1704462,8,308755.668891187
4119310,2119847575,1705887,8,13406.108776628702
4119311,2121553555,1707080,8,5922.521698284289
4119312,2123260728,1706310,8,4761.164808089529
4119313,2124967131,1705886,8,3679.11586199166
4119315,2126673110,1703245,8,5663.88044045321
4119317,2128376448,1703782,8,6657.53890766258
4119318,2130080323,1698771,8,3267.0071987036104
4119321,2131779187,1699293,8,2772.9613317973804
4119322,2133478573,1699689,8,4230.43173994447
4119325,2135178355,1696706,8,4733.78540886604
4119327,2136875154,1695047,8,3353.41908453894
4119400,2138570294,1703978,8,67621.8935534601
4119401,2140274365,1692496,8,33602.7948759391
4119410,2141966954,1695772,8,13335.4512508474
4119430,2143662819,1709198,8,5410.87250426264
4119431,2145372110,1706745,8,1961.9503409320105
4119440,2147078948,1714798,8,23187.2632147006
4119441,2148793839,1717483,8,14478.2119313693
4119442,2150511415,1713453,8,4100.01391841118
4119445,2152224961,1709561,8,4612.5007459835
4119447,2153934615,1720049,8,4804.781068960179
4119450,2155654757,1713103,8,27290.308923650897
4119451,2157367953,1712762,8,21134.9810406455
4119452,2159080808,1710085,8,14285.9858375221
4119453,2160790986,1714357,8,10567.0230156644
4119454,2162505436,1713131,8,1975.9642301787896
4119460,2164218660,1699623,8,41962.2463413478
4119461,2165918376,1692951,8,15614.4422448546
4119500,2167611420,1681127,8,352.056284400956
4119510,2169292640,1703647,8,4128.875820115271
4119600,2170996380,1701413,8,633.26309193906
4119650,2172697886,1705097,8,221928.137495422
4119800,2174403076,1688241,8,445222.75704685296
4120100,2176091410,1662838,8,8188.185769525379
4120110,2177754341,1708771,8,13976.385414191202
4120111,2179463205,1714480,8,4619.677996755399
4120112,2181177778,1722087,8,529.2013519197251
4120120,2182899958,1690682,8,57942.1973973266
4120121,2184590733,1689057,8,40765.3370239378
4120125,2186279883,1699302,8,6309.58216008944
4120200,2187979278,1667914,8,56350.0425527706
4120201,2189647285,1664376,8,26420.4139194971
4120202,2191311754,1674044,8,13766.1730270911
4120210,2192985891,1654711,8,4254.62933009623
4120220,2194640695,1651817,8,4643.73375494423
4120300,2196292605,1674733,8,5708.68898107888
4120301,2197967431,1687863,8,3521.43975810161
4120310,2199655387,1680137,8,18006.5737911379
4120311,2201335617,1706962,8,7079.89798766333
4120320,2203042672,1678922,8,20231.2870692455
4120321,2204721687,1682321,8,10374.9673562126
4120322,2206404101,1692953,8,2904.2669878879
4120330,2208097147,1682480,8,24142.5181110966
4120331,2209779720,1682930,8,19754.6787476456
4120800,2211462743,1652867,8,6594.18200478577
4120900,2213115703,1688195,8,238248.086514321
4120902,2214803991,1697242,8,87509.9851317804
4120903,2216501326,1698640,8,37890.8375001333
4120950,2218200059,1705558,8,177951.80113272
4120951,2219905710,1716572,8,30538.0550305184
4120952,2221622375,1728359,8,9187.1817742028
4120953,2223350827,1731246,8,6763.229019928511
4120955,2225082166,1711484,8,4906.58635276599
4120956,2226793743,1689885,8,19970.4142304645
4120960,2228483721,1667441,8,3216.34795137094
4121100,2230151255,1676439,8,21363.3862865901
4121101,2231827787,1674260,8,11885.3353273982
4121102,2233502140,1671492,8,5001.2679124988
4121110,2235173725,1677544,8,5899.69269603683
4121111,2236851362,1675892,8,3212.22191247954
4121120,2238527347,1675908,8,10530.6006347186
4121121,2240203348,1673465,8,1507.62476994115
4121125,2241876906,1671165,8,4528.030036773979
4121126,2243548164,1671416,8,1428.57655924294
4121130,2245219673,1670685,8,6694.64383217802
4121131,2246890451,1673132,8,12530.2222264151
4121140,2248563676,1666519,8,18578.721873503106
4121141,2250230288,1675134,8,55406.414564490304
4121142,2251905515,1675522,8,32777.0087963603
4121145,2253581130,1667282,8,4314.6646474131
4121146,2255248505,1683349,8,18298.0644026691
4121147,2256931947,1679975,8,11592.2854044702
4121150,2258612015,1670702,8,8082.866645922099
4121160,2260282810,1680436,8,26000.4042481862
4121161,2261963339,1677557,8,12946.429070761398
4121162,2263640989,1667337,8,3569.1115190148403
4121300,2265308419,1680600,8,51136.4617736491
4121301,2266989112,1679352,8,42911.1183053243
4121304,2268668557,1677406,8,6923.65085561431
4121310,2270346056,1678715,8,5562.638422519879
4121311,2272024864,1684945,8,5911.84775131141
4121320,2273709902,1696748,8,19713.4541096045
4121321,2275406743,1688609,8,8088.00943597013
4121330,2277095445,1698839,8,2304.04088803208
4121340,2278794377,1702964,8,6375.171712120029
4121341,2280497434,1698608,8,11280.6267560257
4121350,2282196135,1700740,8,2279.38974531796
4121400,2283896968,1684286,8,32170.0224096727
4121401,2285581347,1676697,8,20713.7429257194
4121420,2287258137,1673074,8,13839.5297628197
4121430,2288931304,1677168,8,8499.085847748649
4121431,2290608565,1676229,8,3187.5377512242403
4121800,2292284887,1688940,8,706170.099061413
4121801,2293973920,1692607,8,811634.950994113
4121802,2295666620,1694219,8,475355.437924576
4122100,2297360932,1693180,8,17868.979617703
4122101,2299054205,1678999,8,5970.63464379456
4122105,2300733297,1692633,8,2617.2630976857
4122110,2302426023,1672763,8,4202.33231519916
4122111,2304098879,1674978,8,1468.28735560807
4122120,2305773950,1672373,8,5937.0100356660105
4122130,2307446416,1689770,8,60437.9191355846
4122131,2309136279,1690693,8,34144.712354922405
4122132,2310827065,1692842,8,25048.60273817
4122133,2312520000,1693082,8,12362.7258025986
4122134,2314213175,1692922,8,4562.601490319629
4122140,2315906190,1698500,8,4923.269957686551
4122141,2317604783,1712188,8,2732.81442182776
4122150,2319317064,1685864,8,76091.7647532355
4122151,2321003021,1710652,8,10851.9129938836
4122152,2322713766,1689683,8,55640.3666395417
4122153,2324403542,1692572,8,37485.4060932074
4122154,2326096207,1713535,8,3696.58493477178
4122155,2327809835,1690643,8,5763.54972099994
4122160,2329500571,1700586,8,7257.80228110376
4122165,2331201250,1700840,8,3415.0868613082
4122170,2332902183,1692575,8,2067.2538762220897
4122180,2334594851,1692846,8,3654.55522213064
4122190,2336287790,1697173,8,4516.28551750161
4122200,2337985056,1668017,8,23629.9524829895
4122201,2339653166,1685084,8,24744.221281989
4122210,2341338343,1664414,8,9119.90258199615
4122211,2343002850,1681580,8,8643.596125155129
4122212,2344684523,1675946,8,2685.72632874273
4122220,2346360562,1660060,8,19268.4735726938
4122221,2348020715,1648569,8,9038.01386675248
4122222,2349669377,1669208,8,49553.4766234363
4122230,2351338678,1668755,8,7384.592478506909
4122240,2353007526,1670279,8,17538.7027926118
4122250,2354677898,1695687,8,5827.88417387208
4122251,2356373678,1695310,8,17956.3422458509
4122255,2358069081,1698511,8,4504.87617296424
4122260,2359767685,1685232,8,2908.07313570041
4122270,2361453010,1686861,8,3241.1732832295
4122271,2363139964,1683429,8,8383.50229704345
4122280,2364823486,1678805,8,7358.58470689756
4122281,2366502384,1667026,8,8280.168060610758
4122300,2368169503,1679769,8,36198.6731263589
4122301,2369849365,1664799,8,14319.7980449526
4122350,2371514257,1667603,8,63404.7087790345
4122351,2373181953,1661406,8,37368.4979359387
4122352,2374843452,1659648,8,21120.240026173
4122360,2376503193,1657225,8,9835.639950871291
4122370,2378160511,1664920,8,7521.030626841441
4122600,2379825524,1697746,8,219078.535512907
4122601,2381523363,1692443,8,214627.220043706
4122602,2383215899,1690224,8,154863.502990273
4122603,2384906216,1690896,8,150549.002218273
4122620,2386597205,1690836,8,2767.23563878259
4122630,2388288134,1682017,8,35978.3785159542
4122635,2389970244,1691384,8,11247.1314481528
4122636,2391661721,1690884,8,6226.767372883679
4122637,2393352698,1688376,8,19785.6911978693
4122638,2395041167,1675815,8,4960.28262981218
4122639,2396717075,1680966,8,5761.04487691827
4122650,2398398134,1690577,8,1034933.48959403
4122700,2400088804,1676656,8,154267.57652211198
4122701,2401765553,1674364,8,142469.425579509
4122710,2403440010,1663255,8,154582.608560285
4122900,2405103358,1695694,8,1322654.10511425
4122901,2406799145,1692982,8,1266198.87120356
4122902,2408492220,1690969,8,1223317.60833056
4122903,2410183282,1690698,8,1047521.90362811
4123050,2411874073,1680002,8,525044.509655249
4123061,2413554168,1658152,8,66199.2217028842
4123062,2415212413,1663492,8,85801.8177712824
4123063,2416875998,1663382,8,55308.5988284034
4123080,2418539473,1663279,8,45568.6986611909
4123081,2420202845,1670275,8,30199.2798916272
4123082,2421873213,1683276,8,4124.56068697031
4123083,2423556582,1682669,8,940.426950718169
4123085,2425239344,1669622,8,2467.33639922002
4123090,2426909059,1680607,8,1197.4800720529402
4123095,2428589759,1669653,8,6613.56656982146
4123100,2430259505,1656498,8,542.6775595841519
4123110,2431916096,1684001,8,2885.58829315302
4123111,2433600190,1683933,8,8080.67316871711
4123120,2435284216,1680537,8,573.53296021382
4123130,2436964846,1697103,8,74125.9222190673
4123131,2438662042,1702655,8,18889.3013274414
4123135,2440364790,1702036,8,2013.9597388961
4123136,2442066919,1702811,8,2233.32135063127
4123137,2443769823,1692655,8,3888.61747224022
4123140,2445462571,1675075,8,272.14064949842003
4123150,2447137739,1664329,8,1050.86279734537
4123200,2448802161,1700594,8,2076.72700975213
4123201,2450502848,1698153,8,12017.4692988671
4123202,2452201094,1695292,8,28688.178242304
4123205,2453896479,1698127,8,4435.59767547123
4123206,2455594699,1696841,8,6162.09154856651
4123207,2457291633,1693694,8,12916.6667756862
4123208,2458985420,1697725,8,1160.06365937759
4123209,2460683238,1697250,8,1291.51080815513
4123210,2462380581,1687639,8,2823.78611083987
4123220,2464068313,1680355,8,4380.23729198361
4123225,2465748761,1687747,8,1237.20030182165
4123230,2467436601,1697884,8,9409.255433437753
4123235,2469134578,1697781,8,1528.47379138828
4123240,2470832452,1686752,8,1203.38114608811
4123245,2472519297,1683090,8,3395.5857022262103
4123250,2474202480,1680532,8,8533.856993551171
4123251,2475883105,1683267,8,6015.663479576569
4123252,2477566465,1669814,8,1596.5532177536802
4123255,2479236372,1690853,8,1011.60135233762
4123260,2480927318,1697471,8,13432.7105221957
4123265,2482624882,1696859,8,1038.86163137197
4123268,2484321834,1691157,8,21252.4666105754
4123270,2486013084,1696423,8,3929.26680244588
4123271,2487709600,1697735,8,3376.87176096268
4123272,2489407428,1703949,8,1400.65410014366
4123275,2491111470,1689631,8,1004.17215328469
4123277,2492801194,1680399,8,5652.08381444776
4123278,2494481686,1682059,8,2852.54651333516
4123280,2496163838,1690276,8,2429.46142350684
4123290,2497854207,1678981,8,1215.16844973506
4123300,2499533281,1694721,8,235770.525265167
4123301,2501228095,1675181,8,63594.6831039155
4123310,2502903369,1689559,8,729.365391615441
4123320,2504593021,1694268,8,1335.27420479105
4123330,2506287382,1709788,8,2345.4414579971303
4123331,2507997263,1711576,8,1108.8956671283302
4123335,2509708932,1706319,8,876.134745317917
4123337,2511415344,1695956,8,518.872440112193
4123340,2513111393,1694817,8,2379.42119579488
4123341,2514806303,1709349,8,1799.0722740555602
4123345,2516515745,1704651,8,340.009357669991
4123347,2518220489,1698719,8,1017.79857944004
4123350,2519919301,1709507,8,4154.85239239383
4123351,2521628901,1709172,8,1414.34281612125
4123352,2523338166,1708872,8,29428.5864038214
4123355,2525047131,1711553,8,2688.07169949667
4123357,2526758777,1709786,8,1374.85648522952
4123360,2528468656,1674728,8,127.885665525155
4123365,2530143477,1676800,8,483.383095903952
4123370,2531820370,1679163,8,3816.0382926661296
4123375,2533499626,1676384,8,1937.43405359377
4123380,2535176103,1672591,8,2455.30730097204
4123381,2536848787,1651174,8,1751.37125378233
4123382,2538500054,1675036,8,770.262817891565
4123385,2540175183,1679642,8,2062.42980992151
4123400,2541854918,1690663,8,18992.6981747047
4123510,2543545674,1696959,8,1390.99630499947
4123550,2545242726,1667940,8,919.420818646474
4123810,2546910759,1672046,8,1328.99991751495
4123811,2548582898,1672298,8,3106.3773568424103
4123850,2550255289,1676620,8,689.193362002134
4125010,2551932002,1675230,8,2461.87699936592
4125020,2553607325,1677248,8,2993.8505922508302
4125025,2555284666,1683984,8,9856.0722721732
4125026,2556968743,1684594,8,12642.2316701403
4125027,2558653430,1682882,8,15319.3859705553
4125028,2560336405,1677189,8,29888.6466521522
4125050,2562013687,1678495,8,16787.8578491214
4125055,2563692275,1672101,8,2354.01673444735
4125060,2565364469,1657404,8,41940.7602304512
4125061,2567021966,1656820,8,42188.4333570539
4125062,2568678879,1657006,8,36212.9192616054
4125063,2570335978,1656236,8,30240.678195239903
4125064,2571992307,1647164,8,17406.1178651537
4125065,2573639564,1650180,8,79.5455052873064
4125070,2575289837,1681223,8,4835.669441723429
4125075,2576971153,1650557,8,3101.33933788029
4125080,2578621803,1675348,8,4848.96192220407
4125100,2580297244,1653592,8,6006.61539242292
4125110,2581950929,1668014,8,2057.01640725143
4125200,2583619036,1642302,8,4653.199982849001
4125205,2585261431,1664779,8,313.560799909588
4125210,2586926303,1657531,8,382.79174695592906
4125500,2588583927,1695741,8,187153.20094497895
4125550,2590279761,1672705,8,122427.013301745
4125551,2591952559,1656696,8,57273.241929444695
4125552,2593609348,1667578,8,7209.559777439459
4125555,2595277019,1658784,8,38044.1424838491
4125560,2596935896,1643300,8,21166.3633293358
4125561,2598579289,1641640,8,5799.6993448206895
4125565,2600221022,1666792,8,5199.75821820514
4125570,2601887907,1634253,8,4145.82984189028
4125580,2603522253,1646075,8,33534.7137688833
4125800,2605168421,1675244,8,402383.219610548
4125801,2606843758,1688029,8,111690.872013817
4125802,2608531880,1680676,8,99425.0843149046
4125803,2610212649,1690753,8,11921.4227737342
4125804,2611903495,1693336,8,402313.408288658
4125810,2613596924,1676143,8,3331.92300298226
4125900,2615273160,1663475,8,60811.1134512286
4125901,2616936728,1674651,8,51461.6439289874
4125902,2618611472,1654802,8,28655.8811756207
4125903,2620266367,1666473,8,10343.5358859229
4125904,2621932933,1667340,8,1018.3192037088
4125910,2623600366,1677974,8,5339.03647621138
4125911,2625278433,1678604,8,4340.4258843812
4125915,2626957130,1670619,8,3012.13260726962
4125917,2628627842,1670599,8,2904.59757833699
4125918,2630298534,1673572,8,2019.37912475787
4125920,2631972199,1672029,8,2144.61909767622
4125925,2633644321,1679817,8,2528.62131684269
4125930,2635324231,1664944,8,1369.88540353504
4125940,2636989268,1652176,8,21800.3408781419
4125941,2638641537,1677842,8,19010.4935420491
4125942,2640319472,1678981,8,4595.92436302316
4125943,2641998546,1679773,8,3252.6580528079603
4125944,2643678412,1681749,8,1291.07015077022
4125950,2645360254,1677497,8,1059.3398287333698
4126100,2647037844,1669065,8,6946.946007849
4126150,2648707002,1642345,8,2287.31015064378
4126300,2650349440,1646556,8,5901.63552554499
4126301,2651996089,1659793,8,2826.77279832049
4126350,2653655975,1643465,8,8917.029041481708
4126351,2655299533,1638556,8,5308.43390856093
4126352,2656938182,1639923,8,4775.07435281996
4126700,2658578198,1640629,8,40214.2500002543
4126701,2660218920,1669243,8,13904.0875597319
4126702,2661888256,1645062,8,28186.9499726333
4126750,2663533411,1669609,8,5452.87472460323
4126800,2665203113,1642458,8,174307.152516825
4126801,2666845664,1662161,8,124056.179760362
4126802,2668507918,1660217,8,114789.77585812
4126803,2670168228,1645283,8,52759.274120058304
4126804,2671813604,1652922,8,102334.891151597
4126805,2673466619,1652294,8,79216.9353010169
4126806,2675119006,1641300,8,146883.23097607802
4126810,2676760399,1652330,8,11760.7599498251
4126815,2678412822,1643486,8,1138.8517654395698
4126850,2680056401,1634149,8,7955.8519694313
4126851,2681690643,1636095,8,9556.227748144029
4127100,2683326831,1682226,8,9755.10884580806
4127150,2685009150,1673807,8,3807.36344601855
4127200,2686683050,1668012,8,13387.8998115569
4127201,2688351155,1684862,8,7006.4111470526295
4127202,2690036110,1691586,8,5121.28135764354
4127310,2691727789,1644546,8,14006.9606499213
4127400,2693372428,1668088,8,4745.99525202004
4127500,2695040609,1667535,8,2878744.83182765
4127501,2696708237,1689691,8,1815351.36371393
4127502,2698398021,1691069,8,1802875.57854886
4127503,2700089183,1692133,8,1773663.19577102
4127600,2701781409,1661506,8,2264.34210915793
4127610,2703443008,1644233,8,491.453680984734
4127700,2705087334,1666710,8,7164.69064740228
4127701,2706754137,1655084,8,2625.52794868651
4127800,2708409314,1673289,8,2914997.01412671
4127910,2710082696,1661544,8,2073.45479204793
4127920,2711744333,1663808,8,471.66083635771895
4127930,2713408234,1653878,8,2934842.12637456
4131030,2715062205,1738722,8,14690.8288515043
4131031,2716801020,1738914,8,7016.172483875041
4132010,2718540027,1715824,8,1546.7231953217802
4132100,2720255944,1698286,8,1124.98560093752
4132200,2721954323,1709060,8,8883.47250741688
4132300,2723663476,1722798,8,1531.3674595296802
4132800,2725386367,1723479,8,3469.709671359989
4132900,2727109939,1723333,8,1980.2941781092104
4133100,2728833365,1714259,8,1198.79934361449
4133200,2730547717,1703736,8,15655.068375096202
4133250,2732251546,1705114,8,3351.0239272557696
4133260,2733956753,1708688,8,5866.302121602839
4133300,2735665534,1701014,8,1720.89396496155
4133400,2737366641,1708677,8,10088.4610526338
4133401,2739075411,1718402,8,4667.907597770711
4133450,2740793906,1724424,8,2880.77489802955
4133500,2742518423,1705119,8,9095.17528022826
4133501,2744223635,1704855,8,4437.81070875151
4133550,2745928583,1702044,8,1596.36878326434
4133650,2747630720,1672190,8,4431.87967093522
4133651,2749303003,1699787,8,2476.55838814588
4133652,2751002883,1691870,8,1359.48289040145
4133700,2752694846,1695049,8,5958.77304326812
4133701,2754389988,1713292,8,3618.51114672813
4133750,2756103373,1702263,8,13315.4570882444
4133751,2757805729,1700857,8,3209.2856275285303
4133800,2759506679,1716821,8,2283.40867380179
4133801,2761223593,1700827,8,3550.0681068634003
4134300,2762924513,1709434,8,5444.836174231989
4134350,2764634040,1707654,8,1098.9484560622195
4134400,2766341787,1684489,8,14877.6964710757
4134500,2768026369,1699634,8,1329.6192496822198
4134501,2769726096,1689472,8,1619.46231005176
4134600,2771415661,1694627,8,952.384429022988
4134700,2773110381,1700080,8,4595.14595701617
4134800,2774810554,1704638,8,1460.83961819762
4135100,2776515285,1699323,8,2791.16333802851
4135200,2778214701,1701154,8,16363.5257596977
4135201,2779915948,1685881,8,5595.45067538349
4135205,2781601922,1697254,8,5731.119192248591
4135210,2783299269,1699423,8,3079.47282565384
4135215,2784998785,1680465,8,2029.94625850567
4135300,2786679343,1702975,8,1854.31385398885
4135400,2788382411,1701059,8,1641.24971663129
4135500,2790083563,1702219,8,1802.18665896793
4135800,2791785875,1713764,8,1158.63720557493
4136300,2793499732,1700468,8,6378.588669391639
4136301,2795200293,1708257,8,2528.92584916228
4136400,2796908643,1718958,8,13259.9613612737
4136411,2798627694,1715929,8,3488.40780781607
4136500,2800343716,1746606,8,4837.04010318373
4143310,2802090415,1740773,8,2538.96357666444
4143500,2803831281,1743366,8,1587.19000441692
4143550,2805574740,1673641,8,771625.376804346
4143710,2807248474,1739990,8,1555.73380268571
4143750,2808988557,1729819,8,1636.99721675344
4143770,2810718469,1739496,8,1772.42752135127
4143790,2812458058,1741610,8,1235.1517519082902
4146050,2814199761,1738534,8,2097.94854220305
4146080,2815938388,1744733,8,8039.68841683111
4146081,2817683214,1745892,8,7073.20134812116
4146082,2819429199,1726928,8,3567.0831526654
4146083,2821156220,1736221,8,3050.3530093269105
4146085,2822892534,1756883,8,1851.76072454264
4146100,2824649510,1686801,8,1573.13366769842
4146110,2826336404,1684799,8,31104.4326454799
4146111,2828021296,1687534,8,17644.6962562005
4146112,2829708923,1695427,8,9880.35398707064
4146115,2831404443,1667620,8,7361.422191587959
4146120,2833072156,1655450,8,707.5068745003059
4146130,2834727699,1673147,8,1967.33374909383
4146140,2836400939,1696831,8,7662.8665189338
4146141,2838097863,1695487,8,3341.47351180523
4146145,2839793443,1686607,8,4107.2564893996505
4146150,2841480143,1684246,8,755.010613272851
4146155,2843164482,1725455,8,663.7734667558419
4146160,2844890030,1650839,8,3331.3650258336497
4146161,2846540962,1655056,8,2311.52591984397
4146165,2848196111,1678303,8,512.800313366268
4146170,2849874507,1728805,8,1367.81922133753
4146175,2851603405,1730042,8,686.5655999561541
4146180,2853333540,1641200,8,8000.844853003909
4146185,2854974833,1715726,8,1163.53258287146
4146190,2856690652,1743285,8,3969.82812088082
4146195,2858434030,1739925,8,2561.69902389093
4146200,2860174048,1632827,8,1919.8163005954
4146210,2861806968,1611673,8,3481.8636900609804
4146220,2863418734,1739594,8,400.570036591634
4146230,2865158421,1611945,8,798.8740180171271
4146250,2866770459,1606003,8,165.512815395868
4146270,2868376555,1696489,8,4943.61387699729
4146280,2870073137,1663034,8,67028.96933906179
4146281,2871736264,1674610,8,57280.58994475481
4146300,2873410967,1544109,8,126.913699636259
4146310,2874955169,1566644,8,128.511751644771
4146320,2876521906,1541302,8,616.011899557261
4146330,2878063301,1553701,8,196.21878954475895
4146340,2879617095,1540601,8,282.396594386809
4146350,2881157789,1552366,8,332.574709506084
4146360,2882710248,1656847,8,41952.4477017856
4146370,2884367188,1733142,8,276.93821568483
4146380,2886100423,1687128,8,360.493618065663
4146390,2887787644,1684672,8,524.539601002494
4146400,2889472409,1539778,8,10860.4642696399
4146401,2891012280,1721286,8,693.798164268602
4146410,2892733659,1554401,8,2305.6008786598104
4146610,2894288153,1557090,8,721.388476988208
4146630,2895845336,1572055,8,196.69748952574403
4146650,2897417484,1700938,8,9429.1371285153
4146670,2899118515,1687040,8,10162.3238894259
4146700,2900805648,1561506,8,4153.83288589185
4146710,2902367247,1564904,8,146.90959308176
4146900,2903932244,1554815,8,1463.21336694919
4146901,2905487152,1702496,8,5280.0757709522
4146910,2907189741,1556955,8,66.9025359291322
4146920,2908746789,1558533,8,1881.5374148760895
4146950,2910305415,1554285,8,144.660004404082
4147010,2911859793,1742023,8,17318.8399941884
4147011,2913601909,1715855,8,20140.341607469
4147030,2915317857,1738722,8,14690.8288515043
4147031,2917056672,1738914,8,7016.172483875041
4147050,2918795679,1738130,8,7045.01613082693
4147051,2920533902,1722011,8,13988.558011108602
4147060,2922256006,1731354,8,3561.8706870213
4147061,2923987453,1724263,8,1057.95846745161
4147110,2925711809,1743172,8,8447.519545610608
4147111,2927455074,1738127,8,3506.3650900439097
4147210,2929193294,1742844,8,979.481101339334
4147310,2930936231,1723892,8,587.095842314373
4147320,2932660216,1681069,8,17532.3907604623
4147330,2934341378,1681096,8,16228.4511402428
4147340,2936022567,1665850,8,3485.23995465944
4147360,2937688510,1724263,8,1057.95846745161
4147380,2939412866,1736072,8,12057.4782671634
4147381,2941149031,1736466,8,8049.507121183249
4147382,2942885590,1723653,8,3955.9268656265294
4147410,2944609336,1720106,8,237.355924444214
4147440,2946329535,1718735,8,781.471511921964
4147450,2948048363,1718059,8,1034.73587535716
4147460,2949766515,1739395,8,24969.6504175986
4147461,2951506003,1739882,8,20282.7589756896
4147462,2953245978,1739489,8,10530.3675700821
4147463,2954985560,1743295,8,2051.1849312884
4147465,2956728948,1736420,8,1123.70937526406
4147470,2958465461,1734574,8,248.77740793661096
4147475,2960200128,1723504,8,1822.53450848772
4147480,2961923725,1706389,8,1487.57293889671
4147490,2963630207,1723222,8,3969.35271418861
4147491,2965353522,1722332,8,2563.64842766402
4147500,2967075947,1728727,8,21093.2957275082
4147501,2968804767,1723297,8,7298.39750224182
4147502,2970528157,1741129,8,2038.6256652008603
4147505,2972269379,1731365,8,2765.7761970454603
4147510,2974000837,1709596,8,1903.82863997854
4147540,2975710526,1704224,8,155.823290573553
4147600,2977414843,1713882,8,17495.3951607099
4147601,2979128818,1716254,8,8973.287532733051
4147605,2980845165,1722630,8,2018.2162277805496
4147606,2982567888,1714552,8,1537.87004213531
4147650,2984282533,1699867,8,2982.69158123707
4147651,2985982493,1700957,8,4900.75263173066
4147700,2987683543,1705298,8,62213.9802835562
4147701,2989388934,1711130,8,5784.460447999771
4147702,2991100157,1701413,8,2554.87861550017
4147703,2992801663,1696379,8,69926.14419264901
4147704,2994498135,1706446,8,25719.9959402384
4147710,2996204674,1712003,8,3790.432181059529
4147715,2997916770,1702621,8,6475.81284878791
4147720,2999619484,1694321,8,8711.0699576344
4147721,3001313898,1700016,8,2196.14938617242
4147725,3003014007,1707079,8,17652.4406050737
4147726,3004721179,1710836,8,7692.5649823457
4147810,3006432108,1689796,8,254.61663282523705
4147900,3008121997,1687926,8,30013.994681544
4147901,3009810016,1691342,8,10597.1653861584
4147902,3011501451,1691599,8,8105.036599245749
4147903,3013193143,1687537,8,3818.5220270143
4147904,3014880773,1688117,8,30013.327098011498
4147905,3016568983,1691030,8,2122.7603862048104
4147907,3018260106,1675385,8,4229.4409781575705
4147950,3019935584,1679483,8,4133.54546898589
4148070,3021615160,1677448,8,3742.04556477485
4148090,3023292701,1670000,8,22023.8217792788
4148091,3024962794,1672696,8,7716.82676240188
4148092,3026635583,1671887,8,4650.61643682891
4148110,3028307563,1676368,8,5753.5533471723
4148120,3029984024,1647575,8,10172.5773021959
4148121,3031631692,1674498,8,7012.97087195013
4148122,3033306283,1672814,8,2983.76817235477
4148125,3034979190,1674982,8,1924.93412907064
4148210,3036654265,1669072,8,3733.0526138648497
4148230,3038323430,1670437,8,8999.26694752925
4148231,3039993960,1673080,8,12600.2337313154
4148232,3041667133,1662787,8,13766.0757325621
4148300,3043330013,1674998,8,22943.9734710903
4148310,3045005104,1674682,8,7110.57674579323
4148321,3046679879,1673406,8,5941.812372382719
4148325,3048353378,1664115,8,3581.5842398027703
4148410,3050017586,1665922,8,7208.17518971728
4148530,3051683601,1665382,8,20309.1928213803
4148535,3053349076,1663293,8,6527.9264049189005
4148540,3055012462,1655320,8,14300.599253645802
4148541,3056667875,1673097,8,13089.7428684356
4148545,3058341065,1650186,8,9167.8802021551
4148546,3059991344,1674807,8,7902.67664695682
4148570,3061666244,1671360,8,6914.45576837936
4148610,3063337697,1661101,8,6928.98916559131
4148650,3064998891,1657391,8,25659.4103289082
4148655,3066656375,1659307,8,3689.7100758744095
4148720,3068315775,1655262,8,35521.1867679631
4148750,3069971130,1658895,8,7249.75238660795
4148855,3071630118,1633833,8,7314.920326981129
4149110,3073264044,1660914,8,3114.98743606086
4149120,3074925051,1662075,8,16931.6897719921
4149121,3076587219,1662458,8,12820.967392691102
4149122,3078249770,1660402,8,8112.20938908423
4149123,3079910265,1662716,8,2318.21158787001
4149300,3081573074,1661625,8,17155.7002122721
4149301,3083234792,1626659,8,21246.5699846508
4149310,3084861544,1673761,8,336.972781382638
4149350,3086535398,1661568,8,7023.43875834679
4149355,3088197059,1661960,8,974.97785155734
4149360,3089859112,1661629,8,9104.956457405153
4149400,3091520834,1633757,8,57051.26960732441
4149401,3093154684,1645245,8,55765.2289362185
4149405,3094800022,1662317,8,4347.62827397714
4149410,3096462432,1666564,8,40006.6977926617
4149411,3098129089,1646174,8,11661.7517043836
4149412,3099775356,1658035,8,2992.54018003589
4149413,3101433484,1660435,8,47974.773497972405
4149415,3103094012,1665642,8,2267.93345902687
4149420,3104759747,1661158,8,9974.1605935344
4149421,3106420998,1636761,8,10858.4608239145
4149430,3108057852,1652688,8,638.4984184332241
4149440,3109710633,1660585,8,26190.4012151114
4149441,3111371311,1665475,8,10484.3763976346
4149510,3113036879,1661645,8,1674.70094991706
4149610,3114698617,1663223,8,2222.9874260076604
4149630,3116361933,1655967,8,44604.607272532005
4149631,3118017993,1652022,8,45616.188533516
4149632,3119670108,1642404,8,49890.0712325379
4149670,3121312605,1663180,8,9167.11412499497
4149680,3122975878,1642443,8,19565.1140060791
4149681,3124618414,1646841,8,7426.715548413779
4149682,3126265348,1658066,8,4785.162135215421
4149690,3127923507,1662880,8,11377.1115180093
4149691,3129586480,1663204,8,9064.79986653879
4149710,3131249777,1657946,8,2917.85069430951
4149711,3132907816,1630298,8,5314.73832525781
4149780,3134538207,1651942,8,20389.8258153338
4149781,3136190242,1629535,8,25056.8079363286
4149810,3137819870,1647738,8,3170.19850961726
4149850,3139467701,1648338,8,4101.81092329493
4149851,3141116132,1627781,8,4601.0233813488
4149910,3142744006,1656173,8,869.9158189228709
4149940,3144400272,1661507,8,1539.1127961109
4149941,3146061872,1664436,8,3491.14442449043
4149950,3147726401,1651789,8,3713.16828488961
4149955,3149378283,1633623,8,7376.3848681053405
4149960,3151011999,1644415,8,1137.99237096129
4149965,3152656507,1660801,8,690.796284080939
4150250,3154317401,1648236,8,1066.9310955490305
4150280,3155965730,1622286,8,42914.2970906291
4150281,3157588109,1622759,8,40085.0719708397
4150282,3159210961,1620506,8,21110.4307893176
4150283,3160831560,1614985,8,43445.4781186237
4150300,3162446638,1626789,8,617.014061846255
4150310,3164073520,1642622,8,13528.301731877
4150311,3165716235,1629665,8,3421.15134003558
4150315,3167345993,1640361,8,2175.3393018293
4150320,3168986447,1636762,8,1430.39165409368
4150330,3170623302,1638415,8,10161.4157069906
4150331,3172261810,1636778,8,5496.21986688803
4150400,3173898681,1645531,8,976.840312451282
4150410,3175544305,1647922,8,2089.60659947322
4150450,3177192320,1630971,8,105621.742781924
4150451,3178823384,1629501,8,97705.78882680368
4150452,3180452978,1613626,8,39847.1280840241
4150460,3182066697,1628025,8,10895.6246419834
4150461,3183694815,1619225,8,8399.795815536609
4150462,3185314133,1620639,8,4785.5207252339205
4150465,3186934865,1627606,8,7838.878213604301
4150470,3188562564,1608280,8,6261.256551197829
4150471,3190170937,1610927,8,6072.2783653661
4150475,3191781957,1614936,8,16329.1516773607
4150500,3193396986,1651414,8,107283.729281393
4150501,3195048493,1643671,8,61385.1126187117
4150502,3196692257,1638696,8,49503.535068615
4150503,3198331046,1634508,8,31015.396869400694
4150505,3199965647,1637036,8,10325.588069146
4150507,3201602776,1630635,8,13069.347512081798
4150509,3203233504,1629048,8,13728.5149259426
4150510,3204862645,1645655,8,2538.3887476646
4150515,3206508393,1638942,8,2125.6055751899103
4150585,3208147428,1616245,8,8948.74526426682
4150600,3209763766,1657074,8,44683.2922427532
4150601,3211420933,1644595,8,45407.387148399
4150605,3213065621,1655375,8,6354.409613661121
4150670,3214721089,1620390,8,7325.51400311022
4150680,3216341572,1652963,8,20574.667363695306
4150681,3217994628,1656548,8,9348.28515315772
4150682,3219651269,1650995,8,2954.4009357731297
4150700,3221302357,1658906,8,24219.1408009905
4150800,3222961356,1656944,8,4495.10524024314
4150850,3224618393,1667639,8,1489.88815443796
4151300,3226286125,1583839,8,2010.2839129495896
4151400,3227870057,1628777,8,2497.6752113287603
4151410,3229498927,1636233,8,2766.1701513144603
4151420,3231135253,1664867,8,1612.8230162026998
4151421,3232800213,1698660,8,197.794278629706
4151511,3234498966,1644788,8,38433.7353874791
4151512,3236143847,1654771,8,15360.7201334868
4151513,3237798711,1662045,8,11253.2022405625
4151514,3239460849,1667788,8,10067.9243890817
4151515,3241128730,1626138,8,85595.23141010769
4151600,3242754961,1621794,8,16654.8902871618
4151610,3244376848,1624998,8,3730.95464236901
4151620,3246001939,1658898,8,2729.2820472027697
4151650,3247660930,1687390,8,8167.056252280691
4151651,3249348413,1700849,8,2238.8544561048498
4151801,3251049355,1664064,8,80222.0425038195
4151802,3252713512,1681185,8,36259.1335618168
4151803,3254394790,1681288,8,24423.0393135602
4151804,3256076171,1631184,8,363591.964082965
4151805,3257707448,1711162,8,3410.98573864881
4152050,3259418703,1653822,8,615665.139652414
4152100,3261072618,1650940,8,615662.610935002
4152101,3262723651,1670418,8,285988.061862446
4152103,3264394162,1677074,8,424008.264639554
4152110,3266071329,1618643,8,17550.0958452872
4152120,3267690065,1588508,8,11987.1218160122
4152200,3269278666,1634925,8,7250.68045273047
4152201,3270913684,1640126,8,4741.53499191005
4152202,3272553903,1599217,8,148628.277583363
4152300,3274153213,1656816,8,11072.6143965499
4152301,3275810122,1665763,8,7288.479149931551
4152400,3277475978,1629054,8,14321.0679081716
4152450,3279105125,1682083,8,279273.734004973
4152460,3280787301,1698957,8,62064.1125783151
4152465,3282486351,1618651,8,66463.0637923343
4152466,3284105095,1627115,8,20399.6922842105
4152467,3285732303,1623595,8,31130.2454042995
4152470,3287355991,1626814,8,5584.82920936776
4152500,3288982898,1576940,8,1898.13706286245
4152550,3290559931,1687627,8,105600.572234628
4152551,3292247651,1693518,8,65915.2540641485
4152552,3293941262,1689597,8,25175.1913463276
4152553,3295630952,1703167,8,9866.285245030022
4152560,3297334212,1667893,8,4467.020757879171
4152570,3299002198,1692882,8,7719.631783687909
4152580,3300695173,1691121,8,10443.1203567314
4152590,3302386387,1702615,8,10087.7619162595
4152600,3304089095,1681582,8,59720.0488600314
4152601,3305770770,1684118,8,37695.975737569
4152602,3307454981,1707331,8,18682.6000509504
4152610,3309162405,1691108,8,9735.46642790984
4152620,3310853606,1638815,8,11010.833116696202
4152650,3312492514,1693327,8,14617.073016351002
4152651,3314185934,1698765,8,10298.3679128453
4152652,3315884792,1715397,8,2623.27746115202
4152660,3317600282,1702162,8,11869.5659987898
4152700,3319302537,1712481,8,8760.14969260246
4152701,3321015111,1695246,8,20527.7104730963
4152800,3322710450,1643218,8,12664.9570637188
4152900,3324353761,1636504,8,7229.06895398193
4185050,3325990358,1582672,8,527.694669919495
4185051,3327573123,1556890,8,451.709534159887
4185052,3329130106,1564552,8,290.06083461229
4185053,3330694751,1568686,8,163.209682815399
4185100,3332263530,1600173,8,202.327844310394
4185101,3333863796,1576056,8,251.216681060034
4185150,3335439945,1579311,8,685.4861874706401
4185151,3337019349,1566919,8,509.439049120322
4185152,3338586361,1572733,8,179.641984765017
4185200,3340159187,1582675,8,52.243666540233605
4185201,3341741955,1551613,8,68.57170371880939
4185250,3343293661,1580573,8,507.746054273231
4185251,3344874327,1592191,8,348.623315399468
4185252,3346466611,1578247,8,148.00976534136998
4185300,3348044951,1561674,8,556.2701239126619
4185301,3349606718,1590523,8,241.290165681935
4185350,3351197334,1575931,8,311.11748646008
4185400,3352773358,1583014,8,162.912220478059
4185450,3354356465,1572148,8,136.889801718763
4185500,3355928706,1596235,8,350.30528065338405
4185550,3357525034,1568468,8,111.308359131367
4185600,3359093595,1563541,8,127.720031592211
4185650,3360657229,1578392,8,247.330832723947
4185700,3362235714,1575019,8,96.455864983995
4201010,3363810826,1617184,8,5650.065038794571
4201050,3365428103,1624906,8,1474.4056608499302
4203050,3367053102,1637202,8,54143.6511338248
4203051,3368690397,1642114,8,34801.9432054599
4203060,3370332604,1623693,8,8401.765832717729
4203070,3371956390,1648046,8,1775.6811383678198
4203080,3373604529,1637676,8,5199.70591822074
4203150,3375242298,1648387,8,30682.5362789748
4203151,3376890778,1640960,8,34583.2043343096
4203152,3378531831,1656910,8,50956.4288811516
4203160,3380188834,1644542,8,29597.6987072793
4203165,3381833469,1643871,8,4774.28280682803
4203200,3383477433,1675918,8,264575.29112046
4203201,3385153444,1674720,8,287596.545900727
4203202,3386828257,1672122,8,247798.825039625
4203210,3388500472,1656338,8,7858.704467776421
4203215,3390156903,1652307,8,1068.78344464175
4203217,3391809303,1637695,8,762.881209636669
4203220,3393447091,1633988,8,2204.8823067492103
4203250,3395081172,1693679,8,148696.937555093
4203300,3396774944,1654502,8,5999.742598588679
4203310,3398429539,1636269,8,724.901407633241
4203320,3400065901,1645779,8,14183.3584636697
4203330,3401711773,1661654,8,5611.10616100098
4203335,3403373520,1663065,8,615.277766667708
4203340,3405036678,1640609,8,1703.3828876546695
4203400,3406677380,1699542,8,81701.5979999461
4203410,3408377015,1648138,8,6102.7510027788
4203420,3410025246,1665850,8,6768.103130990171
4203425,3411691189,1655326,8,437.08086455944505
4203500,3413346608,1666997,8,49316.1066478175
4203501,3415013698,1669654,8,23580.1681366401
4203502,3416683445,1665477,8,11697.062072774
4203503,3418349015,1665612,8,5388.11713728841
4203505,3420014720,1624931,8,211.38167639777305
4203510,3421639744,1673123,8,8944.58866427635
4203520,3423312960,1656267,8,4573.94058694049
4203530,3424969320,1640754,8,11833.0741880972
4203535,3426610167,1662977,8,1010.16219901628
4203700,3428273237,1661647,8,1807.2385312178897
4203740,3429934977,1660148,8,1296.04109713525
4203745,3431595218,1650429,8,77.1544059440395
4203750,3433245740,1679825,8,801.319152378545
4203755,3434925658,1695347,8,226.008778266978
4203760,3436621098,1671166,8,26877.137037521603
4203770,3438292357,1680782,8,22148.4445964588
4203780,3439973232,1662786,8,7847.84711788045
4203785,3441636111,1651115,8,509.393476890606
4203790,3443287319,1689532,8,3287.7642396904303
4203800,3444976944,1698962,8,621.460310018535
4203810,3446675999,1697722,8,266.135259257703
4203820,3448373814,1623592,8,16476.6861522568
4203850,3449997499,1715058,8,7013.359177594561
4203855,3451712650,1671336,8,686.804022682624
4203857,3453384079,1659853,8,1710.16696238522
4203860,3455044025,1693279,8,942.116746961465
4203870,3456737397,1671929,8,1786.0749392983398
4203900,3458409419,1697085,8,31475.882762735
4203901,3460106597,1710655,8,20023.7883277177
4203910,3461817345,1690433,8,7242.1912768111
4203911,3463507871,1679808,8,4593.11019366727
4203915,3465187772,1648769,8,342.785733380277
4204010,3466836634,1738918,8,9477.463782042629
4204050,3468575645,1715146,8,35708.597602955495
4204100,3470290884,1698693,8,28861.40705364
4204500,3471989670,1697864,8,893.284035407962
4204900,3473687627,1727581,8,50584.374866697
4205100,3475415301,1676925,8,14367.6181227574
4205110,3477092319,1660317,8,7828.434819456079
4205120,3478752729,1647724,8,2822.85379157805
4205130,3480400546,1646213,8,195.076320478736
4205140,3482046852,1653338,8,1222.0589701888
4205200,3483700283,1672664,8,2249.27414237574
4205210,3485373040,1663521,8,364.10169137763296
4206600,3487036654,1715519,8,15272.8914821996
4206601,3488752266,1720609,8,16724.8602033549
4207050,3490472968,1724158,8,81.5545272829126
4207100,3492197219,1706741,8,3995.94807253822
4207130,3493904053,1684938,8,336.625666666742
4207150,3495589084,1702155,8,14172.4754920357
4207160,3497291332,1727342,8,25153.9407347061
4207180,3499018767,1723901,8,42555.3431648791
4207190,3500742761,1730745,8,32323.3382957294
4207200,3502473599,1706019,8,2841.19409168434
4207220,3504179711,1695386,8,4383.93125729753
4207250,3505875190,1690321,8,12273.1172799111
4207300,3507565604,1733496,8,6665.56441809789
4207305,3509299193,1720332,8,19331.430112218703
4207310,3511019618,1728365,8,113763.988327082
4207320,3512748076,1729187,8,11653.5210072694
4207321,3514477356,1728086,8,6063.578640563921
4207330,3516205535,1725165,8,127.236637348443
4207350,3517930793,1712413,8,249.47556413653496
4207380,3519643299,1721320,8,1694.8848286871898
4207390,3521364712,1701053,8,460.494176871157
4207600,3523065858,1721696,8,2918.88647223369
4207650,3524787647,1688782,8,270.165529993739
4207710,3526476522,1680210,8,164.830061509268
4207750,3528156825,1746575,8,2081.6166333521
4207770,3529903493,1720589,8,717.642281502753
4207800,3531624175,1710381,8,55003.0168437509
4207810,3533334649,1692109,8,7096.442279912041
4207820,3535026851,1687793,8,134.522305285417
4207830,3536714737,1717845,8,19528.539752758
4207850,3538432675,1702506,8,3183.6024467034804
4207860,3540135274,1697988,8,15741.364423978
4207880,3541833355,1699970,8,927.464553877616
4207900,3543533418,1728433,8,215706.308480795
4207910,3545261944,1738428,8,1222.87450192425
4207950,3547000465,1691042,8,74.37963515193009
4208005,3548691600,1675001,8,1315335.60349731
4208022,3550366694,1625365,8,1316.1553924188902
4208025,3551992152,1665950,8,1688868.87725913
4208030,3553658195,1630916,8,924.834251787277
4208040,3555289204,1656298,8,69822.0952688663
4208041,3556945595,1646616,8,26621.6171781198
4208042,3558592304,1643067,8,4683.75611966086
4208043,3560235464,1644108,8,1174.83252935302
4208044,3561879665,1640427,8,3589.4039280116103
4208050,3563520185,1651928,8,8901.86175878058
4208051,3565172206,1632229,8,2744.80227150591
4208060,3566804528,1643104,8,757.3080489496001
4208065,3568447725,1653622,8,19336.8202087495
4208070,3570101440,1631923,8,608.831043317818
4208072,3571733456,1624434,8,134.660317154637
4208073,3573357983,1626264,8,28.6354525296803
4208090,3574984340,1660330,8,2830.4764723353005
4208093,3576644763,1650056,8,697.004330248172
4208094,3578294912,1654533,8,252.72017027027
4208095,3579949538,1651921,8,1207.13564114206
4208096,3581601552,1661600,8,377.7037422992109
4208100,3583263245,1649378,8,7494.2905536924
4208105,3584912716,1639225,8,53.2164929566681
4208110,3586552034,1647260,8,7325.94162227292
4208120,3588199387,1623094,8,10954.9760292317
4208125,3589822574,1643074,8,145.725814885047
4208126,3591465741,1641882,8,12.3011611578267
4208130,3593107716,1671869,8,4730.2393902701
4208132,3594779678,1652655,8,276.517451130398
4208133,3596432426,1651267,8,29.889872046500106
4208135,3598083786,1626930,8,4498.12795670856
4208140,3599710809,1650452,8,6762.570906222391
4208141,3601361354,1653350,8,54.7331782526738
4208145,3603014797,1672171,8,2530.1353134987803
4208147,3604687061,1664853,8,668.892617071895
4208150,3606352007,1667803,8,1601781.81973393
4208155,3608019903,1640035,8,110.985726179518
4208156,3609660031,1646182,8,103.177312921155
4208157,3611306306,1640591,8,16.4263518152964
4208158,3612946990,1637830,8,34.3417200844961
4208159,3614584913,1650787,8,1025.6633874067802
4208160,3616235793,1644962,8,147668.695840748
4208165,3617880848,1641645,8,4915.32272773386
4208167,3619522586,1641227,8,2585.3926073143
4208168,3621163906,1651599,8,26580.3743260759
4208169,3622815598,1637879,8,2845.03701705583
4208170,3624453570,1649593,8,13931.796582371298
4208175,3626103256,1649994,8,3112.2712832228303
4208180,3627753343,1643670,8,12113.051249683898
4208181,3629397106,1647181,8,10899.1175433574
4208190,3631044380,1657732,8,2143.62883803114
4208195,3632702205,1662662,8,13.137110504325
4208200,3634364960,1656390,8,9807.27925403595
4208210,3636021443,1658431,8,1591.65576514303
4208220,3637679967,1650862,8,33663.2304726209
4208221,3639330922,1657278,8,15378.8493792194
4208225,3640988293,1668261,8,8306.83704945983
4208226,3642656647,1644166,8,156.877096127893
4208227,3644300906,1645966,8,144.464009861409
4208230,3645946965,1662341,8,755.312164301816
4208235,3647609399,1658321,8,237.261658984124
4208236,3649267813,1650775,8,31.2806768991554
4208237,3650918681,1645459,8,440.3025058374501
4208240,3652564233,1678049,8,9645.427568212672
4208245,3654242375,1675673,8,3701.69017291604
4208247,3655918141,1669980,8,1743.7918671697305
4208250,3657588214,1686520,8,1209.14935269002
4208251,3659274827,1682474,8,6870.57204634718
4208252,3660957394,1670541,8,14449.2435596189
4208255,3662628028,1673854,8,22737.9072398125
4208256,3664301975,1677444,8,11215.0358199905
4208258,3665979512,1672898,8,6543.3526653954505
4208260,3667652503,1678183,8,9247.91224214648
4208265,3669330779,1680016,8,1620.1809426560098
4208267,3671010888,1687725,8,871.572110554241
4208270,3672698706,1687705,8,102907.818066223
4208271,3674386504,1675040,8,275137.565483528
4208272,3676061637,1674735,8,117067.25973517
4208274,3677736465,1673398,8,60569.2705058787
4208275,3679409956,1683199,8,31428.743787493506
4208280,3681093248,1684382,8,216480.513706316
4208282,3682777723,1649019,8,152.499785133931
4208283,3684426835,1648601,8,96.503716381492
4208285,3686075529,1672542,8,3703.5596510485207
4208287,3687748164,1662073,8,74.9341014049536
4208288,3689410330,1669048,8,206.837751295298
4208289,3691079471,1683467,8,1222.57910683774
4208290,3692763031,1681665,8,12113.822142538798
4208295,3694444789,1675822,8,5146.70351387382
4208297,3696120704,1673239,8,1004.65667284583
4208298,3697794036,1669529,8,300.17546219156003
4208300,3699463658,1665532,8,995114.251692115
4208305,3701129283,1671376,8,7210.769935429251
4208307,3702800752,1667341,8,334.936310611503
4208308,3704468186,1668349,8,122.465834878022
4208309,3706136628,1659012,8,71.2298170071871
4208310,3707795733,1633037,8,15987.9574021895
4208311,3709428863,1641507,8,15047.7552579506
4208315,3711070463,1628003,8,1335.9586619212
4208316,3712698559,1652016,8,201.58360825328
4208317,3714350668,1643394,8,1023.19897099396
4208320,3715994155,1662207,8,8379.11109752415
4208325,3717656455,1684102,8,2560.47210864889
4208326,3719340650,1670108,8,6852.5034447056205
4208330,3721010851,1669037,8,7029.93559901343
4208333,3722679981,1659060,8,1270.68925169307
4208335,3724339134,1659838,8,8298.65160552917
4208338,3725999065,1646289,8,71.2235274579528
4208340,3727645447,1662028,8,846.7327970762869
4208345,3729307568,1657567,8,2123.89898571311
4208346,3730965228,1649942,8,727.536608035961
4208347,3732615263,1646784,8,218.90046736658297
4208350,3734262140,1644894,8,13469.0966729015
4208353,3735907127,1646920,8,4028.140768827701
4208356,3737554140,1651722,8,13293.6986484291
4208357,3739205955,1659121,8,12072.0516839959
4208358,3740865169,1648741,8,4355.356737673571
4208360,3742514003,1687717,8,20121.7172427453
4208365,3744201813,1681221,8,22553.4498168219
4208366,3745883127,1676970,8,43091.2466265948
4208370,3747560190,1656250,8,10505.7817003164
4208371,3749216533,1662163,8,10320.8957124561
4208372,3750878789,1649468,8,10427.1126501568
4208376,3752528350,1655186,8,3610.05763121307
4208378,3754183629,1634811,8,149.195829309424
4208379,3755818533,1639152,8,142.839930674036
4208380,3757457778,1648448,8,1693.56793827538
4208383,3759106319,1664438,8,262.023526476455
4208385,3760770850,1645269,8,25670.190879323
4208386,3762416212,1653927,8,25670.190879323
4208389,3764070232,1642528,8,402.847559999597
4208395,3765712853,1663038,8,2171.15723459219
4208397,3767375984,1667788,8,7502.725743439671
4208399,3769043865,1699214,8,2202.4101386857
4208400,3770743172,1692156,8,599089.764189678
4208410,3772435421,1665792,8,26630.83811206
4208415,3774101306,1659131,8,1904.1951111958103
4208420,3775760530,1666273,8,61180.4569724959
4208421,3777426896,1660374,8,25598.8323245715
4208422,3779087363,1666503,8,13217.5781985
4208425,3780753959,1663653,8,1930.6190532542605
4208426,3782417705,1663750,8,2089.77664107132
4208427,3784081548,1665748,8,10112.7975280068
4208431,3785747389,1663394,8,2157.96135427961
4208433,3787410876,1661930,8,2882.65107962838
4208440,3789072899,1664511,8,51502.138205675095
4208441,3790737503,1659881,8,36654.6249075281
4208445,3792397477,1658084,8,2769.58473813365
4208446,3794055654,1647311,8,396.343769151277
4208447,3795703058,1645923,8,99.22710482196108
4208448,3797349074,1651637,8,313.773637259632
4208450,3799000804,1696237,8,297410.032984581
4208451,3800697134,1677927,8,287971.366801625
4208452,3802375154,1691784,8,225756.869372455
4208453,3804067031,1681855,8,215591.724219008
4208455,3805748979,1694173,8,134553.40902557198
4208456,3807443245,1690067,8,120734.071067624
4208457,3809133405,1704448,8,100283.857861711
4208458,3810837946,1693408,8,86780.2535261615
4208460,3812531447,1650899,8,624.388710438432
4208461,3814182439,1667932,8,10349.1291602854
4208462,3815850464,1647462,8,618.330864141271
4208465,3817498019,1659419,8,851.200779316738
4208467,3819157531,1658936,8,131.40993196815398
4208468,3820816560,1644984,8,170.329866640299
4208469,3822461637,1710247,8,684.132533721664
4208470,3824171977,1656351,8,18018.3018504785
4208471,3825828421,1657915,8,4115.98706815699
4208472,3827486429,1651164,8,3398.64532258555
4208475,3829137686,1663983,8,3400.3843691788898
4208477,3830801762,1656646,8,13562.3396606
4208480,3832458501,1692315,8,2161.14134624415
4208485,3834150909,1688014,8,2184.49719378824
4208487,3835839016,1689599,8,1688.9442945898402
4208490,3837528708,1675022,8,43252.8589005149
4208491,3839203823,1687345,8,15573.3689702208
4208492,3840891261,1680756,8,11053.3202004686
4208495,3842572110,1683909,8,2428.3577994426
4208500,3844256112,1695704,8,5538.026547864731
4208501,3845951909,1682932,8,5043.015563440321
4208505,3847634934,1687472,8,2937.67462631846
4208507,3849322499,1685837,8,1928.93369781715
4208510,3851008429,1682774,8,4133.91394005038
4208515,3852691296,1691984,8,4273.18346341038
4208516,3854383373,1688819,8,4272.81601952799
4208520,3856072285,1698910,8,3693.11346023181
4208527,3857771288,1709721,8,315.53421583396903
4208528,3859481102,1689294,8,71.0168912904223
4208529,3861170489,1688179,8,23.308749610459103
4208530,3862858761,1672959,8,1772.0482992783
4208534,3864531813,1659106,8,212.410736773362
4208536,3866191012,1694836,8,1493.53772858009
4208540,3867885941,1713771,8,5521.25179287583
4208541,3869599805,1719256,8,2396.65925177114
4208544,3871319154,1700488,8,468.180413481961
4208545,3873019735,1712287,8,2592.89761820105
4208546,3874732115,1701990,8,926.3133691327802
4208547,3876434198,1687277,8,85.358344176375
4208548,3878121568,1676815,8,26.7139839200585
4208549,3879798476,1686432,8,34.235457655599106
4208550,3881485001,1704635,8,72791.8203125361
4208555,3883189729,1654235,8,2102.57882187945
4208558,3884844057,1648082,8,65.40581775044829
4208560,3886492232,1683443,8,9358.95453967104
4208561,3888175768,1687911,8,9305.75832726817
4208562,3889863772,1686263,8,3770.54993097948
4208565,3891550128,1676643,8,15417.4893436658
4208567,3893226864,1657363,8,300.674796128116
4208570,3894884320,1716014,8,12085.7789395152
4208571,3896600427,1694630,8,671.52382384295
4208575,3898295150,1663333,8,310.764273903174
4208578,3899958576,1656031,8,96.0013581882653
4208580,3901614700,1686971,8,3583.5897579203297
4208583,3903301764,1654498,8,113.438040840095
4208584,3904956355,1657700,8,86.18871187609741
4208585,3906614148,1670591,8,2867.73232607542
4208588,3908284832,1667995,8,504.629796173057
4208590,3909952920,1727315,8,4846.25435339711
4208591,3911680328,1692642,8,19918.4046115093
4208592,3913373063,1705934,8,3923.12496104718
4208595,3915079090,1705065,8,2388.59781112573
4208596,3916784248,1712971,8,11243.6528939576
4208610,3918497312,1668324,8,2062.72639888748
4208620,3920165729,1655131,8,13.8438639820581
4208621,3921820953,1645697,8,33.5441474548562
4208622,3923466743,1647210,8,14.0382853111214
4208623,3925114046,1645858,8,107.203364638169
4208624,3926759997,1658147,8,187.65892302301003
4208625,3928418237,1649686,8,1598.0726529324402
4208626,3930068016,1656800,8,186.90150276018105
4208627,3931724909,1662115,8,138.687858618181
4208628,3933387117,1648427,8,143.273435959306
4208629,3935035637,1654364,8,22.2704716284003
4208630,3936690094,1703394,8,193305.52466065105
4208635,3938393581,1702807,8,3260.95590815854
4208637,3940096481,1694880,8,830.5301054889819
4208638,3941791454,1681462,8,493.35700102048
4208640,3943473009,1712971,8,50096.4790007649
4208641,3945186073,1714553,8,3837.79669520698
4208645,3946900719,1690564,8,11008.3731420273
4208647,3948591376,1692448,8,2990.00332855604
4208648,3950283917,1683127,8,1965.71409785202
4208649,3951967137,1689647,8,4988.0362351492895
4208650,3953656877,1665314,8,1941.9708014568696
4208655,3955322284,1680899,8,1615.31257230215
4208657,3957003276,1669826,8,1628.30081243651
4208658,3958673195,1671819,8,674.058530417792
4208660,3960345107,1667469,8,111.962699468595
4208661,3962012669,1668741,8,33.3047061147971
4208662,3963681503,1667640,8,14.3186684624649
4208663,3965349236,1667314,8,19.5942943234124
4208664,3967016643,1663563,8,17.990426161812998
4208665,3968680299,1663978,8,108.015443540213
4208666,3970344370,1690101,8,612.887060798168
4208673,3972034564,1689581,8,13.2095163169765
4208675,3973724238,1702543,8,96.0342850283169
4208676,3975426874,1706901,8,964.269062875098
4208680,3977133868,1705886,8,27.0597031446877
4208681,3978839847,1696846,8,15.9772087766962
4208682,3980536786,1695302,8,15.330080998928402
4208683,3982232181,1696703,8,390.102972249988
4208684,3983928977,1686951,8,390.48818676092696
4208687,3985616021,1678822,8,12.8265113417638
4208688,3987294936,1677979,8,15.634500705294302
4208689,3988973008,1675358,8,14.4627304708049
4208690,3990648459,1679593,8,23.9631229386591
4208691,3992328145,1674349,8,2.56587954064064
4208692,3994002587,1672655,8,21.3250677052054
4208693,3995675335,1672320,8,15.3149602882199
4208699,3997347748,1686556,8,116.187905402038
4208700,3999034397,1691874,8,649.7419657353649
4208701,4000726364,1688612,8,119.567813818682
4208703,4002415069,1698700,8,104.374643286143
4208704,4004113862,1683058,8,183.165749481188
4208705,4005797013,1685121,8,580.480783137483
4208710,4007482227,1665341,8,357.09103825128403
4208715,4009147661,1702584,8,5609.974311053979
4208720,4010850338,1675849,8,1312.69400952629
4208725,4012526280,1659757,8,2363.3387126451503
4208726,4014186130,1665170,8,640.503806625011
4208727,4015851393,1666060,8,258.270970916738
4208728,4017517546,1661869,8,326.003306859291
4208729,4019179508,1651175,8,111.459556452647
4208730,4020830776,1704945,8,131954.895077899
4208733,4022535814,1720697,8,19604.9934644354
4208734,4024256604,1718352,8,9808.17901003196
4208735,4025975049,1699590,8,9530.81869224719
4208740,4027674732,1681856,8,904.825021653833
4208745,4029356681,1650241,8,171.50402391186
4208746,4031007015,1650459,8,75.074262862447
4208747,4032657567,1656617,8,49.9234250818503
4208750,4034314277,1683991,8,1139.2059329434198
4208752,4035998361,1677880,8,415.7048903672
4208755,4037676334,1688151,8,1672.1839875403
4208757,4039364578,1673746,8,131.080771200615
4208760,4041038417,1651794,8,288.143328337235
4208761,4042690304,1649470,8,283.74895410909903
4208762,4044339867,1648728,8,514.821625779796
4208763,4045988688,1652031,8,602.479549466312
4208764,4047640812,1657557,8,60.4293304353362
4208765,4049298462,1654228,8,89.75692387762061
4208770,4050952783,1693773,8,1898.4788676587
4208771,4052646649,1690111,8,164.3922844752
4208773,4054336853,1674802,8,146.571207540755
4208775,4056011748,1677627,8,826.155542797095
4208777,4057689468,1651210,8,26.902888289180694
4208778,4059340771,1660429,8,446.975470328581
4208780,4061001293,1685694,8,1165.0758453557198
4208781,4062687080,1690820,8,1435.63569363407
4208792,4064377993,1664724,8,14168.382938402
4208793,4066042810,1666517,8,13482.6606896068
4208797,4067709420,1675026,8,2684.03294745317
4208798,4069384539,1673437,8,2106.9299087363697
4208799,4071058069,1678863,8,235.53584567167096
4208810,4072737025,1687365,8,1035.87852041305
4208820,4074424483,1656209,8,36334.795403410295
4208821,4076080785,1667365,8,35739.9787210844
4208822,4077748243,1656837,8,14245.0286398662
4208825,4079405173,1669314,8,971.136549616755
4208826,4081074580,1661134,8,712.6037016145269
4208827,4082735807,1646126,8,118.468883442693
4208830,4084382026,1657088,8,889.778558599607
4208831,4086039207,1647417,8,16.603531171045198
4208832,4087686717,1651272,8,47.85888878110121
4208833,4089338082,1663544,8,588.371919438176
4208834,4091001719,1661371,8,587.905454681301
4208835,4092663183,1670308,8,11060.0347873809
4208843,4094333584,1676696,8,2710.44153307518
4208850,4096010373,1654858,8,1461.29609026472
4208851,4097665324,1650410,8,197.678711147582
4208853,4099315827,1654699,8,171.075642144342
4208854,4100970619,1651735,8,197.967689562631
4208855,4102622447,1653862,8,4818.487005929071
4208857,4104276402,1671486,8,1147.36113426062
4208858,4105947981,1664846,8,3065.28590900014
4208860,4107612920,1656189,8,636.26018816757
4208861,4109269202,1670363,8,364.94308225175
4208862,4110939658,1674936,8,818.528022844498
4208863,4112614687,1664136,8,222.17716454863896
4208864,4114278916,1665925,8,1278.670465312
4208865,4115944934,1673080,8,4845.63452944435
4208867,4117618107,1673294,8,259.6584584502
4208868,4119291494,1664738,8,73.2986128769651
4208870,4120956325,1717143,8,74219.014503953
4208871,4122673561,1691278,8,154325.99758848
4208880,4124364932,1677612,8,30510.8394064634
4208881,4126042637,1674868,8,16952.5853413434
4208882,4127717598,1666815,8,4351.36318834314
4208883,4129384506,1665127,8,1664.28175552969
4208885,4131049726,1663933,8,2176.60744486018
4208886,4132713752,1657428,8,431.649018743978
4208887,4134371273,1672229,8,189.25945727921
4208888,4136043595,1664132,8,182.260950513383
4208889,4137707820,1673166,8,1436.81526079547
4208890,4139381079,1669061,8,5531.43225606614
4208891,4141050233,1657404,8,1024.11424085073
4208893,4142707730,1657214,8,1038.40028960431
4208894,4144365037,1657852,8,293.338726365306
4208895,4146022982,1659451,8,2394.03794858271
4208896,4147682526,1654436,8,294.554680016904
4208897,4149337055,1653825,8,162.966149112265
4208898,4150990973,1654459,8,151.239435492181
4208899,4152645525,1657187,8,152.50032882706
4208910,4154302805,1692811,8,1588.11146818921
4208914,4155995709,1665888,8,410.03376415883
4208915,4157661690,1660957,8,270.065151434588
4208916,4159322740,1678368,8,6364.020391887099
4208917,4161001201,1656903,8,104.046405407643
4208918,4162658197,1658793,8,146.39410671651
4208919,4164317083,1659999,8,1483.80920294404
4208920,4165977175,1718209,8,3904.3665438643498
4208921,4167695477,1714124,8,659.670381021386
4208922,4169409694,1689069,8,898.993562208355
4208923,4171098856,1680412,8,238.27140065207297
4208925,4172779361,1697067,8,593.162519233815
4208926,4174476521,1680877,8,24.724550786177
4208930,4176157491,1657200,8,1377.16870626909
4208940,4177814784,1710241,8,2570.35073949295
4208941,4179525118,1698130,8,7148.23372651805
4208942,4181223341,1695675,8,6298.13884739684
4208943,4182919109,1688833,8,5398.27313792156
4208945,4184608035,1680466,8,524.451410753205
4208946,4186288594,1701041,8,327.93008547246103
4208947,4187989728,1698213,8,9144.76849687194
4208950,4189688034,1692881,8,858.475656227856
4208955,4191381008,1663615,8,1535.8910550946805
4208960,4193044716,1703589,8,4248.54082030155
4208962,4194748398,1685263,8,12746.3334550397
4208963,4196433754,1698378,8,2752.1309995720503
4208964,4198132225,1683784,8,608.995829450761
4208970,4199816102,1667633,8,51325.4043900054
4208971,4201483828,1676067,8,50192.9078950789
4208975,4203159988,1667273,8,20777.5147599614
4208977,4204827354,1669505,8,897.106976151767
4208978,4206496952,1678449,8,3067.83089704034
4208979,4208175494,1666394,8,12394.329342958
4208980,4209841981,1663844,8,5776.3784988413
4208983,4211505918,1681294,8,1630.83064701944
4208986,4213187305,1673246,8,3983.5878583638105
4208987,4214860644,1680111,8,8945.96515058771
4208988,4216540848,1671750,8,2760.11526868188
4208989,4218212691,1670209,8,1058.7051148205198
4209100,4219882993,1620321,8,57.9513881465183
4209110,4221503407,1620644,8,408.425929926991
4209111,4223124144,1622547,8,456.18487254118105
4209112,4224746784,1619679,8,472.135749205572
4209150,4226366556,1636840,8,60873.7151519658
4209155,4228003489,1623900,8,16685.9793555125
4209200,4229627482,1638704,8,2869.3816497683897
4209400,4231266279,1666880,8,20098.172163346106
4209401,4232933252,1650502,8,27412.355738299106
4209402,4234583847,1642478,8,30733.4624852989
4209405,4236226418,1631872,8,133.06665884985398
4209410,4237858383,1638334,8,2621.6455832973897
4209500,4239496810,1662058,8,6377.0752175240295
4209550,4241158961,1663871,8,24970.0976067648
4209580,4242822925,1651029,8,1538.78403364883
4209600,4244474047,1657980,8,14434.2720840944
4209805,4246132120,1662288,8,82103.4248811021
4209806,4247794501,1666216,8,16291.7521575278
4209810,4249460810,1664559,8,14366.1351923677
4209850,4251125462,1655051,8,18409.0553628715
4210450,4252780606,1618196,8,3683.8858968291206
4210650,4254398895,1632422,8,1430.64169365021
4211310,4256031410,1611999,8,383.86367745904704
4211315,4257643502,1621265,8,74.7660843882664
4212350,4259264860,1587923,8,126.924351591139
4212700,4260852876,1679072,8,3057.6537362685604
4212720,4262532041,1619533,8,27.409679243952
4213010,4264151667,1701598,8,689.869015361721
4213011,4265853358,1720170,8,312.38548447529
4213020,4267573621,1651431,8,1606.35653547447
4213021,4269225145,1650646,8,3837.79250159406
4213025,4270875884,1689858,8,3256.75266696116
4213030,4272565835,1704230,8,1891.67856142053
4213031,4274270158,1724575,8,28110.5606864029
4213032,4275994826,1704928,8,3871.8256278047206
4213033,4277699847,1717682,8,10983.5163146579
4213040,4279417622,1696202,8,426.13280066046303
4213041,4281113917,1709746,8,7904.778650892159
4213042,4282823756,1699204,8,19667.0284922603
4213043,4284523053,1696063,8,7818.33585461815
4213044,4286219209,1702065,8,15746.5736092571
4213045,4287921367,1707114,8,2206.61737002034
4213046,4289628574,1702132,8,5361.59043707184
4213047,4291330799,1703087,8,23610.1053329875
4213050,4293033979,1700584,8,843.244897497026
4213051,4294734656,1696653,8,207.227810980443
4213055,4296431402,1668104,8,2828.1711618573104
4213056,4298099599,1658391,8,5638.987620836479
4213057,4299758083,1658047,8,6194.308558131999
4213060,4301416223,1703751,8,2260.54096845216
4213070,4303120067,1712021,8,753.935435659277
4213071,4304832181,1708757,8,1185.27939244395
4213075,4306541031,1698044,8,1178.39207925885
4213080,4308239168,1705320,8,166.711831465123
4213090,4309944581,1695592,8,165.370575203372
4213091,4311640266,1685432,8,2334.5402076353
4213095,4313325791,1718732,8,825.029563160662
4213100,4315044616,1708832,8,1434.12498221285
4213101,4316753541,1703237,8,4391.56097877957
4213102,4318456871,1702203,8,16995.100193034
4213103,4320159167,1691718,8,28318.7428187793
4213105,4321850978,1720086,8,618.582882117351
4213110,4323571157,1719306,8,1212.88622145142
4213111,4325290556,1702640,8,3582.89291982318
4213120,4326993289,1707992,8,301.95416909314497
4213130,4328701374,1709668,8,780.6857849438701
4213131,4330411135,1700487,8,1970.98212598076
4213132,4332111715,1698837,8,2317.89002442764
4213134,4333810645,1702593,8,3947.7401288611104
4213140,4335513331,1661953,8,8914.56091932891
4213141,4337175377,1666040,8,5438.19498749524
4213150,4338841510,1681507,8,2537.33994714773
4213160,4340523110,1671020,8,1785.22446347197
4213170,4342194223,1660642,8,1973.2552222391896
4213171,4343854958,1719515,8,382.457106353292
4213172,4345574566,1701996,8,1387.3263942279098
4213173,4347276655,1661080,8,3406.57580987758
4213180,4348937828,1666031,8,1860.56529260208
4213181,4350603952,1654482,8,26845.7810440537
4213182,4352258527,1660907,8,8981.59939032371
4213183,4353919527,1657549,8,21944.162017328
4213184,4355577169,1656729,8,4844.40215598993
4213190,4357233991,1678698,8,816.4967099798599
4213191,4358912782,1678071,8,4310.62683009494
4213192,4360590946,1674711,8,5071.941311079971
4213193,4362265750,1679236,8,7169.007917600259
4213200,4363945079,1665358,8,10197.7866271201
4213201,4365610530,1662375,8,30811.741307728505
4213202,4367272998,1663579,8,45064.2145910978
4213203,4368936670,1665341,8,17035.886448619
4213205,4370602104,1668522,8,3712.660623277821
4213207,4372270719,1662311,8,38440.5085765398
4213209,4373933123,1670003,8,9321.216507830792
4213210,4375603219,1706140,8,38069.3321911293
4213211,4377309452,1705473,8,49978.560851668095
4213220,4379015018,1649262,8,2114.38793819211
4213221,4380664373,1650052,8,2720.8086721036702
4213230,4382314518,1653677,8,1607.53943272586
4213231,4383968288,1689104,8,501.18050620710096
4213232,4385657485,1654610,8,6766.742517074151
4213240,4387312188,1674596,8,5961.53011680078
4213241,4388986877,1675692,8,1413.03387806133
4213243,4390662662,1665697,8,146051.105247017
4213245,4392328452,1670544,8,79362.9346058441
4213250,4393999089,1706383,8,54832.7963468038
4213255,4395705565,1657294,8,3111.12311007255
4213260,4397362952,1667456,8,2466.30694767139
4213265,4399030501,1681611,8,2246.93044565388
4213270,4400712205,1651651,8,183.013205199984
4213275,4402363949,1668528,8,3255.62795751617
4213280,4404032570,1698593,8,54841.2327918969
4213290,4405731256,1654576,8,22811.8958912011
4213300,4407385925,1714057,8,56651.0971166837
4213310,4409100075,1653416,8,367.620538908982
4213315,4410753584,1685245,8,1343.97138482131
4213320,4412438922,1654731,8,407.678845396457
4213325,4414093746,1669634,8,244.14022413721295
4213330,4415763473,1681131,8,288.40938312357497
4213335,4417444697,1667605,8,728.848317852427
4213340,4419112395,1667983,8,1408.795749692
4213341,4420780471,1662927,8,3680.07103384708
4213345,4422443491,1657783,8,634.9545947217321
4213350,4424101367,1656503,8,461.073100854256
4213353,4425757963,1659460,8,3643.73937036053
4213355,4427417516,1691479,8,9016.35158868152
4213360,4429109088,1660758,8,304.971522488542
4213365,4430769939,1665281,8,331.283749451894
4213370,4432435313,1659943,8,281.788916293171
4213373,4434095349,1662515,8,4694.160072936429
4213375,4435757957,1715618,8,5750.5815416736095
4213377,4437473668,1662648,8,5116.84011323439
4213380,4439136409,1652045,8,105.339030234584
4213385,4440788547,1657189,8,1124.47971990089
4213390,4442445829,1701489,8,223.847971480858
4213395,4444147411,1654119,8,574.58802820804
4213400,4445801623,1696402,8,125086.379479204
4213401,4447498118,1688006,8,129653.450303708
4213410,4449186217,1693755,8,12774.2914388144
4213415,4450880065,1698157,8,4217.1767823547
4213420,4452578315,1657370,8,485.222809448714
4213425,4454235778,1666602,8,1065.62919157531
4213430,4455902473,1671824,8,278.831612134478
4213435,4457574390,1674440,8,1337.12102554149
4213440,4459248923,1706132,8,118217.37994099
4213450,4460955148,1652924,8,37.7034693635846
4213455,4462608165,1654886,8,3465.5704410572102
4213460,4464263144,1660223,8,882.8288258169949
4213465,4465923460,1665072,8,538.0109840397461
4213470,4467588625,1662555,8,242.44244390597697
4213480,4469251273,1659546,8,2334.79433080342
4213485,4470910912,1674050,8,1475.8525219956198
4213495,4472585055,1662562,8,3988.16480178954
4213500,4474247710,1661827,8,543.680554645842
4213510,4475909630,1676134,8,12753.1795868743
4213511,4477585857,1663941,8,4509.47694481359
4213512,4479249891,1663411,8,1123.74172115145
4213520,4480913395,1682718,8,394.234106769469
4213530,4482596206,1682446,8,1911.16347605888
4213531,4484278745,1678813,8,4250.80613439281
4213540,4485957651,1685369,8,1900.41661696353
4213550,4487643113,1691944,8,314803.33853841
4213551,4489335150,1693890,8,331735.068092136
4213552,4491029133,1699303,8,256293.487312626
4213555,4492728529,1680353,8,3902.42484971001
4213557,4494408975,1684908,8,2643.68073371008
4213560,4496093976,1676230,8,14303.435477006598
4213561,4497770299,1695253,8,939.734256231539
4213562,4499465645,1696545,8,24385.3988509462
4213563,4501162283,1705024,8,11881.427791782
4213564,4502867400,1702130,8,2232.0031938936
4213565,4504569623,1663256,8,554.0481273661931
4213566,4506232972,1678896,8,10930.7562272491
4213567,4507911961,1668904,8,3725.6263605330896
4213569,4509580958,1690977,8,42481.4543414712
4213570,4511272028,1667840,8,79637.7733251709
4213571,4512939961,1672451,8,12778.4125923425
4213572,4514612505,1675884,8,1945.5956800377696
4213573,4516288482,1670525,8,145570.90701211698
4213574,4517959100,1668697,8,70376.33293354469
4213575,4519627890,1669892,8,146211.458339743
4213576,4521297875,1675406,8,19013.275218361898
4213577,4522973374,1665500,8,19033.5013360094
4213580,4524638967,1684860,8,756.843112998026
4213590,4526323920,1670254,8,59831.7963133272
4213591,4527994267,1669356,8,58335.3726232258
4213592,4529663716,1662005,8,3732.29946904978
4213593,4531325814,1666117,8,21954.3437629461
4213594,4532992024,1670270,8,42402.2160482
4213595,4534662387,1665755,8,48547.1526250953
4213596,4536328235,1671054,8,4375.70436815695
4213600,4537999382,1675657,8,3216.0397835974104
4213601,4539675132,1684852,8,15263.1453206849
4213603,4541360077,1676482,8,54779.876883367695
4213605,4543036652,1675204,8,1493.09423994256
4213610,4544711949,1673025,8,232.431107041495
4213620,4546385067,1667207,8,133.42459422217698
4213630,4548052367,1668865,8,470.421786197042
4213635,4549721325,1667204,8,87.71486245170021
4213640,4551388622,1698426,8,253.88378644119095
4213645,4553087141,1650772,8,1397.01464558232
4213650,4554738006,1672130,8,147110.720116645
4213660,4556410229,1658035,8,916.6716322393248
4213665,4558068357,1656259,8,43.684874177782
4213670,4559724709,1669518,8,967.401624992148
4213675,4561394320,1676339,8,8976.34326888545
4213680,4563070752,1687089,8,92208.669084991
4213681,4564757934,1670387,8,261793.975115243
4213682,4566428414,1673464,8,110850.676865842
4213683,4568101971,1684854,8,105239.635630242
4213684,4569786918,1665837,8,262383.323461515
4213690,4571452848,1692228,8,5288.61597814961
4213700,4573145169,1688420,8,890.7116791495899
4213710,4574833682,1669608,8,938915.556026851
4213711,4576503383,1675947,8,992862.4451151992
4213712,4578179423,1673656,8,991520.66558637
4213715,4579853172,1697852,8,1138.08975045194
4213720,4581551117,1673903,8,948658.911973329
4213730,4583225113,1688000,8,4597.361476626121
4213740,4584913206,1684278,8,6796.998456158879
4213745,4586597577,1699167,8,5738.199755842671
4213750,4588296837,1685216,8,776.249761854191
4213760,4589982146,1663034,8,88.3562334863332
4213765,4591645273,1696340,8,845.574563708594
4213770,4593341706,1692606,8,1478.3678222585902
4213780,4595034405,1698225,8,3676.51197750328
4213790,4596732723,1694789,8,422.62969070377
4213795,4598427605,1684534,8,476.046950145878
4213800,4600112232,1701779,8,125287.388818779
4213801,4601814104,1691470,8,134457.501975021
4213802,4603505667,1691746,8,135963.685593594
4213803,4605197506,1691113,8,71350.7504067261
4213804,4606888712,1693426,8,69496.4386076618
4213810,4608582231,1686363,8,6040.20022470589
4213815,4610268687,1683229,8,3344.05733985239
4213820,4611952009,1694493,8,303.466597850046
4213825,4613646595,1657559,8,100.264960303598
4213830,4615304247,1661078,8,787.500660862601
4213835,4616965418,1706360,8,1867.74501298108
4213840,4618671871,1688513,8,2271.73756818994
4213845,4620360477,1691667,8,1481.59136814111
4213850,4622052237,1694002,8,1537.08967084853
4213860,4623746332,1652966,8,1548.74896012371
4213865,4625399391,1656524,8,60.644125463576
4213870,4627056008,1655071,8,2283.41311042897
4213875,4628711172,1678150,8,532.474203905071
4213880,4630389415,1711683,8,4616.717982954539
4213885,4632101191,1709001,8,3199.4045421235
4213890,4633810285,1710969,8,13086.5574761846
4213900,4635521347,1665142,8,3512.72285039408
4213905,4637186582,1706412,8,5997.65221204124
4213910,4638893087,1714316,8,6104.76899504307
4213911,4640607496,1697254,8,26019.2259992284
4213920,4642304843,1691887,8,24.4247918062648
4213925,4643996823,1698003,8,734.026722137161
4213930,4645694919,1664189,8,579.298645935222
4213935,4647359201,1680083,8,4736.98092748214
4213940,4649039377,1679044,8,443.131836014079
4213945,4650718514,1686814,8,2470.50353022509
4213950,4652405421,1678414,8,2942.14498431882
4213955,4654083928,1693591,8,2414.13950869125
4213956,4655777612,1702282,8,6560.59847549244
4213960,4657479987,1652174,8,352.073791392373
4213970,4659132254,1656411,8,284.225102873653
4213975,4660788758,1668692,8,8718.221305940691
4214005,4662457543,1652365,8,5062.56313466229
4214010,4664110001,1673587,8,64500.3938226846
4214020,4665783681,1668400,8,5839.889077072571
4214025,4667452174,1688520,8,102707.64457985
4214030,4669140787,1715278,8,9087.2941271907
4214035,4670856158,1711664,8,40397.9787089424
4214036,4672567915,1703002,8,7131.022567180121
4214040,4674271010,1721633,8,88087.5666456418
4214050,4675992736,1672673,8,71275.6205546078
4214051,4677665502,1670302,8,156025.944610148
4214060,4679335897,1662721,8,157927.094735631
4214070,4680998711,1685248,8,28505.6948612528
4214075,4682684052,1669610,8,12918.8251381724
4214080,4684353755,1708278,8,36331.8585264163
4214090,4686062126,1678927,8,70598.0728581994
4214091,4687741146,1679394,8,20996.7507241713
4214100,4689420633,1658599,8,29442.059015994306
4214105,4691079325,1696290,8,47920.0682180234
4214106,4692775708,1679798,8,13041.96935245
4214107,4694455599,1681951,8,18642.7236372149
4214200,4696137643,1663733,8,717.9862461217349
4214210,4697801469,1666403,8,14647.5920536375
4214220,4699467965,1663921,8,3363.82672256197
4214250,4701131979,1670871,8,1358.5941340175698
4214260,4702802943,1672730,8,228886.189658597
4214261,4704475766,1668925,8,276020.447111357
4214262,4706144784,1667969,8,239625.317391768
4214263,4707812846,1675173,8,211903.453573586
4214264,4709488112,1665863,8,118258.899933702
4214265,4711154068,1660174,8,78584.6248886737
4214270,4712814335,1669127,8,294421.158550771
4214271,4714483555,1662293,8,15271.059045022
4214275,4716145941,1686984,8,5919.49895447435
4214280,4717833018,1686554,8,4270.968157569079
4214281,4719519665,1674262,8,28671.044213009303
4214285,4721194020,1672382,8,63415.007890718
4214286,4722866495,1682755,8,7781.949174634879
4214287,4724549343,1680558,8,10199.3628484227
4214290,4726229994,1683440,8,3674.73212213836
4214295,4727913527,1675748,8,2311.4631411761898
4214297,4729589368,1669803,8,4762.169585481671
4214298,4731259264,1653726,8,3014.18171198445
4214300,4732913083,1660557,8,44935.5709848106
4214301,4734573733,1663042,8,20115.9302490104
4214305,4736236868,1669867,8,4857.41224919154
4214310,4737906828,1681298,8,9472.937424114009
4214320,4739588219,1690934,8,1931.79328151014
4214330,4741279246,1689185,8,13683.3157271107
4214350,4742968524,1683796,8,27058.2473384086
4214351,4744652413,1691387,8,66060.7878303272
4214360,4746343893,1700222,8,12076.1041778549
4214380,4748044208,1706339,8,625.82649229865
4214390,4749750640,1695543,8,36827.9291996657
4214400,4751446276,1702867,8,5235.94345177999
4214410,4753149236,1703767,8,1116.6731603119
4214420,4754853096,1711280,8,5619.78658014886
4214430,4756564469,1710165,8,4934.89276213701
4214440,4758274727,1688904,8,90579.5931404274
4214450,4759963724,1703286,8,47714.1311716254
4214460,4761667103,1702920,8,10183.0343923552
4214470,4763370116,1701891,8,7817.851557280071
4214475,4765072100,1704553,8,4764.9251791417
4214480,4766776746,1706292,8,24517.390549127
4214490,4768483131,1705567,8,9002.17777940996
4214500,4770188791,1725521,8,2057.62540898727
4214505,4771914405,1717887,8,2120.0997139513
4214507,4773632385,1708226,8,11290.2885557568
4214510,4775340704,1713012,8,3018.28703450261
4214513,4777053809,1718169,8,5603.7163000830005
4214515,4778772071,1717328,8,21774.780499694298
4214517,4780489492,1721469,8,12383.5158399004
4214519,4782211054,1721313,8,6569.3006833265
4214520,4783932460,1709993,8,118068.59987233
4214530,4785642546,1725861,8,9875.51854925745
4214531,4787368500,1715061,8,24009.2942517846
4214540,4789083654,1702347,8,32542.556794687094
4214550,4790786094,1705807,8,61411.683565192405
4214551,4792491994,1711342,8,61365.4031041632
4214555,4794203429,1721575,8,26724.1739929637
4214560,4795925097,1725858,8,6606.0418182168605
4214565,4797651048,1715606,8,4229.36687256569
4214570,4799366747,1713534,8,30615.3124014579
4214580,4801080374,1708101,8,5210.25643665662
4214590,4802788568,1696105,8,126731.189620477
4214610,4804484766,1735596,8,3666.6242390656
4214620,4806220455,1713218,8,1978.54133135438
4214621,4807933766,1734777,8,22911.5879242429
4214650,4809668636,1718892,8,57841.6056737513
4214655,4811387621,1729787,8,31460.4319635025
4214670,4813117501,1724555,8,10064.559447749
4214680,4814842149,1722760,8,39678.4890439342
4214690,4816565002,1719655,8,6074.68883728416
4214700,4818284750,1715297,8,44924.2962723296
4214701,4820000140,1719705,8,21298.0181253336
4214750,4821719938,1721356,8,36974.6732021067
4214760,4823441387,1719320,8,12956.5652878043
4214770,4825160800,1711153,8,96411.56349968813
4214775,4826872046,1713066,8,9483.55624949574
4214800,4828585205,1710162,8,41079.6937482675
4214801,4830295460,1725193,8,34212.7889061278
4214810,4832020746,1717959,8,4534.17239016793
4214820,4833738798,1721105,8,10184.7950781016
4214830,4835459996,1719492,8,19672.1634255721
4214900,4837179581,1719216,8,29676.766520899902
4214905,4838898890,1721962,8,24141.046027229902
4214910,4840620945,1687491,8,10433.9823055986
4214920,4842308529,1715525,8,3793.33712020691
4214930,4844024147,1691510,8,26468.183284092094
4214940,4845715750,1695459,8,40978.1424434338
4214943,4847411302,1693237,8,33374.0337454251
4214945,4849104632,1694821,8,3883.11358142668
4214950,4850799546,1719815,8,34882.7361344806
4215010,4852519454,1712309,8,246.537755600114
4215011,4854231856,1713397,8,1795.9949410488
4215030,4855945346,1678597,8,450.462280710374
4215040,4857624036,1709110,8,1050.45644914706
4215050,4859333239,1714128,8,5679.489562482099
4215051,4861047460,1724872,8,1819.68823531177
4215070,4862772425,1680358,8,110.849467116483
4215090,4864452876,1686889,8,119.241595358018
4215100,4866139858,1681117,8,8183.05476456062
4215101,4867821068,1678970,8,7499.95238922792
4215102,4869500131,1679234,8,6678.862828983821
4215103,4871179458,1680477,8,5964.03435929981
4215110,4872860028,1673534,8,80.56959956402879
4215120,4874533655,1695129,8,799.966965419103
4215125,4876228877,1691851,8,2031.7521726941
4215130,4877920821,1696226,8,147.281176187827
4215150,4879617140,1698652,8,177.729525866456
4215160,4881315885,1708630,8,329.346644659464
4215165,4883024608,1713166,8,40.250573190308
4215180,4884737867,1698443,8,10004.1311696004
4215181,4886436403,1693463,8,2138.48596515245
4215185,4888129959,1689356,8,1903.11943434577
4215200,4889819408,1724415,8,87105.2483748747
4215210,4891543916,1723734,8,154793.23806885802
4215220,4893267743,1699669,8,65468.7513756733
4215230,4894967505,1712425,8,1238.6983898944
4215250,4896680023,1695404,8,181.152731858037
4215260,4898375520,1705947,8,3319.0407618978497
4215270,4900081560,1711866,8,432.881408779454
4215300,4901793519,1710363,8,242.611984940587
4215320,4903503975,1699411,8,33854.884403550495
4215335,4905203479,1683036,8,54.4972848022877
4215340,4906886608,1695634,8,1584.6198366359
4215350,4908582335,1696464,8,583.445533811727
4215400,4910278892,1703282,8,1016.63667774863
4215425,4911982267,1687602,8,2132.95903253574
4215426,4913669962,1708031,8,4146.5783461583205
4215430,4915378086,1714792,8,1705.56412852905
4215440,4917092971,1686891,8,119.692467383225
4215450,4918779955,1701235,8,204.33698954450296
4215460,4920481283,1698620,8,1478.58600260948
4215610,4922179996,1703131,8,298.258766598516
4215650,4923883220,1694105,8,425.33442294635
4215660,4925577418,1698635,8,9589.843335424292
4215670,4927276146,1699657,8,1752.7813312234805
4215675,4928975896,1668017,8,20.9894062844767
4215680,4930644006,1687104,8,877.295027203577
4215690,4932331203,1688660,8,648.8998941671019
4215700,4934019956,1693845,8,7251.462257628779
4215705,4935713894,1684687,8,13717.8556222704
4215706,4937398674,1699316,8,11492.2359833345
4215710,4939098083,1708673,8,3074.7353065825605
4215750,4940806849,1690033,8,509.435714598769
4215800,4942496975,1698988,8,86.55466522497841
4215900,4944196056,1712155,8,1121.89404455461
4220100,4945908304,1661200,8,833.800797203783
4220200,4947569597,1662565,8,5301.568699735311
4220201,4949232255,1655812,8,3026.00195110074
4220210,4950888160,1654187,8,496.5180090112099
4220300,4952542440,1664843,8,1052.82275949783
4220310,4954207376,1663788,8,1378.40719906715
4220400,4955871257,1661578,8,2528.13961115155
4220401,4957532928,1661171,8,2164.3208092164605
4220402,4959194192,1662885,8,1868.88283882338
4220410,4960857170,1649466,8,187.874111722429
4220420,4962506729,1658165,8,2145.43663000496
4220421,4964164987,1661573,8,869.979876701471
4220430,4965826653,1658280,8,783.3773461074029
4220431,4967485026,1658858,8,715.024693878871
4220432,4969143977,1664741,8,298.168958093104
4220500,4970808811,1681177,8,6787.35428936568
4220501,4972490081,1694193,8,2702.4250914915
4220502,4974184367,1696237,8,1041.60419071177
4220510,4975880697,1649637,8,342.88270120374403
4231200,4977530427,1738194,8,14690.8288515043
4231250,4979268714,1732597,8,1346.27069328869
4231590,4981001404,1727078,8,232.942254456317
4231600,4982728575,1711700,8,38714.0460632212
4231601,4984440368,1723397,8,34079.384353646805
4231602,4986163858,1736400,8,21838.7649581505
4231610,4987900351,1719434,8,2680.58731384734
4231620,4989619878,1724552,8,4297.64705152594
4231621,4991344523,1732161,8,2246.15876052059
4231630,4993076777,1717665,8,39902.3295720959
4231650,4994794535,1728439,8,1459.9229173735998
4231680,4996523067,1725007,8,569.7907297817
4231800,4998248167,1714124,8,651.294844987547
4232010,4999962384,1707496,8,1546.72319532176
4232030,5001669973,1714163,8,140.410952339218
4232300,5003384229,1712021,8,617.906198027366
4232600,5005096343,1712527,8,2709.15928380706
4232700,5006808963,1713971,8,4208.306350627629
4232750,5008523027,1717489,8,4120.77346388327
4232800,5010240609,1725278,8,5085.3981061871
4232890,5011965980,1729394,8,3384.23914837948
4232900,5013695467,1723846,8,1144.78463922422
4234010,5015419406,1670670,8,209399.86545506105
4234100,5017090169,1721381,8,1248.54251230589
4234300,5018811643,1715035,8,5790.84055642394
4234400,5020526771,1720350,8,12260.2016038197
4234500,5022247214,1718847,8,75.39949637043779
4234550,5023966154,1735950,8,314.000393520063
4234600,5025702197,1728388,8,1429.95629841457
4234650,5027430678,1713556,8,1278.14107183239
4234670,5029144327,1716457,8,176.964764887513
4234680,5030860877,1724800,8,923.391357998701
4234700,5032585770,1721302,8,3734.01485099644
4234701,5034307165,1721146,8,2101.54762300856
4234720,5036028404,1710588,8,178.50513510692002
4234850,5037739085,1708052,8,562.774860599442
4234900,5039447230,1709198,8,804.097784606036
4235100,5041156521,1711884,8,5127.066832622199
4235101,5042868498,1711490,8,3511.1700832860497
4235190,5044580081,1701769,8,708.833355154413
4235191,5046281943,1687999,8,1128.70403368049
4235200,5047970035,1693434,8,182.546605274915
4235300,5049663562,1703834,8,4490.452109534871
4235301,5051367489,1705576,8,3083.2250504091303
4235400,5053073158,1696571,8,306.662253699561
4235490,5054769822,1707234,8,541.420247779035
4235500,5056477149,1710379,8,983.664744148154
4236010,5058187621,1682491,8,682245.1270524589
4236050,5059870205,1693288,8,306.918796877951
4236100,5061563586,1698632,8,181.18844602169895
4236300,5063262311,1704180,8,196.255672525302
4236500,5064966584,1709407,8,75.4987252415496
4236600,5066676084,1717223,8,9598.582206661658
4236700,5068393400,1721386,8,2576.35832948224
4243040,5070114879,1714802,8,987.205353549431
4243050,5071829774,1721671,8,51264.3212091825
4243055,5073551538,1715023,8,507.96922527414
4243070,5075266654,1719831,8,2693.88923105804
4243080,5076986578,1731847,8,6871.8294460527695
4243100,5078718518,1720576,8,88198.7328216292
4243101,5080439187,1713882,8,143979.817953581
4243140,5082153162,1699439,8,1225.10897249078
4243141,5083852694,1715808,8,1256.22752345656
4243150,5085568595,1666035,8,771625.376804346
4243151,5087234723,1683986,8,932591.264573916
4243160,5088918802,1718902,8,371.626463753788
4243200,5090637797,1734306,8,40.28494228682629
4243210,5092372196,1729263,8,1311.3180763736698
4243215,5094101552,1731890,8,5545.86002751406
4243220,5095833535,1722075,8,601.661387445673
4243230,5097555703,1702713,8,147860.314740125
4243240,5099258509,1725431,8,21875.2627446047
4243250,5100984033,1716949,8,310.039850834948
4243270,5102701075,1723244,8,9719.09727987072
4243275,5104424412,1712505,8,269.633742913851
4243280,5106137010,1736083,8,645.697003032563
4243290,5107873186,1724675,8,762.811800881396
4243300,5109597954,1728940,8,41149.8549272037
4243301,5111326987,1717930,8,8759.013661036559
4243310,5113045010,1733858,8,1550.5373435444
4243315,5114778961,1706139,8,1385.42329174442
4243320,5116485193,1729711,8,685.8859508391299
4243330,5118214997,1754573,8,1555.88012534569
4243340,5119969663,1726125,8,909.631087269431
4243360,5121695881,1728652,8,5754.65268117509
4244350,5123424626,1736370,8,322.382411611473
4244370,5125161089,1730907,8,812.544239556282
4244400,5126892089,1719682,8,8340.70099225464
4244410,5128611864,1735688,8,27127.3586891047
4244420,5130347645,1735707,8,977.8009205574672
4244430,5132083445,1733755,8,72559.6162314215
4244440,5133817293,1724790,8,716.950553622059
4244460,5135542176,1726429,8,4722.3181431034
4244500,5137268698,1738496,8,91294.52068645712
4244501,5139007287,1723723,8,46056.2239363382
4244510,5140731103,1723297,8,2409.14249578776
4244520,5142454493,1724389,8,1607.80674196436
4244550,5144178975,1736275,8,2288.86538750489
4244580,5145915343,1721634,8,17718.1780828651
4244600,5147637070,1723810,8,18916.7756297462
4244605,5149360973,1727420,8,45484.093271193095
4244610,5151088486,1734550,8,4463.19031906961
4244620,5152823129,1727133,8,45623.7359863425
4244630,5154550355,1726605,8,11499.497440666
4244635,5156277053,1737219,8,15531.5559243997
4244640,5158014365,1725513,8,15984.2621118109
4244650,5159739971,1733288,8,2895.6607649123
4244655,5161473352,1723718,8,12040.6757167527
4244660,5163197163,1726043,8,18927.894695773102
4244710,5164923299,1727844,8,314.58430035266105
4244720,5166651236,1742857,8,643.781390159757
4244730,5168394186,1745552,8,2117.32994951821
4244740,5170139831,1721237,8,959.710209082573
4244750,5171861161,1733826,8,465.601685826563
4244760,5173595080,1728614,8,9470.75962848536
4244770,5175323787,1730279,8,4422.46134181249
4244780,5177054159,1727459,8,1206.66972170207
4244785,5178781711,1728731,8,212.787069378469
4244788,5180510535,1723403,8,767.0423076062891
4244790,5182234031,1691838,8,80.59081410392821
4244792,5183925962,1720768,8,3.32611809856058
4244795,5185646823,1725918,8,294.281162465597
4244800,5187372834,1725793,8,173.56858718786998
4244810,5189098720,1732794,8,626.075733340259
4244820,5190831607,1720438,8,1016.06941418194
4244830,5192552138,1723567,8,1144.92157938945
4244840,5194275798,1731451,8,2274.49068204476
4244850,5196007342,1729239,8,3162.10435925838
4244860,5197736674,1721959,8,378.49753240883103
4244870,5199458726,1738175,8,1345.1368310722198
4244880,5201196994,1727669,8,5057.39905224314
4244890,5202924756,1737547,8,18936.1262018938
4244900,5204662396,1730350,8,112.613869820854
4244910,5206392839,1725379,8,355.09413854983
4244915,5208118311,1747592,8,369.21611675996
4244920,5209865996,1720244,8,123.06874988975
4244930,5211586333,1706688,8,296.96917024977404
4244940,5213293114,1731237,8,7174.8469760752405
4244945,5215024444,1723669,8,7548.57919829131
4244950,5216748206,1696702,8,305.411224020447
4244960,5218445001,1725657,8,1373.8176801692
4244970,5220170751,1721036,8,100.548009811608
4244975,5221891880,1710429,8,23.0305090014522
4244980,5223602402,1706077,8,368.017235544685
4244985,5225308572,1725570,8,1251.34747456815
4244990,5227034235,1688561,8,225.00262240422904
4244995,5228722889,1720124,8,517.286551351235
4245010,5230443106,1714985,8,1484.2483184911498
4245100,5232158184,1737724,8,18253.348740626498
4245210,5233896001,1734748,8,368.05692956712096
4245250,5235630842,1728652,8,42136.570939032
4245280,5237359587,1708467,8,357.381134605687
4245295,5239068147,1679239,8,6297.14271910624
4245300,5240747479,1655369,8,471.781917404435
4245500,5242402941,1727473,8,3661.32626584807
4245550,5244130507,1768302,8,3704.7034734936
4245650,5245898902,1747520,8,5649.70914119719
4245820,5247646515,1708213,8,314.135274668724
4245840,5249354821,1750703,8,194.51407175218003
4245860,5251105617,1685821,8,256.099850233736
4245880,5252791531,1698902,8,581.131772334954
4245890,5254490526,1675133,8,227.132712828002
4245900,5256165752,1695279,8,69.5049758763037
4245920,5257861124,1700534,8,12562.3338939119
4245950,5259561751,1754095,8,2362.56798800087
4247100,5261315939,1723056,8,3561.8706870213105
4247101,5263039088,1723503,8,1057.95846745161
4247110,5264762684,1715416,8,340.43678414838297
4247500,5266478193,1723172,8,111.720470703592
4247700,5268201458,1732600,8,230.21091079132003
4584100,5269934151,1584662,8,372.710406517414
4584200,5271518906,1589675,8,695.5117529385451
4584210,5273108674,1588675,8,501.180792844508
4584280,5274697442,1553773,8,688.943946704156
4584290,5276251308,1562582,8,264.058674033355
4584300,5277813983,1549199,8,539.9936621954911
4584400,5279363275,1579711,8,214.40501917468495
4584450,5280943079,1575478,8,114.630330988172
4584500,5282518650,1551660,8,226.648027175028
4584700,5284070403,1578708,8,436.718965843043
4584800,5285649204,1582541,8,221.828937008507
4584900,5287231838,1542278,8,144.362927337817
5101020,5288774209,1587507,8,1310.98864266162
5101040,5290361809,1582592,8,471.215756726312
5101050,5291944494,1595950,8,985.611325952411
5101060,5293540537,1575988,8,327.047436543163
5101070,5295116618,1574839,8,2334.59260854247
5101071,5296691550,1571109,8,12941.6864533735
5101075,5298262752,1587071,8,293.446926630604
5101080,5299849916,1586781,8,902.724740648933
5101090,5301436790,1614894,8,259.114273442151
5101100,5303051777,1593895,8,1949.6670686361
5101101,5304645765,1587525,8,1973.50593954132
5101109,5306233383,1600358,8,360.534245641356
5101110,5307833834,1586715,8,531.83284177705
5101111,5309420642,1576328,8,564.860781661222
5101112,5310997063,1613569,8,83.0136012416957
5101113,5312610725,1619955,8,21.486578618246305
5101115,5314230773,1587802,8,231.42415073121495
5101116,5315818668,1623529,8,331.984477283302
5101117,5317442290,1582120,8,956.2917781825032
5101118,5319024503,1631769,8,402.762458708126
5101119,5320656365,1611767,8,937.871432626575
5101120,5322268225,1612610,8,95.9224773892488
5101121,5323880928,1603737,8,77.5684289874782
5101123,5325484758,1600042,8,129.812703832734
5101124,5327084893,1604019,8,309.144167956109
5101125,5328689005,1591313,8,577.76889887781
5101130,5330280411,1598857,8,1439.0770814481698
5101161,5331879361,1598695,8,8706.88385833195
5101162,5333478149,1573997,8,8706.88385833195
5101163,5335052239,1591314,8,7537.13531525115
5101164,5336643646,1601306,8,158.293961544205
5101165,5338245045,1601238,8,223.389756233682
5101170,5339846376,1578869,8,270.403031483419
5101180,5341425338,1585219,8,76.71728276932241
5101181,5343010650,1590345,8,1933.5509134766
5101182,5344601088,1584238,8,35495.8576522091
5101183,5346185419,1580461,8,172.633420248693
5101185,5347765973,1585491,8,112.280887140704
5101190,5349351557,1588098,8,1161.69848286106
5101191,5350939748,1593255,8,1815.28372911136
5101200,5352533096,1595181,8,129378.420324578
5101201,5354128370,1578315,8,129552.016751274
5101203,5355706778,1582697,8,1025.8281450823802
5101204,5357289568,1593165,8,284.657302928569
5101205,5358882826,1598278,8,1071.52591713614
5101206,5360481197,1582419,8,1032.51439410609
5101207,5362063709,1603524,8,66.0447117293265
5101208,5363667326,1578612,8,2512.8301235633603
5101209,5365246031,1605864,8,122.077897598823
5101250,5366851988,1585053,8,1451.86966165573
5101253,5368437134,1590936,8,1203.58241292735
5101260,5370028163,1587922,8,505.4212057133741
5101285,5371616178,1593848,8,15907.9103672443
5101286,5373210119,1584760,8,756.934938094563
5101287,5374794972,1588056,8,4205.70233199029
5101288,5376383121,1597121,8,1261.83965173711
5101289,5377980335,1603562,8,98.1726216717211
5101290,5379583990,1631620,8,238.928378942915
5101291,5381215703,1601093,8,395.916842565582
5101300,5382816889,1581772,8,136768.463725315
5101301,5384398754,1588455,8,136122.35515763698
5101303,5385987302,1595457,8,2468.25172978236
5101305,5387582852,1588907,8,6051.960135167629
5101307,5389171852,1585719,8,801.148128939421
5101308,5390757664,1585221,8,3008.5012768960805
5101310,5392342978,1640190,8,62.11043451755779
5101320,5393983261,1605473,8,1315.52652441578
5101360,5395588827,1598246,8,1422.40734397076
5101365,5397187166,1595684,8,1287.95058072564
5101380,5398782943,1617074,8,2069.79444526654
5101381,5400400110,1620447,8,4678.4270365957
5101385,5402020650,1594476,8,690.888519698772
5101390,5403615219,1604795,8,6800.220349546899
5101395,5405220107,1609378,8,99.0449864745728
5101396,5406829578,1600414,8,2026.57412194284
5101397,5408430085,1602562,8,3893.8583656139
5101400,5410032740,1626946,8,98.66262304111348
5101405,5411659779,1621787,8,61.74636388124289
5101410,5413281659,1597071,8,558.2462974642
5101411,5414878823,1601713,8,554.144046774071
5101412,5416480629,1601463,8,230.76205891919705
5101413,5418082185,1599873,8,649.246371669684
5101414,5419682151,1606356,8,309.607190262671
5101415,5421288600,1598146,8,1366.85992372769
5101416,5422886839,1598162,8,1551.1169591179
5101420,5424485094,1617754,8,163.573093659331
5101430,5426102941,1594943,8,638.1371340786151
5101440,5427697977,1608673,8,103.930910589393
5101450,5429306743,1606439,8,1273.89206787583
5101451,5430913275,1609388,8,187.71532733805
5101452,5432522756,1614802,8,549.018181304646
5101453,5434137651,1616701,8,100.534162659105
5101455,5435754445,1605069,8,133.612161909918
5101456,5437359607,1598228,8,87.9638336068446
5101457,5438957928,1598426,8,85.2650632786672
5101460,5440556447,1623452,8,58.6483777915484
5101465,5442179992,1637037,8,34.614405668626105
5101470,5443817122,1594690,8,32082.7653558376
5101471,5445411905,1604244,8,434.945505161532
5101472,5447016242,1608033,8,463.884102624478
5101480,5448624368,1617374,8,7.004215513438901
5101486,5450241835,1614519,8,492.260839186984
5101487,5451856447,1610972,8,817.1909959806011
5101500,5453467512,1605499,8,10231.5974056285
5101503,5455073104,1588798,8,10100.6641987339
5101505,5456661995,1594977,8,128.06267403091002
5101506,5458257065,1597698,8,184.863894935199
5104160,5459854856,1601454,8,684.543797931591
5104220,5461456403,1595983,8,2952.84541448737
5104223,5463052479,1596151,8,1456.1488881674402
5104225,5464648723,1587978,8,355.72260845245
5104228,5466236794,1598035,8,398.962419572685
5104230,5467834922,1583937,8,7280.423258443009
5104240,5469418952,1575674,8,1833.70315846982
5104245,5470994719,1576918,8,21888.2413961527
5104300,5472571730,1601646,8,82.90367653154321
5104310,5474173469,1600582,8,155.684194116874
5104320,5475774144,1605129,8,30.982868004940705
5104330,5477379366,1601156,8,333.245492657203
5104340,5478980615,1601598,8,255.10078450800495
5104350,5480582306,1597590,8,643.187453907631
5109110,5482179989,1583567,8,12634.9112913155
5109120,5483763649,1576286,8,674.86862439446
5109130,5485340028,1574261,8,314.921591151242
5109150,5486914382,1584195,8,1991.9004656478303
5109151,5488498670,1581958,8,106714.567814652
5109152,5490080721,1579050,8,655.5962045322821
5109160,5491659864,1586716,8,308.325002633752
5109161,5493246673,1580127,8,39393.8190841679
5109170,5494826893,1592798,8,11509.5682265417
5109175,5496419784,1593828,8,452.822693509801
5109200,5498013705,1583868,8,46022.8679166516
5109201,5499597666,1576153,8,46028.8533125926
5109203,5501173912,1589085,8,7733.7575200190195
5109204,5502763090,1587612,8,8620.14678021739
5109205,5504350795,1582862,8,544.533200509752
5109206,5505933750,1590448,8,357.855877488376
5109210,5507524291,1578998,8,23929.876527056
5109220,5509103382,1593747,8,6361.87134599188
5109230,5510697222,1589298,8,2273.76160502868
5109240,5512286613,1586271,8,2907.76195271026
5109250,5513872977,1564751,8,715.939988775947
5109251,5515437821,1591123,8,3305.15511309562
5109260,5517029037,1592825,8,335.123412453591
5109270,5518621955,1586664,8,185.66982354406895
5110010,5520208712,1571121,8,3440.49098320239
5110020,5521779926,1580865,8,5879.87746635771
5110030,5523360884,1574039,8,2701.21326317081
5110400,5524935016,1566926,8,110948.022772093
5201010,5526502035,1615846,8,230.64847830418304
5201020,5528117974,1616843,8,299.851123275617
5202012,5529734910,1596877,8,314.895685888995
5202015,5531331880,1607918,8,707.248980012957
5202030,5532939891,1620350,8,1883.4454306988605
5202033,5534560334,1619521,8,174.699739758612
5202036,5536179948,1656869,8,232.561408814617
5202037,5537836910,1600579,8,3122.9008476638
5202038,5539437582,1603449,8,1733.60233369805
5202039,5541041124,1605455,8,330.35880283717603
5202040,5542646672,1623839,8,1626.52828138288
5202041,5544270604,1630814,8,130.124014996942
5202042,5545901511,1628278,8,430.934622234539
5202043,5547529882,1606989,8,4532.17174604548
5202044,5549136964,1609280,8,16930.921453451203
5202045,5550746337,1604629,8,104.679844375337
5202046,5552351059,1611446,8,239.35353973555095
5202047,5553962598,1603361,8,66.8502121910219
5202048,5555566052,1625940,8,77.9906032495048
5202049,5557192085,1621734,8,1803.5026029606
5202050,5558813912,1600357,8,344.527528864564
5202051,5560414362,1609771,8,108.8907233822
5202055,5562024226,1617121,8,439.51324193233495
5202056,5563641440,1608126,8,908.0114212331688
5202057,5565249659,1605075,8,394.431287986652
5202060,5566854827,1617144,8,265.341611258267
5202061,5568472064,1605732,8,210.219612941043
5202062,5570077889,1605914,8,370.289733753783
5202063,5571683896,1608789,8,853.2070892905141
5202064,5573292778,1601329,8,644.6671893089331
5202065,5574894200,1622155,8,151.44326127352
5202067,5576516448,1622094,8,469.096599815478
5202070,5578138635,1613704,8,10163.3691746541
5202072,5579752432,1600241,8,343.844574524715
5202073,5581352766,1614678,8,498.523302948277
5202074,5582967537,1608369,8,482.752432470832
5202075,5584575999,1611828,8,1565.9622764582598
5202080,5586187920,1618118,8,6618.66729007615
5202081,5587806131,1625099,8,1618.37964869758
5202082,5589431323,1622609,8,1913.13020265085
5202083,5591054025,1613640,8,1821.0437017039103
5202084,5592667758,1625139,8,143.515672566792
5202085,5594292990,1613771,8,147.744335475247
5202086,5595906854,1618289,8,277.848564774898
5202087,5597525236,1608184,8,544.038694550597
5202088,5599133513,1607662,8,228.226620857414
5202090,5600741268,1616326,8,154.674524044438
5202095,5602357687,1617016,8,968.288847093819
5202100,5603974796,1617099,8,748.450368061911
5202101,5605591988,1596285,8,17926.9714489879
5202102,5607188366,1603945,8,17782.9721777599
5202103,5608792404,1610053,8,16443.9812132124
5202104,5610402550,1617301,8,109.075637572325
5202105,5612019944,1604148,8,3387.80390401328
5202106,5613624185,1638107,8,192.19736880581505
5202107,5615262385,1633073,8,198.48347610725895
5202108,5616895551,1615880,8,399.04272669696405
5202109,5618511524,1603178,8,4966.66760518304
5202110,5620114795,1634784,8,97.37591419799652
5202111,5621749672,1601470,8,6818.42136205332
5202112,5623351235,1604544,8,670.0670794816359
5202113,5624955872,1604540,8,1072.31274716143
5202114,5626560505,1626097,8,242.929324649977
5202115,5628186695,1641869,8,57.957006344704105
5202116,5629828657,1629788,8,83.06923393028408
5202117,5631458538,1622405,8,186.91831400023705
5202120,5633081036,1595715,8,1050.3073645383502
5202130,5634676844,1608739,8,90.8024142473456
5202135,5636285676,1603791,8,11000.7161241099
5202140,5637889560,1617912,8,69.3205533477895
5202141,5639507565,1608582,8,166.713933540048
5202145,5641116240,1617602,8,720.966018379072
5202150,5642733935,1607820,8,1391.6405591679002
5202151,5644341848,1602781,8,6438.05689509087
5202152,5645944722,1596500,8,6448.44957195173
5202153,5647541315,1603859,8,4640.46370507565
5202154,5649145267,1607770,8,91.3958738185994
5202155,5650753130,1618804,8,156.745522557871
5202157,5652372027,1628955,8,99.8910827981971
5202160,5654001075,1626521,8,865.113516116797
5202180,5655627689,1612802,8,917.914447693426
5202181,5657240584,1607786,8,1610.20764366763
5202183,5658848463,1611644,8,125.968551013747
5202185,5660460200,1612204,8,89.9138488695212
5202200,5662072497,1610839,8,825.899400416656
5202210,5663683429,1625985,8,321.367771062275
5202211,5665309507,1617993,8,85.32257307842771
5202212,5666927593,1616493,8,152.35739445466498
5202213,5668544179,1610138,8,204.292855369776
5202214,5670154410,1617057,8,109.838856770113
5202215,5671771560,1617266,8,472.33015838330994
5202216,5673388919,1621722,8,597.550766193555
5202217,5675010734,1636623,8,152.97741821819798
5202225,5676647450,1619321,8,1112.57167496164
5202226,5678266864,1617664,8,18.6126257191674
5202227,5679884621,1631763,8,361.587439767628
5202228,5681516477,1645848,8,202.04348534522
5202410,5683162418,1614316,8,26.242214510710603
5204010,5684776827,1599410,8,268.480000484576
5204011,5686376330,1605687,8,2658.85658300812
5204013,5687982110,1611103,8,391.678433844181
5204015,5689593306,1657173,8,587.500522342584
5204016,5691250572,1634295,8,587.500522342584
5204017,5692884960,1641247,8,50.837203826123
5204018,5694526300,1642347,8,1268.47236530187
5204019,5696168740,1610576,8,193.44647370674
5204020,5697779409,1652114,8,218.82689453803
5204100,5699431616,1609110,8,1063.51639733982
5204101,5701040819,1628364,8,39310.9559599728
5204102,5702669276,1621697,8,35425.0700928871
5204103,5704291066,1645141,8,21368.351237478106
5204104,5705936300,1613721,8,13115.3511697855
5204105,5707550114,1632594,8,1892.41450330612
5204106,5709182801,1612499,8,120036.553644447
5204107,5710795393,1620828,8,5159.01192267269
5204108,5712416314,1606534,8,672.16786109548
5204109,5714022941,1645812,8,996.818039490642
5204110,5715668846,1605999,8,1223.55709779523
5204111,5717274938,1622125,8,390.380217244879
5204112,5718897156,1625886,8,1659.0164124773
5204120,5720523135,1622913,8,1633.00394993784
5204121,5722146141,1625343,8,2630.4574852969
5204122,5723771577,1617616,8,1553.79491279866
5204123,5725389286,1618608,8,761.210493177582
5204125,5727007987,1614524,8,154.88902220514998
5204130,5728622604,1623262,8,668.554078711279
5204131,5730245959,1639827,8,439.277167530636
5204132,5731885879,1630236,8,225.687644375733
5204133,5733516208,1600582,8,487.569049563788
5204134,5735116883,1594026,8,64.80825812942079
5204135,5736711002,1633093,8,142.49806303068598
5204136,5738344188,1601243,8,191.6807931485
5204140,5739945524,1604324,8,566.496936112834
5204150,5741549941,1645021,8,673.2915733298661
5204155,5743195055,1636172,8,145.852403263131
5204159,5744831320,1602558,8,150.758800722238
5204160,5746433971,1597081,8,557.362870263887
5204161,5748031145,1600429,8,535.982781294974
5204162,5749631667,1601703,8,1601.44425563914
5204167,5751233463,1600986,8,391.346366258596
5204168,5752834542,1612131,8,752.2099964602811
5204169,5754446766,1609370,8,2143.1253602034803
5204170,5756056229,1623373,8,2533.4095537478897
5204175,5757679695,1604472,8,358.67976611624
5204180,5759284260,1612641,8,4057.4350151452704
5204181,5760896994,1604820,8,12443.4364032604
5204182,5762501907,1608837,8,830.370973948869
5204183,5764110837,1601522,8,1971.93173115536
5204184,5765712452,1598317,8,868.457147544043
5204185,5767310862,1600836,8,87.41473778534241
5204186,5768911791,1610548,8,237.30605854383705
5204187,5770522432,1606757,8,355.16447903504206
5204189,5772129282,1589790,8,141.428182672466
5204190,5773719165,1611285,8,412.405238480508
5204191,5775330543,1603294,8,220.00478795568
5204192,5776933930,1597507,8,891.384201595389
5204193,5778531530,1610015,8,842.4109026701401
5204194,5780141638,1599597,8,464.620964145347
5204195,5781741328,1615413,8,902.010237315364
5204196,5783356834,1610176,8,404.58233568391296
5204210,5784967103,1614396,8,1631.56215904139
5204215,5786581592,1603171,8,121.353315110695
5204216,5788184856,1598277,8,882.427107602866
5204217,5789783226,1603267,8,586.463661563335
5204218,5791386586,1610126,8,368.501929709347
5204219,5792996805,1597925,8,638.749893122991
5204220,5794594823,1604658,8,140.954675214779
5204225,5796199574,1598251,8,1159.65254696514
5204229,5797797918,1599974,8,3202.43281126404
5204243,5799397985,1575758,8,24449.3514049638
5204250,5800973836,1588788,8,464312.121752377
5204251,5802562717,1583841,8,493885.533737312
5204252,5804146651,1585402,8,486340.147919479
5204253,5805732146,1563006,8,6053.84458088575
5204255,5807295245,1590010,8,391768.46311793296
5204258,5808885348,1570459,8,21.6078150105572
5204268,5810455900,1595864,8,755616.728953139
5204300,5812051857,1599982,8,54848.2991129441
5204301,5813651932,1626459,8,19423.0867346808
5204302,5815278484,1625998,8,8234.3620076015
5204303,5816904575,1617270,8,2253.98432036345
5204400,5818521938,1606432,8,28943.9520552633
5204401,5820128463,1616376,8,13804.0356492111
5204402,5821744932,1618205,8,4522.27433863819
5204450,5823363230,1602666,8,201523.649085023
5204451,5824965989,1601716,8,131396.72611609098
5204452,5826567798,1606051,8,64647.62882689849
5204460,5828173942,1591467,8,83535.8798636772
5302100,5829765502,1611107,8,838.223565195025
5302101,5831376702,1622862,8,332.314094000227
5302102,5832999657,1623011,8,158.337454573755
5302103,5834622761,1627490,8,418.328456028661
5302104,5836250344,1612278,8,154.923248053236
5302105,5837862715,1618356,8,183.901745457312
5302106,5839481164,1620493,8,728.947053015143
5302107,5841101750,1626621,8,662.302728043084
5302108,5842728464,1630255,8,862.02337861661
5302109,5844358812,1611085,8,428.8555648321701
5302110,5845969990,1624928,8,2689.54230154957
5302111,5847595011,1627699,8,903.005058099144
5302220,5849222803,1608873,8,836.529650267368
5302229,5850831769,1632117,8,13455.8908662259
5302240,5852463979,1616292,8,3464.7499557357105
5302242,5854080364,1641729,8,3900.2945032157695
5302243,5855722186,1616114,8,439.61547862923
5302244,5857338393,1632252,8,675.475840070624
5302245,5858970738,1627993,8,1970.40452973862
5302246,5860598824,1636068,8,1102.16386713608
5302250,5862234985,1632773,8,894.042261615516
5302251,5863867851,1620913,8,3592.2341839744604
5302252,5865488857,1626159,8,309.659626398038
5302253,5867115109,1610796,8,314.362335451074
5302254,5868725998,1632058,8,571.438041128487
5302255,5870358149,1615511,8,1511.8259208523498
5302256,5871973753,1625000,8,132.932301176367
5302260,5873598846,1638902,8,563.254668552371
5302261,5875237841,1609154,8,4322.233719323521
5302262,5876847088,1625223,8,199.118489925533
5302263,5878472404,1632873,8,301.43650982209203
5302264,5880105370,1627563,8,605.361101568553
5302265,5881733026,1631470,8,105.65216838607
5302270,5883364589,1629360,8,1077.45315559252
5302271,5884994042,1627349,8,65.7827146654015
5302272,5886621484,1614981,8,67.7828371103147
5302273,5888236558,1617084,8,135.564636749905
5302274,5889853735,1613925,8,223.878113551194
5302275,5891467753,1614001,8,18.9935997106011
5302276,5893081847,1611823,8,88.16683189471192
5302278,5894693763,1615273,8,109.923325788638
5302280,5896309129,1625022,8,43.18426106983561
5302281,5897934244,1628354,8,239.705997799599
5302282,5899562691,1623941,8,234.54251117048
5302285,5901186725,1621933,8,58.2257172823061
5302290,5902808751,1621652,8,153.760486770494
5302298,5904430496,1623671,8,52.8904857113972
5302300,5906054260,1604267,8,1328.53417387054
5302301,5907658620,1599736,8,865.7726839102769
5302302,5909258449,1600575,8,38.5064901549051
5302303,5910859117,1597061,8,247.654231516202
5302304,5912456271,1600189,8,109.329499693712
5302310,5914056553,1608006,8,159.327804214693
5302311,5915664652,1591763,8,454.215640754059
5302312,5917256508,1604326,8,311.460641525877
5302313,5918860927,1601700,8,1155.96916751345
5302314,5920462720,1602759,8,173.478329228806
5302320,5922065572,1605385,8,1099.10964663466
5302325,5923671050,1598246,8,7317.56230937803
5302326,5925269389,1624649,8,18.464113218608897
5302327,5926894131,1631222,8,47.8083015410938
5302328,5928525446,1621356,8,49.329593606908
5302329,5930146895,1604571,8,77.1289664446653
5302330,5931751559,1613649,8,723.5358647980299
5302331,5933365301,1613168,8,344.740030349915
5302340,5934978562,1620195,8,259.891849502906
5302345,5936598850,1621015,8,1032.47126952184
5302350,5938219958,1605066,8,572.0661403127169
5302351,5939825117,1616617,8,35.5595577872128
5302360,5941441827,1607098,8,902.01841853652
5302365,5943049018,1601300,8,8647.28459593224
5302366,5944650411,1617146,8,245.35448795371897
5302380,5946267650,1596309,8,587.998405342373
5302390,5947864052,1604312,8,70.80106267313509
5302391,5949468457,1601038,8,177.099453334582
5302400,5951069588,1606309,8,11996.6377732436
5302401,5952675990,1609507,8,196.828250537948
5302402,5954285590,1612441,8,624.586834503726
5302403,5955898124,1623721,8,272.99449800127604
5302404,5957521938,1626719,8,295.212120880976
5302405,5959148750,1611009,8,777.690311156238
5302406,5960759852,1612247,8,500.975218746312
5302410,5962372192,1611148,8,21.324763598619
5302411,5963983433,1601255,8,61.0946570141614
5304010,5965584781,1639825,8,411.97736056153
5304015,5967224699,1632422,8,392.64539770087
5304018,5968857214,1646450,8,356.556132856169
5304019,5970503757,1640529,8,1512.46023865298
5304020,5972144379,1611920,8,453.499138028601
5304021,5973756392,1615566,8,352.498693603065
5304025,5975372051,1642222,8,261.44708252519297
5304029,5977014366,1631459,8,124.559132613517
5304030,5978645918,1633829,8,472.133712274146
5304034,5980279840,1629509,8,179.507898756091
5304035,5981909442,1636851,8,181.84231502368695
5304036,5983546386,1641572,8,417.707601213062
5304040,5985188051,1635333,8,377.87941778524805
5304050,5986823477,1610616,8,283.147640041232
5304051,5988434186,1607945,8,119.757037697546
5304052,5990042224,1604620,8,24.877434762497
5304053,5991646937,1618216,8,127.163102043728
5304054,5993265246,1610127,8,139.106448661651
5304056,5994875466,1613632,8,207.385286508702
5304059,5996489191,1599504,8,71.8275796407492
5304060,5998088788,1591231,8,2053.47657909087
5304061,5999680112,1597289,8,2059.66126982715
5304062,6001277494,1599986,8,34.7782830089288
5304063,6002877573,1594559,8,2053.47657909087
5304064,6004472225,1597985,8,622.632244774647
5304065,6006070303,1600045,8,2770.35825955292
5304066,6007670441,1591407,8,219.434504873324
5304067,6009261941,1593360,8,171.975930929164
5304068,6010855394,1589963,8,251.278528062147
5304069,6012445450,1600748,8,315.44647271132004
5304070,6014046291,1602760,8,1044.54019594004
5304071,6015649144,1598016,8,259.53397883807
5304072,6017247253,1588168,8,435.880438123198
5304073,6018835514,1598081,8,161.417406028176
5304080,6020433688,1594247,8,2663.4234133010896
5304081,6022028028,1594852,8,83.211364190108
5304082,6023622973,1585374,8,690.591417173894
5304090,6025208440,1633001,8,630.482358941085
5304095,6026841534,1628858,8,104.927193220199
5304100,6028470485,1630450,8,344.42799110581103
5304110,6030101028,1619523,8,472.584836259116
5304111,6031720644,1620195,8,228.020651437878
5304112,6033340932,1615918,8,115.804714878611
5304113,6034956943,1614161,8,184.859378269127
5304119,6036571197,1617833,8,154.081846239508
5304120,6038189123,1604399,8,762.702991965204
5304121,6039793615,1593814,8,292.03632908299704
5304122,6041387522,1608588,8,480.703989974634
5304123,6042996203,1594683,8,613.1673490631321
5304124,6044590979,1601937,8,347.54988227007203
5304125,6046193009,1595963,8,163.203715553125
5304126,6047789065,1606336,8,176.312479223389
5304127,6049395494,1606139,8,189.528817887014
5304128,6051001726,1616266,8,359.228370402093
5304129,6052618085,1626210,8,128.596560250523
5304130,6054244388,1609669,8,118.93030321328
5304131,6055854150,1619689,8,120.423182895823
5304132,6057473932,1637370,8,359.472830889823
5304133,6059111395,1644860,8,363.697620416822
5304134,6060756348,1635407,8,693.652654387675
5304135,6062391848,1629035,8,326.250728927135
5304136,6064020976,1631506,8,631.8073451497451
5304140,6065652575,1630151,8,113128.069284077
5304150,6067282819,1584298,8,580.031671267661
5304155,6068867210,1582741,8,131.11934625761
5304160,6070450044,1596898,8,298.839808810884
5304161,6072047035,1588828,8,157.351666270031
5304163,6073635956,1583062,8,169.491505324267
5304164,6075219111,1585255,8,249.677550401222
5304165,6076804459,1591622,8,1999.8004030857696
5304166,6078396174,1591938,8,265.942391612687
5304167,6079988205,1593429,8,107.74198263036502
5304170,6081581727,1600090,8,653.0099530441549
5402100,6083181910,1602311,8,829.653470617316
5402101,6084784314,1597686,8,1752.4327684815698
5402102,6086382093,1600131,8,4488.99630905894
5402103,6087982317,1603048,8,1745.93364294514
5402104,6089585458,1587591,8,517.985188440947
5402110,6091173142,1616621,8,466.097723451309
5402390,6092789856,1595528,8,1381.1616017329002
5404260,6094385477,1570686,8,248.1613753602
5404265,6095956256,1565575,8,567.0780428279239
5404270,6097521924,1591418,8,761101.7068509591
5404271,6099113435,1594082,8,770829.2091542929
5405030,6100707610,1600974,8,312.724932542066
5405031,6102308677,1584623,8,436.540668933787
5405035,6103893393,1602455,8,27.0583819453695
5405040,6105495941,1589701,8,343.74540372321
5405041,6107085735,1596761,8,515.73065976809
5405046,6108682589,1597385,8,117.425823608953
5405048,6110280067,1596410,8,68.0764740060893
5405050,6111876570,1582325,8,706.494703077465
5405051,6113458988,1574544,8,112.438551235408
5405060,6115033625,1582702,8,498.06406804506304
5405070,6116616420,1580540,8,238.065929054342
5405080,6118197053,1576536,8,2526.06176283157
5405090,6119773682,1561773,8,6069.518172376
5405095,6121335548,1560631,8,182.61999550668
5405100,6122896272,1604913,8,53.5254187187494
5405105,6124501278,1592301,8,170.906027464161
5405110,6126093672,1586330,8,491.14783493984703
5405130,6127680095,1606484,8,190.629347178641
5405180,6129286672,1599819,8,49.4585242109801
5410100,6130886584,1569378,8,230705.95044445895
5606010,6132456055,1578207,8,53.132838835869705
5606020,6134034355,1577121,8,4049.2756850568703
5606030,6135611569,1585125,8,2667.3059739528603
5606040,6137196787,1596583,8,1791.53639013295
5606041,6138793463,1585701,8,1073.07117709583
5606042,6140379257,1597618,8,4557.94937583536
5606043,6141976968,1588351,8,236.78079937184
5606044,6143565412,1593367,8,58.9477761388609
5606045,6145158872,1598468,8,57.5605096511866
5606046,6146757433,1599767,8,511.261871263387
5606047,6148357293,1591046,8,1233.42094308918
5606048,6149948432,1603143,8,111.185991997074
5606049,6151551668,1594614,8,50.7594219958793
5606050,6153146375,1596636,8,4076.3620389344105
5606055,6154743104,1581832,8,940.627724671522
5606060,6156325029,1578402,8,824.740509267751
5606065,6157903524,1574594,8,5259.2710628412
5606066,6159478211,1568019,8,11640.8456803875
5606067,6161046323,1574637,8,1918.6599359744
5606070,6162621053,1606463,8,250.47960345873295
5606071,6164227609,1593097,8,2971.9649848613
5606072,6165820799,1602846,8,477.4444100294271
5606073,6167423738,1591012,8,659.392781369112
5606074,6169014843,1589458,8,1017.3406765084
5606080,6170604394,1563527,8,63090.3136347231
5606090,6172168014,1622480,8,651.551401752199
5606095,6173790587,1616322,8,236.95905588048305
5606097,6175407002,1573687,8,410.33393589551
5606098,6176980782,1588359,8,83.8759398965298
5606099,6178569234,1604932,8,538.067452261382
5606100,6180174259,1594022,8,20409.2524410562
5606105,6181768374,1621921,8,413.690728551529
5606106,6183390388,1610390,8,826.164023003741
5606107,6185000871,1614507,8,105.255614453597
5606110,6186615471,1586252,8,59.227576052532704
5606120,6188201816,1593845,8,171.628739225777
5606121,6189795754,1591421,8,161.443922362782
5606122,6191387268,1598819,8,1330.2340521365
5606123,6192986180,1603888,8,660.841104808737
5606124,6194590161,1594517,8,365.391166503827
5606125,6196184771,1618494,8,144.729526551481
5606126,6197803358,1629641,8,16.841041491809598
5606130,6199433092,1597873,8,6764.59320269271
5606135,6201031058,1614041,8,74.1398928583326
5606136,6202645192,1592815,8,3968.48776191839
5606137,6204238100,1603693,8,147.989035420054
5606140,6205841886,1596028,8,1407.50417063901
5606145,6207438007,1621478,8,57.859171247487
5606160,6209059578,1605046,8,575.283715101931
5606161,6210664717,1608069,8,519.843617778832
5606162,6212272879,1593769,8,1411.2568819398002
5606165,6213866741,1593653,8,846.869509407592
5606166,6215460487,1598608,8,1376.24837647787
5606170,6217059188,1615644,8,43.233467662267
5606171,6218674925,1618691,8,74.37132466429459
5606172,6220293709,1590240,8,333.16416308125
5606173,6221884042,1594824,8,593.96603000152
5606174,6223478959,1615563,8,670.131296352976
5606175,6225094615,1605317,8,527.52157444382
5606176,6226700025,1608417,8,81.4722028225832
5606180,6228308535,1610237,8,326.618702218975
5606190,6229918865,1609071,8,236.95905588048305
5606274,6231528029,1593518,8,758.9016003942261
5607020,6233121640,1586753,8,5174.94340844531
5607023,6234708486,1595542,8,17136.1649146958
5607024,6236304121,1587433,8,45938.8416596164
5607025,6237891647,1580618,8,91962.7774498191
5607030,6239472358,1582627,8,64.4269190201283
5607060,6241055078,1590331,8,1342.0001756895
5607080,6242645502,1564984,8,1354.5891609746
5607085,6244210579,1570057,8,569.1960330087941
5607090,6245780729,1586893,8,13783.3569000041
5607200,6247367715,1562174,8,73480.5601346188
5607201,6248929982,1561635,8,71832.608263239
5607210,6250491710,1554564,8,4696.0951380948
5607300,6252046367,1588372,8,1307.03629297011
5607400,6253634832,1562584,8,71884.218838888
5607405,6255197509,1566283,8,2230.4110742809603
5607410,6256763885,1565620,8,7264.160376512671
5607450,6258329598,1563976,8,47551.923509073895
5607451,6259893667,1565507,8,2979.3672634430395
5607500,6261459267,1570626,8,49892.3820645926
5607510,6263029986,1569654,8,976.414897140998
5607520,6264599733,1568885,8,6532.8914414395895
5607600,6266168711,1585923,8,4026.06773679609
5607700,6267754727,1590845,8,1631.64635878029
5608090,6269345665,1578611,8,45504.27426415309
5608091,6270924369,1585423,8,557.906599741838
5608093,6272509885,1587022,8,2551.68652265965
5608095,6274097000,1588941,8,19708.7285621264
5608096,6275686034,1582254,8,51374.99682662191
5608098,6277268381,1586557,8,1621.54313480662
5608400,6278855031,1585774,8,4106.05596551511
5708094,6280440898,1592712,8,7524.1742605891
5708100,6282033703,1598765,8,3577.3375259619606
5708110,6283632561,1593046,8,74876.5344953709
5708120,6285225700,1580103,8,4894.290161661161
5708125,6286805896,1601626,8,2455.74709118117
5708126,6288407615,1595288,8,8775.4190135192
5708130,6290002996,1579351,8,8353.50608774116
5708135,6291582440,1604116,8,836.949059270116
5708140,6293186649,1598247,8,407.670039741965
5708141,6294784989,1586926,8,37262.2316875697
5708142,6296372008,1600857,8,8345.00531229152
5708143,6297972958,1602982,8,1724.35723225244
5708145,6299576033,1581049,8,48279.013957247
5708148,6301157175,1576102,8,47633.5088070645
5708150,6302733370,1601630,8,97.598383135267
5708155,6304335093,1596447,8,165.334939710231
5708157,6305931633,1577398,8,205.059386091236
5708160,6307509124,1585453,8,4382.73692608364
5708170,6309094670,1600700,8,1052.16891651588
5708171,6310695463,1596042,8,357.65840049213205
5708172,6312291598,1603012,8,697.7594855273829
5708180,6313894703,1601182,8,679.417980068279
5708185,6315495978,1596295,8,5824.82546957833
5708190,6317092366,1601959,8,1238.54485564693
5708200,6318694418,1595037,8,268.715087964352
5708220,6320289548,1599412,8,2436.75071329979
5708230,6321889053,1595192,8,251.092587886903
5709020,6323484338,1598242,8,141.230887665015
5709100,6325082673,1579766,8,43329.7776798922
5709105,6326662532,1574607,8,16510.606310902
5709110,6328237232,1584094,8,9469.07924721225
5709111,6329821419,1585096,8,4397.84574562327
5709112,6331406608,1590695,8,14405.9163147757
5709190,6332997396,1592182,8,24.5352098384029
5709260,6334589671,1571975,8,53.896991649869896
5710050,6336161739,1559637,8,3370.14782335362
5710060,6337721469,1561833,8,401.411939181446
5712090,6339283395,1578585,8,80.0931553498215
5712100,6340862073,1568344,8,435.00261190382
5803017,6342430510,1605326,8,447.303061091281
5803018,6344035929,1605529,8,84.6531208653266
5803019,6345641551,1584036,8,47.6694862773143
5803020,6347225680,1584051,8,598.519590515974
5803030,6348809824,1622797,8,228.826510611377
5803040,6350432714,1667527,8,157.828149880661
5803051,6352100334,1599613,8,18.1874375016458
5803089,6353700040,1658307,8,277.917449857443
5803090,6355358440,1634178,8,511.568024397134
5803120,6356992711,1619828,8,260.068349751302
5803121,6358612632,1619023,8,259.745331267441
5803130,6360231748,1653530,8,86.81233251444759
5803131,6361885371,1651276,8,87.13282331762021
5803140,6363536740,1634334,8,321.84129949628
5803141,6365171167,1632980,8,321.84129949628
5803150,6366804240,1629815,8,304.424576824904
5803151,6368434148,1629782,8,304.424576824904
5803160,6370064023,1631098,8,150.191172568606
5803170,6371695214,1616914,8,41.4298551912061
5803171,6373312221,1628330,8,239.55288886235297
5803178,6374940644,1617661,8,302.42242453359603
5803179,6376558398,1610886,8,3281.66267287182
5803180,6378169377,1611961,8,3281.66267287182
5803182,6379781431,1604260,8,2277.94153180331
5803183,6381385784,1620909,8,380.304912123598
5803185,6383006786,1635346,8,474.277068300459
5803186,6384642225,1608009,8,188.927756398904
5803187,6386250327,1589703,8,525.920924145368
5803190,6387840123,1656433,8,322.304183522365
5803200,6389496649,1624844,8,16.466237883118
5803225,6391121586,1625573,8,210.467758700909
5803300,6392747252,1646853,8,17.2851963066761
5803310,6394394198,1607568,8,103.909982399385
5803520,6396001859,1614671,8,441.720913184915
5803600,6397616623,1637933,8,1833.88235399244
5803601,6399254649,1635120,8,2176.7330237218603
5803602,6400889862,1638657,8,1819.29497605152
5803680,6402528612,1608729,8,37.011062995735294
5803690,6404137434,1584559,8,41.6615071716838
5803700,6405722086,1653682,8,686.739582304403
5803701,6407375861,1652649,8,687.209082295297
5803750,6409028603,1637762,8,499.131903765206
5803751,6410666458,1636469,8,499.131903765206
5803800,6412303020,1675348,8,774.87817493196
5863030,6413978461,1642703,8,291.592961793781
5863050,6415621257,1621631,8,708.868968762849
5863110,6417242981,1656380,8,1574.2342455719
5863120,6418899454,1644147,8,1166.25933821819
5863150,6420543694,1651228,8,1374.90689098411
5863200,6422195015,1648185,8,881.2552635519
5863210,6423843293,1628368,8,209.548283391841
5864200,6425471754,1637741,8,1566.7878146909698
5864210,6427109588,1628197,8,29.257147807002603
5864300,6428737878,1645715,8,2020.35355758048
5864330,6430383686,1651355,8,252.516786970652
5864350,6432035134,1659081,8,382.044131435631
5864500,6433694308,1630128,8,56.072897107648494
5864501,6435324529,1644432,8,2435.70325778707
5864700,6436969054,1654810,8,84.06979833255609
5864701,6438623957,1653391,8,421.223763254561
5865100,6440277441,1630415,8,18.1969886703626
5865101,6441907949,1647729,8,107.504435343397
5865121,6443555771,1651235,8,2696.66876916465
5865300,6445207099,1661843,8,11507.1129928487
5865301,6446869035,1653706,8,3470.37827541145
5865400,6448522834,1647630,8,227.040314194921
5865500,6450170557,1612841,8,3406.9625880000003
5865550,6451783491,1651539,8,1088.01618630489
5865600,6453435123,1666658,8,6588.10144864494
5865601,6455101874,1660154,8,29.321159884043603
5865650,6456762121,1659934,8,506.598670658292
5865670,6458422148,1656925,8,28.5549756694377
5865800,6460079166,1668759,8,14.7475700768761
5865810,6461748018,1639809,8,18.272575205131897
5865900,6463387920,1643333,8,304.563911347702
5866100,6465031346,1681097,8,162.93121191568198
5866110,6466712536,1662791,8,3557.0674890148102
5866111,6468375420,1656809,8,3556.2629956027004
5866115,6470032322,1688600,8,529.4731164729
5866120,6471721015,1635033,8,59.6962032165965
5866130,6473356141,1659679,8,751.8443033014571
5866150,6475015913,1713772,8,2589.99541762018
5866200,6476729778,1678540,8,566.631148755699
5866210,6478408411,1643386,8,751.8443033014571
5866230,6480051890,1637720,8,891.1605908225
5866300,6481689703,1682916,8,3605.625837880929
5866301,6483372712,1657627,8,557.579618463063
5866310,6485030432,1653326,8,551.650689472664
5866500,6486683851,1683606,8,1061.81338657814
5866600,6488367550,1689023,8,432.162532401094
5866610,6490056666,1683676,8,962.7527124754912
5867200,6491740435,1656622,8,581.057636181675
5867250,6493397150,1641434,8,1743.5011478484803
5867300,6495038677,1640238,8,377.103591931674
5867350,6496679008,1657645,8,1166.4150280217
5867400,6498336746,1709534,8,141.64722263597798
5867510,6500046373,1730402,8,1012.9295923254
5867550,6501776868,1727242,8,362.515894783994
5867700,6503504203,1675161,8,3824.270697870561
5867710,6505179457,1666887,8,643.4285520328201
5868050,6506846437,1695842,8,12094.4773404053
5868100,6508542372,1695130,8,20507.585975923
5869400,6510237595,1672229,8,4500.38708144075
5869401,6511909917,1696494,8,3111.73035020271
5869501,6513606504,1695587,8,95.3182665765388
5870500,6515302184,1658139,8,236.478017343864
5870600,6516960416,1672239,8,6326.8143687836
5870650,6518632748,1666162,8,175.55069233174703
5870655,6520299003,1667852,8,1409.81584345082
5870700,6521966948,1665819,8,359.545811107574
6140100,6523632860,1651604,8,85.8256639808906
6140101,6525284557,1651121,8,247.247862062453
6140120,6526935771,1651380,8,388.373689106414
6140130,6528587244,1675876,8,44.3231805512305
6140140,6530263213,1674357,8,180.731598460682
6140150,6531937663,1660132,8,384.478755032043
6140250,6533597888,1643971,8,8295.553633249141
6140280,6535241952,1631941,8,276.015259481113
6140300,6536873986,1662832,8,2889.5227259887297
6140400,6538536911,1650606,8,50934.2355652299
6140401,6540187610,1651298,8,48375.420044072096
6140450,6541839001,1654602,8,1492.27858340206
6140480,6543493696,1660307,8,2131.3146197680603
6140481,6545154096,1646658,8,2131.3146197680603
6140500,6546800847,1675409,8,776.3021832158
6140600,6548476349,1649900,8,621.057421592205
6140700,6550126342,1658432,8,183.277708654301
6142100,6551784867,1663674,8,1566.2896412457
6142101,6553448634,1666264,8,351.66286457451696
6142110,6555114991,1632464,8,11929.8662613855
6142120,6556747548,1660158,8,9108.61777291262
6142160,6558407799,1647427,8,131.71188482043502
6142170,6560055319,1652132,8,488.905563825298
6142190,6561707544,1657613,8,472.203514993268
6142250,6563365250,1658152,8,298.863673649727
6142260,6565023495,1647513,8,426.641411354758
6142270,6566671101,1661342,8,128.179104459228
6142300,6568332536,1669553,8,1260.55837015346
6157100,6570002182,1663299,8,4660.77619897774
6172005,6571665574,1642569,8,116.033253454279
6172010,6573308236,1667261,8,94.0937447702478
6172011,6574975590,1659130,8,673.051393431963
6172012,6576634813,1658025,8,648.143097672583
6172013,6578292931,1670378,8,619.979103897061
6172014,6579963402,1670399,8,125.354661065369
6172015,6581633894,1648655,8,468.664176585245
6172016,6583282642,1675640,8,610.380967802306
6172020,6584958375,1657141,8,205.690907182716
6172021,6586615609,1643138,8,170.39963895233498
6172022,6588258840,1641525,8,678.385675172111
6172023,6589900458,1671149,8,2628.6522024076503
6172024,6591571700,1663087,8,191.41418421097697
6172026,6593234880,1671081,8,260.582673100738
6172028,6594906054,1675581,8,456.327412699765
6172029,6596581728,1645721,8,15.1730615057494
6172030,6598227542,1673166,8,99.7477845228059
6172031,6599900801,1659398,8,98.7125795720112
6172032,6601560292,1648885,8,197.837571031422
6172033,6603209270,1672063,8,304.292242693046
6172035,6604881426,1646093,8,15.1730615057494
6172036,6606527612,1673274,8,334.477682743093
6172037,6608200979,1668072,8,360.14875675157003
6172039,6609869144,1665676,8,313.450863102231
6172040,6611534913,1668352,8,122.290466322149
6172041,6613203358,1671107,8,925.349797755031
6172042,6614874558,1671874,8,1734.21159962841
6172043,6616546525,1643190,8,16.4621067096312
6172050,6618189808,1671638,8,5157.608935572071
6172052,6619861539,1669034,8,2365.81974920129
6172053,6621530666,1660298,8,607.876318250281
6172054,6623191057,1641738,8,41.87688118060829
6172055,6624832888,1654106,8,247.28638600763
6172056,6626487087,1661982,8,21.4580264958504
6172057,6628149162,1656241,8,268.84885998782
6172058,6629805496,1670018,8,237.210073137545
6172200,6631475607,1665531,8,8011.225466538041
6172220,6633141231,1673364,8,1057.62550460198
6172224,6634814688,1667755,8,12.6104114704104
6172230,6636482536,1670878,8,196.63653213163
6172232,6638153507,1644412,8,79.36486449340491
6172236,6639798012,1671207,8,1069.5476027845
6172240,6641469312,1671771,8,923.583123510502
6172250,6643141176,1644732,8,94.6912771630106
6172260,6644786001,1665691,8,898.181394634487
6172270,6646451785,1652561,8,249.305062448565
6172280,6648104439,1667225,8,1108.91718966717
6172290,6649771757,1645174,8,59.20679358149489
6172292,6651417024,1644546,8,140.073264822819
6172350,6653061663,1663431,8,56080.824261961
6172351,6654725187,1662538,8,47709.120031196
6210100,6656387818,1606042,8,1008.20980352178
6210210,6657993953,1614232,8,1249.76968336993
6210220,6659608278,1599928,8,318.957130317701
6210230,6661208299,1603309,8,551.446044687592
6210310,6662811701,1632382,8,713.093712653969
6210320,6664444176,1620442,8,574.678233414744
6210330,6666064711,1608969,8,345.004538793741
6210410,6667673773,1617027,8,2874.07535558818
6210510,6669290893,1627164,8,698.7693780976571
6211050,6670918150,1620638,8,15652.3868757067
6211100,6672538881,1626395,8,12781.0959187531
6211150,6674165369,1620325,8,12780.6195108177
6211160,6675785787,1620309,8,2318.21328793993
6211170,6677406189,1600660,8,2226.3513514846104
6211180,6679006942,1615514,8,1025.47787322298
6211185,6680622549,1615410,8,1025.47787322298
6211500,6682238052,1637174,8,7967.71046689703
6211520,6683875319,1625642,8,4292.9712514457
6211610,6685501054,1630116,8,193.69851917130904
6211620,6687131263,1626965,8,109.375809260672
6212320,6688758321,1606470,8,724.2643790432311
6212330,6690364884,1593305,8,191.848987628279
6212400,6691958282,1610735,8,41925.2622569376
6212410,6693569110,1626920,8,41644.3270972712
6212420,6695196123,1622221,8,63242.8997489158
6212430,6696818437,1606071,8,74968.207455673
6212440,6698424601,1618363,8,46301.8813276237
6212450,6700043057,1608559,8,46173.549090587694
6212460,6701651709,1626366,8,12837.5447668255
6212470,6703278168,1630743,8,5057.39568814372
6212480,6704909004,1654322,8,134.900917227717
6212500,6706563419,1636224,8,3974.31111098396
6212505,6708199736,1627616,8,3984.93775060342
6212510,6709827445,1639387,8,14361.5718267824
6212515,6711466925,1615569,8,14361.5718267824
6212550,6713082587,1625457,8,127.824103317186
6212610,6714708137,1596247,8,3640.53735692124
6212620,6716304477,1590871,8,3166.65108668003
6212630,6717895441,1616024,8,282.404555278333
6212700,6719511558,1645323,8,2416.48513557996
6212710,6721156974,1642255,8,5163.84841750919
6212720,6722799322,1651296,8,362.315656724989
6212740,6724450711,1628110,8,15522.9064485974
6212750,6726078914,1633730,8,4216.56498876605
6212760,6727712737,1603858,8,139.09602904541902
6212780,6729316688,1636751,8,882.539966564059
6212810,6730953532,1586312,8,1691.1125841412
6212820,6732539937,1599392,8,1691.1125841412
6212830,6734139422,1587137,8,330.23647376879603
6212840,6735726652,1609877,8,4126.481486927971
6212850,6737336622,1610712,8,5347.720719390821
6212860,6738947427,1620855,8,475.790075613452
6212870,6740568375,1626205,8,86.873406505655
6213500,6742194673,1611118,8,51623.094758292806
6213510,6743805884,1610379,8,419.15255839336703
6213520,6745416356,1607743,8,2738.74759206124
6213530,6747024192,1611604,8,4064.70309806166
6213540,6748635889,1604242,8,780.914820102653
6213650,6750240224,1597337,8,33538.8867206481
6213700,6751837654,1609294,8,33534.4431706921
6213750,6753447041,1607955,8,11492.599381185
6213760,6755055089,1608264,8,136.983748676602
6213770,6756663446,1598272,8,8747.99493467965
6213780,6758261811,1617626,8,6942.60590448283
6213790,6759879530,1595165,8,265.621466453705
6213792,6761474788,1616556,8,38.4974658527454
6213794,6763091437,1625934,8,917.00806528102
6213800,6764717464,1635369,8,3261.59264756952
6213850,6766352926,1612857,8,9280.25677762847
6213900,6767965876,1647345,8,414.38708592422006
6216500,6769613314,1577560,8,48689.01110074519
6216510,6771190967,1573856,8,48717.753433306905
6216520,6772764916,1577467,8,11849.8301948452
6216530,6774342476,1596655,8,837.042531414099
6216610,6775939224,1571099,8,8519.220967179559
6216630,6777510416,1565654,8,7674.20456260388
6216650,6779076163,1570846,8,208.07187590066505
6216700,6780647102,1577871,8,2232.24919892324
6216800,6782225066,1601054,8,1004.53583695863
6216810,6783826213,1589091,8,3419.48192101352
6216820,6785415397,1589799,8,670.329807962705
6217100,6787005289,1587481,8,46824.9433400717
6217110,6788592863,1579315,8,44603.4384672751
6217120,6790172271,1578340,8,48987.04911843661
6217135,6791750704,1585013,8,24842.1893102963
6217140,6793335810,1589241,8,15659.8891636483
6217150,6794925144,1598878,8,1349.95370688499
6217200,6796524115,1606835,8,603.426948003471
6217300,6798131043,1578176,8,7966.83651120452
6217400,6799709312,1587192,8,5168.26445058241
6217500,6801296597,1577152,8,6424.123981911391
6217600,6802873842,1598748,8,17.615683709981
6217700,6804472683,1570040,8,357.737028915409
6217800,6806042816,1580292,8,875.410694578715
6220100,6807623201,1624402,8,29.666006445239105
6220101,6809247696,1623642,8,15.4460385477712
6220110,6810871431,1620536,8,51.55601801567779
6220111,6812492060,1620094,8,17.2055115696812
6220112,6814112247,1622216,8,31.0946696225102
6220120,6815734556,1614741,8,259.394374114915
6220160,6817349390,1600113,8,517.425378951238
6220161,6818949596,1617138,8,227.834929560946
6220162,6820566827,1609308,8,815.422776275627
6220170,6822176228,1623647,8,93.4791364645885
6220175,6823799968,1614876,8,52.15959361548229
6220201,6825414937,1604672,8,5008.12781239856
6220203,6827019702,1600959,8,5319.82373635204
6220204,6828620754,1609852,8,5305.96179818406
6220210,6830230699,1608294,8,2900.17613647055
6220300,6831839086,1627772,8,2204.17735270644
6220301,6833466951,1626499,8,2095.92394015129
6220320,6835093543,1609343,8,29.7582244094187
6220330,6836702979,1610608,8,83.23539860172191
6220345,6838313680,1607095,8,14.011468500720598
6220350,6839920868,1608152,8,14.4862639674592
6220360,6841529113,1624302,8,2204.17735270644
6220361,6843153508,1613637,8,660.4248945408619
6220362,6844767238,1607372,8,212.8638877177
6220370,6846374703,1620450,8,99.3342560033178
6220500,6847995246,1622141,8,638.870831073212
6220501,6849617480,1640849,8,13.5326898099616
6220502,6851258422,1618118,8,312.202213757861
6220510,6852876633,1622973,8,112.909627093184
6221100,6854499699,1617865,8,20477.345492476
6221101,6856117657,1614679,8,16554.8854807856
6221102,6857732429,1619338,8,10163.7496941763
6221110,6859351860,1611685,8,300.517045843058
6221120,6860963638,1611810,8,1242.33830968798
6221130,6862575541,1607598,8,322.307105058251
6221131,6864183232,1622712,8,187.500356711762
6221140,6865806037,1615189,8,127.723954083714
6221200,6867421319,1628029,8,682.679719292952
6221500,6869049441,1628486,8,1606.10818883636
6221501,6870678020,1630887,8,2893.8561671473803
6221510,6872309000,1637595,8,274.762558825044
6221550,6873946688,1634296,8,1309.03498554197
6221551,6875581077,1636776,8,299.542862991137
6221560,6877217946,1615421,8,261.555672946673
6221570,6878833460,1635124,8,190.13660435798
6221600,6880468677,1622291,8,180.836809533713
6221610,6882091061,1632174,8,113.430972229182
6221620,6883723328,1640603,8,1226.5723327621902
6221630,6885364024,1604151,8,2850.1730385899896
6221640,6886968268,1636080,8,209.726213302075
6221660,6888604441,1614726,8,455.042518803435
6221670,6890219260,1623898,8,176.123610821452
6221680,6891843251,1640548,8,1057.01125406847
6226100,6893483892,1618416,8,463.754248673461
6226200,6895102401,1631876,8,5434.44690292916
6226210,6896734370,1611995,8,300.429336625874
6226220,6898346458,1627334,8,1052.85989656013
6226230,6899973885,1622133,8,1055.57295125395
6226250,6901596111,1608310,8,259.508406210987
6226300,6903204514,1657770,8,24945.1608176925
6226310,6904862377,1682571,8,5520.445510106851
6226350,6906545041,1628049,8,237.773633895487
6226390,6908173183,1680347,8,105.751634441743
6226400,6909853623,1648405,8,41219.0490322154
6226420,6911502121,1603712,8,1050.55040335516
6226430,6913105926,1669393,8,4006.46804998514
6226440,6914775412,1600124,8,9626.68401908423
6226450,6916375629,1614381,8,2152.8834068746
6226460,6917990103,1608124,8,207.92589842895
6226470,6919598320,1625110,8,142.405261921039
6226480,6921223523,1611501,8,1488.6787299361802
6226490,6922835117,1676427,8,45.217973209191705
6226500,6924511637,1621270,8,274.372461287888
6226550,6926133000,1607470,8,3780.1687749136
6226600,6927740563,1672458,8,12899.854429479
6226640,6929413114,1665557,8,302.496662416548
6226650,6931078764,1671945,8,9637.24767416202
6226690,6932750802,1658293,8,449.259801503677
6226700,6934409188,1647663,8,101.957528662412
6226800,6936056944,1657105,8,84021.9418633259
6227100,6937714142,1559157,8,750.7601577238561
6227130,6939273392,1614987,8,6129.621571670949
6227150,6940888472,1615441,8,2165.84212241341
6227160,6942504006,1616016,8,481.88512234713096
6227170,6944120115,1636714,8,108.854012031226
6227300,6945756922,1565617,8,598.666414023108
6227410,6947322632,1578414,8,14470.6035100023
6227420,6948901139,1572684,8,14476.1774732279
6227430,6950473916,1589609,8,5963.16385098636
6227440,6952063618,1584904,8,5411.47598292182
6227500,6953648615,1607784,8,17070.0197231798
6227510,6955256492,1607672,8,21192.002746265
6227520,6956864257,1601235,8,10330.4166797045
6227530,6958465585,1636332,8,269.862292093643
6227610,6960102010,1622478,8,2533.21866385425
6227620,6961724581,1616906,8,676.5408854384191
6228600,6963341580,1595559,8,1005.20820766076
6228700,6964937232,1614257,8,779.500350778262
6228800,6966551582,1623285,8,4586.7702487878005
6228810,6968174960,1625162,8,4914.15788679393
6228820,6969800215,1601805,8,23.039128436258803
6228900,6971402113,1621750,8,1399.5980467205802
6228910,6973023956,1629306,8,1383.15276512082
6228920,6974653355,1627858,8,3151.35626424482
6229100,6976281306,1672943,8,630.0528995576909
6229110,6977954342,1665814,8,71.45988964832009
6229120,6979620249,1652661,8,8.49219982602725
6229130,6981273003,1661497,8,625.8164475973169
6229140,6982934593,1655209,8,22.5859081298903
6232101,6984589895,1679405,8,4803.28155069142
6232900,6986269393,1670089,8,12618.5743442106
6232901,6987939575,1681015,8,12618.5743442106
6232905,6989620683,1672935,8,4025.80587703295
6232910,6991293711,1692232,8,40141.4405492651
6232911,6992986036,1688304,8,16615.3082208896
6232913,6994674433,1668205,8,11437.8994423602
6232916,6996342731,1661495,8,589.1137140294879
6232930,6998004319,1675446,8,3804.68756333578
6232960,6999679858,1662384,8,342.098206029572
6232970,7001342335,1655645,8,31.2659599298502
6233100,7002998073,1667693,8,2138.14915702167
6233110,7004665859,1661330,8,1915.37201319398
6233112,7006327282,1665029,8,2004.3237752723496
6233113,7007992404,1662256,8,2004.3237752723496
6233114,7009654753,1678069,8,592.150968427446
6233116,7011332915,1670421,8,1040.74745671864
6233118,7013003429,1656782,8,1268.4418135127198
6233120,7014660304,1637290,8,108.456468379335
6233122,7016297687,1665415,8,1185.9003469896902
6233124,7017963195,1668210,8,3708.348021849021
6233126,7019631498,1670060,8,3149.4775159446804
6233128,7021301651,1639007,8,443.893141147407
6233130,7022940751,1646665,8,3417.8614877130603
6233132,7024587509,1645572,8,3850.99500520312
6233133,7026233174,1647278,8,3863.55062890364
6233134,7027880545,1659662,8,1620.63096319944
6233140,7029540300,1637507,8,200.343917079114
6233150,7031177900,1664178,8,259.937364820018
6233160,7032842171,1638181,8,249.904428617554
6233163,7034480445,1637517,8,1167.51288993064
6233165,7036118055,1639331,8,79.3659692743663
6233170,7037757479,1652854,8,5469.5046204192495
6233180,7039410426,1636286,8,153.926672923219
6233190,7041046805,1634615,8,241.44304887875
6233200,7042681513,1683908,8,563.631370170025
6233201,7044365514,1676595,8,28357.704533389904
6233203,7046042202,1669753,8,12493.2513316175
6233204,7047712048,1687009,8,12493.2513316175
6233205,7049399150,1688270,8,1082.71025381413
6233210,7051087513,1639441,8,430.211559508844
6233220,7052727047,1687612,8,236.566973831334
6233221,7054414752,1692387,8,20162.4344889049
6233222,7056107232,1690313,8,59.66023531674461
6233223,7057797638,1688188,8,8358.44189943366
6233225,7059485919,1683489,8,2.8568726243570204
6233227,7061169501,1693744,8,440.905956066201
6233230,7062863338,1644543,8,165.936594944671
6233233,7064507974,1655705,8,2732.14133397174
6233240,7066163772,1647166,8,4.685218509963559
6233250,7067811031,1654658,8,3515.21727265844
6233300,7069465782,1649050,8,47.07719266519671
6233301,7071114925,1641611,8,15024.714649492
6233302,7072756629,1638832,8,14.2213653301064
6233310,7074395554,1635891,8,2338.08100245476
6233315,7076031538,1683590,8,48425.6082519233
6233320,7077715221,1682303,8,48417.501797803605
6233325,7079397617,1655917,8,171.91211971648102
6233350,7081053627,1652351,8,1374.27677519669
6233360,7082706071,1650298,8,4507.890007154891
6233365,7084356462,1642067,8,11.3055751785072
6233366,7085998622,1652936,8,85.0705596241293
6233367,7087651651,1636763,8,51.7881486171763
6233400,7089288507,1687773,8,2104.60036413204
6233401,7090976373,1696028,8,25587.1035970199
6233402,7092672494,1646021,8,162.814810179232
6233403,7094318608,1652514,8,670.621235683623
6233406,7095971215,1647896,8,45.7020988470728
6233410,7097619204,1655486,8,22684.8861612433
6233411,7099274783,1642390,8,234.49750421238
6233412,7100917266,1638044,8,4144.26198894591
6233413,7102555403,1632533,8,1109.02210118455
6233414,7104188029,1660039,8,2827.39143199412
6233415,7105848161,1648290,8,5.26347574790833
6233416,7107496544,1642839,8,750.680507594798
6233417,7109139476,1655504,8,2.18267375716819
6233418,7110795073,1643487,8,211.22639669224895
6233419,7112438653,1646231,8,318.421303034053
6233421,7114084977,1651664,8,143.985262503787
6233422,7115736734,1657959,8,1099.69766950663
6233423,7117394786,1660744,8,1185.70851949686
6233424,7119055623,1655468,8,208.28122766285705
6233425,7120711184,1656299,8,849.5275389456759
6233440,7122367576,1652189,8,2239.29748421324
6233450,7124019858,1702659,8,382.61569035052
6233460,7125722610,1705907,8,164.068455554792
6233465,7127428610,1694957,8,202.83482275773
6233470,7129123660,1696874,8,1100.06304315204
6233500,7130820627,1676202,8,448.13075322629896
6233501,7132496922,1704152,8,27464.9402390488
6233502,7134201167,1706754,8,27357.205893424303
6233510,7135908014,1697919,8,13815.8887830724
6233520,7137606026,1688069,8,1077.31299507888
6233523,7139294188,1682941,8,6675.056987126949
6233525,7140977222,1667759,8,4012.76580802021
6233527,7142645074,1655066,8,4699.62810289964
6233528,7144300233,1643947,8,4684.0019002111
6233530,7145944273,1683763,8,194.73579092531003
6233540,7147628129,1654572,8,174.727696793122
6233550,7149282794,1668470,8,168.320166178286
6233551,7150951357,1688436,8,12096.7073078296
6233552,7152639886,1681605,8,4748.393332482489
6233555,7154321584,1668992,8,11.3123792753645
6233600,7155990669,1658220,8,234.137790710134
6233610,7157648982,1635932,8,954.100133453388
6233650,7159285007,1704213,8,30739.2297945392
6233652,7160989313,1698608,8,20930.9717467576
6233680,7162688014,1696705,8,6164.76388848797
6233690,7164384812,1694690,8,11641.0891615138
6233692,7166079595,1679731,8,5715.37571078046
6233700,7167759419,1680614,8,1469.69247368806
6233710,7169440126,1705177,8,11701.6988992012
6233720,7171145396,1674571,8,2394.06504057838
6233730,7172820060,1662748,8,2394.06504057838
6233740,7174482901,1702280,8,7336.45342889979
6233750,7176185274,1718471,8,24922.5879250795
6233752,7177903838,1709093,8,10041.2795166749
6233754,7179613024,1690760,8,9282.13387271896
6233755,7181303877,1670121,8,44.1384045910912
6233780,7182974091,1676564,8,3882.7927626427295
6233785,7184650748,1670807,8,40.46781765681521
6233800,7186321648,1677165,8,1090.57360961342
6233850,7187998906,1697421,8,16432.3827468976
6233870,7189696420,1671730,8,519.301866200122
6233902,7191368243,1639794,8,14.6666306139301
6235100,7193008130,1716398,8,227.513520525943
6235101,7194724621,1717656,8,146.47335955291402
6235102,7196442370,1714940,8,42.8289141240871
6235110,7198157403,1716549,8,33.733409124691704
6235200,7199874045,1707664,8,34.8164291701363
6235210,7201581802,1708101,8,93.7212835612564
6235300,7203289996,1690856,8,137.872106029106
6235400,7204980945,1718194,8,1271.83752846113
6235500,7206699232,1720098,8,839.867234382425
6235530,7208419423,1704118,8,6534.880972719599
6235535,7210123634,1678591,8,4859.47549533305
6238100,7211802318,1614260,8,85.52738788537971
6238150,7213416671,1620553,8,56.4499939987235
6242020,7215037317,1716117,8,86.35651956676139
6242030,7216753527,1648099,8,156.539917944191
6242050,7218401719,1662946,8,469.170870033635
6242070,7220064758,1655044,8,227.178767727176
6242100,7221719895,1713841,8,79239.77884642509
6242110,7223433829,1693458,8,456.30434306846
6242120,7225127380,1647515,8,257.266168059464
6242130,7226774988,1646436,8,91.43443563423652
6242140,7228421517,1659029,8,327.045791187343
6242150,7230080639,1678862,8,1097.95407821496
6242160,7231759594,1687134,8,612.476624301435
6242170,7233446821,1667590,8,281.44392581195
6242180,7235114504,1649656,8,220.668340338954
6242200,7236764253,1645088,8,195.485073155961
6242240,7238409434,1690045,8,275.40626528224
6242250,7240099572,1701681,8,5929.89671711605
6242251,7241801346,1706004,8,133.033968892482
6242260,7243507443,1698778,8,198.096047965043
6242270,7245206314,1699244,8,72.9789967293856
6242280,7246905651,1694287,8,41.2158378865567
6242281,7248600031,1695824,8,146.966139889562
6242290,7250295948,1698218,8,364.190911101736
6242300,7251994259,1710939,8,94761.48522952312
6242310,7253705291,1639255,8,48.76325143083589
6242400,7255344639,1701669,8,95681.692677309
6242401,7257046401,1712429,8,95611.7150781262
6242410,7258758923,1625143,8,159.615343350502
6242420,7260384159,1654184,8,302.404187506162
6242500,7262038436,1708108,8,101357.008564241
6242501,7263746637,1703651,8,101164.068190954
6242510,7265450381,1707830,8,1007.14297459237
6242515,7267158304,1653704,8,835.800006832863
6242520,7268812101,1654521,8,1525.86972773068
6242530,7270466715,1657162,8,272.951136357692
6242540,7272123970,1628147,8,211.112831662519
6242550,7273752210,1652510,8,206.845769748698
6242555,7275404813,1636721,8,66.497505841192
6242560,7277041627,1626447,8,362.884239081296
6242570,7278668167,1633806,8,2.86064096635477
6242600,7280302066,1708449,8,1227.9346076182
6242610,7282010608,1703758,8,47.697363213401005
6242613,7283714459,1695436,8,471.638575988462
6242615,7285409988,1689698,8,255.43438532232705
6242620,7287099779,1692423,8,2799.85384431076
6242621,7288792295,1641967,8,67.0239147727398
6242630,7290434355,1703128,8,3468.6962270610697
6242631,7292137576,1662793,8,363.40013216172304
6242700,7293800462,1708724,8,103787.074473298
6242710,7295509279,1650552,8,1088.91058782164
6242715,7297159924,1631776,8,108.747852885326
6242800,7298791793,1697141,8,130918.926938985
6242810,7300489027,1631659,8,532.744284703747
6242820,7302120779,1642644,8,25510.492379221
6242830,7303763516,1628477,8,12581.6528618356
6242850,7305392086,1648834,8,1406.00917735495
6242910,7307041013,1656358,8,2161.35249451968
6242920,7308697464,1628953,8,785.067333985432
6242930,7310326510,1650456,8,1975.7578811285896
6242933,7311977059,1686497,8,86.76740077976092
6242940,7313663649,1638504,8,988.648966897731
6242950,7315302246,1680175,8,46.8081991822807
6242951,7316982514,1690753,8,197.261371279575
6242952,7318673360,1686533,8,58.8986285809534
6243030,7320359986,1719247,8,5755.178047655921
6243050,7322079326,1726093,8,9282.51871686206
6243110,7323805512,1623345,8,162.884307995211
6243120,7325428950,1621651,8,94.27775170519392
6243200,7327050694,1723469,8,152.753800102487
6243201,7328774256,1718681,8,329.439351686591
6243210,7330493030,1714661,8,142.45791809431802
6243220,7332207784,1705884,8,191.990801551546
6243230,7333913761,1702704,8,99.45614823997592
6243235,7335616558,1703181,8,129.151838667416
6243240,7337319832,1701123,8,425.919839121377
6243245,7339021048,1729723,8,4417.78411948039
6243250,7340750864,1711194,8,1115.54016778551
6243260,7342462151,1702881,8,78.8197174752885
6243270,7344165125,1709301,8,75.5570812522039
6243300,7345874519,1722206,8,319.164113782366
6243350,7347596818,1712154,8,56.6466830900966
6243355,7349309065,1717709,8,113.0260257131
6243360,7351026867,1718529,8,112.493256311262
6243400,7352745489,1711163,8,769.745444505979
6243410,7354456745,1701614,8,71.3818977722079
6243450,7356158452,1704750,8,108.572603874829
6243800,7357863295,1651937,8,166.32144664064302
6243810,7359515325,1646598,8,70.44483813290391
6243830,7361162016,1648140,8,14.877680446053
6243850,7362810249,1731027,8,24264.4433049643
6246100,7364541369,1682561,8,276.27754730940603
6246110,7366224023,1658979,8,947.654930120259
6246120,7367883095,1661954,8,312.496892693968
6246121,7369545142,1661596,8,127.080603248199
6246130,7371206831,1686491,8,596.55969475655
6246140,7372893415,1680264,8,6.29405545533773
6246145,7374573772,1691383,8,1032.33258211742
6246150,7376265248,1681025,8,72.37059975396409
6246155,7377946366,1672781,8,138.216539943134
6246160,7379619240,1706935,8,515.330098065662
6246161,7381326268,1707610,8,107.705395515501
6246165,7383033971,1681200,8,34.9409828563705
6246170,7384715264,1700274,8,264.285847897963
6246180,7386415631,1700793,8,42.6876754665832
6246185,7388116517,1692089,8,14.4788663972891
6246190,7389808699,1684757,8,38.7069987276884
6246195,7391493549,1697295,8,59.884122984153606
6246400,7393190937,1686310,8,10994.8327701098
6246590,7394877340,1685526,8,9766.98719972726
6246600,7396562959,1678787,8,9555.75574215261
6246601,7398241839,1675452,8,8336.146417082009
6246605,7399917384,1646285,8,220.772631699298
6246610,7401563762,1682038,8,6529.88676619332
6246611,7403245893,1682385,8,6805.16252831869
6246612,7404928371,1690483,8,6194.303586963199
6246620,7406618947,1677282,8,153.83410776641702
6246630,7408296322,1693821,8,372.7518397979701
6246631,7409990236,1693834,8,104.878641114871
6246632,7411684163,1703408,8,86.91584926000799
6246633,7413387664,1696177,8,370.971539292073
6246635,7415083934,1695262,8,74.6339279364865
6246700,7416779289,1680081,8,722.59216344015
6246701,7418459463,1688399,8,240.49257983967095
6246710,7420147955,1683582,8,326.326805181202
6321100,7421831630,1630693,8,1382.80516666823
6321200,7423462416,1637257,8,2127.22683770061
6334270,7425099766,1628862,8,440.260258195207
6334280,7426728721,1620849,8,131.27893148233298
6334800,7428349663,1641959,8,481.319058735322
6335020,7429991715,1714208,8,158721.302648701
6335030,7431706016,1646224,8,4097.883241434361
6335031,7433352333,1649715,8,2008.0043552836
6335032,7435002141,1650626,8,444.952713384238
6335035,7436652860,1647063,8,193.514021186332
6335040,7438300016,1623353,8,236.818387360836
6335045,7439923462,1647476,8,2881.6958967738105
6335046,7441571031,1643940,8,1494.11871626441
6335048,7443215064,1637591,8,785.029569553114
6335050,7444852748,1715671,8,147464.836187307
6335055,7446568512,1660753,8,267.850506617925
6335060,7448229358,1715600,8,144041.075526608
6335070,7449945051,1718120,8,139227.618222812
6335075,7451663264,1626772,8,359.038985074838
6335076,7453290129,1639901,8,663.1451016025969
6335080,7454930123,1635472,8,4713.97757114408
6335081,7456565688,1646939,8,1895.02281598544
6335082,7458212720,1642451,8,1051.80537545341
6335083,7459855264,1641349,8,4177.62013256756
6335100,7461496706,1717679,8,103274.986712218
6335113,7463214478,1611040,8,4036.70796642169
6335115,7464825611,1632357,8,4006.16550221447
6335116,7466458061,1636128,8,2826.98572353479
6335117,7468094282,1625267,8,329.19189741045
6335125,7469719642,1659947,8,957.215095875532
6335150,7471379682,1719122,8,98001.9894883323
6335155,7473098897,1627560,8,128.81994061682698
6335156,7474726550,1624998,8,111.074477345043
6335160,7476351641,1630850,8,1073.36884469797
6335165,7477982584,1633928,8,89.786898014849
6335167,7479616605,1639091,8,397.803850952682
6335170,7481255789,1725971,8,53044.0141338552
6335175,7482981853,1636498,8,201.004211158454
6335180,7484618444,1723566,8,68711.5858724775
6335190,7486342103,1629701,8,313.353521471384
6335200,7487971897,1727397,8,50535.7716609646
6335240,7489699387,1642240,8,21469.7472285285
6335290,7491341720,1652381,8,1925.00348367864
6335291,7492994194,1656247,8,723.196436812207
6335300,7494650534,1645376,8,146.003172125963
6335301,7496296003,1649123,8,12666.9940097377
6335302,7497945219,1641044,8,17873.441061562902
6335303,7499586356,1638760,8,11943.837194899
6335304,7501225209,1639650,8,24732.4159308561
6335310,7502864952,1645415,8,967.751740190089
6335320,7504510460,1636156,8,471.9909066875341
6335350,7506146709,1639260,8,3578.35877271361
6335351,7507786062,1635468,8,1663.96131598821
6335360,7509421623,1637725,8,694.6949919523449
6335400,7511059441,1727159,8,34234.1047430796
6335410,7512786693,1660067,8,608.040110713531
6335450,7514446853,1701952,8,634.923140925521
6335451,7516148898,1678740,8,626.677911115861
6335460,7517827731,1674070,8,781.1675296044971
6335461,7519501894,1653585,8,781.1675296044971
6335465,7521155572,1705705,8,264.717710089528
6335470,7522861370,1658901,8,283.286223743853
6335485,7524520364,1639990,8,114.86429882446
6335500,7526160447,1646143,8,14115.1682948621
6335510,7527806683,1625129,8,592.755851704404
6335520,7529431905,1638261,8,1592.27275647409
6335521,7531070259,1640024,8,1023.42309270951
6335530,7532710376,1646631,8,6941.755959245401
6335540,7534357100,1660802,8,710.116879485081
6335550,7536017995,1659489,8,174.826307782048
6335551,7537677577,1655821,8,121.426437924145
6335560,7539333491,1655636,8,136.709770820558
6335565,7540989220,1651783,8,319.245084001222
6335570,7542641096,1646687,8,54.8232418044207
6335571,7544287876,1642718,8,132.120357443619
6335580,7545930687,1645296,8,112.40630413722602
6335600,7547576076,1651495,8,12622.800397648798
6335601,7549227664,1653743,8,7866.588999240759
6335602,7550881500,1656517,8,3967.64916444419
6335603,7552538110,1661639,8,451.805832123612
6335604,7554199842,1657875,8,2335.8242361345
6335606,7555857810,1648597,8,3268.31281525791
6335610,7557506500,1628662,8,251.211139694309
6335620,7559135255,1634984,8,157.737266467853
6335621,7560770332,1659555,8,302.341006727215
6335635,7562429980,1645888,8,145.25044605450898
6335640,7564075961,1646826,8,234.115221552692
6335650,7565722880,1645219,8,410.645733035815
6335651,7567368192,1644132,8,231.322248906764
6335660,7569012417,1651637,8,1452.82214603845
6335665,7570664147,1646812,8,118.013798312741
6335670,7572311052,1637259,8,669.426710545212
6335671,7573948404,1651130,8,134.359627822133
6335675,7575599627,1647309,8,518.260069821396
6335676,7577247029,1651533,8,183.482442401816
6335677,7578898655,1650042,8,117.517077918416
6335680,7580548790,1652398,8,172.482677395844
6335681,7582201281,1647276,8,1825.58952636724
6335690,7583848650,1655111,8,576.891201659576
6335695,7585503854,1653272,8,681.053841523832
6335696,7587157219,1657827,8,132.766121980553
6335697,7588815139,1630785,8,259.222384858626
6335700,7590446017,1654157,8,197.792238853969
6335710,7592100267,1660947,8,478.418057838563
6335720,7593761307,1655818,8,142.164194662351
6335725,7595417218,1657946,8,126.006579701416
6335730,7597075257,1659841,8,205.654411520535
6335735,7598735191,1644486,8,109.596000875028
6335800,7600379770,1655425,8,4249.76832218583
6335810,7602035288,1656997,8,313.696824141629
6335820,7603692378,1648668,8,209.240200861162
6335830,7605341139,1625486,8,164.834162351025
6336050,7606966718,1649543,8,27046.9520613182
6336500,7608616354,1649878,8,23748.3439098337
6336510,7610266325,1635911,8,259.154491739366
6336800,7611902329,1642457,8,11528.5621810751
6336900,7613544879,1644899,8,6923.84261502687
6336910,7615189871,1629642,8,1312.05468807756
6336920,7616819606,1641270,8,1778.69339280333
6336930,7618460969,1641020,8,715.932216336715
6337050,7620102082,1628694,8,1409.94070988113
6337060,7621730869,1636846,8,938.605810305347
6337100,7623367808,1638763,8,17573.8521722413
6337200,7625006664,1637777,8,38365.8179048031
6337250,7626644534,1638122,8,15494.8603583884
6337300,7628282749,1614478,8,15.6860039114227
6337310,7629897320,1638897,8,330.198936892846
6337320,7631536310,1637616,8,215.696854257887
6337330,7633174019,1639213,8,151.584787380479
6337340,7634813325,1649290,8,321.45505736707
6337350,7636462708,1648294,8,255.92748695605096
6337400,7638111095,1640782,8,12385.5846103864
6337410,7639751970,1640115,8,419.15872739754207
6337500,7641392178,1639737,8,2901.2070432893897
6337501,7643032008,1638250,8,7757.36755710172
6337502,7644670351,1635336,8,6258.860664430129
6337503,7646305780,1633069,8,103.293623549551
6337504,7647938942,1641165,8,1185.33264256263
6337505,7649580200,1635933,8,1434.34187005189
6337506,7651216226,1644487,8,2975.8628660344502
6337507,7652860806,1639339,8,6323.897562663299
6337508,7654500238,1645516,8,2517.9042805049103
6337509,7656145847,1639917,8,5276.22011736505
6337510,7657785857,1639311,8,6417.81290408479
6337511,7659425261,1643429,8,5153.14750291083
6337512,7661068783,1644566,8,4283.7067602507705
6337513,7662713442,1643452,8,5465.5861106375205
6337514,7664356987,1639742,8,15877.0406829492
6337515,7665996822,1635855,8,22141.732725127094
6337516,7667632770,1639617,8,14744.1853940082
6337517,7669272480,1636761,8,19874.9417413067
6337518,7670909334,1638092,8,19057.0835747098
6337519,7672547519,1640897,8,12953.2087108153
6337520,7674188509,1637567,8,473.23743196628897
6337521,7675826169,1645208,8,84.646984200569
6337530,7677471470,1648260,8,560.491497883415
6337540,7679119823,1631747,8,321.836142435911
6337541,7680751663,1627642,8,306.16892015601
6337542,7682379398,1624281,8,261.833267294417
6337550,7684003772,1623943,8,988.48455243004
6337560,7685627808,1621529,8,577.94307554749
6337570,7687249430,1642685,8,866.7104036279289
6337580,7688892208,1629567,8,65.54702664879329
6337590,7690521868,1643744,8,129.043735305225
6337600,7692165705,1630220,8,245.455577188944
6337601,7693796018,1628714,8,997.6969607061212
6337610,7695424825,1651107,8,1150.19141838243
6338010,7697076025,1618195,8,293.964506712349
6338100,7698694313,1638526,8,8455.731390370409
6338110,7700332932,1634064,8,4957.69599770113
6338120,7701967089,1640370,8,2929.49686399636
6338130,7703607552,1641166,8,3757.9328377953498
6338140,7705248811,1638421,8,8453.52171752215
6338150,7706887325,1641194,8,1789.9537744320498
6338160,7708528612,1632711,8,3097.93850574144
6338161,7710161416,1637795,8,2263.69299893804
6338162,7711799304,1634193,8,1768.0213393407998
6338163,7713433590,1636329,8,411.429083014423
6338200,7715070012,1639926,8,1504.5413080054998
6338201,7716710031,1628095,8,671.0763474503179
6338210,7718338219,1637065,8,333.63771226912496
6338250,7719975377,1634619,8,626.032934071992
6338260,7721610089,1634087,8,159.134280549412
6340050,7723244269,1631437,8,1480.12028031602
6340070,7724875799,1630179,8,628.437087024555
6340110,7726506071,1637305,8,130643.0663888
6340120,7728143469,1649484,8,52913.9646078582
6340130,7729793046,1647682,8,61510.8032178817
6340140,7731440821,1643087,8,93737.2109239097
6340150,7733084001,1638924,8,122264.401020746
6340160,7734723018,1641973,8,97533.0438522194
6340170,7736365084,1646662,8,69834.6769484051
6340180,7738011839,1641846,8,94773.446101937
6340190,7739653778,1650816,8,55367.2606335628
6340200,7741304687,1634842,8,6210.103210286179
6340210,7742939622,1630046,8,327.383842700096
6340215,7744569761,1627989,8,98.18522663619171
6340216,7746197843,1628312,8,90.79160178015542
6340218,7747826248,1630488,8,423.114368696129
6340220,7749456829,1619883,8,367.098851123488
6340225,7751076805,1629162,8,252.846330390743
6340300,7752706060,1637559,8,23429.439097322003
6340301,7754343712,1639022,8,17890.2488199406
6340302,7755982827,1648345,8,2678.83862138637
6340303,7757631265,1652980,8,530.496398740513
6340310,7759284338,1617563,8,189.121476835554
6340315,7760901994,1636545,8,313.869625750096
6340320,7762538632,1641282,8,873.973425207444
6340330,7764180007,1636462,8,265.073047876221
6340335,7765816562,1649529,8,367.723618506307
6340340,7767466184,1643490,8,156.998339651233
6340350,7769109767,1633356,8,326.104610364497
6340360,7770743216,1635766,8,293.576121859246
6340365,7772379075,1638404,8,1248.8276411924498
6340366,7774017572,1627991,8,294.205811859933
6340400,7775645656,1636824,8,208.47017690412895
6340410,7777282573,1648428,8,190.428752894519
6340415,7778931094,1641014,8,28.628643911435
6340420,7780572201,1645435,8,240.721573556518
6340430,7782217729,1650358,8,262.464541677696
6340440,7783868180,1645699,8,280.604967971872
6340500,7785513972,1627130,8,18182.6387731031
6340501,7787141195,1635921,8,18184.0724698703
6340510,7788777209,1637644,8,15472.2483565985
6340515,7790414946,1629842,8,195.388493763547
6340600,7792044881,1653972,8,6163.79111543799
6340610,7793698946,1630926,8,6869.16966543942
6340611,7795329965,1635125,8,9505.55463408236
6340612,7796965183,1643642,8,279.57709549456
6340613,7798608918,1623835,8,320.873353417819
6340620,7800232846,1661218,8,2100.56943462594
6340621,7801894157,1664447,8,1032.13136524032
6340625,7803558697,1656912,8,519.614623650349
6340627,7805215702,1664086,8,360.154097239856
6340628,7806879881,1650107,8,378.91222728713
6340630,7808530081,1636638,8,1557.79534483542
6340631,7810166812,1653821,8,1557.79534483542
6340635,7811820726,1654337,8,206.898868820645
6340670,7813475156,1650230,8,170.642486424972
6340671,7815125479,1630096,8,170.642486424972
6340700,7816755668,1637034,8,3077.61154853055
6340800,7818392795,1640512,8,2140.41445345156
6340810,7820033400,1642186,8,728.7586991960691
6341300,7821675679,1627835,8,349.05431340844905
6341301,7823303607,1623674,8,349.05431340844905
6341400,7824927374,1615261,8,1421.79797475307
6341500,7826542728,1630474,8,1378.27205448645
6342050,7828173295,1657717,8,158.953900365611
6342070,7829831105,1660476,8,423.280091117443
6342081,7831491674,1655194,8,218.882675938298
6342100,7833146961,1659361,8,500.5353519019629
6342105,7834806415,1666656,8,268.871617266413
6342110,7836473164,1666917,8,943.977713708981
6342120,7838140174,1651906,8,509.164360586313
6342125,7839792173,1658694,8,127.886518174755
6342130,7841450960,1647007,8,1564.6436879121
6342200,7843098060,1722244,8,960.568858636541
6342201,7844820397,1707351,8,2242.25292350911
6342210,7846527841,1715972,8,126.274360609973
6342220,7848243906,1708286,8,9.16443905721919
6342230,7849952285,1686095,8,318.608362938297
6342500,7851638473,1706514,8,20176.5345274173
6342501,7853345080,1694456,8,11823.0745230719
6342502,7855039629,1658821,8,4032.35265532488
6342510,7856698543,1715245,8,3970.47181179512
6342512,7858413881,1715972,8,1692.46413169838
6342513,7860129946,1715139,8,2278.8583493076103
6342520,7861845178,1641196,8,1406.1450394083
6342521,7863486467,1626589,8,2427.09880509369
6342522,7865113149,1638827,8,987.992575427352
6342525,7866752069,1635650,8,157.551573129672
6342530,7868387812,1710641,8,36.22075237091379
6342531,7870098546,1709501,8,445.29164765697305
6342540,7871808140,1699552,8,27.477543153789306
6342570,7873507785,1696228,8,124.86935795599
6342600,7875204106,1694986,8,35318.9087148807
6342610,7876899185,1652258,8,5412.61975203271
6342611,7878551536,1654426,8,1989.3657411276895
6342620,7880206055,1659636,8,2660.16119703399
6342625,7881865784,1675637,8,621.282478460794
6342630,7883541514,1654607,8,276.23768455320703
6342640,7885196214,1640398,8,405.256264755033
6342650,7886836705,1686774,8,3120.56088711346
6342655,7888523572,1652982,8,390.450429574958
6342660,7890176647,1654814,8,123.06592284884898
6342670,7891831554,1650645,8,712.251605606463
6342675,7893482292,1653254,8,306.673037141222
6342800,7895135639,1699073,8,47482.6846074952
6342810,7896834805,1663090,8,156.697151515073
6342820,7898497988,1653605,8,213.414466321665
6342830,7900151686,1666552,8,771.0444335103349
6342840,7901818331,1667036,8,20.295817770449897
6342900,7903485460,1723891,8,76327.0705782948
6342910,7905209444,1699861,8,26360.3815576852
6342920,7906909398,1694976,8,37587.183058881295
6342925,7908604467,1701244,8,8806.89210083831
6342926,7910305804,1701498,8,1374.80762491271
6342927,7912007395,1700197,8,1519.92538649764
6342928,7913707685,1699471,8,389.857502761758
6342930,7915407249,1705261,8,675.828839401485
6342931,7917112603,1695742,8,406.354649188181
6342935,7918808438,1696329,8,93.07866703836928
6342940,7920504860,1692776,8,17.7583013625537
6342945,7922197729,1696227,8,35.074635137604496
6342947,7923894049,1698379,8,6.51458211459214
6342950,7925592521,1689166,8,108.572475333839
6342951,7927281780,1671343,8,108.572475333839
6342960,7928953216,1661049,8,113.241835900689
6342970,7930614358,1658793,8,2786.26866924032
6342980,7932273244,1661890,8,767.4590729321189
6343100,7933935227,1728807,8,11869.756217
6343110,7935664127,1694962,8,221.657231299702
6343111,7937359182,1704847,8,115.514666999324
6343120,7939064122,1701649,8,31.0781755875385
6343500,7940765864,1732037,8,6658.07296569803
6343510,7942497994,1692234,8,6.49900551979259
6343520,7944190321,1696576,8,28.2871013867718
6343530,7945886990,1704862,8,339.01248530381
6343531,7947591945,1700971,8,247.947979842875
6343535,7949293009,1707443,8,154.061517475868
6343537,7951000545,1704327,8,90.57152763227752
6343550,7952704965,1698784,8,353.93242416822306
6343555,7954403842,1705343,8,124.230429215349
6343560,7956109278,1710454,8,928.713248677538
6343570,7957819825,1716240,8,980.286553697156
6343900,7959536158,1731840,8,25908.2816589122
6357010,7961268091,1642080,8,112407.834091347
6357020,7962910264,1622991,8,758.8021885081149
6357500,7964533348,1650300,8,51151.631180522
6357501,7966183741,1648815,8,4184.228810818679
6357502,7967832649,1662152,8,1615.21978715693
6357503,7969494894,1660452,8,365.70284534846
6357505,7971155439,1638746,8,364.212592664717
6357510,7972794278,1640416,8,164.304606279292
6357520,7974434787,1637726,8,293.955945730248
6357521,7976072606,1623685,8,293.955945730248
6401070,7977696384,1706757,8,467.550966719667
6401080,7979403234,1729135,8,1734.4052059198498
6401090,7981132462,1750250,8,5769.06455557553
6401110,7982882805,1718631,8,136.400464647768
6401111,7984601529,1740128,8,629.451458605091
6401120,7986341750,1757023,8,7228.19086633135
6401130,7988098866,1725950,8,806.624306221034
6401140,7989824909,1722781,8,543.238945958894
6401150,7991547783,1718382,8,564.356476037659
6401160,7993266258,1712170,8,115.379040436842
6401200,7994978521,1722477,8,836.719854039996
6401250,7996701091,1724315,8,590.6436100115291
6401300,7998425499,1716839,8,171.25745342445
6401310,8000142431,1702288,8,116.263976403553
6401400,8001844812,1687074,8,1013.50294418584
6401440,8003531979,1736296,8,614.411928986568
6401460,8005268368,1717859,8,265.806945083639
6401500,8006986320,1740719,8,210.610516172113
6401601,8008727132,1712666,8,351.24396677830595
6401610,8010439891,1724912,8,2001.07333897244
6401702,8012164896,1710525,8,5487.15228599321
6401703,8013875514,1685872,8,2559.11584393678
6401800,8015561479,1732765,8,2899.2259827329
6502101,8017294337,1591413,8,7976.522915069309
6502110,8018885843,1605117,8,690.274777882175
6502140,8020491053,1585962,8,1215.1650904581402
6502141,8022077108,1618602,8,1187.16839659171
6502150,8023695803,1609283,8,1211.21330695522
6502151,8025305179,1620094,8,1093.7486803525
6502160,8026925366,1605578,8,1056.1573133927302
6502170,8028531037,1602835,8,533.522365962893
6502171,8030133965,1609719,8,514.709443060459
6502810,8031743777,1612421,8,471.833075872827
6503100,8033356291,1613031,8,3057.0744564746
6503105,8034969415,1619904,8,739.9540186198469
6503120,8036589412,1602369,8,812.130683621304
6503121,8038191874,1597294,8,768.386610466051
6503130,8039789261,1605475,8,421.532738840154
6503131,8041394829,1606794,8,363.502722325261
6503151,8043001716,1618529,8,1929.37969900608
6503160,8044620338,1626898,8,239.849669918941
6503180,8046247329,1627818,8,526.784775015784
6503201,8047875240,1612712,8,1517.1258708819598
6503250,8049488045,1622834,8,629.470874859555
6503260,8051110972,1621177,8,419.62564184082606
6503280,8052732242,1617083,8,2157.85794656721
6503281,8054349418,1619559,8,1576.74298320249
6503282,8055969070,1617233,8,1098.97795424112
6503291,8057586396,1619551,8,1047.51059344845
6503300,8059206040,1605579,8,2361.82718201002
6503301,8060811712,1606899,8,1579.75054510781
6503350,8062418704,1595258,8,2748.9024052174395
6503351,8064014055,1608151,8,2390.8477763799697
6503352,8065622299,1614817,8,1698.18185683292
6503353,8067237209,1607730,8,1026.58076148203
6503354,8068845032,1614217,8,402.338931649928
6503370,8070459342,1612118,8,339.08465657643603
6503400,8072071553,1594501,8,356.421150604906
6503410,8073666147,1605670,8,313.896493117122
6503500,8075271910,1618626,8,2321.3667826658
6503501,8076890629,1618042,8,1266.50426055247
6503800,8078508764,1610315,8,195.825164565328
6503851,8080119172,1617658,8,2520.94656481246
6503852,8081736923,1601844,8,1711.27919425988
6503853,8083338860,1613703,8,1390.8084679876902
6503855,8084952656,1615529,8,700.578989402052
6593500,8086568278,1550572,8,508.664629286754
6593700,8088118943,1534029,8,487.954672281661
6593750,8089653065,1532595,8,486.495318433903
6593800,8091185753,1511415,8,1205.69570683374
6594050,8092697261,1578784,8,1507.01015085588
6594070,8094276138,1581166,8,705.9173615786011
6594080,8095857397,1542307,8,9880.63070888675
6594090,8097399797,1533457,8,17779.1081052892
6729110,8098933347,1674927,8,312.497971891919
6729125,8100608367,1687414,8,242.289772997748
6729127,8102295874,1663047,8,136.77426378943997
6729130,8103959014,1749115,8,130.61417796389298
6729131,8105708222,1733863,8,98.99271642102472
6729132,8107442178,1677710,8,256.473141637836
6729134,8109119981,1721885,8,1013.04769734286
6729140,8110841959,1707422,8,281.21874662468
6729142,8112549474,1669390,8,165.087973608815
6729145,8114218957,1692255,8,57.9071947315294
6729150,8115911305,1739155,8,48.4682261311006
6729180,8117650553,1712241,8,159.417282870651
6729200,8119362887,1719251,8,1109.57774453453
6729205,8121082231,1713357,8,76.5140737495889
6729207,8122795681,1705794,8,26.6947007505447
6729210,8124501568,1725756,8,54.41755498078879
6729215,8126227417,1735609,8,635.789192670899
6729216,8127963119,1677028,8,2.12798477673029
6729217,8129640240,1722195,8,179.688359343201
6729218,8131362528,1725999,8,34.0873954974645
6729220,8133088620,1694268,8,146.36236701456002
6729225,8134782981,1723909,8,71.72484133675691
6729227,8136506983,1695586,8,18.5843125516878
6729230,8138202662,1714472,8,167.76705342737802
6729231,8139917227,1704923,8,153.552722986115
6729232,8141622243,1697897,8,5.158230344795009
6729233,8143320233,1695356,8,116.247404279099
6729235,8145015682,1708046,8,63.54026221907311
6729237,8146723821,1704868,8,50.1749881044681
6729239,8148428782,1713598,8,7.97236706974308
6729241,8150142473,1694115,8,39.5416961496624
6729245,8151836681,1672264,8,140.451979945853
6729250,8153509038,1723996,8,262.678967632692
6729260,8155233127,1733602,8,3720.2889342861895
6729265,8156966822,1714614,8,176.288494626635
6729280,8158681529,1718279,8,277.900500737956
6729300,8160399901,1691068,8,623.678471975939
6729310,8162091062,1717197,8,16197.4889305144
6729311,8163808352,1695049,8,17084.798183413703
6729315,8165503494,1686952,8,316.400990442166
6729317,8167190539,1672155,8,39.6777257926655
6729320,8168862787,1688614,8,142.385014417454
6729325,8170551494,1675644,8,6.686381121863519
6729327,8172227231,1678141,8,90.3301169781166
6729340,8173905465,1679438,8,34.3242446549914
6729342,8175584996,1702010,8,40.20987552394861
6729345,8177287099,1694262,8,16.0074472809606
6729347,8178981454,1701291,8,7.434967241327441
6729350,8180682838,1665483,8,312.021684735438
6729360,8182348414,1675942,8,7.29305209752321
6729371,8184024449,1717425,8,1803.93659462357
6729375,8185741967,1681021,8,134.415652640123
6729380,8187423081,1691347,8,10.1781816935857
6729383,8189114521,1681681,8,17.250581279598
6729387,8190796295,1692791,8,60.2728022144974
6729388,8192489179,1677704,8,115.308242385772
6729390,8194166976,1714038,8,114.971645077994
6729395,8195881107,1683639,8,192.82114247455505
6729400,8197564839,1713217,8,39682.4812082193
6729401,8199278149,1693724,8,14586.3995471146
6729402,8200971966,1680871,8,19358.9779982356
6729403,8202652930,1713460,8,39660.326011067205
6729405,8204366483,1669524,8,52.7308948986001
6729410,8206036100,1680278,8,483.695301440012
6729420,8207716471,1669215,8,183.689800742328
6729425,8209385779,1668387,8,5.80337108788838
6729430,8211054259,1668171,8,81.83625235918909
6729432,8212722523,1656806,8,49.0455517929078
6729435,8214379422,1673198,8,417.57694722299
6729436,8216052713,1677233,8,263.186857678522
6729437,8217730039,1664027,8,59.4030822472232
6729438,8219394159,1656502,8,6.460263701491
6729440,8221050754,1661691,8,47.2818233923657
6729445,8222712538,1680227,8,23.0507648209095
6729447,8224392858,1687100,8,75.66381787827349
6729450,8226080051,1710920,8,11398.7395438348
6729453,8227791064,1688835,8,778.388869123372
6729455,8229479992,1700485,8,4015.7858186444105
6729460,8231180570,1672865,8,39.19189117696229
6729465,8232853528,1670648,8,413.691185207167
6729470,8234524269,1675303,8,73.76042768420659
6729480,8236199665,1673173,8,52.5169543159764
6729490,8237872931,1666759,8,23.9218127678346
6729520,8239539783,1678766,8,151.813526947892
6729525,8241218642,1706083,8,810.319854590159
6729530,8242924818,1685435,8,1633.52750519364
6729565,8244610346,1681534,8,50.4518818967756
6729567,8246291973,1698945,8,59.1484134347772
6729590,8247991011,1672102,8,514.163839695994
6729595,8249663206,1695014,8,2044.3568269349896
6729598,8251358313,1672098,8,95.594698775659
6729810,8253030504,1714002,8,3.07880318386841
6729825,8254744599,1669472,8,73.0161520394022
6729830,8256414164,1678487,8,118.457138758024
6729840,8258092744,1737868,8,31.6013296288624
6730100,8259830705,1658566,8,2776.9248323146503
6730105,8261489364,1651924,8,154.801538831555
6730330,8263141381,1657765,8,2758.0079979284496
6730400,8264799239,1666578,8,1155.32846946262
6730501,8266465910,1677684,8,14920.892822331
6730503,8268143687,1658510,8,27.3738955625129
6730700,8269802290,1420647,8,30.423738311456
6730710,8271223030,1612988,8,67.8656751936499
6730795,8272836111,1688577,8,17.7085708346069
6730800,8274524781,1643348,8,24.9234223453652
6731010,8276168222,1729069,8,39.404578740350296
6731020,8277897384,1704977,8,1023.87877394872
6731050,8279602454,1708167,8,579.973365082549
6731070,8281310714,1698299,8,194.384604801498
6731100,8283009106,1704696,8,36.8922437105761
6731105,8284713895,1720284,8,109.47899569804
6731112,8286434272,1713404,8,138.032941915968
6731120,8288147769,1686183,8,344.13878059759
6731123,8289834045,1723848,8,144.71610963318702
6731133,8291557986,1682763,8,78.832325658225
6731135,8293240842,1668391,8,416.537063291047
6731137,8294909326,1686001,8,2410.41299583282
6731147,8296595420,1708378,8,20.963485555844898
6731160,8298303891,1748455,8,224.019480450407
6731161,8300052439,1748377,8,225.878702782355
6731165,8301800909,1726906,8,490.871172252352
6731175,8303527908,1711745,8,391.185444146559
6731185,8305239746,1690408,8,16.3225313876626
6731190,8306930247,1703731,8,71.1917239728635
6731192,8308634071,1701372,8,24.335225868664605
6731193,8310335536,1690966,8,18.2586188009792
6731195,8312026595,1725055,8,18.2264460899812
6731196,8313751743,1710384,8,440.809224824655
6731197,8315462220,1700847,8,23.727185241571803
6731500,8317163160,1700095,8,2951.1164662454603
6731501,8318863348,1692822,8,2966.76533044223
6731502,8320556263,1692018,8,785.00193358868
6731510,8322248374,1678753,8,2054.88865140214
6731515,8323927220,1702087,8,3038.35483411711
6731535,8325629400,1688697,8,78.7790329599458
6731540,8327318190,1686458,8,3.56501981777359
6731541,8329004741,1680569,8,8.38667146842182
6731542,8330685403,1674015,8,1.93581374468358
6731550,8332359511,1695565,8,220.14773695378105
6731555,8334055169,1700685,8,5227.88101685939
6731556,8335755947,1691085,8,241.320588793204
6731559,8337447125,1660988,8,12.521885167992
6731560,8339108206,1668680,8,19.8459320546723
6731561,8340776979,1668181,8,31.503177112778896
6731562,8342445253,1652997,8,109.077823834543
6731563,8344098343,1659999,8,164.051642790178
6731564,8345758435,1685359,8,531.6687379110871
6731569,8347443887,1721682,8,203.047965343975
6731575,8349165662,1711961,8,324.354827492835
6731580,8350877716,1685381,8,47.8010433288916
6731582,8352563190,1683836,8,21.1517194395974
6731585,8354247119,1692069,8,58.4535278212255
6731600,8355939281,1677938,8,728.284111476452
6731601,8357617312,1696696,8,3691.342012277461
6731610,8359314101,1694849,8,522.374184569824
6731620,8361009043,1672777,8,707.866117801039
6731625,8362681913,1699405,8,163.78597586119102
6731640,8364381411,1686496,8,453.062792339218
6731650,8366068000,1731576,8,20.373459925757803
6731660,8367799669,1728232,8,15.563217892119
6731670,8369527994,1722199,8,6.73274788601163
6731675,8371250286,1726605,8,46.585243355576296
6731680,8372976984,1677733,8,424.482323676718
6731682,8374654810,1674793,8,39.74132806145671
6731685,8376329696,1686468,8,306.107773886812
6731687,8378016257,1687199,8,126.392494217758
6731690,8379703549,1697225,8,402.48157172817497
6731691,8381400867,1676361,8,49.06921194558479
6731693,8383077321,1706277,8,711.371002148633
6731715,8384783691,1691911,8,53.836939274172
6731720,8386475695,1693549,8,41.2461341222446
6731725,8388169337,1688849,8,214.491425369646
6731727,8389858279,1684281,8,70.1676395636905
6731730,8391542653,1702690,8,218.98405494218497
6731735,8393245436,1708357,8,66.17107015655479
6731740,8394953886,1663268,8,38.7583102866061
6731743,8396617247,1715190,8,30.216847137793103
6731745,8398332530,1663979,8,43.4170999068724
6731750,8399996602,1691572,8,9.616889525625991
6731757,8401688267,1689554,8,31.1172196870358
6731758,8403377914,1687033,8,9.74894147757202
6731760,8405065040,1663821,8,84.043252336704
6731765,8406728954,1652848,8,208.762325688216
6731767,8408381895,1653444,8,330.64617140811697
6731770,8410035432,1668578,8,226.680326002478
6731772,8411704103,1664413,8,338.261005618563
6731775,8413368609,1655939,8,428.193462479627
6731778,8415024641,1654944,8,190.25085763825905
6731780,8416679678,1659607,8,117.045549946219
6731790,8418339378,1649237,8,326.89800859400503
6731815,8419988708,1731753,8,4.16727160124377
6731850,8421720554,1707359,8,406.458061327742
6731860,8423428006,1676594,8,45.5693836175047
6731900,8425104693,1680327,8,127.718985808742
6731905,8426785113,1672606,8,464.73649577198194
6731906,8428457812,1674630,8,437.407772775317
6731907,8430132535,1672009,8,2910.81446262909
6731910,8431804637,1667132,8,7324.595254284291
6731920,8433471862,1666243,8,7899.086290716559
6731930,8435138198,1657687,8,124.200537249209
6731940,8436795978,1676518,8,701.087134259243
6733100,8438472589,1669536,8,365.2403017985061
6733570,8440142218,1686310,8,4933.04152492492
6733571,8441828621,1679356,8,1748.3385880084195
6733635,8443508070,1684299,8,32.684797071993195
6733645,8445192462,1695934,8,65.4365248024602
6830100,8446888489,1654732,8,14088.732960173502
6830101,8448543314,1646207,8,307.41408939008
6830102,8450189614,1654105,8,3487.07138136428
6830103,8451843812,1651828,8,666.8718274581211
6830104,8453495733,1656493,8,5134.78316073301
6830105,8455152319,1653493,8,2059.75504725786
6830200,8456805905,1650563,8,742.219397994769
6830510,8458456561,1658427,8,1458.7948979382502
6830511,8460115081,1676819,8,11634.0222045925
6830512,8461791993,1652714,8,3571.21421503003
6832750,8463444800,1674152,8,7997.98305859917
6832752,8465119045,1671843,8,3306.73616655951
6832753,8466790981,1660462,8,370.98107657446405
6832754,8468451536,1662859,8,11.100564817788
6832755,8470114488,1692135,8,40141.4405492538
6832907,8471806716,1673493,8,4027.06775631258
6832909,8473480302,1666979,8,109.546750451957
6832917,8475147374,1685031,8,33365.7760233423
6832918,8476832498,1656522,8,655.935994122245
6832929,8478489113,1653848,8,363.685533477932
6836200,8480143054,1607084,8,272.114628757471
6836210,8481750231,1612146,8,683.028379302604
6836220,8483362470,1613275,8,1076.4240894240302
6836300,8484975838,1621147,8,310.457693154784
6836310,8486597078,1620370,8,4216.93488126029
6836320,8488217541,1617499,8,2143.9258436695104
6836400,8489835133,1611460,8,83.3384968808512
6836500,8491446686,1615301,8,152.672980329921
6836600,8493062080,1615853,8,311.370864304868
6836700,8494678026,1622833,8,426.820552105225
6836800,8496300952,1626663,8,461.72038010786906
6854101,8497927708,1672817,8,22353.293199544503
6854102,8499600618,1659109,8,7723.16178421141
6854103,8501259820,1671788,8,7718.83300685131
6854104,8502931701,1667748,8,6239.09472070549
6854105,8504599542,1649340,8,2641.08183816267
6854106,8506248975,1662717,8,800.2416689999701
6854107,8507911785,1666177,8,584.251745211013
6854108,8509578055,1667628,8,453.74960631541296
6854109,8511245776,1653201,8,107.437924841616
6854110,8512899070,1667596,8,11.4970267364831
6854111,8514566759,1647876,8,5.542485855717111
6854115,8516214728,1674536,8,1157.8980725293902
6854116,8517889357,1655302,8,4210.64598238366
6854130,8519544752,1656527,8,470.373053064736
6854140,8521201372,1655530,8,472.591745755792
6854150,8522856995,1653024,8,1216.13860326085
6854151,8524510112,1657885,8,100.54547212897
6854180,8526168090,1657944,8,1085.57197703329
6854200,8527826127,1666086,8,4807.55250307755
6854201,8529492306,1669411,8,63.68485000287539
6854203,8531161810,1668749,8,26517.7327643617
6854205,8532830652,1659645,8,1464.95594922203
6854210,8534490390,1661255,8,2536.9815411150603
6854220,8536151738,1658696,8,1421.97711028664
6854221,8537810527,1671731,8,20.6650253597613
6854250,8539482351,1670281,8,15513.1981091056
6854260,8541152725,1665412,8,5158.161476797361
6854270,8542818230,1657250,8,2373.57306446424
6854271,8544475573,1651338,8,2373.57306446424
6854272,8546127004,1662408,8,428.6489218793621
6854273,8547789505,1668282,8,31.237574902241203
6854280,8549457880,1657982,8,2207.00570014131
6854281,8551115955,1660663,8,12.4064856644524
6854300,8552776711,1641718,8,327.155516228182
6854301,8554418522,1661033,8,955.811217612952
6854310,8556079648,1645855,8,585.895861117166
6854320,8557725596,1659240,8,3645.68890691848
6854330,8559384929,1680535,8,52.0819964217145
6854340,8561065557,1664244,8,1105.57579437285
6854350,8562729894,1664619,8,321.929466122601
6854400,8564394606,1675663,8,3848.27905566097
6854420,8566070362,1674948,8,18.818237006557
6854500,8567745403,1680124,8,25804.1936956256
6854510,8569425620,1672812,8,3088.79662187474
6854520,8571098525,1668069,8,2102.93588377913
6854560,8572766687,1656080,8,437.78607320323897
6854570,8574422860,1657770,8,464.360046378669
6854580,8576080723,1659747,8,348.724287448626
6854590,8577740563,1671049,8,2108.67630600249
6854591,8579411705,1680715,8,20767.9903595454
6854592,8581092513,1672608,8,2643.34377628484
6854593,8582765214,1666204,8,202.159444189185
6854600,8584431511,1681277,8,16407.877461981898
6854601,8586112881,1667659,8,1282.426217434
6854602,8587780633,1661958,8,7820.602976504721
6854610,8589442684,1669582,8,1259.75905974858
6854620,8591112359,1668456,8,2215.35287879436
6854630,8592780908,1665451,8,724.163342622631
6854650,8594446452,1662652,8,743.9720765534449
6854660,8596109197,1658893,8,961.524066749844
6854700,8597768183,1679625,8,53527.6552708821
6854701,8599447901,1672107,8,28729.2964608148
6854702,8601120101,1674627,8,49708.278860422695
6854703,8602794821,1671325,8,30772.0117669079
6854704,8604466239,1659541,8,7662.78724784978
6854705,8606125873,1669010,8,10968.7862912662
6854706,8607794976,1655516,8,2541.1780412394
6854707,8609450585,1667763,8,4388.34330693114
6854708,8611118441,1671930,8,3216.67035784392
6854709,8612790464,1655251,8,2832.0907374623403
6854710,8614445808,1664152,8,13152.4927967008
6854711,8616110053,1666541,8,1331.77429804636
6854712,8617776687,1653910,8,1009.13143833025
6854713,8619430690,1658121,8,362.042491115924
6854714,8621088904,1661387,8,373.967793727257
6854716,8622750384,1659952,8,28.2502800035484
6854719,8624410429,1652331,8,2.37201527758814
6854720,8626062853,1671198,8,3979.42549896772
6854722,8627734144,1660347,8,553.1665905482421
6854730,8629394584,1655262,8,426.498269834105
6854800,8631049939,1664934,8,3829.2556618835
6854801,8632714966,1670259,8,16.789719194249898
6854802,8634385318,1665855,8,17.3431375476016
6854810,8636051266,1660799,8,374.379520108928
6854820,8637712158,1663436,8,679.4227612352211
6854900,8639375687,1670787,8,4354.54088878034
6854901,8641046567,1669363,8,65.8246101793488
6854910,8642716023,1658078,8,27.507997882128
6854940,8644374194,1668210,8,12.8192116547948
6854950,8646042497,1662089,8,615.567348267885
6854954,8647704679,1677370,8,12.0307687395388
6855400,8649382142,1664782,8,68117.6381467154
6855401,8651047017,1670222,8,20211.4763358429
6855402,8652717332,1670839,8,16381.5709434814
6855403,8654388264,1683313,8,3.2016301053427005
6855404,8656071670,1681126,8,5.013383748867599
6855406,8657752889,1665487,8,2.7641565483292503
6855407,8659418469,1669364,8,12.2657120646264
6855408,8661087926,1671075,8,142.715440845599
6855409,8662759094,1668381,8,497.671770066224
6855410,8664427568,1665184,8,3789.42565662753
6855411,8666092845,1669867,8,125.746090661126
6855412,8667762805,1663804,8,773.579845962005
6855440,8669426702,1660424,8,5327.33681841824
6855450,8671087219,1666509,8,2556.229837697
6855460,8672753821,1675187,8,4349.34149417844
6855470,8674429101,1676701,8,6120.8314662548
6855480,8676105895,1672562,8,6122.24066666837
6855662,8677778550,1671746,8,1506.9222111384302
6870600,8679450389,1649981,8,883.038554246958
6870630,8681100463,1671746,8,18.043260414028
6870640,8682772302,1665759,8,1940.83225293778
6871100,8684438154,1642278,8,1587.2234134231198
6935020,8686080525,1735451,8,2983.24890756016
6935050,8687816069,1711133,8,35595.0464314855
6935051,8689527295,1728949,8,34667.663447881
6935052,8691256337,1717974,8,35677.865291052
6935053,8692974404,1727693,8,34234.1047430798
6935054,8694702190,1713037,8,14690.9954487031
6935055,8696415320,1709120,8,11850.3928167405
6935060,8698124533,1660707,8,194.232486896315
6935065,8699785333,1664623,8,131.816709564908
6935070,8701450049,1661307,8,263.854366625746
6935080,8703111449,1707320,8,119.200477534736
6935090,8704818862,1662156,8,201.845277769144
6935100,8706481111,1711388,8,58.0776946293289
6935101,8708192592,1694207,8,9.93608838833894
6935102,8709886892,1695779,8,8.76948701380956
6935120,8711582764,1654023,8,103.960076457205
6935145,8713236880,1698903,8,3219.74748746491
6935146,8714935876,1682388,8,3237.22421230805
6935150,8716618357,1678477,8,14.7014511611858
6935200,8718296927,1671652,8,55.9078546383932
6935210,8719968672,1668565,8,27.7280380962778
6935220,8721637330,1658909,8,53.3101754840975
6935300,8723296332,1734082,8,17351.2418709146
6935301,8725030507,1736430,8,11480.6261656756
6935302,8726767030,1737593,8,9902.58759777677
6935310,8728504716,1729792,8,3396.8125654161
6935313,8730234601,1688979,8,473.039766481206
6935314,8731923673,1706956,8,472.747468759604
6935320,8733630722,1711599,8,444.301188262227
6935330,8735342414,1722333,8,346.999189394934
6935331,8737064840,1699303,8,35.5216487475173
6935335,8738764236,1717844,8,42.398477787553794
6935350,8740482173,1709218,8,345.09430669024005
6935360,8742191484,1659051,8,115.858509139232
6935361,8743850628,1663906,8,62.5611120024561
6935370,8745514627,1654011,8,46.332021610174
6935380,8747168731,1699638,8,26.881003149599
6935385,8748868462,1696636,8,45.8423865451379
6935387,8750565191,1730313,8,30.1586634183822
6935390,8752295597,1679436,8,389.610484626277
6935400,8753975126,1701369,8,1719.77203356273
6935401,8755676588,1700382,8,1089.19868797004
6935402,8757377063,1704394,8,489.584073728942
6935403,8759081550,1685307,8,299.771553248998
6935404,8760766950,1690061,8,76.87367950228241
6935410,8762457104,1687273,8,281.393980627825
6935411,8764144470,1681061,8,316.66711833583
6935412,8765825624,1703223,8,87.65757521944359
6935420,8767528940,1691888,8,65.6536312537267
6935430,8769220921,1694542,8,90.3859711799112
6935440,8770915556,1685163,8,15.9904035030145
6935450,8772600812,1667494,8,3.48750736318512
6935460,8774268399,1674493,8,71.2756876475439
6935500,8775942985,1707134,8,6341.70220825682
6935510,8777650212,1686079,8,56.14071981648371
6935530,8779336384,1717624,8,162.97848773523398
6935535,8781054101,1715995,8,363.054245945122
6935540,8782770189,1714240,8,617.37338331131
6935541,8784484522,1702080,8,107.782719666647
6935545,8786186695,1689111,8,63.6449637676579
6935550,8787875899,1700721,8,44.8711003184098
6935560,8789576713,1676284,8,352.94073188500704
6935570,8791253090,1679781,8,89.4641795770961
6935580,8792932964,1701473,8,22.334456730802103
6935590,8794634530,1719746,8,317.344042342565
6935600,8796354369,1700438,8,269.61904400109904
6939050,8798054900,1724495,8,10278.5307893528
6939100,8799779488,1678942,8,7.24539459330928
6939110,8801458523,1649569,8,167.63537282463002
6939200,8803108185,1712167,8,5306.52333929007
6939205,8804820445,1708802,8,133.503063067648
6939500,8806529340,1708244,8,3762.70005884834
6939501,8808237677,1676840,8,39.233710796169
6939510,8809914610,1649535,8,186.735213190063
6939520,8811564238,1688719,8,84.7500043575704
6939550,8813253050,1693956,8,72.0967126953618
6939650,8814947099,1649482,8,35.2446076985288
6943100,8816596674,1708493,8,1925.18485193334
6943110,8818305260,1692809,8,26.672656200515
6943115,8819998162,1685343,8,53.7734969111974
6943150,8821683598,1690287,8,114.357274514206
6943160,8823373978,1683385,8,63.189144988257205
6943170,8825057456,1691149,8,73.9999843004955
6943180,8826748698,1666987,8,91.5667115947917
6948100,8828415778,1704414,8,1533.20820364084
6948110,8830120285,1697920,8,163.099016548741
6948111,8831818298,1684270,8,15.3901195081799
6948120,8833502661,1705878,8,922.696975647148
6948150,8835208632,1671201,8,72.5233270038407
6948360,8836879926,1702657,8,25.4796757256359
6948520,8838582676,1663638,8,7.8760910231751105
6948530,8840246407,1687188,8,18.7106160160747
