gauge_id,station_name,latitude,longitude,country,source,country_code,gloss_id,station_type,status,sensors,primary_sensor,sensor_units,registered,station_url
AN15,Ancona,43.624766666666666,13.506516666666666,Italy,IOC Sea Level Station Monitoring Facility,ITA,,SW,1,rad,rad,rad:M,2013-12-17,https://www.ioc-sealevelmonitoring.org/station.php?code=AN15
AZ42,Anzio,41.44685833333333,12.634797222222222,Italy,IOC Sea Level Station Monitoring Facility,ITA,,SW,1,rad,rad,rad:M,2013-12-17,https://www.ioc-sealevelmonitoring.org/station.php?code=AZ42
BA05,Bari,41.140205555556,16.866033333333,Italy,IOC Sea Level Station Monitoring Facility,ITA,,SW,1,rad,rad,rad:M,2013-12-17,https://www.ioc-sealevelmonitoring.org/station.php?code=BA05
BRLT,Barletta,41.33256,16.28989,Italy,IOC Sea Level Station Monitoring Facility,ITA,,SB,1,rad,rad,rad:M,2024-07-05,https://www.ioc-sealevelmonitoring.org/station.php?code=BRLT
CA02,Cagliari,39.2101,9.1142,Italy,IOC Sea Level Station Monitoring Facility,ITA,,SW,1,rad,rad,rad:M,2010-09-13,https://www.ioc-sealevelmonitoring.org/station.php?code=CA02
CETR,Cetraro,39.52677,15.920171,Italy,IOC Sea Level Station Monitoring Facility,ITA,,SW,1,pr1,pr1,pr1:M,2022-10-03,https://www.ioc-sealevelmonitoring.org/station.php?code=CETR
CF06,Carloforte,39.1436,8.3081,Italy,IOC Sea Level Station Monitoring Facility,ITA,,SW,1,rad,rad,rad:M,2008-09-27,https://www.ioc-sealevelmonitoring.org/station.php?code=CF06
CI20,Civitavecchia,42.09395833333333,11.789647222222222,Italy,IOC Sea Level Station Monitoring Facility,ITA,,SW,1,rad,rad,rad:M,2013-12-17,https://www.ioc-sealevelmonitoring.org/station.php?code=CI20
CR08,Crotone,39.083580555556,17.137055555556,Italy,IOC Sea Level Station Monitoring Facility,ITA,,SW,1,rad,rad,rad:M,2013-12-17,https://www.ioc-sealevelmonitoring.org/station.php?code=CR08
CT03,Catania,37.498,15.0938,Italy,IOC Sea Level Station Monitoring Facility,ITA,,SW,1,rad,rad,rad:M,2010-09-13,https://www.ioc-sealevelmonitoring.org/station.php?code=CT03
GA37,Gaeta,41.209991666667,13.589736111111,Italy,IOC Sea Level Station Monitoring Facility,ITA,,SW,1,rad,rad,rad:M,2013-12-17,https://www.ioc-sealevelmonitoring.org/station.php?code=GA37
GE25,Genova,44.4101,8.9255,Italy,IOC Sea Level Station Monitoring Facility,ITA,,SW,1,rad,rad,rad:M,2010-09-13,https://www.ioc-sealevelmonitoring.org/station.php?code=GE25
GI20,Ginostra (Isola di Stromboli),38.784029,15.193272,Italy,IOC Sea Level Station Monitoring Facility,ITA,,SW,1,prs,prs,prs:M,2010-11-16,https://www.ioc-sealevelmonitoring.org/station.php?code=GI20
IM01,Imperia,43.8769,8.0188,Italy,IOC Sea Level Station Monitoring Facility,ITA,,SW,1,rad,rad,rad:M,2008-09-27,https://www.ioc-sealevelmonitoring.org/station.php?code=IM01
IT45,Isole Tremiti,42.118880555556,15.501566666667,Italy,IOC Sea Level Station Monitoring Facility,ITA,,SW,2,rad,rad,rad:M,2013-12-17,https://www.ioc-sealevelmonitoring.org/station.php?code=IT45
IsHor,"Isla Hormiga,Lima_PE",-11.95666,-77.73361,Perú,IOC Sea Level Station Monitoring Facility,PER,,SL,4,prs,prs,prs:M,2022-09-29,https://www.ioc-sealevelmonitoring.org/station.php?code=IsHor
JBTT,Jackson Bay,-43.974,168.616,New Zealand,IOC Sea Level Station Monitoring Facility,NWZ,,SL,1,prs,prs,prs:M,2025-11-20,https://www.ioc-sealevelmonitoring.org/station.php?code=JBTT
LA23,Lampedusa,35.4998,12.6044,Italy,IOC Sea Level Station Monitoring Facility,ITA,,SW,1,rad,rad,rad:M,2010-09-13,https://www.ioc-sealevelmonitoring.org/station.php?code=LA23
LA38,La Spezia,44.0966,9.8576,Italy,IOC Sea Level Station Monitoring Facility,ITA,,SW,1,rad,rad,rad:M,2010-09-13,https://www.ioc-sealevelmonitoring.org/station.php?code=LA38
LI11,Livorno,43.54628611111111,10.299338888888888,Italy,IOC Sea Level Station Monitoring Facility,ITA,,SW,1,rad,rad,rad:M,2013-12-17,https://www.ioc-sealevelmonitoring.org/station.php?code=LI11
LIPA,Lipari Island,38.517164,14.960645,Italy,IOC Sea Level Station Monitoring Facility,ITA,,SW,2,pr2,pr2,pr2:M,2025-11-26,https://www.ioc-sealevelmonitoring.org/station.php?code=LIPA
MC41,Marina Di Campo,42.74263333333334,10.238333333333333,Italy,IOC Sea Level Station Monitoring Facility,ITA,,SW,1,rad,rad,rad:M,2013-12-17,https://www.ioc-sealevelmonitoring.org/station.php?code=MC41
ME13,Messina,38.1963,15.5635,Italy,IOC Sea Level Station Monitoring Facility,ITA,,SW,1,rad,rad,rad:M,2010-09-13,https://www.ioc-sealevelmonitoring.org/station.php?code=ME13
MNPL,Monopoli,40.95639,17.30782,Italy,IOC Sea Level Station Monitoring Facility,ITA,,SB,1,rad,rad,rad:M,2024-07-05,https://www.ioc-sealevelmonitoring.org/station.php?code=MNPL
MRTM,Marettimo,37.966238,12.076653,Italy,IOC Sea Level Station Monitoring Facility,ITA,,SW,2,pr2,pr2,pr2:M,2022-10-03,https://www.ioc-sealevelmonitoring.org/station.php?code=MRTM
Male2,Maldive Islands,4.1874556,73.5251889,Maldive Islands,IOC Sea Level Station Monitoring Facility,MDV,,SL,1,ra2,ra2,ra2:M,2023-11-08,https://www.ioc-sealevelmonitoring.org/station.php?code=Male2
NA23,Napoli,40.8397,14.2692,Italy,IOC Sea Level Station Monitoring Facility,ITA,,SW,1,rad,rad,rad:M,2008-09-27,https://www.ioc-sealevelmonitoring.org/station.php?code=NA23
OR24,Ortona,42.3559,14.414861111111,Italy,IOC Sea Level Station Monitoring Facility,ITA,,SW,1,rad,rad,rad:M,2013-12-17,https://www.ioc-sealevelmonitoring.org/station.php?code=OR24
OT15,Otranto,40.1464,18.4969,Italy,IOC Sea Level Station Monitoring Facility,ITA,,SW,1,rad,rad,rad:M,2008-09-27,https://www.ioc-sealevelmonitoring.org/station.php?code=OT15
PA07,Palermo,38.1214,13.3713,Italy,IOC Sea Level Station Monitoring Facility,ITA,,SW,1,rad,rad,rad:M,2010-09-13,https://www.ioc-sealevelmonitoring.org/station.php?code=PA07
PDCR,STROMBOLI PUNTA DEI CORVI,38.803,15.198,Italy,IOC Sea Level Station Monitoring Facility,ITA,,SB,5,pr2,pr2,pr2:M,2024-07-05,https://www.ioc-sealevelmonitoring.org/station.php?code=PDCR
PE09,Porto empedocle,37.28576,13.52684,Italy,IOC Sea Level Station Monitoring Facility,ITA,,SW,1,prs,prs,prs:M,2008-09-27,https://www.ioc-sealevelmonitoring.org/station.php?code=PE09
PL14,Palinuro,40.02991111111111,15.275291666666668,Italy,IOC Sea Level Station Monitoring Facility,ITA,,SW,1,rad,rad,rad:M,2013-12-17,https://www.ioc-sealevelmonitoring.org/station.php?code=PL14
PLBR,Stromboli Punta Labronzo,38.809,15.198,Italy,IOC Sea Level Station Monitoring Facility,ITA,,SB,5,pr2,pr2,pr2:M,2024-07-22,https://www.ioc-sealevelmonitoring.org/station.php?code=PLBR
PO40,Ponza,40.895177777777775,12.965588888888888,Italy,IOC Sea Level Station Monitoring Facility,ITA,,SW,1,rad,rad,rad:M,2013-12-17,https://www.ioc-sealevelmonitoring.org/station.php?code=PO40
PRTP,Portopalo di Capo Passero,36.666308,15.112338,Italy,IOC Sea Level Station Monitoring Facility,ITA,,SW,2,pr1,pr1,pr1:M,2022-10-03,https://www.ioc-sealevelmonitoring.org/station.php?code=PRTP
PSCA,Pantelleria (Scauri),36.76863,11.96355,Italy,IOC Sea Level Station Monitoring Facility,ITA,,SW,1,pr2,pr2,pr2:M,2022-10-03,https://www.ioc-sealevelmonitoring.org/station.php?code=PSCA
PT17,Porto Torres,40.8422,8.4039,Italy,IOC Sea Level Station Monitoring Facility,ITA,,SW,1,rad,rad,rad:M,2010-09-13,https://www.ioc-sealevelmonitoring.org/station.php?code=PT17
Quit,Quitasueño,14.15527,-81.164169,Colombia,IOC Sea Level Station Monitoring Facility,COL,,SL,1,rad,rad,rad:M,2025-11-25,https://www.ioc-sealevelmonitoring.org/station.php?code=Quit
RA10,Ravenna,44.492075,12.282936111111,Italy,IOC Sea Level Station Monitoring Facility,ITA,,SW,1,rad,rad,rad:M,2013-12-17,https://www.ioc-sealevelmonitoring.org/station.php?code=RA10
RC09,Reggio Calabria,38.121719444444444,15.648916666666667,Italy,IOC Sea Level Station Monitoring Facility,ITA,,SW,1,rad,rad,rad:M,2013-12-17,https://www.ioc-sealevelmonitoring.org/station.php?code=RC09
RCCL,Roccella Jonica,38.327075,16.43233,Italy,IOC Sea Level Station Monitoring Facility,ITA,,SW,1,pr2,pr2,pr2:M,2022-10-03,https://www.ioc-sealevelmonitoring.org/station.php?code=RCCL
SA16,Salerno,40.676641666667,14.750838888889,Italy,IOC Sea Level Station Monitoring Facility,ITA,,SW,1,rad,rad,rad:M,2013-12-17,https://www.ioc-sealevelmonitoring.org/station.php?code=SA16
SB36,S.Benedetto Del Tronto,42.95512222222222,13.889758333333333,Italy,IOC Sea Level Station Monitoring Facility,ITA,,SW,1,rad,rad,rad:M,2013-12-17,https://www.ioc-sealevelmonitoring.org/station.php?code=SB36
SC43,Sciacca,37.50454166666667,13.076455555555555,Italy,IOC Sea Level Station Monitoring Facility,ITA,,SW,1,rad,rad,rad:M,2013-12-17,https://www.ioc-sealevelmonitoring.org/station.php?code=SC43
SJNO,"São José do Norte, RS",-32.0161778,-52.0439861,Brasil,IOC Sea Level Station Monitoring Facility,BRA,,SW,1,rad,rad,rad:M,2026-07-22,https://www.ioc-sealevelmonitoring.org/station.php?code=SJNO
SMLE,Santa Maria di Leuca,39.795394,18.359352,Italy,IOC Sea Level Station Monitoring Facility,ITA,,SW,1,pr2,pr2,pr2:M,2024-11-21,https://www.ioc-sealevelmonitoring.org/station.php?code=SMLE
ST44,Strombolicchio,38.817480555556,15.251625,Italy,IOC Sea Level Station Monitoring Facility,ITA,,SW,1,rad,rad,rad:M,2013-12-17,https://www.ioc-sealevelmonitoring.org/station.php?code=ST44
Salv2,Salvador,-12.967333,-38.516667,Brasil,IOC Sea Level Station Monitoring Facility,BRA,334,SL,1,enc,enc,enc:M,2020-02-19,https://www.ioc-sealevelmonitoring.org/station.php?code=Salv2
Sandn,Sandnes,58.868232,5.746613,Norway,IOC Sea Level Station Monitoring Facility,NOR,,SW,1,rad,rad,rad:M,2023-06-29,https://www.ioc-sealevelmonitoring.org/station.php?code=Sandn
TA18,Taranto,40.475602777778,17.223763888889,Italy,IOC Sea Level Station Monitoring Facility,ITA,,SW,1,rad,rad,rad:M,2013-12-17,https://www.ioc-sealevelmonitoring.org/station.php?code=TA18
TEUL,Teulada,38.927562,8.719502,Italy,IOC Sea Level Station Monitoring Facility,ITA,,SW,1,pr1,pr1,pr1:M,2022-10-03,https://www.ioc-sealevelmonitoring.org/station.php?code=TEUL
TPTT,Port of Taranaki,-39.057,174.039,New Zealand,IOC Sea Level Station Monitoring Facility,NWZ,,SL,1,prs,prs,prs:M,2025-11-20,https://www.ioc-sealevelmonitoring.org/station.php?code=TPTT
TR22,Trieste,45.6544,13.7561,Italy,IOC Sea Level Station Monitoring Facility,ITA,,SW,1,rad,rad,rad:M,2008-09-29,https://www.ioc-sealevelmonitoring.org/station.php?code=TR22
Thio2,Thio 2,-21.613805,166.241528,France,IOC Sea Level Station Monitoring Facility,FRA,,SF,1,rad,rad,rad:M,2023-08-25,https://www.ioc-sealevelmonitoring.org/station.php?code=Thio2
UAPO,"Ua Pou (French Polynesia, Marquesas)",-9.35789,-140.046471,Polynésie Française (French Polynesia),IOC Sea Level Station Monitoring Facility,POF,,SL,1,rad,rad,rad:M,2022-02-08,https://www.ioc-sealevelmonitoring.org/station.php?code=UAPO
VE19,Venice,45.418219,12.426528,Italy,IOC Sea Level Station Monitoring Facility,ITA,,SW,1,rad,rad,rad:M,2009-09-08,https://www.ioc-sealevelmonitoring.org/station.php?code=VE19
VI12,Vieste,41.888083333333,16.177011111111,Italy,IOC Sea Level Station Monitoring Facility,ITA,,SW,1,rad,rad,rad:M,2013-12-17,https://www.ioc-sealevelmonitoring.org/station.php?code=VI12
aarh,Aarhus,56.15,10.22,Denmark,IOC Sea Level Station Monitoring Facility,DMK,,SF,1,rad,rad,rad:M,2025-07-15,https://www.ioc-sealevelmonitoring.org/station.php?code=aarh
abas,Abashiri,44.02,144.29,Japan,IOC Sea Level Station Monitoring Facility,JAP,327,SL,1,rad,rad,rad:F,2012-03-21,https://www.ioc-sealevelmonitoring.org/station.php?code=abas
abed,Aberdeen,57.14,-2.08,UK,IOC Sea Level Station Monitoring Facility,GRB,,SF,1,bub,bub,bub:M,2012-09-04,https://www.ioc-sealevelmonitoring.org/station.php?code=abed
abur,Aburatsu,31.58,131.41,Japan,IOC Sea Level Station Monitoring Facility,JAP,82,SL,1,rad,rad,rad:F,2012-03-21,https://www.ioc-sealevelmonitoring.org/station.php?code=abur
acaj,Acajutla_SV,13.573792,-89.838128,El Salvador,IOC Sea Level Station Monitoring Facility,SVD,182,SL,1,rad,rad,rad:M,2008-06-20,https://www.ioc-sealevelmonitoring.org/station.php?code=acaj
acap,Acapulco_MX,16.8333,-99.9166,Mexico,IOC Sea Level Station Monitoring Facility,MEX,267,SL,5,rad,rad,rad:M,2008-04-28,https://www.ioc-sealevelmonitoring.org/station.php?code=acap
acap2,Acapulco API,16.8379333,-99.903,Mexico,IOC Sea Level Station Monitoring Facility,MEX,267,SL,1,rad,rad,rad:M,2014-05-19,https://www.ioc-sealevelmonitoring.org/station.php?code=acap2
acnj,Atlantic_City_NJ,39.355,-74.4183,USA,IOC Sea Level Station Monitoring Facility,USA,220,SW,1,wls,wls,wls:M,2008-06-06,https://www.ioc-sealevelmonitoring.org/station.php?code=acnj
acnj2,Atlantic_City_NJ,39.355,-74.4183,USA,IOC Sea Level Station Monitoring Facility,USA,220,SL,1,pwl,pwl,pwl:M,2012-12-05,https://www.ioc-sealevelmonitoring.org/station.php?code=acnj2
acor1,A Coruña,43.3644444,-8.3988889,Spain,IOC Sea Level Station Monitoring Facility,ESP,,SW,5,rad,rad,rad:M,2019-12-07,https://www.ioc-sealevelmonitoring.org/station.php?code=acor1
acya,Acapulco Club de Yates,16.83799,-99.90298,Mexico,IOC Sea Level Station Monitoring Facility,MEX,267,SF,4,flt,flt,flt:M,2010-08-10,https://www.ioc-sealevelmonitoring.org/station.php?code=acya
adak,Adak_AK,51.863,-176.632,USA,IOC Sea Level Station Monitoring Facility,USA,302,SW,1,wls,wls,wls:M,2010-03-30,https://www.ioc-sealevelmonitoring.org/station.php?code=adak
adak2,Adak_AK,51.863,-176.632,USA,IOC Sea Level Station Monitoring Facility,USA,302,SL,1,pwl,pwl,pwl:M,2012-12-05,https://www.ioc-sealevelmonitoring.org/station.php?code=adak2
aden,Aden,12.7883,44.9742,Yemen,IOC Sea Level Station Monitoring Facility,YEM,3,SL,3,rad,rad,rad:M,2007-10-09,https://www.ioc-sealevelmonitoring.org/station.php?code=aden
agal,Agalega,-10.34559167,56.58556167,Mauritius,IOC Sea Level Station Monitoring Facility,MTS,,SL,5,rad,rad,rad:M,2009-01-21,https://www.ioc-sealevelmonitoring.org/station.php?code=agal
agua,Aguadilla (Crash Boat),18.4583333,-67.165,Puerto Rico; U.S.A.,IOC Sea Level Station Monitoring Facility,PRC,,SL,1,pwl,pwl,pwl:M,2015-04-14,https://www.ioc-sealevelmonitoring.org/station.php?code=agua
ajac,Ajaccio,41.92,8.76,France,IOC Sea Level Station Monitoring Facility,FRA,,SF,1,rad,rad,rad:M,2009-09-18,https://www.ioc-sealevelmonitoring.org/station.php?code=ajac
ajac2,Ajaccio2,41.92,8.76,France,IOC Sea Level Station Monitoring Facility,FRA,,SL,1,rad,rad,rad:M,2011-01-10,https://www.ioc-sealevelmonitoring.org/station.php?code=ajac2
alac1,Alicante1,38.3383333,-0.4777778,Spain,IOC Sea Level Station Monitoring Facility,ESP,,SW,1,rad,rad,rad:M,2019-12-07,https://www.ioc-sealevelmonitoring.org/station.php?code=alac1
alac2,Alicante2,38.3388889,-0.4813889,Spain,IOC Sea Level Station Monitoring Facility,ESP,,SW,1,rad,rad,rad:M,2019-12-07,https://www.ioc-sealevelmonitoring.org/station.php?code=alac2
alak,Alitak_US,56.8975,-154.2481,USA,IOC Sea Level Station Monitoring Facility,USA,,SW,1,pwl,pwl,pwl:M,2008-06-19,https://www.ioc-sealevelmonitoring.org/station.php?code=alak
alak2,Alitak_US,56.8975,-154.2481,USA,IOC Sea Level Station Monitoring Facility,USA,,SL,1,pwl,pwl,pwl:M,2012-12-05,https://www.ioc-sealevelmonitoring.org/station.php?code=alak2
alam,Alameda_CA,37.772,-122.298,USA,IOC Sea Level Station Monitoring Facility,USA,,SW,1,pwl,pwl,pwl:M,2006-06-07,https://www.ioc-sealevelmonitoring.org/station.php?code=alam
alam2,Alameda_CA,37.772,-122.298,USA,IOC Sea Level Station Monitoring Facility,USA,,SL,5,pwl,pwl,pwl:M,2012-12-05,https://www.ioc-sealevelmonitoring.org/station.php?code=alam2
albo,Alboran Island,35.938903,-3.033732,Spain,IOC Sea Level Station Monitoring Facility,ESP,,SW,5,rad,rad,rad:M,2019-11-29,https://www.ioc-sealevelmonitoring.org/station.php?code=albo
albu,Albufeira,37.08254,-8.260396,Portugal,IOC Sea Level Station Monitoring Facility,POR,,SB,5,rad,rad,rad:M,2015-10-11,https://www.ioc-sealevelmonitoring.org/station.php?code=albu
alcu,Alcudia,39.83456,3.13898,Spain,IOC Sea Level Station Monitoring Facility,ESP,,SF,1,rad,rad,rad:M,2009-10-11,https://www.ioc-sealevelmonitoring.org/station.php?code=alcu
aler,Alert,82.49,-62.32,Canada,IOC Sea Level Station Monitoring Facility,CAN,333,SW,1,prs,prs,prs:M,2009-01-09,https://www.ioc-sealevelmonitoring.org/station.php?code=aler
ales,Ålesund,62.469414,6.151946,Norway,IOC Sea Level Station Monitoring Facility,NOR,,SW,1,flt,flt,flt:M,2023-06-28,https://www.ioc-sealevelmonitoring.org/station.php?code=ales
alex,Alexandria,31.2109,29.9235,Egypt,IOC Sea Level Station Monitoring Facility,EGY,,SL,1,rad,rad,rad:M,2009-11-04,https://www.ioc-sealevelmonitoring.org/station.php?code=alex
alex1,Alexandria,31.212396,29.884913,Egypt,IOC Sea Level Station Monitoring Facility,EGY,,SB,5,rad,rad,rad:M,2018-06-04,https://www.ioc-sealevelmonitoring.org/station.php?code=alex1
alex2,Alexandria,31.212396,29.884913,Egypt,IOC Sea Level Station Monitoring Facility,EGY,,SW,1,rad,rad,rad:M,2023-06-01,https://www.ioc-sealevelmonitoring.org/station.php?code=alex2
alge,Algeciras,36.177,-5.39838,Spain,IOC Sea Level Station Monitoring Facility,ESP,,SF,1,rad,rad,rad:M,2009-10-15,https://www.ioc-sealevelmonitoring.org/station.php?code=alge
alme,Almeria,36.83002,-2.47835,Spain,IOC Sea Level Station Monitoring Facility,ESP,,SF,1,rad,rad,rad:M,2008-02-27,https://www.ioc-sealevelmonitoring.org/station.php?code=alme
alme2,Almería,36.8322222,-2.4847222,Spain,IOC Sea Level Station Monitoring Facility,ESP,,SW,1,rad,rad,rad:M,2019-12-07,https://www.ioc-sealevelmonitoring.org/station.php?code=alme2
alofi,Alofi_Niue,-19.0527,-169.9209,Niue,IOC Sea Level Station Monitoring Facility,NIU,,SL,1,rad,rad,rad:M,2019-03-20,https://www.ioc-sealevelmonitoring.org/station.php?code=alofi
alva,Alvarado,18.76615,-95.75595,Mexico,IOC Sea Level Station Monitoring Facility,MEX,,SF,1,flt,flt,flt:M,2016-10-14,https://www.ioc-sealevelmonitoring.org/station.php?code=alva
alva2,Alvarado2,18.76615,-95.75595,Mexico,IOC Sea Level Station Monitoring Facility,MEX,,SL,1,rad,rad,rad:M,2020-06-30,https://www.ioc-sealevelmonitoring.org/station.php?code=alva2
amal,Charlotte-Amalie_VI,18.335,-64.92,USA,IOC Sea Level Station Monitoring Facility,USA,,SW,1,pwl,pwl,pwl:M,2010-03-08,https://www.ioc-sealevelmonitoring.org/station.php?code=amal
amal2,Charlotte-Amalie_VI,18.335,-64.92,USA,IOC Sea Level Station Monitoring Facility,USA,,SL,1,pwl,pwl,pwl:M,2012-12-05,https://www.ioc-sealevelmonitoring.org/station.php?code=amal2
amas,Amasra,41.744358062744,32.391750335693,Turkey,IOC Sea Level Station Monitoring Facility,TUR,,SW,1,rad,rad,rad:M,2020-11-05,https://www.ioc-sealevelmonitoring.org/station.php?code=amas
ambon,Ambon,-3.683333,128.18333,Indonesia,IOC Sea Level Station Monitoring Facility,IDN,68,SL,1,rad,rad,rad:M,2008-11-20,https://www.ioc-sealevelmonitoring.org/station.php?code=ambon
anch,Anchorage_AK,61.238,-149.888,USA,IOC Sea Level Station Monitoring Facility,USA,,SW,1,pwl,pwl,pwl:M,2008-06-21,https://www.ioc-sealevelmonitoring.org/station.php?code=anch
anch2,Anchorage_AK,61.238,-149.888,USA,IOC Sea Level Station Monitoring Facility,USA,,SL,1,pwl,pwl,pwl:M,2012-12-05,https://www.ioc-sealevelmonitoring.org/station.php?code=anch2
ancu,Ancud,-41.867383,-73.83288,Chile,IOC Sea Level Station Monitoring Facility,CHL,,SL,1,rad,rad,rad:M,2008-06-16,https://www.ioc-sealevelmonitoring.org/station.php?code=ancu
ancu2,Ancud,-41.867383,-73.83288,Chile,IOC Sea Level Station Monitoring Facility,CHL,,SW,1,rad,rad,rad:M,2013-03-18,https://www.ioc-sealevelmonitoring.org/station.php?code=ancu2
ande,Andenes,69.326067,16.134848,Norway,IOC Sea Level Station Monitoring Facility,NOR,322,SW,1,flt,flt,flt:M,2008-12-16,https://www.ioc-sealevelmonitoring.org/station.php?code=ande
angu,Road Bay,18.1969967,-63.09268229,Anguilla,IOC Sea Level Station Monitoring Facility,AGL,,SL,1,rad,rad,rad:M,2024-03-21,https://www.ioc-sealevelmonitoring.org/station.php?code=angu
anta,Antalya,36.835536956787,30.612609863281,Turkey,IOC Sea Level Station Monitoring Facility,TUR,,SW,1,rad,rad,rad:M,2019-11-27,https://www.ioc-sealevelmonitoring.org/station.php?code=anta
anti,"Antonina, PR",-25.45583,-48.67583,Brasil,IOC Sea Level Station Monitoring Facility,BRA,,SW,1,rad,rad,rad:M,2025-09-11,https://www.ioc-sealevelmonitoring.org/station.php?code=anti
anto,Antofagasta_CL,-23.65421517,-70.40462436,Chile,IOC Sea Level Station Monitoring Facility,CHL,174,SL,1,rad,rad,rad:M,2008-06-16,https://www.ioc-sealevelmonitoring.org/station.php?code=anto
anto2,Antofagasta_CL,-23.65421517,-70.40462436,Chile,IOC Sea Level Station Monitoring Facility,CHL,174,SW,1,rad,rad,rad:M,2013-03-18,https://www.ioc-sealevelmonitoring.org/station.php?code=anto2
apfl,Apalachicola_FL,29.727,-84.982,USA,IOC Sea Level Station Monitoring Facility,USA,,SW,1,pwl,pwl,pwl:M,2008-06-19,https://www.ioc-sealevelmonitoring.org/station.php?code=apfl
apfl2,Apalachicola_FL,29.727,-84.982,USA,IOC Sea Level Station Monitoring Facility,USA,,SL,1,pwl,pwl,pwl:M,2012-12-05,https://www.ioc-sealevelmonitoring.org/station.php?code=apfl2
apla,"Lawma, Amerada Pass, LA",29.4496,-91.3381,USA,IOC Sea Level Station Monitoring Facility,USA,,SW,1,wls,wls,wls:M,2009-02-06,https://www.ioc-sealevelmonitoring.org/station.php?code=apla
apla2,"Lawma, Amerada Pass, LA",29.4496,-91.3381,USA,IOC Sea Level Station Monitoring Facility,USA,,SL,4,pwl,pwl,pwl:M,2012-12-05,https://www.ioc-sealevelmonitoring.org/station.php?code=apla2
aqab,Aqaba,29.40897,34.97872,Jordan,IOC Sea Level Station Monitoring Facility,JOR,,SF,1,rad,rad,rad:M,2024-10-17,https://www.ioc-sealevelmonitoring.org/station.php?code=aqab
arac,Arecibo,18.4805,-66.7024,Puerto Rico; U.S.A.,IOC Sea Level Station Monitoring Facility,PRC,,SW,5,prs,prs,prs:M,2009-05-13,https://www.ioc-sealevelmonitoring.org/station.php?code=arac
aracS,Arecibo (GTS),18.4805,-66.7024,Puerto Rico; U.S.A.,IOC Sea Level Station Monitoring Facility,PRC,,SL,1,pwl,pwl,pwl:M,2010-02-28,https://www.ioc-sealevelmonitoring.org/station.php?code=aracS
arca,Arcachon Eyrac,44.665,-1.16355,France,IOC Sea Level Station Monitoring Facility,FRA,,SF,1,rad,rad,rad:M,2010-02-03,https://www.ioc-sealevelmonitoring.org/station.php?code=arca
arca2,Arcachon Eyrac 2,44.665,-1.16355,France,IOC Sea Level Station Monitoring Facility,FRA,,SL,1,rad,rad,rad:M,2016-11-07,https://www.ioc-sealevelmonitoring.org/station.php?code=arca2
aren,Arena_Cove_CA,38.913,-123.705,USA,IOC Sea Level Station Monitoring Facility,USA,,SW,1,pwl,pwl,pwl:M,2008-06-21,https://www.ioc-sealevelmonitoring.org/station.php?code=aren
aren2,Arena_Cove_CA,38.913,-123.705,USA,IOC Sea Level Station Monitoring Facility,USA,,SL,1,pwl,pwl,pwl:M,2012-12-05,https://www.ioc-sealevelmonitoring.org/station.php?code=aren2
aric,Arica_CL,-18.4758,-70.3232305,Chile,IOC Sea Level Station Monitoring Facility,CHL,,SL,1,rad,rad,rad:M,2008-06-19,https://www.ioc-sealevelmonitoring.org/station.php?code=aric
aric2,Arica_CL,-18.4758,-70.3232305,Chile,IOC Sea Level Station Monitoring Facility,CHL,,SW,1,rad,rad,rad:M,2013-03-18,https://www.ioc-sealevelmonitoring.org/station.php?code=aric2
arko,Arko,58.484167,16.960556,Sweden,IOC Sea Level Station Monitoring Facility,SVE,,SW,1,rad,rad,rad:M,2021-10-18,https://www.ioc-sealevelmonitoring.org/station.php?code=arko
arrc,Arraial do Cabo,-22.97258,-42.013796,Brasil,IOC Sea Level Station Monitoring Facility,BRA,,SL,2,enc,enc,enc:M,2017-08-24,https://www.ioc-sealevelmonitoring.org/station.php?code=arrc
arrc2,Porto do Forno,-22.9725,-42.013611,Brasil,IOC Sea Level Station Monitoring Facility,BRA,,SW,1,enc,enc,enc:M,2024-01-17,https://www.ioc-sealevelmonitoring.org/station.php?code=arrc2
arre,Arrecife,28.97188,-13.53006,Spain,IOC Sea Level Station Monitoring Facility,ESP,,SF,1,rad,rad,rad:M,2008-08-04,https://www.ioc-sealevelmonitoring.org/station.php?code=arre
arri,Arrifana,37.295569,-8.869385,Portugal,IOC Sea Level Station Monitoring Facility,POR,,SB,5,rad,rad,rad:M,2018-08-29,https://www.ioc-sealevelmonitoring.org/station.php?code=arri
arsu,Arsuz (Hatay),36.41559,35.88519,Turkey,IOC Sea Level Station Monitoring Facility,TUR,,SW,1,rad,rad,rad:M,2023-02-21,https://www.ioc-sealevelmonitoring.org/station.php?code=arsu
ascen,Ascension,-7.8928,-14.3857,UK,IOC Sea Level Station Monitoring Facility,GRB,263,SL,1,ra2,ra2,ra2:M,2008-06-17,https://www.ioc-sealevelmonitoring.org/station.php?code=ascen
ashd,Ashdod Port,31.83051,34.64155,Israel,IOC Sea Level Station Monitoring Facility,ISR,,SF,5,prs,prs,prs:M,2012-04-23,https://www.ioc-sealevelmonitoring.org/station.php?code=ashd
ashd1,Ashdod Marina,31.796269,34.626447,Israel,IOC Sea Level Station Monitoring Facility,ISR,,SB,5,rad,rad,rad:M,2018-02-02,https://www.ioc-sealevelmonitoring.org/station.php?code=ashd1
ashk,Ashkhara,21.85,59.57,Oman,IOC Sea Level Station Monitoring Facility,OMA,,SL,1,rad,rad,rad:M,2013-03-28,https://www.ioc-sealevelmonitoring.org/station.php?code=ashk
askl,Ashkelon,31.634928,34.493757,Israel,IOC Sea Level Station Monitoring Facility,ISR,,SF,5,prs,prs,prs:M,2013-05-23,https://www.ioc-sealevelmonitoring.org/station.php?code=askl
asro,Aserraderos,12.626,-87.342,Nicaragua,IOC Sea Level Station Monitoring Facility,NIC,,SB,5,prs,prs,prs:M,2019-09-24,https://www.ioc-sealevelmonitoring.org/station.php?code=asro
asto,Astoria_OR,46.208,-123.767,USA,IOC Sea Level Station Monitoring Facility,USA,,SW,1,pwl,pwl,pwl:M,2008-06-21,https://www.ioc-sealevelmonitoring.org/station.php?code=asto
asto2,Astoria_OR,46.208,-123.767,USA,IOC Sea Level Station Monitoring Facility,USA,,SL,1,pwl,pwl,pwl:M,2012-12-05,https://www.ioc-sealevelmonitoring.org/station.php?code=asto2
atic,"Atico, Arequipa_PE",-16.2311,-73.6944,Perú,IOC Sea Level Station Monitoring Facility,PER,,SW,1,ecs,ecs,ecs:M,2008-06-19,https://www.ioc-sealevelmonitoring.org/station.php?code=atic
atka,"Atka, AK",52.2317,-174.173,USA,IOC Sea Level Station Monitoring Facility,USA,,SW,1,wls,wls,wls:M,2009-02-06,https://www.ioc-sealevelmonitoring.org/station.php?code=atka
auasi,Auasi,-14.271544,-170.57307,Samoa; U.S.A.,IOC Sea Level Station Monitoring Facility,SAM,,SL,1,rad,rad,rad:M,2023-04-14,https://www.ioc-sealevelmonitoring.org/station.php?code=auasi
auct,Auckland_NZ,-36.8314,174.7865,New Zealand,IOC Sea Level Station Monitoring Facility,NWZ,127,SL,1,prs,prs,prs:M,2014-05-27,https://www.ioc-sealevelmonitoring.org/station.php?code=auct
audi,Audierne,48.0216,-4.5372,France,IOC Sea Level Station Monitoring Facility,FRA,,SF,1,rad,rad,rad:M,2018-06-29,https://www.ioc-sealevelmonitoring.org/station.php?code=audi
audi2,Audierne 2,48.0216,-4.5372,France,IOC Sea Level Station Monitoring Facility,FRA,,SL,1,rad,rad,rad:M,2018-06-29,https://www.ioc-sealevelmonitoring.org/station.php?code=audi2
aunuu,Aunuu,-14.283449,-170.561021,Samoa; U.S.A.,IOC Sea Level Station Monitoring Facility,SAM,,SL,1,rad,rad,rad:M,2023-04-14,https://www.ioc-sealevelmonitoring.org/station.php?code=aunuu
avon,Avonmouth Portbury,51.5,-2.73,UK,IOC Sea Level Station Monitoring Facility,GRB,,SF,1,bub,bub,bub:M,2012-09-04,https://www.ioc-sealevelmonitoring.org/station.php?code=avon
baka,Bakar,45.305,14.54,Croatia,IOC Sea Level Station Monitoring Facility,HRV,,SF,1,rad,rad,rad:M,2024-10-09,https://www.ioc-sealevelmonitoring.org/station.php?code=baka
balc,Ballenas,11.7002783,-72.72417,Colombia,IOC Sea Level Station Monitoring Facility,COL,,SF,1,rad,rad,rad:M,2022-09-29,https://www.ioc-sealevelmonitoring.org/station.php?code=balc
ball,"Ballyglass pier, Belmullet",54.253,-9.89,Ireland,IOC Sea Level Station Monitoring Facility,EIR,,SF,1,bub,bub,bub:M,2008-06-11,https://www.ioc-sealevelmonitoring.org/station.php?code=ball
balt,"Baltra,Galapagos_EC",-0.433,-90.283,Ecuador,IOC Sea Level Station Monitoring Facility,ECU,169,SL,1,rad,rad,rad:M,2008-06-03,https://www.ioc-sealevelmonitoring.org/station.php?code=balt
bamd,Baltimore_MD,39.267,-76.578,USA,IOC Sea Level Station Monitoring Facility,USA,,SW,1,pwl,pwl,pwl:M,2006-06-07,https://www.ioc-sealevelmonitoring.org/station.php?code=bamd
bamd2,Baltimore_MD,39.267,-76.578,USA,IOC Sea Level Station Monitoring Facility,USA,,SL,2,pwl,pwl,pwl:M,2012-12-05,https://www.ioc-sealevelmonitoring.org/station.php?code=bamd2
bame,Bar_Harbor_ME,44.3916,-68.205,USA,IOC Sea Level Station Monitoring Facility,USA,,SW,1,pwl,pwl,pwl:M,2008-06-21,https://www.ioc-sealevelmonitoring.org/station.php?code=bame
bame2,Bar_Harbor_ME,44.3916,-68.205,USA,IOC Sea Level Station Monitoring Facility,USA,,SL,1,pwl,pwl,pwl:M,2012-12-05,https://www.ioc-sealevelmonitoring.org/station.php?code=bame2
bamf,Bamfield,48.84,-125.14,Canada,IOC Sea Level Station Monitoring Facility,CAN,,SW,1,enc,enc,enc:M,2008-10-23,https://www.ioc-sealevelmonitoring.org/station.php?code=bamf
bang,Bangor,54.66,-5.67,UK,IOC Sea Level Station Monitoring Facility,GRB,,SF,1,bub,bub,bub:M,2012-09-04,https://www.ioc-sealevelmonitoring.org/station.php?code=bang
bapj,Battery_Point_AU,-42.8923,147.338,Australia,IOC Sea Level Station Monitoring Facility,AUS,,SL,1,rad,rad,rad:M,2019-03-18,https://www.ioc-sealevelmonitoring.org/station.php?code=bapj
bara,Barahona,18.208137,-71.092154,Dominican Republic,IOC Sea Level Station Monitoring Facility,RDO,,SL,1,rad,rad,rad:M,2012-04-22,https://www.ioc-sealevelmonitoring.org/station.php?code=bara
barb,Barbuda,17.5907,-61.8206,"Antigua, Barbuda & Redonda",IOC Sea Level Station Monitoring Facility,ABR,,SW,5,pwl,pwl,pwl:M,2012-04-05,https://www.ioc-sealevelmonitoring.org/station.php?code=barb
barb2,Barbuda,17.5907,-61.8206,"Antigua, Barbuda & Redonda",IOC Sea Level Station Monitoring Facility,ABR,,SL,4,pwl,pwl,pwl:M,2012-12-05,https://www.ioc-sealevelmonitoring.org/station.php?code=barb2
barc,Barcelona,41.34177,2.1657,Spain,IOC Sea Level Station Monitoring Facility,ESP,,SF,1,rad,rad,rad:M,2008-02-27,https://www.ioc-sealevelmonitoring.org/station.php?code=barc
barc2,Port of Barcelona,41.362977,2.187024,Spain,IOC Sea Level Station Monitoring Facility,ESP,,SL,1,ra2,ra2,ra2:M,2022-02-25,https://www.ioc-sealevelmonitoring.org/station.php?code=barc2
barm,Barmouth,52.72,-4.05,UK,IOC Sea Level Station Monitoring Facility,GRB,,SF,1,bub,bub,bub:M,2012-09-04,https://www.ioc-sealevelmonitoring.org/station.php?code=barm
barn,Burnie_Tasmania_AU,-41.0501,145.915,Australia,IOC Sea Level Station Monitoring Facility,AUS,,SL,1,aqu,aqu,aqu:M,2007-12-12,https://www.ioc-sealevelmonitoring.org/station.php?code=barn
bars,Barseback,55.756389,12.903333,Sweden,IOC Sea Level Station Monitoring Facility,SVE,,SW,1,rad,rad,rad:M,2021-10-18,https://www.ioc-sealevelmonitoring.org/station.php?code=bars
bass,Basseterre (Coast Guard Base),17.2900333,-62.7097333,St. Kitts & Nevis,IOC Sea Level Station Monitoring Facility,KNA,,SL,5,rad,rad,rad:M,2013-12-05,https://www.ioc-sealevelmonitoring.org/station.php?code=bass
batr,Batroun,34.25156,35.65641,Lebanon,IOC Sea Level Station Monitoring Facility,LBN,,SB,5,rad,rad,rad:M,2016-06-30,https://www.ioc-sealevelmonitoring.org/station.php?code=batr
batr1,Batroun,34.25156,35.65641,Lebanon,IOC Sea Level Station Monitoring Facility,LBN,,SW,1,rad,rad,rad:M,2025-10-16,https://www.ioc-sealevelmonitoring.org/station.php?code=batr1
bayo,"Bayovar,Piura_PE",-5.7938,-81.0544,Perú,IOC Sea Level Station Monitoring Facility,PER,,SW,1,ecs,ecs,ecs:M,2022-09-29,https://www.ioc-sealevelmonitoring.org/station.php?code=bayo
bbbc,Bella Bella,52.16,-128.14,Canada,IOC Sea Level Station Monitoring Facility,CAN,,SL,1,pwl,pwl,pwl:M,2016-03-01,https://www.ioc-sealevelmonitoring.org/station.php?code=bbbc
bbst,Bermuda Biological Station,32.37,-64.695,Bermudas,IOC Sea Level Station Monitoring Facility,BER,221,SW,1,pwl,pwl,pwl:M,2020-07-02,https://www.ioc-sealevelmonitoring.org/station.php?code=bbst
bbst2,Bermuda Biological Station2,32.37,-64.695,Bermudas,IOC Sea Level Station Monitoring Facility,BER,221,SL,1,pwl,pwl,pwl:M,2020-07-02,https://www.ioc-sealevelmonitoring.org/station.php?code=bbst2
bcar,Bahía de Caráquez,-0.607,-80.423,Ecuador,IOC Sea Level Station Monitoring Facility,ECU,,SW,1,rad,rad,rad:M,2022-09-29,https://www.ioc-sealevelmonitoring.org/station.php?code=bcar
bcon,Consett Bay Jetty,13.179314,-59.466331,Barbados,IOC Sea Level Station Monitoring Facility,BAR,,SW,1,rad,rad,rad:F,2023-11-17,https://www.ioc-sealevelmonitoring.org/station.php?code=bcon
bdto,Bocas Del Toro,9.350921,-82.257703,Panamá,IOC Sea Level Station Monitoring Facility,PAN,,SL,1,rad,rad,rad:M,2014-10-17,https://www.ioc-sealevelmonitoring.org/station.php?code=bdto
bele,Belém,-1.442244,-48.496339,Brasil,IOC Sea Level Station Monitoring Facility,BRA,,SL,1,rad,rad,rad:M,2019-11-26,https://www.ioc-sealevelmonitoring.org/station.php?code=bele
bele2,Porto de Belém,-1.442222,-48.496389,Brasil,IOC Sea Level Station Monitoring Facility,BRA,,SW,1,enc,enc,enc:M,2024-01-17,https://www.ioc-sealevelmonitoring.org/station.php?code=bele2
benc,Beaufort_NC,34.72,-76.67,USA,IOC Sea Level Station Monitoring Facility,USA,,SW,1,pwl,pwl,pwl:M,2008-06-21,https://www.ioc-sealevelmonitoring.org/station.php?code=benc
benc2,Beaufort_NC,34.72,-76.67,USA,IOC Sea Level Station Monitoring Facility,USA,,SL,1,pwl,pwl,pwl:M,2012-12-05,https://www.ioc-sealevelmonitoring.org/station.php?code=benc2
beno,Benoa,-8.7666,115.2166,Indonesia,IOC Sea Level Station Monitoring Facility,IDN,49,SL,1,prs,prs,prs:M,2006-06-07,https://www.ioc-sealevelmonitoring.org/station.php?code=beno
berg,Bergen,60.398046,5.320487,Norway,IOC Sea Level Station Monitoring Facility,NOR,,SW,1,flt,flt,flt:M,2023-06-28,https://www.ioc-sealevelmonitoring.org/station.php?code=berg
bgct,Bridgeport_CT,41.1733,-73.1816,USA,IOC Sea Level Station Monitoring Facility,USA,,SW,1,pwl,pwl,pwl:M,2006-06-07,https://www.ioc-sealevelmonitoring.org/station.php?code=bgct
bgct2,Bridgeport_CT,41.1733,-73.1816,USA,IOC Sea Level Station Monitoring Facility,USA,,SL,1,pwl,pwl,pwl:M,2012-12-05,https://www.ioc-sealevelmonitoring.org/station.php?code=bgct2
bil3,Bilbao3,43.35153,-3.04513,Spain,IOC Sea Level Station Monitoring Facility,ESP,,SF,1,rad,rad,rad:M,2008-03-25,https://www.ioc-sealevelmonitoring.org/station.php?code=bil3
bitu,Bitung,1.438944,125.190431,Indonesia,IOC Sea Level Station Monitoring Facility,IDN,69,SL,1,rad,rad,rad:M,2008-11-20,https://www.ioc-sealevelmonitoring.org/station.php?code=bitu
blkw,Blankenberge,51.31055556,3.116388889,Belgium,IOC Sea Level Station Monitoring Facility,BEL,,SW,1,rad,rad,rad:M,2023-10-05,https://www.ioc-sealevelmonitoring.org/station.php?code=blkw
blow,Blowing Point,18.1710861,-63.0926167,Anguilla,IOC Sea Level Station Monitoring Facility,AGL,,SL,1,ra2,ra2,ra2:M,2017-04-21,https://www.ioc-sealevelmonitoring.org/station.php?code=blow
blueb,Blue Bay,-20.44413333,57.71095,Mauritius,IOC Sea Level Station Monitoring Facility,MTS,,SL,1,rad,rad,rad:M,2009-01-21,https://www.ioc-sealevelmonitoring.org/station.php?code=blueb
bmal,Bahia Malaga,3.972964,-77.327669,Colombia,IOC Sea Level Station Monitoring Facility,COL,,SL,1,rad,rad,rad:M,2025-11-25,https://www.ioc-sealevelmonitoring.org/station.php?code=bmal
bmda,Bermuda St Georges,32.36667,-64.7,UK,IOC Sea Level Station Monitoring Facility,GRB,221,SW,1,pwl,pwl,pwl:M,2008-06-18,https://www.ioc-sealevelmonitoring.org/station.php?code=bmda
bmsa,Bahia Mansa_CL,-40.580942,-73.737036,Chile,IOC Sea Level Station Monitoring Facility,CHL,,SL,1,rad,rad,rad:M,2011-05-23,https://www.ioc-sealevelmonitoring.org/station.php?code=bmsa
bmsa2,Bahia Mansa_CL,-40.580942,-73.737036,Chile,IOC Sea Level Station Monitoring Facility,CHL,,SW,1,rad,rad,rad:M,2013-03-18,https://www.ioc-sealevelmonitoring.org/station.php?code=bmsa2
bmsg,Bermuda St. George's Cruise Pier,32.38009,-64.676173,Bermudas,IOC Sea Level Station Monitoring Facility,BER,,SL,1,aqu,aqu,aqu:M,2021-03-25,https://www.ioc-sealevelmonitoring.org/station.php?code=bmsg
bmso,Bermuda Somerset,32.278308,-64.875617,Bermudas,IOC Sea Level Station Monitoring Facility,BER,,SL,1,rad,rad,rad:M,2022-01-07,https://www.ioc-sealevelmonitoring.org/station.php?code=bmso
bnjl,Banjul,13.4430556,-16.5733333,Gambia,IOC Sea Level Station Monitoring Facility,GAM,,SF,5,rad,rad,rad:M,2015-09-04,https://www.ioc-sealevelmonitoring.org/station.php?code=bnjl
bodo,Bodø,67.29233,14.39977,Norway,IOC Sea Level Station Monitoring Facility,NOR,,SW,1,flt,flt,flt:M,2023-06-28,https://www.ioc-sealevelmonitoring.org/station.php?code=bodo
bodr,Bodrum,37.03217,27.423453,Turkey,IOC Sea Level Station Monitoring Facility,TUR,,SW,1,ecs,ecs,ecs:M,2010-11-30,https://www.ioc-sealevelmonitoring.org/station.php?code=bodr
bodri,Bodrum (IDSL),37.031054,27.42477,Turkey,IOC Sea Level Station Monitoring Facility,TUR,,SB,5,rad,rad,rad:M,2019-10-26,https://www.ioc-sealevelmonitoring.org/station.php?code=bodri
boef,Boefjorden,61.135925,5.339699,Norway,IOC Sea Level Station Monitoring Facility,NOR,,SW,1,rad,rad,rad:M,2026-07-14,https://www.ioc-sealevelmonitoring.org/station.php?code=boef
bois,Oistins Jetty,13.0706,-59.547,Barbados,IOC Sea Level Station Monitoring Facility,BAR,,SW,4,rad,rad,rad:F,2023-11-17,https://www.ioc-sealevelmonitoring.org/station.php?code=bois
boma,Boston_MA,42.355,-71.0516,USA,IOC Sea Level Station Monitoring Facility,USA,,SW,1,pwl,pwl,pwl:M,2008-06-21,https://www.ioc-sealevelmonitoring.org/station.php?code=boma
bon2,Bonanza2,36.80221,-6.33813,Spain,IOC Sea Level Station Monitoring Facility,ESP,,SF,1,rad,rad,rad:M,2014-01-16,https://www.ioc-sealevelmonitoring.org/station.php?code=bon2
bona,Bonan,60.738611,17.318611,Sweden,IOC Sea Level Station Monitoring Facility,SVE,,SW,1,rad,rad,rad:M,2021-10-18,https://www.ioc-sealevelmonitoring.org/station.php?code=bona
bork,Borkum Fischerbalje,53.5575,6.749444,Germany,IOC Sea Level Station Monitoring Facility,DEU,,SW,1,flt,flt,flt:M,2010-05-04,https://www.ioc-sealevelmonitoring.org/station.php?code=bork
bouc,Boucau-Bayonne,43.5273,-1.51483,France,IOC Sea Level Station Monitoring Facility,FRA,,SF,1,rad,rad,rad:M,2011-04-28,https://www.ioc-sealevelmonitoring.org/station.php?code=bouc
bouc2,Boucau-Bayonne 2,43.5273,-1.51483,France,IOC Sea Level Station Monitoring Facility,FRA,,SL,1,rad,rad,rad:M,2014-10-09,https://www.ioc-sealevelmonitoring.org/station.php?code=bouc2
boul,Boulogne-Sur-Mer,50.7275,1.57746,France,IOC Sea Level Station Monitoring Facility,FRA,,SF,1,rad,rad,rad:M,2010-04-01,https://www.ioc-sealevelmonitoring.org/station.php?code=boul
boul2,Boulogne-Sur-Mer 2,50.7275,1.57746,France,IOC Sea Level Station Monitoring Facility,FRA,,SL,1,rad,rad,rad:M,2013-10-08,https://www.ioc-sealevelmonitoring.org/station.php?code=boul2
bour,Bournemouth,50.71,-1.87,UK,IOC Sea Level Station Monitoring Facility,GRB,,SF,1,rad,rad,rad:M,2012-09-04,https://www.ioc-sealevelmonitoring.org/station.php?code=bour
boye,Boyeruca_CL,-34.6873055,-72.05786,Chile,IOC Sea Level Station Monitoring Facility,CHL,,SL,1,rad,rad,rad:M,2021-10-30,https://www.ioc-sealevelmonitoring.org/station.php?code=boye
boye2,Boyeruca_CL,-34.6873055,-72.05786,Chile,IOC Sea Level Station Monitoring Facility,CHL,,SW,1,prs,prs,prs:M,2021-10-30,https://www.ioc-sealevelmonitoring.org/station.php?code=boye2
bozc,Bozcaada,39.835741,26.075859,Turkey,IOC Sea Level Station Monitoring Facility,TUR,,SB,5,rad,rad,rad:M,2016-11-22,https://www.ioc-sealevelmonitoring.org/station.php?code=bozc
bozy,Bozyazi,36.09741973877,32.941310882568,Turkey,IOC Sea Level Station Monitoring Facility,TUR,,SW,1,rad,rad,rad:M,2016-08-16,https://www.ioc-sealevelmonitoring.org/station.php?code=bozy
bres,Brest,48.38,-4.5,France,IOC Sea Level Station Monitoring Facility,FRA,242,SF,1,rad,rad,rad:M,2008-12-12,https://www.ioc-sealevelmonitoring.org/station.php?code=bres
bres2,Labo2,48.4086,-4.495,France,IOC Sea Level Station Monitoring Facility,FRA,,SL,3,rad,rad,rad:M,2021-10-04,https://www.ioc-sealevelmonitoring.org/station.php?code=bres2
brid,Bridgetown Port,13.108,-59.629,Barbados,IOC Sea Level Station Monitoring Facility,BAR,,SL,5,aqu,aqu,aqu:M,2013-05-10,https://www.ioc-sealevelmonitoring.org/station.php?code=brid
brid2,Bridgetown Port,13.1113555,-59.6314139,Barbados,IOC Sea Level Station Monitoring Facility,BAR,,SW,1,rad,rad,rad:F,2023-10-19,https://www.ioc-sealevelmonitoring.org/station.php?code=brid2
brof,Brofjorden,58.336111,11.404722,Sweden,IOC Sea Level Station Monitoring Facility,SVE,,SW,1,rad,rad,rad:M,2021-10-18,https://www.ioc-sealevelmonitoring.org/station.php?code=brof
brom,Broome_AU,-18.0008,122.2186,Australia,IOC Sea Level Station Monitoring Facility,AUS,40,SL,1,aqu,aqu,aqu:M,2007-12-05,https://www.ioc-sealevelmonitoring.org/station.php?code=brom
brpt,Barbers Point,21.3218,-158.1193,Hawaii; U.S.A.,IOC Sea Level Station Monitoring Facility,HAW,,SL,1,rad,rad,rad:M,2012-05-19,https://www.ioc-sealevelmonitoring.org/station.php?code=brpt
brsk,Breskens Handelshaven,51.4014003201,3.54772455443,Netherlands,IOC Sea Level Station Monitoring Facility,NED,,SW,1,flt,flt,flt:M,2017-01-13,https://www.ioc-sealevelmonitoring.org/station.php?code=brsk
brur,Bruravik,60.492094,6.893949,Norway,IOC Sea Level Station Monitoring Facility,NOR,,SW,1,rad,rad,rad:M,2023-06-29,https://www.ioc-sealevelmonitoring.org/station.php?code=brur
bspe,Speightstown Jetty,13.250253,-59.640894,Barbados,IOC Sea Level Station Monitoring Facility,BAR,,SW,1,rad,rad,rad:F,2023-10-19,https://www.ioc-sealevelmonitoring.org/station.php?code=bspe
btny,Battery_The_NY,40.7,-74.02,USA,IOC Sea Level Station Monitoring Facility,USA,,SW,1,pwl,pwl,pwl:M,2006-06-07,https://www.ioc-sealevelmonitoring.org/station.php?code=btny
btny2,Battery_The_NY,40.7,-74.02,USA,IOC Sea Level Station Monitoring Facility,USA,,SL,1,pwl,pwl,pwl:M,2012-12-05,https://www.ioc-sealevelmonitoring.org/station.php?code=btny2
buca,Bucalemu_CL,-34.639379,-72.046235,Chile,IOC Sea Level Station Monitoring Facility,CHL,,SL,5,rad,rad,rad:M,2014-06-15,https://www.ioc-sealevelmonitoring.org/station.php?code=buca
buca2,Bucalemu_CL,-34.639379,-72.046235,Chile,IOC Sea Level Station Monitoring Facility,CHL,,SW,5,rad,rad,rad:M,2015-07-08,https://www.ioc-sealevelmonitoring.org/station.php?code=buca2
buca3,Bucalemu_CL,-34.639379,-72.046235,Chile,IOC Sea Level Station Monitoring Facility,CHL,,SW,5,rad,rad,rad:M,2017-06-23,https://www.ioc-sealevelmonitoring.org/station.php?code=buca3
bull,Bullen Bay,12.1873306,-69.0196139,Curaçao,IOC Sea Level Station Monitoring Facility,CUW,,SL,1,prs,prs,prs:M,2013-10-16,https://www.ioc-sealevelmonitoring.org/station.php?code=bull
bupo,Bungus Port,-1.0296607,100.3961908,Indonesia,IOC Sea Level Station Monitoring Facility,IDN,,SB,5,rad,rad,rad:M,2020-07-07,https://www.ioc-sealevelmonitoring.org/station.php?code=bupo
busa,Busan,35.093056,129.0375,"Korea, Southern [Han Kook]",IOC Sea Level Station Monitoring Facility,KRS,84,SF,1,rad,rad,rad:M,2010-07-23,https://www.ioc-sealevelmonitoring.org/station.php?code=busa
buve,Buenaventura,3.8906,-77.0808,Colombia,IOC Sea Level Station Monitoring Facility,COL,170,SF,1,rad,rad,rad:M,2010-10-06,https://www.ioc-sealevelmonitoring.org/station.php?code=buve
buve2,Buenaventura,3.8906,-77.0808,Colombia,IOC Sea Level Station Monitoring Facility,COL,170,SL,1,bub,bub,bub:M,2013-05-14,https://www.ioc-sealevelmonitoring.org/station.php?code=buve2
buve3,"Buenaventura, Maritime signalling pier",3.8883833,-77.0443726,Colombia,IOC Sea Level Station Monitoring Facility,COL,170,SL,1,ra2,ra2,ra2:M,2023-09-05,https://www.ioc-sealevelmonitoring.org/station.php?code=buve3
cabc,Carrie Bow Cay,16.80283,-88.08202,Belize,IOC Sea Level Station Monitoring Facility,BLZ,,SL,1,rad,rad,rad:M,2016-04-14,https://www.ioc-sealevelmonitoring.org/station.php?code=cabc
cabo,Cabo_San_Lucas_MX,22.87861,-109.91,Mexico,IOC Sea Level Station Monitoring Facility,MEX,161,SL,5,en2,en2,en2:F,2007-12-10,https://www.ioc-sealevelmonitoring.org/station.php?code=cabo
cacb,Cayman Brac,19.743211,-79.769889,Cayman Islands,IOC Sea Level Station Monitoring Facility,CAI,,SL,5,rad,rad,rad:M,2022-01-07,https://www.ioc-sealevelmonitoring.org/station.php?code=cacb
cadi,Cadiz,36.54214,-6.280612,Spain,IOC Sea Level Station Monitoring Facility,ESP,,SB,5,rad,rad,rad:M,2015-10-11,https://www.ioc-sealevelmonitoring.org/station.php?code=cadi
cadi1,Cadiz,36.54214,-6.280612,Spain,IOC Sea Level Station Monitoring Facility,ESP,,SW,1,rad,rad,rad:M,2025-10-16,https://www.ioc-sealevelmonitoring.org/station.php?code=cadi1
cagb,"Grand Cayman, Gun Bay",19.312283,-81.089491,Cayman Islands,IOC Sea Level Station Monitoring Facility,CAI,,SL,1,aqu,aqu,aqu:M,2022-01-07,https://www.ioc-sealevelmonitoring.org/station.php?code=cagb
cagt,"Grand Cayman, George Town",19.295086,-81.383394,Cayman Islands,IOC Sea Level Station Monitoring Facility,CAI,,SL,1,aqu,aqu,aqu:M,2022-01-07,https://www.ioc-sealevelmonitoring.org/station.php?code=cagt
cala,Calais,50.9694,1.86772,France,IOC Sea Level Station Monitoring Facility,FRA,,SF,1,rad,rad,rad:M,2009-10-22,https://www.ioc-sealevelmonitoring.org/station.php?code=cala
cala2,Calais 2,50.9694,1.86772,France,IOC Sea Level Station Monitoring Facility,FRA,,SL,1,rad,rad,rad:M,2015-02-18,https://www.ioc-sealevelmonitoring.org/station.php?code=cala2
calc,Little Cayman,19.667867,-80.104108,Cayman Islands,IOC Sea Level Station Monitoring Facility,CAI,,SL,5,aqu,aqu,aqu:M,2022-01-07,https://www.ioc-sealevelmonitoring.org/station.php?code=calc
cald,Caldera_CL,-27.0646055,-70.82471944,Chile,IOC Sea Level Station Monitoring Facility,CHL,,SL,1,rad,rad,rad:M,2008-06-16,https://www.ioc-sealevelmonitoring.org/station.php?code=cald
cald2,Caldera_CL,-27.0646055,-70.82471944,Chile,IOC Sea Level Station Monitoring Facility,CHL,,SW,1,rad,rad,rad:M,2013-03-18,https://www.ioc-sealevelmonitoring.org/station.php?code=cald2
call,"Callao,La-Punta_PE",-12.069,-77.1668,Perú,IOC Sea Level Station Monitoring Facility,PER,173,SL,1,rad,rad,rad:M,2008-06-27,https://www.ioc-sealevelmonitoring.org/station.php?code=call
calq,Calliaqua Coast Guard Base,13.129912,-61.1955,Saint Vincent & Grenadines,IOC Sea Level Station Monitoring Facility,SVG,,SL,1,rad,rad,rad:M,2013-12-12,https://www.ioc-sealevelmonitoring.org/station.php?code=calq
camt,Lerma Campeche,19.811985,-90.594916,Mexico,IOC Sea Level Station Monitoring Facility,MEX,,SF,1,flt,flt,flt:M,2016-10-14,https://www.ioc-sealevelmonitoring.org/station.php?code=camt
camu,Caja de Muertos,17.887533,-66.528256,Puerto Rico; U.S.A.,IOC Sea Level Station Monitoring Facility,PRC,,SL,5,pwl,pwl,pwl:M,2015-04-14,https://www.ioc-sealevelmonitoring.org/station.php?code=camu
caph,Cap-Haïtien,19.759303,-72.193371,Haïti,IOC Sea Level Station Monitoring Facility,HAI,,SL,1,bub,bub,bub:M,2011-12-02,https://www.ioc-sealevelmonitoring.org/station.php?code=caph
carb,Carboneras,36.9743,-1.89959,Spain,IOC Sea Level Station Monitoring Facility,ESP,,SF,1,rad,rad,rad:M,2014-01-16,https://www.ioc-sealevelmonitoring.org/station.php?code=carb
carg,Cartagena,37.57,-0.98,Spain,IOC Sea Level Station Monitoring Facility,ESP,,SB,5,rad,rad,rad:M,2015-10-15,https://www.ioc-sealevelmonitoring.org/station.php?code=carg
carg1,Cartagena,37.57,-0.98,Spain,IOC Sea Level Station Monitoring Facility,ESP,,SW,1,rad,rad,rad:M,2025-10-16,https://www.ioc-sealevelmonitoring.org/station.php?code=carg1
cart,Cartagena,10.3914,-75.5369,Colombia,IOC Sea Level Station Monitoring Facility,COL,207,SL,1,rad,rad,rad:M,2013-01-29,https://www.ioc-sealevelmonitoring.org/station.php?code=cart
casc,Cascais,38.693158,-9.415384,Portugal,IOC Sea Level Station Monitoring Facility,POR,246,SS,1,rad,rad,rad:M,2008-06-01,https://www.ioc-sealevelmonitoring.org/station.php?code=casc
cast,Castletownbere,51.6496,-9.9034,Ireland,IOC Sea Level Station Monitoring Facility,EIR,330,SF,1,bub,bub,bub:M,2008-06-11,https://www.ioc-sealevelmonitoring.org/station.php?code=cast
cazul,"Cerro Azul, Cañete_PE",-13.02583,-76.48527,Perú,IOC Sea Level Station Monitoring Facility,PER,,SW,1,ecs,ecs,ecs:M,2022-09-29,https://www.ioc-sealevelmonitoring.org/station.php?code=cazul
cbmd,Cambridge_MD,38.5733,-76.0683,USA,IOC Sea Level Station Monitoring Facility,USA,,SW,1,pwl,pwl,pwl:M,2006-06-07,https://www.ioc-sealevelmonitoring.org/station.php?code=cbmd
cbmd2,Cambridge_MD,38.5733,-76.0683,USA,IOC Sea Level Station Monitoring Facility,USA,,SL,1,pwl,pwl,pwl:M,2012-12-05,https://www.ioc-sealevelmonitoring.org/station.php?code=cbmd2
ccar,"Ciudad del Cármen, Camp.",18.63605,-91.83615,Mexico,IOC Sea Level Station Monitoring Facility,MEX,,SF,1,flt,flt,flt:M,2010-08-26,https://www.ioc-sealevelmonitoring.org/station.php?code=ccar
cctx,"Corpus Christi, TX",27.58,-97.2167,USA,IOC Sea Level Station Monitoring Facility,USA,,SW,5,wls,wls,wls:M,2009-02-06,https://www.ioc-sealevelmonitoring.org/station.php?code=cctx
cctx2,"Corpus Christi, TX",27.58,-97.2167,USA,IOC Sea Level Station Monitoring Facility,USA,,SL,5,pwl,pwl,pwl:M,2012-12-05,https://www.ioc-sealevelmonitoring.org/station.php?code=cctx2
cdtt,Cedros Bay,10.0940528,-61.8654833,Trinidad & Tobago,IOC Sea Level Station Monitoring Facility,TRT,,NA,5,rad,rad,rad:M,2013-06-28,https://www.ioc-sealevelmonitoring.org/station.php?code=cdtt
ceib,La Ceiba Cabotaje Harbor,15.79,-86.76,Honduras,IOC Sea Level Station Monitoring Facility,HND,,SL,5,prs,prs,prs:M,2015-05-04,https://www.ioc-sealevelmonitoring.org/station.php?code=ceib
cent,Centuri,42.966904,9.350146,France,IOC Sea Level Station Monitoring Facility,FRA,,SF,1,rad,rad,rad:M,2010-11-03,https://www.ioc-sealevelmonitoring.org/station.php?code=cent
cent2,Centuri2,42.966904,9.350146,France,IOC Sea Level Station Monitoring Facility,FRA,,SL,1,rad,rad,rad:M,2011-01-10,https://www.ioc-sealevelmonitoring.org/station.php?code=cent2
ceut,Ceuta,35.9,-5.3166,Spain,IOC Sea Level Station Monitoring Facility,ESP,249,SW,1,rad,rad,rad:M,2008-08-18,https://www.ioc-sealevelmonitoring.org/station.php?code=ceut
ceut1,Ceuta,35.8959058,-5.3115852,Spain,IOC Sea Level Station Monitoring Facility,ESP,,SB,5,rad,rad,rad:M,2017-09-07,https://www.ioc-sealevelmonitoring.org/station.php?code=ceut1
ceut2,Ceuta,35.8959058,-5.3115852,Spain,IOC Sea Level Station Monitoring Facility,ESP,,SW,1,rad,rad,rad:M,2025-10-16,https://www.ioc-sealevelmonitoring.org/station.php?code=ceut2
chab,Chabahar,25.2958,60.603,Iran,IOC Sea Level Station Monitoring Facility,IRN,337,SL,5,prs,prs,prs:M,2007-10-31,https://www.ioc-sealevelmonitoring.org/station.php?code=chab
chala,"Chala,Arequipa,PE",-15.8661,-74.24805,Perú,IOC Sea Level Station Monitoring Facility,PER,,SW,1,rad,rad,rad:M,2022-09-29,https://www.ioc-sealevelmonitoring.org/station.php?code=chala
chan,"Chancay, Lima_PE",-11.5849,-77.2732,Perú,IOC Sea Level Station Monitoring Facility,PER,,SW,1,rad,rad,rad:M,2025-05-14,https://www.ioc-sealevelmonitoring.org/station.php?code=chan
char,"Charleston, OR",43.345,-124.3217,USA,IOC Sea Level Station Monitoring Facility,USA,,SW,1,pwl,pwl,pwl:M,2008-06-21,https://www.ioc-sealevelmonitoring.org/station.php?code=char
char2,"Charleston, OR",43.345,-124.3217,USA,IOC Sea Level Station Monitoring Facility,USA,,SL,1,pwl,pwl,pwl:M,2012-12-05,https://www.ioc-sealevelmonitoring.org/station.php?code=char2
chenn,Chennai,13.1,80.3,India,IOC Sea Level Station Monitoring Facility,IND,34,SF,1,prs,prs,prs:M,2011-07-06,https://www.ioc-sealevelmonitoring.org/station.php?code=chenn
cher,Cherbourg,49.65,-1.63,France,IOC Sea Level Station Monitoring Facility,FRA,,SF,1,rad,rad,rad:M,2008-12-20,https://www.ioc-sealevelmonitoring.org/station.php?code=cher
cher2,Cherbourg 2,49.65,-1.63,France,IOC Sea Level Station Monitoring Facility,FRA,,SL,1,rad,rad,rad:M,2014-11-25,https://www.ioc-sealevelmonitoring.org/station.php?code=cher2
chia,Puerto Chiapas/Madero,14.7123,-92.4013833,Mexico,IOC Sea Level Station Monitoring Facility,MEX,,SL,1,rad,rad,rad:M,2014-05-19,https://www.ioc-sealevelmonitoring.org/station.php?code=chia
chij,Chichijima,27.09,142.19,Japan,IOC Sea Level Station Monitoring Facility,JAP,103,SL,1,rad,rad,rad:F,2012-03-21,https://www.ioc-sealevelmonitoring.org/station.php?code=chij
chim2,"Chimbote,Ancash _PE",-9.0762,-78.6127,Perú,IOC Sea Level Station Monitoring Facility,PER,,SL,1,prs,prs,prs:M,2025-05-14,https://www.ioc-sealevelmonitoring.org/station.php?code=chim2
chimb,"Chimbote,Ancash_PE",-9.0761,-78.6125,Perú,IOC Sea Level Station Monitoring Facility,PER,,SW,1,rad,rad,rad:M,2022-09-29,https://www.ioc-sealevelmonitoring.org/station.php?code=chimb
chit,"Owenga, Chatham Island",-44.0247,-176.3688,New Zealand,IOC Sea Level Station Monitoring Facility,NWZ,,SL,1,prs,prs,prs:M,2009-01-13,https://www.ioc-sealevelmonitoring.org/station.php?code=chit
chnr,Chañaral_CL,-26.351758,-70.633759,Chile,IOC Sea Level Station Monitoring Facility,CHL,,SL,1,rad,rad,rad:M,2012-06-29,https://www.ioc-sealevelmonitoring.org/station.php?code=chnr
chnr2,Chañaral_CL,-26.351758,-70.633759,Chile,IOC Sea Level Station Monitoring Facility,CHL,,SW,1,rad,rad,rad:M,2013-03-18,https://www.ioc-sealevelmonitoring.org/station.php?code=chnr2
chrl,Charlotteville,11.316667,-60.55,Trinidad & Tobago,IOC Sea Level Station Monitoring Facility,TRT,,SL,5,rad,rad,rad:M,2013-05-10,https://www.ioc-sealevelmonitoring.org/station.php?code=chrl
chrp,Cherry_Point_WA,48.863,-122.758,USA,IOC Sea Level Station Monitoring Facility,USA,,SW,1,pwl,pwl,pwl:M,2006-06-07,https://www.ioc-sealevelmonitoring.org/station.php?code=chrp
chrp2,Cherry_Point_WA,48.863,-122.758,USA,IOC Sea Level Station Monitoring Facility,USA,,SL,1,pwl,pwl,pwl:M,2012-12-05,https://www.ioc-sealevelmonitoring.org/station.php?code=chrp2
chrs,Christmas_Island_AU,-10.4294,105.6693,Australia,IOC Sea Level Station Monitoring Facility,AUS,47,SL,1,rad,rad,rad:M,2007-12-12,https://www.ioc-sealevelmonitoring.org/station.php?code=chrs
chst,Charleston,-41.9032,171.4338,New Zealand,IOC Sea Level Station Monitoring Facility,NWZ,,SL,1,prs,prs,prs:M,2019-04-01,https://www.ioc-sealevelmonitoring.org/station.php?code=chst
chtt,Chittagong,22.3333,91.825,Bangladesh,IOC Sea Level Station Monitoring Facility,BSH,36,SL,5,rad,rad,rad:M,2007-11-24,https://www.ioc-sealevelmonitoring.org/station.php?code=chtt
chuu,Chuuk,7.4536833,151.8982417,Micronesia,IOC Sea Level Station Monitoring Facility,MIC,116,SL,1,rad,rad,rad:M,2020-08-10,https://www.ioc-sealevelmonitoring.org/station.php?code=chuu
cili,Cilacap,-7.75,109.0,Indonesia,IOC Sea Level Station Monitoring Facility,IDN,291,SL,1,rad,rad,rad:M,2007-11-24,https://www.ioc-sealevelmonitoring.org/station.php?code=cili
ciut,Ciutadella,39.987588,3.828154,Spain,IOC Sea Level Station Monitoring Facility,ESP,,SB,5,rad,rad,rad:M,2017-10-26,https://www.ioc-sealevelmonitoring.org/station.php?code=ciut
clst,"Celestun, Yuc.",20.864506,-90.405121,Mexico,IOC Sea Level Station Monitoring Facility,MEX,,SF,1,flt,flt,flt:M,2010-08-26,https://www.ioc-sealevelmonitoring.org/station.php?code=clst
cmet,Caleta Meteoro_CL,-52.961019,-74.072156,Chile,IOC Sea Level Station Monitoring Facility,CHL,,SL,1,rad,rad,rad:M,2011-10-18,https://www.ioc-sealevelmonitoring.org/station.php?code=cmet
cmet3,Caleta Meteoro_CL,-52.961019,-74.072156,Chile,IOC Sea Level Station Monitoring Facility,CHL,,SW,1,rad,rad,rad:M,2013-11-25,https://www.ioc-sealevelmonitoring.org/station.php?code=cmet3
cmnj,Cape_May_NJ,38.9683,-74.96,USA,IOC Sea Level Station Monitoring Facility,USA,,SW,1,pwl,pwl,pwl:M,2008-06-21,https://www.ioc-sealevelmonitoring.org/station.php?code=cmnj
cmnj2,Cape_May_NJ,38.9683,-74.96,USA,IOC Sea Level Station Monitoring Facility,USA,,SL,1,pwl,pwl,pwl:M,2012-12-05,https://www.ioc-sealevelmonitoring.org/station.php?code=cmnj2
cnme,CutlerNavalBase_ME,44.64,-67.3,USA,IOC Sea Level Station Monitoring Facility,USA,,SW,5,pwl,pwl,pwl:M,2008-06-21,https://www.ioc-sealevelmonitoring.org/station.php?code=cnme
cocb,Cocos_Island_AU,-12.1167,96.8919,Australia,IOC Sea Level Station Monitoring Facility,AUS,46,SL,1,aqu,aqu,aqu:M,2007-12-05,https://www.ioc-sealevelmonitoring.org/station.php?code=cocb
coch,Cochin,9.96,76.26,India,IOC Sea Level Station Monitoring Facility,IND,32,SF,1,prs,prs,prs:M,2011-08-02,https://www.ioc-sealevelmonitoring.org/station.php?code=coch
cocos,Cocos Island,5.556083,-87.04783,Costa Rica,IOC Sea Level Station Monitoring Facility,CRC,,SL,1,rad,rad,rad:M,2018-03-16,https://www.ioc-sealevelmonitoring.org/station.php?code=cocos
cois,Corn Island,12.3272222,-83.0677778,Nicaragua,IOC Sea Level Station Monitoring Facility,NIC,,SL,5,prs,prs,prs:M,2014-10-06,https://www.ioc-sealevelmonitoring.org/station.php?code=cois
colb,Colombo,6.95,79.85,Sri Lanka,IOC Sea Level Station Monitoring Facility,SRL,33,SL,5,enc,enc,enc:M,2007-12-04,https://www.ioc-sealevelmonitoring.org/station.php?code=colb
coli,Coliumo_CL,-36.53797,-72.957142,Chile,IOC Sea Level Station Monitoring Facility,CHL,,SL,1,rad,rad,rad:M,2018-08-20,https://www.ioc-sealevelmonitoring.org/station.php?code=coli
coli2,Coliumo,-36.53797,-72.957142,Chile,IOC Sea Level Station Monitoring Facility,CHL,,SW,1,prs,prs,prs:M,2020-04-16,https://www.ioc-sealevelmonitoring.org/station.php?code=coli2
colo,Colombo,6.9406,79.8503833,Sri Lanka,IOC Sea Level Station Monitoring Facility,SRL,33,SL,1,rad,rad,rad:M,2006-06-21,https://www.ioc-sealevelmonitoring.org/station.php?code=colo
como,Comores,-11.7035,43.24809444,Comores,IOC Sea Level Station Monitoring Facility,COM,,SL,5,rad,rad,rad:M,2010-12-06,https://www.ioc-sealevelmonitoring.org/station.php?code=como
conc,Concarneau,47.8737,-3.90738,France,IOC Sea Level Station Monitoring Facility,FRA,,SF,1,rad,rad,rad:M,2010-02-03,https://www.ioc-sealevelmonitoring.org/station.php?code=conc
conc2,Concarneau 2,47.8737,-3.90738,France,IOC Sea Level Station Monitoring Facility,FRA,,SL,1,rad,rad,rad:M,2014-07-24,https://www.ioc-sealevelmonitoring.org/station.php?code=conc2
cons2,Constitucion (Chile),-35.355725,-72.457031,Chile,IOC Sea Level Station Monitoring Facility,CHL,,SW,1,rad,rad,rad:M,2013-03-18,https://www.ioc-sealevelmonitoring.org/station.php?code=cons2
const,Constitucion (Chile),-35.355725,-72.457031,Chile,IOC Sea Level Station Monitoring Facility,CHL,,SL,1,rad,rad,rad:M,2010-11-04,https://www.ioc-sealevelmonitoring.org/station.php?code=const
coqu,Coquimbo_CL,-29.950139,-71.335258,Chile,IOC Sea Level Station Monitoring Facility,CHL,,SL,1,rad,rad,rad:M,2008-06-16,https://www.ioc-sealevelmonitoring.org/station.php?code=coqu
coqu2,Coquimbo_CL,-29.950139,-71.335258,Chile,IOC Sea Level Station Monitoring Facility,CHL,,SW,1,rad,rad,rad:M,2013-03-18,https://www.ioc-sealevelmonitoring.org/station.php?code=coqu2
cor2,Acoruna,43.35727,-8.38938,Spain,IOC Sea Level Station Monitoring Facility,ESP,243,SF,1,rad,rad,rad:M,2014-01-16,https://www.ioc-sealevelmonitoring.org/station.php?code=cor2
cord,Cordova_AK,60.558,-145.753,USA,IOC Sea Level Station Monitoring Facility,USA,,SW,1,pwl,pwl,pwl:M,2008-06-21,https://www.ioc-sealevelmonitoring.org/station.php?code=cord
cord2,Cordova_AK,60.558,-145.753,USA,IOC Sea Level Station Monitoring Facility,USA,,SL,1,pwl,pwl,pwl:M,2012-12-05,https://www.ioc-sealevelmonitoring.org/station.php?code=cord2
cori,Puerto Corinto,12.4833333,-87.1675,Nicaragua,IOC Sea Level Station Monitoring Facility,NIC,,SL,5,prs,prs,prs:M,2014-10-06,https://www.ioc-sealevelmonitoring.org/station.php?code=cori
corr,Corral_CL,-39.886595,-73.42748,Chile,IOC Sea Level Station Monitoring Facility,CHL,,SL,1,rad,rad,rad:M,2008-06-16,https://www.ioc-sealevelmonitoring.org/station.php?code=corr
corr2,Corral_CL,-39.886595,-73.42748,Chile,IOC Sea Level Station Monitoring Facility,CHL,,SW,1,rad,rad,rad:M,2013-03-18,https://www.ioc-sealevelmonitoring.org/station.php?code=corr2
coru,La Coruña,43.3666,-8.4,Spain,IOC Sea Level Station Monitoring Facility,ESP,243,SW,1,flt,flt,flt:M,2008-08-18,https://www.ioc-sealevelmonitoring.org/station.php?code=coru
cove,Coveñas,9.41,-75.69,Colombia,IOC Sea Level Station Monitoring Facility,COL,,SF,1,rad,rad,rad:M,2015-08-25,https://www.ioc-sealevelmonitoring.org/station.php?code=cove
cpit,Castlepoint,-40.89929,176.2316763,New Zealand,IOC Sea Level Station Monitoring Facility,NWZ,,SL,1,prs,prs,prs:M,2010-01-15,https://www.ioc-sealevelmonitoring.org/station.php?code=cpit
cpla,"Calcasieu Pass, LA",29.7682,-93.3429,USA,IOC Sea Level Station Monitoring Facility,USA,,SW,1,wls,wls,wls:M,2009-02-06,https://www.ioc-sealevelmonitoring.org/station.php?code=cpla
cpla2,"Calcasieu Pass, LA",29.7682,-93.3429,USA,IOC Sea Level Station Monitoring Facility,USA,,SL,4,pwl,pwl,pwl:M,2012-12-05,https://www.ioc-sealevelmonitoring.org/station.php?code=cpla2
crbc,Campbell River,50.04,-125.25,Canada,IOC Sea Level Station Monitoring Facility,CAN,,SL,1,pwl,pwl,pwl:M,2016-03-01,https://www.ioc-sealevelmonitoring.org/station.php?code=crbc
cres,Crescent_City_CA,41.745,-124.183,USA,IOC Sea Level Station Monitoring Facility,USA,,SW,1,pwl,pwl,pwl:M,2008-06-21,https://www.ioc-sealevelmonitoring.org/station.php?code=cres
cres2,Crescent_City_CA,41.745,-124.183,USA,IOC Sea Level Station Monitoring Facility,USA,,SL,1,pwl,pwl,pwl:M,2012-12-05,https://www.ioc-sealevelmonitoring.org/station.php?code=cres2
crnl,Coronel_CL,-37.028605,-73.151731,Chile,IOC Sea Level Station Monitoring Facility,CHL,,SL,1,rad,rad,rad:M,2012-08-08,https://www.ioc-sealevelmonitoring.org/station.php?code=crnl
crnl2,Coronel_CL,-37.028605,-73.151731,Chile,IOC Sea Level Station Monitoring Facility,CHL,,SW,1,rad,rad,rad:M,2013-03-18,https://www.ioc-sealevelmonitoring.org/station.php?code=crnl2
crom,Cromer,52.93,1.3,UK,IOC Sea Level Station Monitoring Facility,GRB,,SF,1,bub,bub,bub:M,2012-09-04,https://www.ioc-sealevelmonitoring.org/station.php?code=crom
csta,Constanta,44.16,28.6,Romania,IOC Sea Level Station Monitoring Facility,ROM,,SF,5,prs,prs,prs:M,2011-05-17,https://www.ioc-sealevelmonitoring.org/station.php?code=csta
csta2,Constanta2,44.1475,28.672,Romania,IOC Sea Level Station Monitoring Facility,ROM,,SW,1,rad,rad,rad:M,2015-12-05,https://www.ioc-sealevelmonitoring.org/station.php?code=csta2
csta3,Constanta,44.160809,28.657221,Romania,IOC Sea Level Station Monitoring Facility,ROM,,SW,1,prs,prs,prs:M,2022-10-25,https://www.ioc-sealevelmonitoring.org/station.php?code=csta3
cstr,Castro_CL,-42.480894,-73.758181,Chile,IOC Sea Level Station Monitoring Facility,CHL,,SL,1,rad,rad,rad:M,2011-06-07,https://www.ioc-sealevelmonitoring.org/station.php?code=cstr
cstr2,Castro_CL,-42.480894,-73.758181,Chile,IOC Sea Level Station Monitoring Facility,CHL,,SW,1,rad,rad,rad:M,2013-03-18,https://www.ioc-sealevelmonitoring.org/station.php?code=cstr2
cuaj,Cuajiniquil,10.9520444,-85.7099056,Costa Rica,IOC Sea Level Station Monitoring Facility,CRC,,SL,1,rad,rad,rad:M,2025-10-10,https://www.ioc-sealevelmonitoring.org/station.php?code=cuaj
cule,Culebra_Is_PR,18.3008,-65.3028,USA,IOC Sea Level Station Monitoring Facility,USA,,SW,1,pwl,pwl,pwl:M,2010-03-08,https://www.ioc-sealevelmonitoring.org/station.php?code=cule
cule2,Culebra_Is_PR,18.3008,-65.3028,USA,IOC Sea Level Station Monitoring Facility,USA,,SL,1,pwl,pwl,pwl:M,2012-12-05,https://www.ioc-sealevelmonitoring.org/station.php?code=cule2
curri,Currimao,18.016667,120.483333,Philippines,IOC Sea Level Station Monitoring Facility,FIL,,SL,1,rad,rad,rad:M,2009-10-21,https://www.ioc-sealevelmonitoring.org/station.php?code=curri
cuvie,Cape Cuvier Wharf,-24.2206,113.3969,Australia,IOC Sea Level Station Monitoring Facility,AUS,,SL,1,prs,prs,prs:M,2009-02-09,https://www.ioc-sealevelmonitoring.org/station.php?code=cuvie
cuxh,Cuxhaven,53.867778,8.7175,Germany,IOC Sea Level Station Monitoring Facility,DEU,284,SW,1,flt,flt,flt:M,2008-08-04,https://www.ioc-sealevelmonitoring.org/station.php?code=cuxh
cwfl,Clearwater_Beach_FL,27.978,-82.832,USA,IOC Sea Level Station Monitoring Facility,USA,,SW,1,pwl,pwl,pwl:M,2008-06-24,https://www.ioc-sealevelmonitoring.org/station.php?code=cwfl
cwfl2,Clearwater_Beach_FL,27.978,-82.832,USA,IOC Sea Level Station Monitoring Facility,USA,,SL,1,pwl,pwl,pwl:M,2012-12-05,https://www.ioc-sealevelmonitoring.org/station.php?code=cwfl2
cwme,"Cutler Farris Wharf, ME",44.656667,-67.21,USA,IOC Sea Level Station Monitoring Facility,USA,,SW,1,pwl,pwl,pwl:M,2011-02-21,https://www.ioc-sealevelmonitoring.org/station.php?code=cwme
cwme2,"Cutler Farris Wharf, ME",44.656667,-67.21,USA,IOC Sea Level Station Monitoring Facility,USA,,SL,1,pwl,pwl,pwl:M,2012-12-05,https://www.ioc-sealevelmonitoring.org/station.php?code=cwme2
dakar,Dakar,14.676,-17.42,Sénégal,IOC Sea Level Station Monitoring Facility,SEN,253,SL,1,ra2,ra2,ra2:M,2007-10-27,https://www.ioc-sealevelmonitoring.org/station.php?code=dakar
darw,Darwin_AU,-12.4719,130.8458,Australia,IOC Sea Level Station Monitoring Facility,AUS,62,SL,1,aqu,aqu,aqu:M,2007-12-05,https://www.ioc-sealevelmonitoring.org/station.php?code=darw
davo,Davao_PH,7.1537,125.6629,Philippines,IOC Sea Level Station Monitoring Facility,FIL,71,SL,1,rad,rad,rad:M,2007-12-09,https://www.ioc-sealevelmonitoring.org/station.php?code=davo
deke,"Dekehtik,Pohnpei_FM",6.9806,158.2001,Micronesia,IOC Sea Level Station Monitoring Facility,MIC,115,SL,1,prs,prs,prs:M,2008-06-05,https://www.ioc-sealevelmonitoring.org/station.php?code=deke
delf,Delfzijl,53.3266112653,6.93296994175,Netherlands,IOC Sea Level Station Monitoring Facility,NED,,SW,1,flt,flt,flt:M,2017-01-16,https://www.ioc-sealevelmonitoring.org/station.php?code=delf
denh,Den Helder,52.9636753352,4.74342344269,Netherlands,IOC Sea Level Station Monitoring Facility,NED,,SW,1,flt,flt,flt:M,2017-01-16,https://www.ioc-sealevelmonitoring.org/station.php?code=denh
denis,Denis Island,-3.8,55.6667,Seychelles,IOC Sea Level Station Monitoring Facility,SEY,,SL,5,rad,rad,rad:M,2009-05-27,https://www.ioc-sealevelmonitoring.org/station.php?code=denis
dese,Puerto Deseado,-47.75357778,-65.91469444,Argentina,IOC Sea Level Station Monitoring Facility,ARG,190,SL,1,ra2,ra2,ra2:M,2010-03-23,https://www.ioc-sealevelmonitoring.org/station.php?code=dese
desi,"La Desirade Island, Guadeloupe",16.30289,-61.07248,France,IOC Sea Level Station Monitoring Facility,FRA,,SL,5,rad,rad,rad:M,2010-09-08,https://www.ioc-sealevelmonitoring.org/station.php?code=desi
dhnn,"Niterói, RJ",-22.88472,-43.13222,Brasil,IOC Sea Level Station Monitoring Facility,BRA,,SW,1,rad,rad,rad:M,2025-09-11,https://www.ioc-sealevelmonitoring.org/station.php?code=dhnn
dial,Dauphin_Island_AL,30.2,-88.1,USA,IOC Sea Level Station Monitoring Facility,USA,,SW,1,bwl,bwl,bwl:M,2008-06-21,https://www.ioc-sealevelmonitoring.org/station.php?code=dial
diba,Diba,25.649,56.269,Oman,IOC Sea Level Station Monitoring Facility,OMA,,SL,1,rad,rad,rad:M,2013-03-28,https://www.ioc-sealevelmonitoring.org/station.php?code=diba
diel,Dielette,49.55,-1.86,France,IOC Sea Level Station Monitoring Facility,FRA,,SF,1,rad,rad,rad:M,2015-09-21,https://www.ioc-sealevelmonitoring.org/station.php?code=diel
diel2,Dielette 2,49.55,-1.86,France,IOC Sea Level Station Monitoring Facility,FRA,,SL,1,rad,rad,rad:M,2015-09-21,https://www.ioc-sealevelmonitoring.org/station.php?code=diel2
diep,Dieppe,49.93,1.085,France,IOC Sea Level Station Monitoring Facility,FRA,,SF,1,rad,rad,rad:M,2009-04-15,https://www.ioc-sealevelmonitoring.org/station.php?code=diep
diep2,Dieppe 2,49.93,1.085,France,IOC Sea Level Station Monitoring Facility,FRA,,SL,1,rad,rad,rad:M,2015-01-16,https://www.ioc-sealevelmonitoring.org/station.php?code=diep2
djib,Djibouti,11.6,43.1666,Djibouti,IOC Sea Level Station Monitoring Facility,DJI,2,SL,5,pr1,pr1,pr1:M,2007-02-20,https://www.ioc-sealevelmonitoring.org/station.php?code=djib
dlpr,Deal Pier,51.22379,1.40926,UK,IOC Sea Level Station Monitoring Facility,GRB,,SW,1,rad,rad,rad:M,2012-09-20,https://www.ioc-sealevelmonitoring.org/station.php?code=dlpr
dove,Dover,51.11,1.32,UK,IOC Sea Level Station Monitoring Facility,GRB,,SF,1,bub,bub,bub:M,2012-09-04,https://www.ioc-sealevelmonitoring.org/station.php?code=dove
dpnc,Duck_Pier_NC,36.1833,-75.7466,USA,IOC Sea Level Station Monitoring Facility,USA,219,SW,1,wls,wls,wls:M,2008-06-06,https://www.ioc-sealevelmonitoring.org/station.php?code=dpnc
dumo,Dumont d'Urville,-66.651944,140.001667,Antarctica,IOC Sea Level Station Monitoring Facility,ANT,131,SF,1,prs,prs,prs:M,2008-07-06,https://www.ioc-sealevelmonitoring.org/station.php?code=dumo
dunk,Dunkerque,51.04809,2.366698,France,IOC Sea Level Station Monitoring Facility,FRA,,SF,1,rad,rad,rad:M,2011-10-02,https://www.ioc-sealevelmonitoring.org/station.php?code=dunk
dunk2,Dunkerque 2,51.04809,2.366698,France,IOC Sea Level Station Monitoring Facility,FRA,,SL,1,rad,rad,rad:M,2013-10-08,https://www.ioc-sealevelmonitoring.org/station.php?code=dunk2
duqm,Duqm,19.66,57.72,Oman,IOC Sea Level Station Monitoring Facility,OMA,,SL,1,rad,rad,rad:M,2013-03-28,https://www.ioc-sealevelmonitoring.org/station.php?code=duqm
durb,Durban,-29.88333,31.03333,South-Africa,IOC Sea Level Station Monitoring Facility,SAF,13,SL,5,rad,rad,rad:M,2007-06-13,https://www.ioc-sealevelmonitoring.org/station.php?code=durb
dutc,Dutch_Hbr_Unalaska,53.88333,-166.5333,USA,IOC Sea Level Station Monitoring Facility,USA,102,SW,1,wls,wls,wls:M,2008-06-06,https://www.ioc-sealevelmonitoring.org/station.php?code=dutc
dutc2,Dutch_Hbr_Unalaska,53.88333,-166.5333,USA,IOC Sea Level Station Monitoring Facility,USA,102,SL,1,pwl,pwl,pwl:M,2012-12-05,https://www.ioc-sealevelmonitoring.org/station.php?code=dutc2
dzao,Dzaoudzi (Mayotte),-12.783333,45.2583,France,IOC Sea Level Station Monitoring Facility,FRA,96,SF,1,rad,rad,rad:M,2008-12-12,https://www.ioc-sealevelmonitoring.org/station.php?code=dzao
dzao2,Dzaoudzi (Mayotte) 2,-12.783,45.2583,France,IOC Sea Level Station Monitoring Facility,FRA,96,SL,1,rad,rad,rad:M,2009-02-16,https://www.ioc-sealevelmonitoring.org/station.php?code=dzao2
e4bs,E4 Bron Sodertalje,59.184722,17.642778,Sweden,IOC Sea Level Station Monitoring Facility,SVE,,SW,1,rad,rad,rad:M,2021-10-18,https://www.ioc-sealevelmonitoring.org/station.php?code=e4bs
east,Isla de Pascua (Rapa Nui),-27.15485,-109.439426,Chile,IOC Sea Level Station Monitoring Facility,CHL,137,SL,1,rad,rad,rad:M,2008-04-25,https://www.ioc-sealevelmonitoring.org/station.php?code=east
east2,Isla de Pascua (Rapa Nui),-27.15485,-109.439426,Chile,IOC Sea Level Station Monitoring Facility,CHL,137,SW,1,rad,rad,rad:M,2013-03-18,https://www.ioc-sealevelmonitoring.org/station.php?code=east2
ebla,East_Bank_1_LA,30.05,-90.368,USA,IOC Sea Level Station Monitoring Facility,USA,,SW,5,pwl,pwl,pwl:M,2008-06-21,https://www.ioc-sealevelmonitoring.org/station.php?code=ebla
efjm,Errol Flynn Marina Portland,18.182888,-76.453678,Jamaica,IOC Sea Level Station Monitoring Facility,JAM,210,SL,1,rad,rad,rad:F,2023-08-14,https://www.ioc-sealevelmonitoring.org/station.php?code=efjm
elak,Elfin_Cove_AK,58.1933,-136.3433,USA,IOC Sea Level Station Monitoring Facility,USA,,SW,1,pwl,pwl,pwl:M,2008-06-21,https://www.ioc-sealevelmonitoring.org/station.php?code=elak
elak2,Elfin_Cove_AK,58.1933,-136.3433,USA,IOC Sea Level Station Monitoring Facility,USA,,SL,1,pwl,pwl,pwl:M,2012-12-05,https://www.ioc-sealevelmonitoring.org/station.php?code=elak2
elat,Elat,29.501808,34.917743,Israel,IOC Sea Level Station Monitoring Facility,ISR,,SF,5,prs,prs,prs:M,2014-01-07,https://www.ioc-sealevelmonitoring.org/station.php?code=elat
elpo,El Porvenir,9.55827,-78.94918,Panamá,IOC Sea Level Station Monitoring Facility,PAN,,SL,1,rad,rad,rad:M,2012-08-26,https://www.ioc-sealevelmonitoring.org/station.php?code=elpo
enap,Arica_CL (Sitio 7),-18.469313,-70.323569,Chile,IOC Sea Level Station Monitoring Facility,CHL,,SL,1,rad,rad,rad:M,2025-02-13,https://www.ioc-sealevelmonitoring.org/station.php?code=enap
enap2,Arica (Sitio 7),-18.469313,-70.323569,Chile,IOC Sea Level Station Monitoring Facility,CHL,,SW,1,rad,rad,rad:M,2026-04-23,https://www.ioc-sealevelmonitoring.org/station.php?code=enap2
engg,Enggano,-5.3461,102.2781,Indonesia,IOC Sea Level Station Monitoring Facility,IDN,,SL,5,pr2,pr2,pr2:M,2007-12-12,https://www.ioc-sealevelmonitoring.org/station.php?code=engg
epme,East_Port_ME,44.9033,-66.985,USA,IOC Sea Level Station Monitoring Facility,USA,,SW,1,pwl,pwl,pwl:M,2008-06-21,https://www.ioc-sealevelmonitoring.org/station.php?code=epme
epme2,East_Port_ME,44.9033,-66.985,USA,IOC Sea Level Station Monitoring Facility,USA,,SL,1,pwl,pwl,pwl:M,2012-12-05,https://www.ioc-sealevelmonitoring.org/station.php?code=epme2
erdek,Erdek,40.389873504639,27.845176696777,Turkey,IOC Sea Level Station Monitoring Facility,TUR,,SW,1,rad,rad,rad:M,2020-11-05,https://www.ioc-sealevelmonitoring.org/station.php?code=erdek
erdem,Erdemli,36.56372892,34.25538719,Turkey,IOC Sea Level Station Monitoring Facility,TUR,,SW,1,rad,rad,rad:M,2016-08-16,https://www.ioc-sealevelmonitoring.org/station.php?code=erdem
esbj,Esbjerg,55.46,8.44,Denmark,IOC Sea Level Station Monitoring Facility,DMK,,SF,1,rad,rad,rad:M,2025-07-15,https://www.ioc-sealevelmonitoring.org/station.php?code=esbj
esme,Esmeraldas,0.99088,-79.64661,Ecuador,IOC Sea Level Station Monitoring Facility,ECU,,SW,1,rad,rad,rad:M,2022-09-29,https://www.ioc-sealevelmonitoring.org/station.php?code=esme
espe,Esperance_AU,-33.8709,121.8954,Australia,IOC Sea Level Station Monitoring Facility,AUS,54,SL,1,aqu,aqu,aqu:M,2007-12-05,https://www.ioc-sealevelmonitoring.org/station.php?code=espe
estr,Puerto Estrella,12.355278,-71.313611,Colombia,IOC Sea Level Station Monitoring Facility,COL,,SF,5,prs,prs,prs:M,2015-09-04,https://www.ioc-sealevelmonitoring.org/station.php?code=estr
euro,Europlatform,51.9976988652,3.27468700289,Netherlands,IOC Sea Level Station Monitoring Facility,NED,,SW,1,flt,flt,flt:M,2017-01-13,https://www.ioc-sealevelmonitoring.org/station.php?code=euro
exmt,Exmouth Marina,50.6173833,-3.4235833,UK,IOC Sea Level Station Monitoring Facility,GRB,,SW,1,rad,rad,rad:M,2021-01-14,https://www.ioc-sealevelmonitoring.org/station.php?code=exmt
faja,Fajardo_PR,18.3336,-65.6311,Puerto Rico; U.S.A.,IOC Sea Level Station Monitoring Facility,PRC,,SL,1,pwl,pwl,pwl:M,2010-03-03,https://www.ioc-sealevelmonitoring.org/station.php?code=faja
falk,Falkenberg,56.891944,12.489444,Sweden,IOC Sea Level Station Monitoring Facility,SVE,,SW,1,rad,rad,rad:M,2021-10-18,https://www.ioc-sealevelmonitoring.org/station.php?code=falk
fbfl,Fernadina_Beach_FL,30.672,-81.465,USA,IOC Sea Level Station Monitoring Facility,USA,,SW,1,pwl,pwl,pwl:M,2008-06-21,https://www.ioc-sealevelmonitoring.org/station.php?code=fbfl
fbfl2,Fernadina_Beach_FL,30.672,-81.465,USA,IOC Sea Level Station Monitoring Facility,USA,,SL,1,pwl,pwl,pwl:M,2012-12-05,https://www.ioc-sealevelmonitoring.org/station.php?code=fbfl2
fer1,Ferrol1,43.46285,-8.32582,Spain,IOC Sea Level Station Monitoring Facility,ESP,,SF,1,rad,rad,rad:M,2008-02-25,https://www.ioc-sealevelmonitoring.org/station.php?code=fer1
fer2,Ferrol2,43.47618,-8.24851,Spain,IOC Sea Level Station Monitoring Facility,ESP,,SF,1,rad,rad,rad:M,2014-01-16,https://www.ioc-sealevelmonitoring.org/station.php?code=fer2
ferg,Cape_Ferguson_AU,-19.2773,147.0584,Australia,IOC Sea Level Station Monitoring Facility,AUS,60,SL,1,aqu,aqu,aqu:M,2007-12-05,https://www.ioc-sealevelmonitoring.org/station.php?code=ferg
feth,Fethiye,36.6207,29.0922,Turkey,IOC Sea Level Station Monitoring Facility,TUR,,SB,5,rad,rad,rad:M,2015-12-20,https://www.ioc-sealevelmonitoring.org/station.php?code=feth
ffcj,Flying Fish Cove Jetty_Christmas_Is_AU,-10.4294,105.6694,Australia,IOC Sea Level Station Monitoring Facility,AUS,,SL,1,rad,rad,rad:M,2019-03-20,https://www.ioc-sealevelmonitoring.org/station.php?code=ffcj
figu,La Figueirette,43.483532,6.933767,France,IOC Sea Level Station Monitoring Facility,FRA,,SF,1,rad,rad,rad:M,2011-06-01,https://www.ioc-sealevelmonitoring.org/station.php?code=figu
figu2,La Figueirette2,43.483532,6.933767,France,IOC Sea Level Station Monitoring Facility,FRA,,SL,1,rad,rad,rad:M,2011-06-08,https://www.ioc-sealevelmonitoring.org/station.php?code=figu2
fish,Fishguard,52.01,-4.98,UK,IOC Sea Level Station Monitoring Facility,GRB,,SF,1,bub,bub,bub:M,2012-09-04,https://www.ioc-sealevelmonitoring.org/station.php?code=fish
flam,Flamingo Marina,10.4411,-85.7888,Costa Rica,IOC Sea Level Station Monitoring Facility,CRC,,SL,1,rad,rad,rad:M,2025-08-09,https://www.ioc-sealevelmonitoring.org/station.php?code=flam
fmfl,Fort_Myers_FL,26.65,-81.87,USA,IOC Sea Level Station Monitoring Facility,USA,,SW,1,pwl,pwl,pwl:M,2008-06-21,https://www.ioc-sealevelmonitoring.org/station.php?code=fmfl
fmfl2,Fort_Myers_FL,26.65,-81.87,USA,IOC Sea Level Station Monitoring Facility,USA,,SL,1,pwl,pwl,pwl:M,2012-12-05,https://www.ioc-sealevelmonitoring.org/station.php?code=fmfl2
fong,Fongafale_TV,-8.5033,179.1949,Tuvalu Islands,IOC Sea Level Station Monitoring Facility,TVI,121,SL,1,aqu,aqu,aqu:M,2007-12-12,https://www.ioc-sealevelmonitoring.org/station.php?code=fong
form,Formentera,38.73466,1.41903,Spain,IOC Sea Level Station Monitoring Facility,ESP,,SF,1,rad,rad,rad:M,2014-01-16,https://www.ioc-sealevelmonitoring.org/station.php?code=form
fors,Forsmark,60.408611,18.210833,Sweden,IOC Sea Level Station Monitoring Facility,SVE,,SW,1,rad,rad,rad:M,2021-10-18,https://www.ioc-sealevelmonitoring.org/station.php?code=fors
fort,Fortaleza,-3.716666667,-38.4667,Brasil,IOC Sea Level Station Monitoring Facility,BRA,336,SL,1,enc,enc,enc:M,2008-06-23,https://www.ioc-sealevelmonitoring.org/station.php?code=fort
fort2,Porto de Mucuripe,-3.714444,-38.476667,Brasil,IOC Sea Level Station Monitoring Facility,BRA,336,SW,1,enc,enc,enc:M,2024-01-17,https://www.ioc-sealevelmonitoring.org/station.php?code=fort2
fosm,Fos-sur-Mer,43.4049,4.89293,France,IOC Sea Level Station Monitoring Facility,FRA,,SF,5,rad,rad,rad:M,2010-07-27,https://www.ioc-sealevelmonitoring.org/station.php?code=fosm
fosm2,Fos-sur-Mer2,43.4049,4.89293,France,IOC Sea Level Station Monitoring Facility,FRA,,SL,5,rad,rad,rad:M,2016-05-20,https://www.ioc-sealevelmonitoring.org/station.php?code=fosm2
fpga,Fort_Pulaski_GA,32.033,-80.902,USA,IOC Sea Level Station Monitoring Facility,USA,289,SW,1,wls,wls,wls:M,2008-06-06,https://www.ioc-sealevelmonitoring.org/station.php?code=fpga
fpga2,Fort_Pulaski_GA,32.033,-80.902,USA,IOC Sea Level Station Monitoring Facility,USA,289,SL,1,pwl,pwl,pwl:M,2012-12-05,https://www.ioc-sealevelmonitoring.org/station.php?code=fpga2
fpnt,"Ft_Point,San_Fran",37.807,-122.465,USA,IOC Sea Level Station Monitoring Facility,USA,158,SW,1,wls,wls,wls:M,2008-06-06,https://www.ioc-sealevelmonitoring.org/station.php?code=fpnt
fpnt2,"Ft_Point,San_Fran",37.807,-122.465,USA,IOC Sea Level Station Monitoring Facility,USA,158,SL,1,pwl,pwl,pwl:M,2012-12-05,https://www.ioc-sealevelmonitoring.org/station.php?code=fpnt2
fred,Fredericia,55.56,9.75,Denmark,IOC Sea Level Station Monitoring Facility,DMK,,SF,1,rad,rad,rad:M,2025-07-15,https://www.ioc-sealevelmonitoring.org/station.php?code=fred
freh,Frederikshavn,57.44,10.55,Denmark,IOC Sea Level Station Monitoring Facility,DMK,,SF,1,rad,rad,rad:M,2025-07-15,https://www.ioc-sealevelmonitoring.org/station.php?code=freh
fren,"Tern,Fr._Frigate_US",23.867,-166.283,USA,IOC Sea Level Station Monitoring Facility,USA,107,SL,1,rad,rad,rad:M,2008-05-25,https://www.ioc-sealevelmonitoring.org/station.php?code=fren
frot,Mausund,63.869331,8.665231,Norway,IOC Sea Level Station Monitoring Facility,NOR,,SW,1,flt,flt,flt:M,2023-06-28,https://www.ioc-sealevelmonitoring.org/station.php?code=frot
frtr,Frontera,18.15,-94.27,Mexico,IOC Sea Level Station Monitoring Facility,MEX,,SF,4,flt,flt,flt:M,2010-08-26,https://www.ioc-sealevelmonitoring.org/station.php?code=frtr
ftfr,"Fort-de-France, Martinique",14.601667,-61.063333,France,IOC Sea Level Station Monitoring Facility,FRA,338,SF,1,rad,rad,rad:M,2012-06-01,https://www.ioc-sealevelmonitoring.org/station.php?code=ftfr
ftfr2,"Fort-de-France, Martinique 2",14.601667,-61.063333,France,IOC Sea Level Station Monitoring Facility,FRA,338,SL,1,rad,rad,rad:M,2012-01-06,https://www.ioc-sealevelmonitoring.org/station.php?code=ftfr2
fue2,Fuerteventura,28.49251,-13.85822,Spain,IOC Sea Level Station Monitoring Facility,ESP,,SF,1,rad,rad,rad:M,2014-01-16,https://www.ioc-sealevelmonitoring.org/station.php?code=fue2
fuer2,"Puerto del Rosario, Fuerteventura",28.4980556,-13.8563889,Spain,IOC Sea Level Station Monitoring Facility,ESP,,SW,1,rad,rad,rad:M,2019-12-07,https://www.ioc-sealevelmonitoring.org/station.php?code=fuer2
fuka,Fukaura,40.65,139.93,Japan,IOC Sea Level Station Monitoring Facility,JAP,,SL,1,rad,rad,rad:F,2012-03-21,https://www.ioc-sealevelmonitoring.org/station.php?code=fuka
furu,Furuogrund,64.915833,21.230556,Sweden,IOC Sea Level Station Monitoring Facility,SVE,,SW,1,rad,rad,rad:M,2021-10-18,https://www.ioc-sealevelmonitoring.org/station.php?code=furu
futu,"Leava (Futuna Island, Wallis & Futuna)",-14.296023,-178.160225,France,IOC Sea Level Station Monitoring Facility,FRA,353,SL,1,rad,rad,rad:M,2011-10-17,https://www.ioc-sealevelmonitoring.org/station.php?code=futu
fyns,Fynshav,54.99,9.99,Denmark,IOC Sea Level Station Monitoring Facility,DMK,,SF,1,rad,rad,rad:M,2025-07-15,https://www.ioc-sealevelmonitoring.org/station.php?code=fyns
gale,Galeota,10.1387333,-61.00195,Trinidad & Tobago,IOC Sea Level Station Monitoring Facility,TRT,,SL,1,rad,rad,rad:M,2021-06-08,https://www.ioc-sealevelmonitoring.org/station.php?code=gale
gamb,"Rikitea (French Polynesia, Gambier, Mangareva)",-23.117774,-134.968888,France,IOC Sea Level Station Monitoring Facility,FRA,138,SL,1,rad,rad,rad:M,2012-03-16,https://www.ioc-sealevelmonitoring.org/station.php?code=gamb
gand,Gandia,38.99521,-0.15139,Spain,IOC Sea Level Station Monitoring Facility,ESP,,SF,1,rad,rad,rad:M,2008-02-27,https://www.ioc-sealevelmonitoring.org/station.php?code=gand
ganm,Gan,-0.6878056,73.1520278,Maldive Islands,IOC Sea Level Station Monitoring Facility,MDV,27,SL,1,rad,rad,rad:M,2007-11-24,https://www.ioc-sealevelmonitoring.org/station.php?code=ganm
gara,Garachico (Tenerife),28.373376,-16.752875,Spain,IOC Sea Level Station Monitoring Facility,ESP,,SB,5,rad,rad,rad:M,2021-12-22,https://www.ioc-sealevelmonitoring.org/station.php?code=gara
gara1,Garachico (Tenerife),28.373376,-16.752875,Spain,IOC Sea Level Station Monitoring Facility,ESP,,SW,1,rad,rad,rad:M,2025-10-16,https://www.ioc-sealevelmonitoring.org/station.php?code=gara1
garc,Diego Garcia,-7.2903361,72.393875,UK,IOC Sea Level Station Monitoring Facility,GRB,26,SL,1,rad,rad,rad:M,2007-11-23,https://www.ioc-sealevelmonitoring.org/station.php?code=garc
gazi,Gazimagusa,35.12343,33.95015,Cyprus,IOC Sea Level Station Monitoring Facility,CYP,,NA,5,rad,rad,rad:M,2021-12-01,https://www.ioc-sealevelmonitoring.org/station.php?code=gazi
gbit,Great_Barrier_Is,-36.189,175.4889,New Zealand,IOC Sea Level Station Monitoring Facility,NWZ,,SL,1,prs,prs,prs:M,2014-05-27,https://www.ioc-sealevelmonitoring.org/station.php?code=gbit
gcsb,Gold Coast Sand Bypass Jetty,-27.9387,153.4326,Australia,IOC Sea Level Station Monitoring Facility,AUS,,SL,1,rad,rad,rad:M,2019-03-20,https://www.ioc-sealevelmonitoring.org/station.php?code=gcsb
geds,Gedser,54.57,11.93,Denmark,IOC Sea Level Station Monitoring Facility,DMK,,SF,1,rad,rad,rad:M,2025-07-15,https://www.ioc-sealevelmonitoring.org/station.php?code=geds
geor,George Town,19.295065,-81.383484,Cayman Islands,IOC Sea Level Station Monitoring Facility,CAI,,SL,5,prs,prs,prs:M,2013-12-05,https://www.ioc-sealevelmonitoring.org/station.php?code=geor
gibr,Gibraltar (tsunami),36.13,-5.35,UK,IOC Sea Level Station Monitoring Facility,GRB,248,SF,5,prs,prs,prs:M,2008-07-30,https://www.ioc-sealevelmonitoring.org/station.php?code=gibr
gibr2,Gibraltar,36.13,-5.35,UK,IOC Sea Level Station Monitoring Facility,GRB,248,SL,5,rad,rad,rad:M,2009-02-16,https://www.ioc-sealevelmonitoring.org/station.php?code=gibr2
gibr3,Gibraltar,36.148083,-5.365013,UK,IOC Sea Level Station Monitoring Facility,GRB,248,SL,1,pr1,pr1,pr1:M,2018-10-02,https://www.ioc-sealevelmonitoring.org/station.php?code=gibr3
gij2,Gijon,43.55803,-5.69835,Spain,IOC Sea Level Station Monitoring Facility,ESP,,SF,1,rad,rad,rad:M,2014-01-16,https://www.ioc-sealevelmonitoring.org/station.php?code=gij2
gila,"Grand Isle, LA",29.2633,-89.9567,USA,IOC Sea Level Station Monitoring Facility,USA,,SW,1,wls,wls,wls:M,2009-02-06,https://www.ioc-sealevelmonitoring.org/station.php?code=gila
girn,Girne,35.34079,33.33406,Cyprus,IOC Sea Level Station Monitoring Facility,CYP,,NA,5,rad,rad,rad:M,2021-12-01,https://www.ioc-sealevelmonitoring.org/station.php?code=girn
gist,Gisborne,-38.6754097,178.0228774,New Zealand,IOC Sea Level Station Monitoring Facility,NWZ,,SL,1,prs,prs,prs:M,2009-01-15,https://www.ioc-sealevelmonitoring.org/station.php?code=gist
goag,Goteborg Agnesberg,57.789722,12.01,Sweden,IOC Sea Level Station Monitoring Facility,SVE,,SW,1,rad,rad,rad:M,2021-10-18,https://www.ioc-sealevelmonitoring.org/station.php?code=goag
goer,Goteborg Eriksberg,57.696667,11.908889,Sweden,IOC Sea Level Station Monitoring Facility,SVE,,SW,1,rad,rad,rad:M,2021-10-18,https://www.ioc-sealevelmonitoring.org/station.php?code=goer
gohi,Göteborg-Hisingsbron,57.71491,11.968741,Sweden,IOC Sea Level Station Monitoring Facility,SVE,,SW,1,rad,rad,rad:M,2023-04-19,https://www.ioc-sealevelmonitoring.org/station.php?code=gohi
gokc,Gokceada,40.231391906738,25.89361000061,Turkey,IOC Sea Level Station Monitoring Facility,TUR,,SW,1,ecs,ecs,ecs:M,2016-08-16,https://www.ioc-sealevelmonitoring.org/station.php?code=gokc
gokr,Goteborg Krossholmen,57.691316,11.771246,Sweden,IOC Sea Level Station Monitoring Facility,SVE,,SW,1,rad,rad,rad:M,2021-10-18,https://www.ioc-sealevelmonitoring.org/station.php?code=gokr
golf,Golfito,8.636167,-83.16713889,Costa Rica,IOC Sea Level Station Monitoring Facility,CRC,,SL,1,prs,prs,prs:M,2025-04-05,https://www.ioc-sealevelmonitoring.org/station.php?code=golf
goti,Goteborg Tingstadstunneln,57.723056,11.986944,Sweden,IOC Sea Level Station Monitoring Facility,SVE,,SW,1,rad,rad,rad:M,2021-10-18,https://www.ioc-sealevelmonitoring.org/station.php?code=goti
goto,Goteborg Torshamnen,57.684722,11.790556,Sweden,IOC Sea Level Station Monitoring Facility,SVE,233,SW,5,rad,rad,rad:M,2008-06-10,https://www.ioc-sealevelmonitoring.org/station.php?code=goto
gpab,Geraldton_AU,-28.7631,114.5647,Australia,IOC Sea Level Station Monitoring Facility,AUS,,SL,1,rad,rad,rad:M,2019-03-20,https://www.ioc-sealevelmonitoring.org/station.php?code=gpab
gptx,Galveston_Pier_TX,29.31,-94.793,USA,IOC Sea Level Station Monitoring Facility,USA,217,SW,1,bwl,bwl,bwl:M,2008-06-06,https://www.ioc-sealevelmonitoring.org/station.php?code=gptx
greg,Bahia Gregorio_CL,-52.648056,-70.209167,Chile,IOC Sea Level Station Monitoring Facility,CHL,,SL,1,rad,rad,rad:M,2014-06-25,https://www.ioc-sealevelmonitoring.org/station.php?code=greg
greg2,Bahia Gregorio_CL,-52.648056,-70.209167,Chile,IOC Sea Level Station Monitoring Facility,CHL,,SW,1,rad,rad,rad:M,2015-07-08,https://www.ioc-sealevelmonitoring.org/station.php?code=greg2
groo,Groote Eylandt,-13.86,136.4158,Australia,IOC Sea Level Station Monitoring Facility,AUS,,SL,1,aqu,aqu,aqu:M,2008-07-02,https://www.ioc-sealevelmonitoring.org/station.php?code=groo
gtdpr,"Guayanilla, Puerto Rico",18.005219,-66.766697,Puerto Rico; U.S.A.,IOC Sea Level Station Monitoring Facility,PRC,,SL,1,pwl,pwl,pwl:M,2021-06-15,https://www.ioc-sealevelmonitoring.org/station.php?code=gtdpr
guam,Guam (Apra Harbor),13.438,144.652,USA,IOC Sea Level Station Monitoring Facility,USA,149,SW,1,wls,wls,wls:M,2010-03-26,https://www.ioc-sealevelmonitoring.org/station.php?code=guam
guam2,Guam (Apra Harbor),13.438,144.652,USA,IOC Sea Level Station Monitoring Facility,USA,149,SL,1,pwl,pwl,pwl:M,2012-12-05,https://www.ioc-sealevelmonitoring.org/station.php?code=guam2
gvd9,Gavdos,34.847986,24.119778,Greece,IOC Sea Level Station Monitoring Facility,HEL,,SB,5,aqu,aqu,aqu:M,2012-09-10,https://www.ioc-sealevelmonitoring.org/station.php?code=gvd9
gyer,Guayaquil - Río Guayas,-2.195,-79.88,Ecuador,IOC Sea Level Station Monitoring Facility,ECU,,SW,1,rad,rad,rad:M,2022-10-19,https://www.ioc-sealevelmonitoring.org/station.php?code=gyer
hade,Hadera,32.47053,34.863057,Israel,IOC Sea Level Station Monitoring Facility,ISR,80,SF,5,prs,prs,prs:M,2010-05-11,https://www.ioc-sealevelmonitoring.org/station.php?code=hade
hade2,Hadera Port,32.47233,34.8826,Israel,IOC Sea Level Station Monitoring Facility,ISR,,SB,5,rad,rad,rad:M,2018-01-30,https://www.ioc-sealevelmonitoring.org/station.php?code=hade2
haif,Haifa,32.822454,35.007042,Israel,IOC Sea Level Station Monitoring Facility,ISR,,SB,5,rad,rad,rad:M,2018-01-29,https://www.ioc-sealevelmonitoring.org/station.php?code=haif
hain,Haing Gyi Kyun,16.0004,94.3176,Myanmar,IOC Sea Level Station Monitoring Facility,MYA,,SL,5,rad,rad,rad:M,2015-08-26,https://www.ioc-sealevelmonitoring.org/station.php?code=hain
hako,Hakodate,41.78,140.72,Japan,IOC Sea Level Station Monitoring Facility,JAP,88,SL,1,rad,rad,rad:F,2012-03-21,https://www.ioc-sealevelmonitoring.org/station.php?code=hako
hali,Halifax,44.67,-63.58,Canada,IOC Sea Level Station Monitoring Facility,CAN,222,SF,5,enc,enc,enc:M,2008-12-11,https://www.ioc-sealevelmonitoring.org/station.php?code=hali
halm,Halmstad,56.649722,12.8425,Sweden,IOC Sea Level Station Monitoring Facility,SVE,,SW,1,rad,rad,rad:M,2021-10-18,https://www.ioc-sealevelmonitoring.org/station.php?code=halm
hamb,Hambantota,6.124,81.1275,Sri Lanka,IOC Sea Level Station Monitoring Facility,SRL,,SE,5,prs,prs,prs:M,2009-08-17,https://www.ioc-sealevelmonitoring.org/station.php?code=hamb
hamm,Hammerfest,70.66475,23.67869,Norway,IOC Sea Level Station Monitoring Facility,NOR,,SW,1,rad,rad,rad:M,2023-06-28,https://www.ioc-sealevelmonitoring.org/station.php?code=hamm
hana,Hanasaki,43.28,145.57,Japan,IOC Sea Level Station Monitoring Facility,JAP,,SL,1,rad,rad,rad:F,2008-05-15,https://www.ioc-sealevelmonitoring.org/station.php?code=hana
hani,Hanimadhoo,6.7667,73.1667,Maldive Islands,IOC Sea Level Station Monitoring Facility,MDV,,SL,1,rad,rad,rad:M,2007-11-06,https://www.ioc-sealevelmonitoring.org/station.php?code=hani
hanst,Hanstholm,57.12,8.6,Denmark,IOC Sea Level Station Monitoring Facility,DMK,,SF,1,rad,rad,rad:M,2025-07-15,https://www.ioc-sealevelmonitoring.org/station.php?code=hanst
harl,Harlingen,53.1755641043,5.41097290782,Netherlands,IOC Sea Level Station Monitoring Facility,NED,,SW,1,flt,flt,flt:M,2017-01-16,https://www.ioc-sealevelmonitoring.org/station.php?code=harl
hars,Harstad,68.801261,16.548236,Norway,IOC Sea Level Station Monitoring Facility,NOR,,SW,1,flt,flt,flt:M,2023-06-28,https://www.ioc-sealevelmonitoring.org/station.php?code=hars
harv,"Oil Platform Harvest, CA",34.46666,-120.66666,USA,IOC Sea Level Station Monitoring Facility,USA,,SW,5,pwl,pwl,pwl:M,2012-10-23,https://www.ioc-sealevelmonitoring.org/station.php?code=harv
harw,Harwich,51.95,1.29,UK,IOC Sea Level Station Monitoring Facility,GRB,,SF,1,bub,bub,bub:M,2012-09-04,https://www.ioc-sealevelmonitoring.org/station.php?code=harw
hasp,Hastings Pier,50.8508833,0.57285,UK,IOC Sea Level Station Monitoring Facility,GRB,,SW,1,rad,rad,rad:M,2021-01-14,https://www.ioc-sealevelmonitoring.org/station.php?code=hasp
hbay,Herne Bay,51.38211,1.11521,UK,IOC Sea Level Station Monitoring Facility,GRB,,SW,1,stp,stp,stp:M,2012-09-20,https://www.ioc-sealevelmonitoring.org/station.php?code=hbay
heim,Heimsjøen,63.425224,9.101504,Norway,IOC Sea Level Station Monitoring Facility,NOR,,SW,1,flt,flt,flt:M,2023-06-28,https://www.ioc-sealevelmonitoring.org/station.php?code=heim
helg,Helgoland Binnenhafen,54.175833,7.891389,Germany,IOC Sea Level Station Monitoring Facility,DEU,,SW,1,flt,flt,flt:M,2010-05-04,https://www.ioc-sealevelmonitoring.org/station.php?code=helg
helgz,Helgeroa,58.995212,9.856379,Norway,IOC Sea Level Station Monitoring Facility,NOR,,SW,1,flt,flt,flt:M,2023-06-28,https://www.ioc-sealevelmonitoring.org/station.php?code=helgz
hels,Helsingborg,56.044722,12.687222,Sweden,IOC Sea Level Station Monitoring Facility,SVE,,SW,1,rad,rad,rad:M,2021-10-18,https://www.ioc-sealevelmonitoring.org/station.php?code=hels
hens,Henslung Cove,54.18333,-133.0,Canada,IOC Sea Level Station Monitoring Facility,CAN,,SW,1,enc,enc,enc:M,2008-10-22,https://www.ioc-sealevelmonitoring.org/station.php?code=hens
herb,L'Herbaudière,47.026,-2.299,France,IOC Sea Level Station Monitoring Facility,FRA,,SF,1,rad,rad,rad:M,2014-06-11,https://www.ioc-sealevelmonitoring.org/station.php?code=herb
herb2,L'Herbaudière 2,47.02495,-2.29889,France,IOC Sea Level Station Monitoring Facility,FRA,,SL,1,rad,rad,rad:M,2014-06-13,https://www.ioc-sealevelmonitoring.org/station.php?code=herb2
heys,Heysham,54.03,-2.92,UK,IOC Sea Level Station Monitoring Facility,GRB,,SF,1,bub,bub,bub:M,2012-09-04,https://www.ioc-sealevelmonitoring.org/station.php?code=heys
hie2,ElHierro,27.78408,-17.90163,Spain,IOC Sea Level Station Monitoring Facility,ESP,,SF,1,rad,rad,rad:M,2014-01-16,https://www.ioc-sealevelmonitoring.org/station.php?code=hie2
hien,Hienghene (New Caledonia),-20.69283333,164.94216666,France,IOC Sea Level Station Monitoring Facility,FRA,,SL,1,rad,rad,rad:M,2011-02-11,https://www.ioc-sealevelmonitoring.org/station.php?code=hien
hien2,Hienghene 2 (New Caledonia),-20.69283333,164.94216666,France,IOC Sea Level Station Monitoring Facility,FRA,,SF,1,rad,rad,rad:M,2023-11-07,https://www.ioc-sealevelmonitoring.org/station.php?code=hien2
hill,Hillarys_Harbor_AU,-31.8255,115.7386,Australia,IOC Sea Level Station Monitoring Facility,AUS,,SL,1,aqu,aqu,aqu:M,2007-12-05,https://www.ioc-sealevelmonitoring.org/station.php?code=hill
hilo,"Hilo,Hawaii",19.733,-155.058,USA,IOC Sea Level Station Monitoring Facility,USA,287,SW,1,wls,wls,wls:M,2010-03-26,https://www.ioc-sealevelmonitoring.org/station.php?code=hilo
hilo2,"Hilo, Hawaii",19.733,-155.058,USA,IOC Sea Level Station Monitoring Facility,USA,287,SL,1,pwl,pwl,pwl:M,2012-12-05,https://www.ioc-sealevelmonitoring.org/station.php?code=hilo2
hink,Hinkley Point,51.21,-3.13,UK,IOC Sea Level Station Monitoring Facility,GRB,,SF,1,prs,prs,prs:M,2012-09-04,https://www.ioc-sealevelmonitoring.org/station.php?code=hink
hirt,Hirtshals,57.6,9.96,Denmark,IOC Sea Level Station Monitoring Facility,DMK,,SF,1,rad,rad,rad:M,2008-08-03,https://www.ioc-sealevelmonitoring.org/station.php?code=hirt
hiva,"Hiva Oa (Marquesas, French Polynesia)",-9.804869,-139.034469,France,IOC Sea Level Station Monitoring Facility,FRA,,SL,1,pr2,pr2,pr2:M,2008-06-27,https://www.ioc-sealevelmonitoring.org/station.php?code=hiva
hmda,Hamada,34.9,132.07,Japan,IOC Sea Level Station Monitoring Facility,JAP,326,SL,1,rad,rad,rad:F,2012-03-21,https://www.ioc-sealevelmonitoring.org/station.php?code=hmda
hoek,Hoek van Holland,51.9774704941,4.11949106655,Netherlands,IOC Sea Level Station Monitoring Facility,NED,,SW,1,flt,flt,flt:M,2017-01-16,https://www.ioc-sealevelmonitoring.org/station.php?code=hoek
holm,Holmsund,63.695833,20.347222,Sweden,IOC Sea Level Station Monitoring Facility,SVE,,SW,1,rad,rad,rad:M,2021-10-18,https://www.ioc-sealevelmonitoring.org/station.php?code=holm
holy,Holyhead (tsunami),53.310505,-4.633796,UK,IOC Sea Level Station Monitoring Facility,GRB,,SS,5,bub,bub,bub:M,2008-03-31,https://www.ioc-sealevelmonitoring.org/station.php?code=holy
holy2,Holyhead2,53.31,-4.62,UK,IOC Sea Level Station Monitoring Facility,GRB,,SF,1,bub,bub,bub:M,2012-09-04,https://www.ioc-sealevelmonitoring.org/station.php?code=holy2
honn,Honningsvåg,70.980318,25.972697,Norway,IOC Sea Level Station Monitoring Facility,NOR,,SW,1,flt,flt,flt:M,2008-12-17,https://www.ioc-sealevelmonitoring.org/station.php?code=honn
hono,"Honolulu,Oahu",21.307,-157.867,USA,IOC Sea Level Station Monitoring Facility,USA,108,SW,1,wls,wls,wls:M,2010-03-26,https://www.ioc-sealevelmonitoring.org/station.php?code=hono
hono2,"Honolulu, Oahu",21.307,-157.867,USA,IOC Sea Level Station Monitoring Facility,USA,108,SL,1,pwl,pwl,pwl:M,2012-12-05,https://www.ioc-sealevelmonitoring.org/station.php?code=hono2
horn,Hörnum,54.758056,8.2975,Germany,IOC Sea Level Station Monitoring Facility,DEU,,SW,1,flt,flt,flt:M,2010-05-04,https://www.ioc-sealevelmonitoring.org/station.php?code=horn
hornb,Hornbaek,56.09,12.46,Denmark,IOC Sea Level Station Monitoring Facility,DMK,,SF,1,rad,rad,rad:M,2025-07-15,https://www.ioc-sealevelmonitoring.org/station.php?code=hornb
htst,Hawaii - TEST,21.297978,-157.815723,Hawaii; U.S.A.,IOC Sea Level Station Monitoring Facility,HAW,,SB,3,prs,prs,prs:M,2009-04-29,https://www.ioc-sealevelmonitoring.org/station.php?code=htst
huach,"Huacho,Lima_PE",-11.12166,-77.6161,Perú,IOC Sea Level Station Monitoring Facility,PER,,SW,1,ecs,ecs,ecs:M,2022-09-29,https://www.ioc-sealevelmonitoring.org/station.php?code=huach
huarm,"Huarmey,Ancash_PE",-10.09916,-78.18166,Perú,IOC Sea Level Station Monitoring Facility,PER,,SW,1,ecs,ecs,ecs:M,2022-09-29,https://www.ioc-sealevelmonitoring.org/station.php?code=huarm
huas,Huasco,-28.468893,-71.249937,Chile,IOC Sea Level Station Monitoring Facility,CHL,,SL,1,rad,rad,rad:M,2024-06-27,https://www.ioc-sealevelmonitoring.org/station.php?code=huas
huas2,Huasco,-28.468893,-71.249937,Chile,IOC Sea Level Station Monitoring Facility,CHL,,SW,1,rad,rad,rad:M,2013-04-09,https://www.ioc-sealevelmonitoring.org/station.php?code=huas2
huas3,Huasco,-28.468893,-71.249937,Chile,IOC Sea Level Station Monitoring Facility,CHL,,SW,5,rad,rad,rad:M,2013-06-12,https://www.ioc-sealevelmonitoring.org/station.php?code=huas3
huat,Huatulco,15.7500556,-96.1168889,Mexico,IOC Sea Level Station Monitoring Facility,MEX,,SL,1,rad,rad,rad:M,2014-05-19,https://www.ioc-sealevelmonitoring.org/station.php?code=huat
huat2,Huatulco,15.7500556,-96.1168889,Mexico,IOC Sea Level Station Monitoring Facility,MEX,,SF,1,rad,rad,rad:M,2016-10-17,https://www.ioc-sealevelmonitoring.org/station.php?code=huat2
huel,Huelva5,37.13202,-6.83369,Spain,IOC Sea Level Station Monitoring Facility,ESP,,SF,1,rad,rad,rad:M,2008-02-27,https://www.ioc-sealevelmonitoring.org/station.php?code=huel
iaix,Ile d'Aix,46.0074,-1.17424,France,IOC Sea Level Station Monitoring Facility,FRA,,SF,1,rad,rad,rad:M,2011-04-27,https://www.ioc-sealevelmonitoring.org/station.php?code=iaix
ibiz,Ibiza2,38.91123,1.44984,Spain,IOC Sea Level Station Monitoring Facility,ESP,,SF,1,rad,rad,rad:M,2009-10-11,https://www.ioc-sealevelmonitoring.org/station.php?code=ibiz
iclr,Isla Clarion,18.5338,-114.7227,Mexico,IOC Sea Level Station Monitoring Facility,MEX,,SL,1,rad,rad,rad:M,2018-02-27,https://www.ioc-sealevelmonitoring.org/station.php?code=iclr
igne,Igneada,41.888763427734,28.023719787598,Turkey,IOC Sea Level Station Monitoring Facility,TUR,,SW,1,rad,rad,rad:M,2020-11-05,https://www.ioc-sealevelmonitoring.org/station.php?code=igne
iler,"Ile Royale, Kourou, French Guiana",5.284444,-52.586944,France,IOC Sea Level Station Monitoring Facility,FRA,,SF,1,rad,rad,rad:M,2012-12-14,https://www.ioc-sealevelmonitoring.org/station.php?code=iler
iler2,"Ile Royale, Kourou, French Guiana 2",5.284444,-52.586944,France,IOC Sea Level Station Monitoring Facility,FRA,,SL,2,rad,rad,rad:M,2012-12-14,https://www.ioc-sealevelmonitoring.org/station.php?code=iler2
ilfa,Ilfracombe,51.21,-4.11,UK,IOC Sea Level Station Monitoring Facility,GRB,,SF,1,bub,bub,bub:M,2012-09-04,https://www.ioc-sealevelmonitoring.org/station.php?code=ilfa
ilha,"Ilhabela, SP",-23.77361,-45.35472,Brasil,IOC Sea Level Station Monitoring Facility,BRA,,SW,1,rad,rad,rad:M,2025-09-11,https://www.ioc-sealevelmonitoring.org/station.php?code=ilha
ilom,"Ilo,Moquegua_PE",-17.6447,-71.3496,Perú,IOC Sea Level Station Monitoring Facility,PER,,SW,1,ecs,ecs,ecs:M,2022-09-29,https://www.ioc-sealevelmonitoring.org/station.php?code=ilom
ilom2,"Ilo,Moquegua_PE",-17.6447,-71.3496,Perú,IOC Sea Level Station Monitoring Facility,PER,,SL,1,prs,prs,prs:M,2025-05-14,https://www.ioc-sealevelmonitoring.org/station.php?code=ilom2
im02,Imperia 2,43.87834,8.0188,Italy,IOC Sea Level Station Monitoring Facility,ITA,,SB,5,rad,rad,rad:M,2015-02-04,https://www.ioc-sealevelmonitoring.org/station.php?code=im02
im02a,Imperia,43.87834,8.0188,Italy,IOC Sea Level Station Monitoring Facility,ITA,,SB,5,rad,rad,rad:M,2017-10-09,https://www.ioc-sealevelmonitoring.org/station.php?code=im02a
imbi,Imbituba,-28.230833,-48.650833,Brasil,IOC Sea Level Station Monitoring Facility,BRA,,SF,1,prs,prs,prs:M,2019-08-16,https://www.ioc-sealevelmonitoring.org/station.php?code=imbi
imbt,Imbituba2,-28.2314,-48.6505,Brasil,IOC Sea Level Station Monitoring Facility,BRA,,SL,1,enc,enc,enc:M,2019-12-05,https://www.ioc-sealevelmonitoring.org/station.php?code=imbt
imbt2,Porto de Imbituba,-28.231111,-48.650556,Brasil,IOC Sea Level Station Monitoring Facility,BRA,351,SW,1,enc,enc,enc:M,2024-01-17,https://www.ioc-sealevelmonitoring.org/station.php?code=imbt2
imek,Imekang,7.537222,134.624993,Palau Islands,IOC Sea Level Station Monitoring Facility,PAI,,SL,1,rad,rad,rad:M,2025-09-11,https://www.ioc-sealevelmonitoring.org/station.php?code=imek
immi,Immingham,53.63,-0.19,UK,IOC Sea Level Station Monitoring Facility,GRB,,SF,1,bub,bub,bub:M,2012-09-04,https://www.ioc-sealevelmonitoring.org/station.php?code=immi
imuj,"Isla Mujeres, Q. R.",21.2546667,-86.7460833,Mexico,IOC Sea Level Station Monitoring Facility,MEX,,SF,1,flt,flt,flt:M,2010-08-26,https://www.ioc-sealevelmonitoring.org/station.php?code=imuj
imuj2,Isla Mujeres2,21.2546667,-86.7460833,Mexico,IOC Sea Level Station Monitoring Facility,MEX,,SL,1,rad,rad,rad:M,2020-07-01,https://www.ioc-sealevelmonitoring.org/station.php?code=imuj2
inav,Isla Naval,10.180556,-75.750278,Colombia,IOC Sea Level Station Monitoring Facility,COL,,SL,1,bub,bub,bub:M,2015-09-15,https://www.ioc-sealevelmonitoring.org/station.php?code=inav
inav2,Isla Naval,10.180556,-75.750278,Colombia,IOC Sea Level Station Monitoring Facility,COL,,SF,1,bub,bub,bub:M,2015-09-21,https://www.ioc-sealevelmonitoring.org/station.php?code=inav2
inha,Inhambane,-23.91666,35.5,Moçambique,IOC Sea Level Station Monitoring Facility,MOZ,10,SL,5,rad,rad,rad:M,2007-05-07,https://www.ioc-sealevelmonitoring.org/station.php?code=inha
iqui,Iquique_CL,-20.2045777778,-70.1478305555,Chile,IOC Sea Level Station Monitoring Facility,CHL,,SL,1,rad,rad,rad:M,2008-06-27,https://www.ioc-sealevelmonitoring.org/station.php?code=iqui
iqui2,Iquique_CL,-20.2045777778,-70.1478305555,Chile,IOC Sea Level Station Monitoring Facility,CHL,,SW,1,rad,rad,rad:M,2013-03-18,https://www.ioc-sealevelmonitoring.org/station.php?code=iqui2
isab,Isabel Segunda,18.150278,-65.435,Puerto Rico; U.S.A.,IOC Sea Level Station Monitoring Facility,PRC,,SL,1,pwl,pwl,pwl:M,2010-02-28,https://www.ioc-sealevelmonitoring.org/station.php?code=isab
isfu,Isla Fuerte,9.39,-76.18,Colombia,IOC Sea Level Station Monitoring Facility,COL,,SF,1,bub,bub,bub:M,2022-09-29,https://www.ioc-sealevelmonitoring.org/station.php?code=isfu
ishig,Ishigakijima,24.33,124.16,Japan,IOC Sea Level Station Monitoring Facility,JAP,,SL,1,rad,rad,rad:F,2008-05-15,https://www.ioc-sealevelmonitoring.org/station.php?code=ishig
iske,Iskenderun,36.594230651855,36.176769256592,Turkey,IOC Sea Level Station Monitoring Facility,TUR,,SF,5,rad,rad,rad:M,2016-08-16,https://www.ioc-sealevelmonitoring.org/station.php?code=iske
ista,Istanbul,41.159839630127,29.074131011963,Turkey,IOC Sea Level Station Monitoring Facility,TUR,,SW,1,rad,rad,rad:M,2020-11-05,https://www.ioc-sealevelmonitoring.org/station.php?code=ista
jaca,Jacmel,18.230958,-72.535388,Haïti,IOC Sea Level Station Monitoring Facility,HAI,,SL,5,prs,prs,prs:M,2013-12-11,https://www.ioc-sealevelmonitoring.org/station.php?code=jaca
jack,Jackson Bay,-43.9733,168.6161,New Zealand,IOC Sea Level Station Monitoring Facility,NWZ,,SL,1,rad,rad,rad:M,2009-01-28,https://www.ioc-sealevelmonitoring.org/station.php?code=jack
jask,Jask,25.63,57.77,Iran,IOC Sea Level Station Monitoring Facility,IRN,,SL,5,pr1,pr1,pr1:M,2009-10-02,https://www.ioc-sealevelmonitoring.org/station.php?code=jask
jask2,Jask2,25.63,57.77,Iran,IOC Sea Level Station Monitoring Facility,IRN,,SF,5,pr2,pr2,pr2:M,2017-03-06,https://www.ioc-sealevelmonitoring.org/station.php?code=jask2
jers,Jersey,49.18,-2.12,UK,IOC Sea Level Station Monitoring Facility,GRB,,SF,1,bub,bub,bub:M,2012-09-04,https://www.ioc-sealevelmonitoring.org/station.php?code=jers
john,Johnston_US,16.739,-169.5233,USA,IOC Sea Level Station Monitoring Facility,USA,109,SL,1,rad,rad,rad:M,2008-06-19,https://www.ioc-sealevelmonitoring.org/station.php?code=john
jrmi,Jeremie,18.643,-74.11,Haïti,IOC Sea Level Station Monitoring Facility,HAI,,SL,5,rad,rad,rad:M,2019-07-25,https://www.ioc-sealevelmonitoring.org/station.php?code=jrmi
juac,Juanchaco,3.915,-77.35917,Colombia,IOC Sea Level Station Monitoring Facility,COL,,SF,1,rad,rad,rad:M,2022-09-29,https://www.ioc-sealevelmonitoring.org/station.php?code=juac
juan,Juan Fernandez - Robinson Crusoe (Chile),-33.636017,-78.829881,Chile,IOC Sea Level Station Monitoring Facility,CHL,176,SL,1,rad,rad,rad:M,2008-06-16,https://www.ioc-sealevelmonitoring.org/station.php?code=juan
juan2,Juan Fernandez - Robinson Crusoe (Chile),-33.636017,-78.829881,Chile,IOC Sea Level Station Monitoring Facility,CHL,176,SW,1,rad,rad,rad:M,2013-03-18,https://www.ioc-sealevelmonitoring.org/station.php?code=juan2
jute,Juten,58.634167,16.324722,Sweden,IOC Sea Level Station Monitoring Facility,SVE,,SW,1,rad,rad,rad:M,2021-10-18,https://www.ioc-sealevelmonitoring.org/station.php?code=jute
kabe,Kabelvåg,68.212639,14.482149,Norway,IOC Sea Level Station Monitoring Facility,NOR,,SW,1,flt,flt,flt:M,2023-06-28,https://www.ioc-sealevelmonitoring.org/station.php?code=kabe
kaci,Kaciveli,44.416,34.05,Ukraina,IOC Sea Level Station Monitoring Facility,UKR,,SF,5,rad,rad,rad:M,2010-12-06,https://www.ioc-sealevelmonitoring.org/station.php?code=kaci
kahu,"Kahului, Maui",20.898,-156.472,USA,IOC Sea Level Station Monitoring Facility,USA,,SW,1,pwl,pwl,pwl:M,2010-03-26,https://www.ioc-sealevelmonitoring.org/station.php?code=kahu
kahu2,"Kahului, Maui",20.898,-156.472,USA,IOC Sea Level Station Monitoring Facility,USA,,SL,1,pwl,pwl,pwl:M,2012-12-05,https://www.ioc-sealevelmonitoring.org/station.php?code=kahu2
kait,Kaikoura,-42.4129,173.7028,New Zealand,IOC Sea Level Station Monitoring Facility,NWZ,,SL,1,prs,prs,prs:M,2010-09-08,https://www.ioc-sealevelmonitoring.org/station.php?code=kait
kaka,Kalix Karlsborg,65.788889,23.303333,Sweden,IOC Sea Level Station Monitoring Facility,SVE,,SW,1,rad,rad,rad:M,2021-10-18,https://www.ioc-sealevelmonitoring.org/station.php?code=kaka
kala,Kalamata,37.021533,22.109833,Greece,IOC Sea Level Station Monitoring Facility,HEL,,SF,1,pr1,pr1,pr1:M,2009-11-20,https://www.ioc-sealevelmonitoring.org/station.php?code=kala
kalit,Kalix Storon,65.696944,23.096111,Sweden,IOC Sea Level Station Monitoring Facility,SVE,,SW,1,rad,rad,rad:M,2021-10-18,https://www.ioc-sealevelmonitoring.org/station.php?code=kalit
kalm,Kalmar,56.658889,16.378333,Sweden,IOC Sea Level Station Monitoring Facility,SVE,,SW,1,rad,rad,rad:M,2021-10-18,https://www.ioc-sealevelmonitoring.org/station.php?code=kalm
kame,Kamesang,7.495995,134.485261,Palau Islands,IOC Sea Level Station Monitoring Facility,PAI,,SL,1,rad,rad,rad:M,2025-09-10,https://www.ioc-sealevelmonitoring.org/station.php?code=kame
kant,Kanton_KI,-2.801,-171.718,Kiribati,IOC Sea Level Station Monitoring Facility,KIR,145,SL,1,rad,rad,rad:M,2008-04-25,https://www.ioc-sealevelmonitoring.org/station.php?code=kant
kapi,Kapingamarangi_FM,1.0779583,154.8066861,Micronesia,IOC Sea Level Station Monitoring Facility,MIC,117,SL,1,rad,rad,rad:M,2008-06-19,https://www.ioc-sealevelmonitoring.org/station.php?code=kapi
kara,Karachi,24.8117,66.975,Pakistan,IOC Sea Level Station Monitoring Facility,PAK,30,SL,1,pr1,pr1,pr1:M,2007-01-31,https://www.ioc-sealevelmonitoring.org/station.php?code=kara
karl,Karlshamn,56.154167,14.821389,Sweden,IOC Sea Level Station Monitoring Facility,SVE,,SW,1,rad,rad,rad:M,2021-10-18,https://www.ioc-sealevelmonitoring.org/station.php?code=karl
kast,Kasteli,35.514,23.637,Greece,IOC Sea Level Station Monitoring Facility,HEL,,SL,5,rad,rad,rad:M,2010-06-28,https://www.ioc-sealevelmonitoring.org/station.php?code=kast
kata,Katakolo,37.64045,21.319233,Greece,IOC Sea Level Station Monitoring Facility,HEL,,SF,1,pr1,pr1,pr1:M,2009-11-20,https://www.ioc-sealevelmonitoring.org/station.php?code=kata
kaum,"Kaumalapau, Hawaii",20.78,-156.9,USA,IOC Sea Level Station Monitoring Facility,USA,,SL,5,rad,rad,rad:M,2008-06-27,https://www.ioc-sealevelmonitoring.org/station.php?code=kaum
kawa,"Kawaihae, Hawaii",20.036,-155.832,USA,IOC Sea Level Station Monitoring Facility,USA,,SW,1,pwl,pwl,pwl:M,2010-03-26,https://www.ioc-sealevelmonitoring.org/station.php?code=kawa
kawa2,"Kawaihae, Hawaii",20.036,-155.832,USA,IOC Sea Level Station Monitoring Facility,USA,,SL,1,pwl,pwl,pwl:M,2012-12-05,https://www.ioc-sealevelmonitoring.org/station.php?code=kawa2
keba,Keti Bandar,24.13,67.43,Pakistan,IOC Sea Level Station Monitoring Facility,PAK,,SL,3,rad,rad,rad:M,2016-02-09,https://www.ioc-sealevelmonitoring.org/station.php?code=keba
kepo,King Edward Point,-54.28,-36.5,UK,IOC Sea Level Station Monitoring Facility,GRB,187,SF,5,pr2,pr2,pr2:M,2008-08-05,https://www.ioc-sealevelmonitoring.org/station.php?code=kepo
kepo1,King Edward Point,-54.28,-36.5,UK,IOC Sea Level Station Monitoring Facility,GRB,187,SL,1,pr1,pr1,pr1:M,2020-02-27,https://www.ioc-sealevelmonitoring.org/station.php?code=kepo1
kerg,Kerguelen Island,-49.345,70.22,France,IOC Sea Level Station Monitoring Facility,FRA,23,SF,1,prs,prs,prs:M,2008-03-29,https://www.ioc-sealevelmonitoring.org/station.php?code=kerg
kerg2,Kerguelen Island,-49.345,70.22,France,IOC Sea Level Station Monitoring Facility,FRA,23,SL,1,rad,rad,rad:M,2011-10-17,https://www.ioc-sealevelmonitoring.org/station.php?code=kerg2
khol,Kholmsk,47.050556,142.043889,Russia,IOC Sea Level Station Monitoring Facility,RUS,,SW,1,rad,rad,rad:M,2010-02-28,https://www.ioc-sealevelmonitoring.org/station.php?code=khol
kiel,LT Kiel,54.499722,10.274722,Germany,IOC Sea Level Station Monitoring Facility,DEU,,SW,1,flt,flt,flt:M,2010-05-04,https://www.ioc-sealevelmonitoring.org/station.php?code=kiel
kinl,Kinlochbervie,58.46,-5.05,UK,IOC Sea Level Station Monitoring Facility,GRB,,SF,1,bub,bub,bub:M,2012-09-04,https://www.ioc-sealevelmonitoring.org/station.php?code=kinl
kis1,Kish Bank Lighthouse,53.31167,-5.92167,Ireland,IOC Sea Level Station Monitoring Facility,EIR,,SF,5,prs,prs,prs:M,2008-06-12,https://www.ioc-sealevelmonitoring.org/station.php?code=kis1
kisr,Salmiya - KWT,29.351944,48.094841,Kuwait,IOC Sea Level Station Monitoring Facility,KUW,,SF,1,pr1,pr1,pr1:M,2023-07-25,https://www.ioc-sealevelmonitoring.org/station.php?code=kisr
kjni,Kingston_Jetty_Norfolk_Is,-29.0591,167.9536,Norfolk Island,IOC Sea Level Station Monitoring Facility,NFI,,SL,1,rad,rad,rad:M,2019-03-20,https://www.ioc-sealevelmonitoring.org/station.php?code=kjni
klag,Klagshamn,55.522222,12.893611,Sweden,IOC Sea Level Station Monitoring Facility,SVE,,SW,1,rad,rad,rad:M,2021-10-18,https://www.ioc-sealevelmonitoring.org/station.php?code=klag
kobe,Kobenhavn,55.69,12.6,Denmark,IOC Sea Level Station Monitoring Facility,DMK,,SF,1,rad,rad,rad:M,2025-07-15,https://www.ioc-sealevelmonitoring.org/station.php?code=kobe
kodi,"Kodiak Island, AK",57.7317,-152.512,USA,IOC Sea Level Station Monitoring Facility,USA,,SW,1,wls,wls,wls:M,2009-02-06,https://www.ioc-sealevelmonitoring.org/station.php?code=kodi
kodi2,"Kodiak Island, AK",57.7317,-152.512,USA,IOC Sea Level Station Monitoring Facility,USA,,SL,1,pwl,pwl,pwl:M,2012-12-05,https://www.ioc-sealevelmonitoring.org/station.php?code=kodi2
koli,"Kolinamil, Jakarta Port",-6.10667,106.89083,Indonesia,IOC Sea Level Station Monitoring Facility,IDN,,SL,1,rad,rad,rad:M,2013-03-01,https://www.ioc-sealevelmonitoring.org/station.php?code=koli
koli2,"Kolinamil 2, Jakarta Port",-6.10667,106.89083,Indonesia,IOC Sea Level Station Monitoring Facility,IDN,,SF,5,pr2,pr2,pr2:M,2017-12-13,https://www.ioc-sealevelmonitoring.org/station.php?code=koli2
komi,Ko Miang,8.55,97.6333,Thailand,IOC Sea Level Station Monitoring Facility,THA,,SL,5,prs,prs,prs:F,2006-06-21,https://www.ioc-sealevelmonitoring.org/station.php?code=komi
kors,Korsakov,46.633333,142.766667,Russia,IOC Sea Level Station Monitoring Facility,RUS,,SW,1,rad,rad,rad:M,2010-03-02,https://www.ioc-sealevelmonitoring.org/station.php?code=kors
korso,Korsor,55.33,11.14,Denmark,IOC Sea Level Station Monitoring Facility,DMK,,SF,1,rad,rad,rad:M,2025-07-15,https://www.ioc-sealevelmonitoring.org/station.php?code=korso
kos1,"Kos, South Aegean",36.898362,27.287792,Greece,IOC Sea Level Station Monitoring Facility,HEL,,SB,2,rad,rad,rad:M,2018-07-10,https://www.ioc-sealevelmonitoring.org/station.php?code=kos1
kos2,"Kos (Marina), South Aegean",36.891013,27.303632,Greece,IOC Sea Level Station Monitoring Facility,HEL,,SB,4,rad,rad,rad:M,2019-09-16,https://www.ioc-sealevelmonitoring.org/station.php?code=kos2
kota,Ko Taphao Noi,7.8167,98.4167,Thailand,IOC Sea Level Station Monitoring Facility,THA,42,SL,5,rad,rad,rad:M,2006-06-07,https://www.ioc-sealevelmonitoring.org/station.php?code=kota
kril,Cape Kril'on,45.9,142.08,Russia,IOC Sea Level Station Monitoring Facility,RUS,,SW,5,rad,rad,rad:M,2013-05-17,https://www.ioc-sealevelmonitoring.org/station.php?code=kril
kris,Kristiansund,63.113859,7.734352,Norway,IOC Sea Level Station Monitoring Facility,NOR,,SW,1,flt,flt,flt:M,2023-06-28,https://www.ioc-sealevelmonitoring.org/station.php?code=kris
krna,Kirinda,6.1966,81.32,Sri Lanka,IOC Sea Level Station Monitoring Facility,SRL,,SL,5,rad,rad,rad:M,2007-11-27,https://www.ioc-sealevelmonitoring.org/station.php?code=krna
kung,Kungsholmsfort,56.105278,15.589444,Sweden,IOC Sea Level Station Monitoring Facility,SVE,,SW,1,rad,rad,rad:M,2021-10-18,https://www.ioc-sealevelmonitoring.org/station.php?code=kung
kungr,Kungsvik,58.996667,11.127222,Sweden,IOC Sea Level Station Monitoring Facility,SVE,,SW,1,rad,rad,rad:M,2021-10-18,https://www.ioc-sealevelmonitoring.org/station.php?code=kungr
kuri,Kuril'sk,45.23,147.88,Russia,IOC Sea Level Station Monitoring Facility,RUS,,SW,1,rad,rad,rad:M,2013-05-17,https://www.ioc-sealevelmonitoring.org/station.php?code=kuri
kush,Kushiro,42.98,144.37,Japan,IOC Sea Level Station Monitoring Facility,JAP,89,SL,1,rad,rad,rad:F,2012-03-21,https://www.ioc-sealevelmonitoring.org/station.php?code=kush
kusm,Kushimoto,33.48,135.77,Japan,IOC Sea Level Station Monitoring Facility,JAP,85,SL,1,rad,rad,rad:F,2012-03-21,https://www.ioc-sealevelmonitoring.org/station.php?code=kusm
kwaj,Kwajalein_MH,8.7367,167.7383,Marshall Islands,IOC Sea Level Station Monitoring Facility,MSI,111,SW,1,wls,wls,wls:M,2010-03-26,https://www.ioc-sealevelmonitoring.org/station.php?code=kwaj
kwaj2,Kwajalein_MH,8.7367,167.7383,Marshall Islands,IOC Sea Level Station Monitoring Facility,MSI,111,SL,1,pwl,pwl,pwl:M,2012-12-05,https://www.ioc-sealevelmonitoring.org/station.php?code=kwaj2
kwfl,Key_West_FL,24.553,-81.808,USA,IOC Sea Level Station Monitoring Facility,USA,216,SW,1,pwl,pwl,pwl:M,2008-06-06,https://www.ioc-sealevelmonitoring.org/station.php?code=kwfl
kwfl2,Key_West_FL,24.553,-81.808,USA,IOC Sea Level Station Monitoring Facility,USA,216,SL,5,pwl,pwl,pwl:M,2012-12-05,https://www.ioc-sealevelmonitoring.org/station.php?code=kwfl2
kypa,"Kyparissia, Peloponnese",37.259601593018,21.66436958313,Greece,IOC Sea Level Station Monitoring Facility,HEL,,SB,5,rad,rad,rad:M,2018-10-29,https://www.ioc-sealevelmonitoring.org/station.php?code=kypa
lacr,La Cruz (Jica),-3.6336111,-80.5875,Perú,IOC Sea Level Station Monitoring Facility,PER,,SW,1,ecs,ecs,ecs:M,2022-09-29,https://www.ioc-sealevelmonitoring.org/station.php?code=lacr
lago,LaGomera,28.08777,-17.10831,Spain,IOC Sea Level Station Monitoring Facility,ESP,,SF,1,rad,rad,rad:M,2008-03-25,https://www.ioc-sealevelmonitoring.org/station.php?code=lago
lagos,Lagos,6.42052,3.40725,Nigeria,IOC Sea Level Station Monitoring Facility,NGA,259,SL,5,pr1,pr1,pr1:M,2008-08-26,https://www.ioc-sealevelmonitoring.org/station.php?code=lagos
lajo,La_Jolla_CA,32.867,-117.258,USA,IOC Sea Level Station Monitoring Facility,USA,159,SW,1,bwl,bwl,bwl:M,2008-06-06,https://www.ioc-sealevelmonitoring.org/station.php?code=lajo
lajo2,La_Jolla_CA,32.867,-117.258,USA,IOC Sea Level Station Monitoring Facility,USA,159,SL,1,pwl,pwl,pwl:M,2012-12-05,https://www.ioc-sealevelmonitoring.org/station.php?code=lajo2
lali,La_Libertad_EC,-2.2177,-80.9064,Ecuador,IOC Sea Level Station Monitoring Facility,ECU,172,SL,1,ras,ras,ras:M,2007-12-21,https://www.ioc-sealevelmonitoring.org/station.php?code=lali
lame,LameshurBayStJohnVI,18.3182,-64.7242,USA,IOC Sea Level Station Monitoring Facility,USA,,SW,1,pwl,pwl,pwl:M,2010-03-08,https://www.ioc-sealevelmonitoring.org/station.php?code=lame
lame2,LameshurBayStJohnVI,18.3182,-64.7242,USA,IOC Sea Level Station Monitoring Facility,USA,,SL,4,pwl,pwl,pwl:M,2012-12-05,https://www.ioc-sealevelmonitoring.org/station.php?code=lame2
lamu,Lamu,-2.2675666,40.9026994,Kenya,IOC Sea Level Station Monitoring Facility,KEN,,SL,1,rad,rad,rad:M,2006-06-07,https://www.ioc-sealevelmonitoring.org/station.php?code=lamu
land,Landsort Norra,58.768889,17.858889,Sweden,IOC Sea Level Station Monitoring Facility,SVE,,SW,1,rad,rad,rad:M,2021-10-18,https://www.ioc-sealevelmonitoring.org/station.php?code=land
lang,Langosteira,43.34653,-8.53012,Spain,IOC Sea Level Station Monitoring Facility,ESP,,SF,1,rad,rad,rad:M,2014-01-16,https://www.ioc-sealevelmonitoring.org/station.php?code=lang
lank,Langkawi,6.416,99.7667,Malaysia,IOC Sea Level Station Monitoring Facility,MLS,,SL,1,rad,rad,rad:M,2007-11-27,https://www.ioc-sealevelmonitoring.org/station.php?code=lank
lapa,LaPalma,28.6778,-17.76795,Spain,IOC Sea Level Station Monitoring Facility,ESP,,SF,1,rad,rad,rad:M,2008-02-27,https://www.ioc-sealevelmonitoring.org/station.php?code=lapa
larn,Larnaca,34.916181,33.640823,Cyprus,IOC Sea Level Station Monitoring Facility,CYP,,SF,5,prs,prs,prs:M,2013-05-08,https://www.ioc-sealevelmonitoring.org/station.php?code=larn
larn3,Larnaka,34.928197777,33.645045927,Cyprus,IOC Sea Level Station Monitoring Facility,CYP,,SF,1,rad,rad,rad:M,2025-11-18,https://www.ioc-sealevelmonitoring.org/station.php?code=larn3
larp,La Rochelle-Pallice,46.1585,-1.22065,France,IOC Sea Level Station Monitoring Facility,FRA,,SF,1,rad,rad,rad:M,2010-07-09,https://www.ioc-sealevelmonitoring.org/station.php?code=larp
larp2,La Rochelle-Pallice 2,46.1585,-1.22065,France,IOC Sea Level Station Monitoring Facility,FRA,,SL,1,rad,rad,rad:M,2013-07-03,https://www.ioc-sealevelmonitoring.org/station.php?code=larp2
laru2,Point LaRue,-4.672,55.528,Seychelles,IOC Sea Level Station Monitoring Facility,SEY,339,SL,1,rad,rad,rad:M,2007-11-27,https://www.ioc-sealevelmonitoring.org/station.php?code=laru2
lasp,LasPalmas2,28.14056,-15.41181,Spain,IOC Sea Level Station Monitoring Facility,ESP,251,SF,1,rad,rad,rad:M,2009-10-14,https://www.ioc-sealevelmonitoring.org/station.php?code=lasp
lata,Lata_Wharf_SB,-10.7208,165.8019,Solomon Islands,IOC Sea Level Station Monitoring Facility,SOI,,SL,1,rad,rad,rad:M,2011-05-24,https://www.ioc-sealevelmonitoring.org/station.php?code=lata
laza,Lázaro Cárdenas,17.939856,-102.178053,Mexico,IOC Sea Level Station Monitoring Facility,MEX,,SF,1,flt,flt,flt:M,2010-08-09,https://www.ioc-sealevelmonitoring.org/station.php?code=laza
laza2,Lázaro Cárdenas2,17.939856,-102.178053,Mexico,IOC Sea Level Station Monitoring Facility,MEX,,SL,1,flt,flt,flt:M,2020-06-30,https://www.ioc-sealevelmonitoring.org/station.php?code=laza2
lcst,Le Castella,38.908368,17.028664,Italy,IOC Sea Level Station Monitoring Facility,ITA,,SB,5,rad,rad,rad:M,2016-07-10,https://www.ioc-sealevelmonitoring.org/station.php?code=lcst
lebu,Lebu,-37.594092,-73.664119,Chile,IOC Sea Level Station Monitoring Facility,CHL,,SL,1,rad,rad,rad:M,2010-11-04,https://www.ioc-sealevelmonitoring.org/station.php?code=lebu
lebu2,Lebu,-37.594092,-73.664119,Chile,IOC Sea Level Station Monitoring Facility,CHL,,SW,1,rad,rad,rad:M,2013-03-18,https://www.ioc-sealevelmonitoring.org/station.php?code=lebu2
leco,Le Conquet,48.36,-4.78,France,IOC Sea Level Station Monitoring Facility,FRA,,SF,1,rad,rad,rad:M,2008-12-12,https://www.ioc-sealevelmonitoring.org/station.php?code=leco
leco2,Le Conquet 2,48.36,-4.78,France,IOC Sea Level Station Monitoring Facility,FRA,,SL,1,rad,rad,rad:M,2014-04-25,https://www.ioc-sealevelmonitoring.org/station.php?code=leco2
lecy,Le Crouesty,47.5427,-2.89515,France,IOC Sea Level Station Monitoring Facility,FRA,,SF,1,rad,rad,rad:M,2010-05-28,https://www.ioc-sealevelmonitoring.org/station.php?code=lecy
lega,Legaspi,13.146214,123.758117,Philippines,IOC Sea Level Station Monitoring Facility,FIL,72,SL,1,rad,rad,rad:M,2006-06-14,https://www.ioc-sealevelmonitoring.org/station.php?code=lega
leha,Le Havre,49.4819,0.10599,France,IOC Sea Level Station Monitoring Facility,FRA,,SF,1,rad,rad,rad:M,2009-04-14,https://www.ioc-sealevelmonitoring.org/station.php?code=leha
leha2,Le Havre 2,49.4819,0.10599,France,IOC Sea Level Station Monitoring Facility,FRA,,SL,1,rad,rad,rad:M,2013-10-08,https://www.ioc-sealevelmonitoring.org/station.php?code=leha2
leir,Leirvik,59.766394,5.50367,Norway,IOC Sea Level Station Monitoring Facility,NOR,,SW,1,rad,rad,rad:M,2023-06-29,https://www.ioc-sealevelmonitoring.org/station.php?code=leir
leit,Leith,55.99,-3.18,UK,IOC Sea Level Station Monitoring Facility,GRB,,SF,1,bub,bub,bub:M,2012-09-04,https://www.ioc-sealevelmonitoring.org/station.php?code=leit
lemba,Lembar,-8.730905556,116.07225,Indonesia,IOC Sea Level Station Monitoring Facility,IDN,,SL,1,rad,rad,rad:M,2008-11-20,https://www.ioc-sealevelmonitoring.org/station.php?code=lemba
leme,Limassol,34.668691,33.042388,Cyprus,IOC Sea Level Station Monitoring Facility,CYP,,SF,1,rad,rad,rad:M,2023-06-14,https://www.ioc-sealevelmonitoring.org/station.php?code=leme
lena,"Lenakel, Tanna",-19.53256,169.265953,Vanuatu,IOC Sea Level Station Monitoring Facility,VAN,,SL,1,rad,rad,rad:M,2016-05-24,https://www.ioc-sealevelmonitoring.org/station.php?code=lena
lero,Le Robert,14.6768944,-60.9379306,Martinique,IOC Sea Level Station Monitoring Facility,MTQ,,SL,1,prs,prs,prs:M,2013-08-13,https://www.ioc-sealevelmonitoring.org/station.php?code=lero
lerw,Lerwick (tsunami),60.155316,-1.145192,UK,IOC Sea Level Station Monitoring Facility,GRB,236,SS,5,bub1,bub1,bub1:M,2008-03-31,https://www.ioc-sealevelmonitoring.org/station.php?code=lerw
lerw2,Lerwick2,60.155316,-1.145192,UK,IOC Sea Level Station Monitoring Facility,GRB,236,SF,1,bub,bub,bub:M,2011-10-06,https://www.ioc-sealevelmonitoring.org/station.php?code=lerw2
leso,Les Sables d'Olonne,46.4975,-1.79373,France,IOC Sea Level Station Monitoring Facility,FRA,,SF,1,rad,rad,rad:M,2010-04-01,https://www.ioc-sealevelmonitoring.org/station.php?code=leso
leso2,Les Sables d'Olonne 2,46.4975,-1.79373,France,IOC Sea Level Station Monitoring Facility,FRA,,SL,1,rad,rad,rad:M,2015-03-16,https://www.ioc-sealevelmonitoring.org/station.php?code=leso2
levu,Lautoka_FJ,-17.6049,177.4383,Fiji Islands,IOC Sea Level Station Monitoring Facility,FIJ,,SL,1,aqu,aqu,aqu:M,2007-12-05,https://www.ioc-sealevelmonitoring.org/station.php?code=levu
lgos,Lagos,37.09882555,-8.66683777,Portugal,IOC Sea Level Station Monitoring Facility,POR,,SS,1,rad,rad,rad:M,2009-05-01,https://www.ioc-sealevelmonitoring.org/station.php?code=lgos
lifo,Lifou,-20.91847222,167.27869444,France,IOC Sea Level Station Monitoring Facility,FRA,,SL,1,rad,rad,rad:M,2011-08-22,https://www.ioc-sealevelmonitoring.org/station.php?code=lifo
lifo2,Lifou 2,-20.91847222,167.27869444,France,IOC Sea Level Station Monitoring Facility,FRA,,SF,1,rad,rad,rad:M,2023-11-07,https://www.ioc-sealevelmonitoring.org/station.php?code=lifo2
lime,Limetree_VI,17.6947,-64.7538,USA,IOC Sea Level Station Monitoring Facility,USA,,SW,1,pwl,pwl,pwl:M,2010-03-08,https://www.ioc-sealevelmonitoring.org/station.php?code=lime
lime2,Limetree_VI,17.6947,-64.7538,USA,IOC Sea Level Station Monitoring Facility,USA,,SL,1,pwl,pwl,pwl:M,2012-12-05,https://www.ioc-sealevelmonitoring.org/station.php?code=lime2
limon,Limon,9.9886,-83.0203,Costa Rica,IOC Sea Level Station Monitoring Facility,CRC,,SL,1,rad,rad,rad:M,2009-10-21,https://www.ioc-sealevelmonitoring.org/station.php?code=limon
lirf,Lihou_Reef_AU,-17.133,152.145,Australia,IOC Sea Level Station Monitoring Facility,AUS,,SL,1,rad,rad,rad:M,2019-03-20,https://www.ioc-sealevelmonitoring.org/station.php?code=lirf
litz,"Litzlitz, Malekula",-16.11283,167.44397,Vanuatu,IOC Sea Level Station Monitoring Facility,VAN,,SL,1,rad,rad,rad:M,2016-05-24,https://www.ioc-sealevelmonitoring.org/station.php?code=litz
live,Liverpool,53.45,-3.02,UK,IOC Sea Level Station Monitoring Facility,GRB,,SF,1,bub,bub,bub:M,2012-09-04,https://www.ioc-sealevelmonitoring.org/station.php?code=live
live2,Liverpool,53.405636,-3.014598,UK,IOC Sea Level Station Monitoring Facility,GRB,,SF,1,ra2,ra2,ra2:M,2024-06-06,https://www.ioc-sealevelmonitoring.org/station.php?code=live2
ljus,Ljusne Orrskarskajen,61.206944,17.145556,Sweden,IOC Sea Level Station Monitoring Facility,SVE,,SW,1,rad,rad,rad:M,2021-10-18,https://www.ioc-sealevelmonitoring.org/station.php?code=ljus
llan,Llandudno,53.33,-3.83,UK,IOC Sea Level Station Monitoring Facility,GRB,,SF,1,bub,bub,bub:M,2012-09-04,https://www.ioc-sealevelmonitoring.org/station.php?code=llan
lmma,La Mola de Mahon,39.872305,4.308363,Spain,IOC Sea Level Station Monitoring Facility,ESP,,SB,5,rad,rad,rad:M,2017-10-26,https://www.ioc-sealevelmonitoring.org/station.php?code=lmma
lobo2,"IsalaLobos,Chiclayo PE",-6.9513,-80.7194,Perú,IOC Sea Level Station Monitoring Facility,PER,,SL,1,prs,prs,prs:M,2025-05-14,https://www.ioc-sealevelmonitoring.org/station.php?code=lobo2
lobos,"IsalaLobos,Chiclayo_PE",-6.9366,-80.72472,Perú,IOC Sea Level Station Monitoring Facility,PER,,SW,1,rad,rad,rad:M,2022-09-29,https://www.ioc-sealevelmonitoring.org/station.php?code=lobos
lomb,Lombrum_Manus_Is_PG,-2.0421,147.3737,Papua New Guinea,IOC Sea Level Station Monitoring Facility,PNG,331,SL,1,aqu,aqu,aqu:M,2007-12-05,https://www.ioc-sealevelmonitoring.org/station.php?code=lomb
losa,Los_Angeles_CA,33.719,-118.272,USA,IOC Sea Level Station Monitoring Facility,USA,,SW,1,pwl,pwl,pwl:M,2006-06-07,https://www.ioc-sealevelmonitoring.org/station.php?code=losa
losa2,Los_Angeles_CA,33.719,-118.272,USA,IOC Sea Level Station Monitoring Facility,USA,,SL,5,pwl,pwl,pwl:M,2012-12-05,https://www.ioc-sealevelmonitoring.org/station.php?code=losa2
losu,Los Sueños,9.6502,-84.6665,Costa Rica,IOC Sea Level Station Monitoring Facility,CRC,,SL,5,prs,prs,prs:M,2013-10-15,https://www.ioc-sealevelmonitoring.org/station.php?code=losu
lott,East Cape,-37.5503,178.159,New Zealand,IOC Sea Level Station Monitoring Facility,NWZ,,SL,1,prs,prs,prs:M,2009-01-13,https://www.ioc-sealevelmonitoring.org/station.php?code=lott
lowe,Lowestoft,52.47,1.75,UK,IOC Sea Level Station Monitoring Facility,GRB,,SF,1,bub,bub,bub:M,2012-09-04,https://www.ioc-sealevelmonitoring.org/station.php?code=lowe
lpaz,La Paz,24.2673167,-110.3328333,Mexico,IOC Sea Level Station Monitoring Facility,MEX,,SF,5,flt,flt,flt:M,2010-08-26,https://www.ioc-sealevelmonitoring.org/station.php?code=lpaz
lpaz2,La Paz2,24.2673167,-110.3328333,Mexico,IOC Sea Level Station Monitoring Facility,MEX,,SL,1,flt,flt,flt:M,2020-06-30,https://www.ioc-sealevelmonitoring.org/station.php?code=lpaz2
lpbc,Langara_Point_BC (Henslung Cove),54.2,-133.1,Canada,IOC Sea Level Station Monitoring Facility,CAN,,SL,1,pwl,pwl,pwl:M,2006-06-07,https://www.ioc-sealevelmonitoring.org/station.php?code=lpbc
luba,Lubang,13.818444,120.202225,Philippines,IOC Sea Level Station Monitoring Facility,FIL,,SL,1,rad,rad,rad:M,2010-06-16,https://www.ioc-sealevelmonitoring.org/station.php?code=luba
luga,Luganville,-15.5156,167.1886,Vanuatu,IOC Sea Level Station Monitoring Facility,VAN,,SL,1,prs,prs,prs:M,2013-05-15,https://www.ioc-sealevelmonitoring.org/station.php?code=luga
lund,Lunde,62.880556,17.876389,Sweden,IOC Sea Level Station Monitoring Facility,SVE,,SW,1,rad,rad,rad:M,2021-10-18,https://www.ioc-sealevelmonitoring.org/station.php?code=lund
lymg,Lymington,50.74031,-1.50708,UK,IOC Sea Level Station Monitoring Facility,GRB,,SW,1,stp,stp,stp:M,2012-09-20,https://www.ioc-sealevelmonitoring.org/station.php?code=lymg
made,"Puerto Madero, Chis.",14.712353,-92.401175,Mexico,IOC Sea Level Station Monitoring Facility,MEX,,SF,1,flt,flt,flt:M,2010-08-09,https://www.ioc-sealevelmonitoring.org/station.php?code=made
madry,Puerto Madryn,-42.76265,-65.03068611,Argentina,IOC Sea Level Station Monitoring Facility,ARG,191,SL,1,ra2,ra2,ra2:M,2010-03-23,https://www.ioc-sealevelmonitoring.org/station.php?code=madry
maer,Marmara Ereglisi,40.96896672,27.96215236,Turkey,IOC Sea Level Station Monitoring Facility,TUR,,SW,1,rad,rad,rad:M,2010-11-30,https://www.ioc-sealevelmonitoring.org/station.php?code=maer
magi,Magueyes_Island_PR,17.9701,-67.0464,USA,IOC Sea Level Station Monitoring Facility,USA,,SW,1,pwl,pwl,pwl:M,2010-03-08,https://www.ioc-sealevelmonitoring.org/station.php?code=magi
magi2,Magueyes_Island_PR,17.9701,-67.0464,USA,IOC Sea Level Station Monitoring Facility,USA,,SL,1,pwl,pwl,pwl:M,2012-12-05,https://www.ioc-sealevelmonitoring.org/station.php?code=magi2
maha,Malmo Hamn,55.613611,12.9975,Sweden,IOC Sea Level Station Monitoring Facility,SVE,,SW,1,rad,rad,rad:M,2021-10-18,https://www.ioc-sealevelmonitoring.org/station.php?code=maha
maho,Mahon,39.89304,4.27056,Spain,IOC Sea Level Station Monitoring Facility,ESP,,SF,1,rad,rad,rad:M,2014-01-16,https://www.ioc-sealevelmonitoring.org/station.php?code=maho
mais2,Marion Island,-46.8667,37.8667,South-Africa,IOC Sea Level Station Monitoring Facility,SAF,,SF,5,rad,rad,rad:M,2017-04-24,https://www.ioc-sealevelmonitoring.org/station.php?code=mais2
maji,Majis,24.518,56.606,Oman,IOC Sea Level Station Monitoring Facility,OMA,,SL,1,rad,rad,rad:M,2013-03-28,https://www.ioc-sealevelmonitoring.org/station.php?code=maji
maju,Marina Jambu,-6.189322,105.841088,Indonesia,IOC Sea Level Station Monitoring Facility,IDN,,SB,5,rad,rad,rad:M,2019-02-23,https://www.ioc-sealevelmonitoring.org/station.php?code=maju
maka,"Makai Pier, Waimanalo, Hawaii",21.32,-157.669,Hawaii; U.S.A.,IOC Sea Level Station Monitoring Facility,HAW,,SL,3,rad,rad,rad:M,2013-10-08,https://www.ioc-sealevelmonitoring.org/station.php?code=maka
make,"Makemo (Polynésie française, Tuamotu)",-16.6269,-143.5691,Polynésie Française (French Polynesia),IOC Sea Level Station Monitoring Facility,POF,354,SL,1,rad,rad,rad:M,2013-10-30,https://www.ioc-sealevelmonitoring.org/station.php?code=make
mal3,Malaga,36.71184,-4.41709,Spain,IOC Sea Level Station Monitoring Facility,ESP,,SF,1,rad,rad,rad:M,2014-01-16,https://www.ioc-sealevelmonitoring.org/station.php?code=mal3
mala,Malakal,7.3282,134.4502,Palau Islands,IOC Sea Level Station Monitoring Facility,PAI,120,SL,1,prs,prs,prs:M,2006-06-14,https://www.ioc-sealevelmonitoring.org/station.php?code=mala
male,Male,4.19,73.5267,Maldive Islands,IOC Sea Level Station Monitoring Facility,MDV,28,SL,5,enc,enc,enc:M,2006-06-07,https://www.ioc-sealevelmonitoring.org/station.php?code=male
malh,Malin Head,55.371712,-7.334441,Ireland,IOC Sea Level Station Monitoring Facility,EIR,239,SW,1,bub,bub,bub:M,2020-11-17,https://www.ioc-sealevelmonitoring.org/station.php?code=malh
mali,Malin Head Peninsular,55.37168,-7.33432,Ireland,IOC Sea Level Station Monitoring Facility,EIR,239,SF,1,bub,bub,bub:M,2008-06-12,https://www.ioc-sealevelmonitoring.org/station.php?code=mali
malk,Malokuril’skoe,43.87,146.82,Russia,IOC Sea Level Station Monitoring Facility,RUS,,SW,5,rad,rad,rad:M,2013-08-14,https://www.ioc-sealevelmonitoring.org/station.php?code=malk
malo,Måløy,61.933333,5.116667,Norway,IOC Sea Level Station Monitoring Facility,NOR,,SW,1,flt,flt,flt:M,2008-12-17,https://www.ioc-sealevelmonitoring.org/station.php?code=malo
malp,Malpelo,4.0024,-81.6042,Colombia,IOC Sea Level Station Monitoring Facility,COL,,SF,1,rad,rad,rad:M,2010-10-06,https://www.ioc-sealevelmonitoring.org/station.php?code=malp
malp2,Malpelo,4.0024,-81.6042,Colombia,IOC Sea Level Station Monitoring Facility,COL,,SL,4,rad,rad,rad:M,2013-05-14,https://www.ioc-sealevelmonitoring.org/station.php?code=malp2
malt,Malta,35.985778,14.331861,Malta,IOC Sea Level Station Monitoring Facility,MLT,,SB,5,rad,rad,rad:M,2019-10-26,https://www.ioc-sealevelmonitoring.org/station.php?code=malt
mang,Mangalia,43.801256,28.595014,Romania,IOC Sea Level Station Monitoring Facility,ROM,,SW,1,rad,rad,rad:M,2015-12-03,https://www.ioc-sealevelmonitoring.org/station.php?code=mang
mani,Manila,14.5822,120.9716,Philippines,IOC Sea Level Station Monitoring Facility,FIL,73,SL,1,rad,rad,rad:M,2007-12-04,https://www.ioc-sealevelmonitoring.org/station.php?code=mani
mant,Manta,-0.931,-80.722,Ecuador,IOC Sea Level Station Monitoring Facility,ECU,,SW,4,rad,rad,rad:M,2022-09-29,https://www.ioc-sealevelmonitoring.org/station.php?code=mant
manz,Manzanillo_MX,19.06361,-104.29805,Mexico,IOC Sea Level Station Monitoring Facility,MEX,163,SL,5,rad,rad,rad:M,2008-04-25,https://www.ioc-sealevelmonitoring.org/station.php?code=manz
mard,Marstrand,57.886944,11.593611,Sweden,IOC Sea Level Station Monitoring Facility,SVE,,SW,1,rad,rad,rad:M,2021-10-18,https://www.ioc-sealevelmonitoring.org/station.php?code=mard
mare,"Maré (New Caledonia, Loyalty Islands)",-21.5478,167.8771,France,IOC Sea Level Station Monitoring Facility,FRA,,SL,1,rad,rad,rad:M,2012-05-04,https://www.ioc-sealevelmonitoring.org/station.php?code=mare
mare2,"Maré 2 (New Caledonia, Loyalty Islands)",-21.5478,167.8771,France,IOC Sea Level Station Monitoring Facility,FRA,,SF,1,rad,rad,rad:M,2024-11-26,https://www.ioc-sealevelmonitoring.org/station.php?code=mare2
mari,Marin,42.40612,-8.69108,Spain,IOC Sea Level Station Monitoring Facility,ESP,,SF,1,rad,rad,rad:M,2014-01-16,https://www.ioc-sealevelmonitoring.org/station.php?code=mari
marm,Marmagao,15.41,73.8,India,IOC Sea Level Station Monitoring Facility,IND,281,SF,1,prs,prs,prs:M,2011-08-02,https://www.ioc-sealevelmonitoring.org/station.php?code=marm
mars,Marseille,43.2911,5.3558,France,IOC Sea Level Station Monitoring Facility,FRA,205,SF,1,rad,rad,rad:M,2009-04-14,https://www.ioc-sealevelmonitoring.org/station.php?code=mars
marsh,Majuro,7.1061,171.3725,Marshall Islands,IOC Sea Level Station Monitoring Facility,MSI,112,SL,1,rad,rad,rad:M,2009-01-28,https://www.ioc-sealevelmonitoring.org/station.php?code=marsh
masi,Masirah,20.6833,58.8667,Oman,IOC Sea Level Station Monitoring Facility,OMA,,SL,5,rad,rad,rad:M,2006-06-07,https://www.ioc-sealevelmonitoring.org/station.php?code=masi
masi2,Masirah,20.6833,58.8667,Oman,IOC Sea Level Station Monitoring Facility,OMA,,SL,1,rad,rad,rad:M,2023-08-10,https://www.ioc-sealevelmonitoring.org/station.php?code=masi2
mata,"Matarani,Arequipa_PE",-17.0009,-72.1088,Perú,IOC Sea Level Station Monitoring Facility,PER,,SL,1,rad,rad,rad:M,2011-10-19,https://www.ioc-sealevelmonitoring.org/station.php?code=mata
mata2,"Matarani,Arequipa PE",-17.001,-72.1086,Perú,IOC Sea Level Station Monitoring Facility,PER,,SL,1,prs,prs,prs:M,2025-05-14,https://www.ioc-sealevelmonitoring.org/station.php?code=mata2
matel,Marina di Teulada,38.927535,8.719503,Italy,IOC Sea Level Station Monitoring Facility,ITA,,SB,5,rad,rad,rad:M,2017-10-05,https://www.ioc-sealevelmonitoring.org/station.php?code=matel
maya,Mayaguez_PR,18.2176,-67.1588,Puerto Rico; U.S.A.,IOC Sea Level Station Monitoring Facility,PRC,,SL,1,pwl,pwl,pwl:M,2010-03-08,https://www.ioc-sealevelmonitoring.org/station.php?code=maya
maza,Mazatlán,23.1814167,-106.4238667,Mexico,IOC Sea Level Station Monitoring Facility,MEX,,SF,5,flt,flt,flt:M,2010-08-09,https://www.ioc-sealevelmonitoring.org/station.php?code=maza
maza2,Mazatlán2,23.1814167,-106.4238667,Mexico,IOC Sea Level Station Monitoring Facility,MEX,,SL,5,rad,rad,rad:M,2020-06-30,https://www.ioc-sealevelmonitoring.org/station.php?code=maza2
mehu,Mehuin,-39.44559,-73.2087,Chile,IOC Sea Level Station Monitoring Facility,CHL,,SL,1,rad,rad,rad:M,2026-05-25,https://www.ioc-sealevelmonitoring.org/station.php?code=mehu
mehu2,Mehuin,-39.44559,-73.2087,Chile,IOC Sea Level Station Monitoring Facility,CHL,,SW,1,rad,rad,rad:M,2026-05-25,https://www.ioc-sealevelmonitoring.org/station.php?code=mehu2
meji,Mejillones_CL,-23.097712,-70.450663,Chile,IOC Sea Level Station Monitoring Facility,CHL,,SL,1,rad,rad,rad:M,2011-08-03,https://www.ioc-sealevelmonitoring.org/station.php?code=meji
meji2,Mejillones_CL,-23.097712,-70.450663,Chile,IOC Sea Level Station Monitoring Facility,CHL,,SW,1,rad,rad,rad:M,2013-03-18,https://www.ioc-sealevelmonitoring.org/station.php?code=meji2
meli,Melilla,35.29061,-2.92853,Spain,IOC Sea Level Station Monitoring Facility,ESP,,SF,1,rad,rad,rad:M,2008-02-27,https://www.ioc-sealevelmonitoring.org/station.php?code=meli
ment,Mentes,38.427688598633,26.716642379761,Turkey,IOC Sea Level Station Monitoring Facility,TUR,,SW,1,rad,rad,rad:M,2020-11-05,https://www.ioc-sealevelmonitoring.org/station.php?code=ment
mera,Mera,34.92,139.83,Japan,IOC Sea Level Station Monitoring Facility,JAP,86,SL,1,rad,rad,rad:F,2012-03-21,https://www.ioc-sealevelmonitoring.org/station.php?code=mera
meul,Meulaboh,4.1274865,96.131854,Indonesia,IOC Sea Level Station Monitoring Facility,IDN,,SL,5,rad,rad,rad:M,2008-11-06,https://www.ioc-sealevelmonitoring.org/station.php?code=meul
meul2,Meulaboh,4.1274865,96.131854,Indonesia,IOC Sea Level Station Monitoring Facility,IDN,,SF,5,rad,rad,rad:M,2016-10-14,https://www.ioc-sealevelmonitoring.org/station.php?code=meul2
mfdf,Vieux Port Fort Dauphin,-25.027902,46.99665,Madagascar,IOC Sea Level Station Monitoring Facility,MAD,,SF,1,rad,rad,rad:M,2025-12-11,https://www.ioc-sealevelmonitoring.org/station.php?code=mfdf
mhav,Milford Haven,51.71,-5.05,UK,IOC Sea Level Station Monitoring Facility,GRB,,SF,1,bub,bub,bub:M,2012-09-04,https://www.ioc-sealevelmonitoring.org/station.php?code=mhav
midx,Midway,28.207,-177.356,USA,IOC Sea Level Station Monitoring Facility,USA,106,SW,1,bwl,bwl,bwl:M,2010-03-26,https://www.ioc-sealevelmonitoring.org/station.php?code=midx
midx2,Midway,28.207,-177.356,USA,IOC Sea Level Station Monitoring Facility,USA,106,SL,1,pwl,pwl,pwl:M,2012-12-05,https://www.ioc-sealevelmonitoring.org/station.php?code=midx2
mill,Millport,55.75,-4.91,UK,IOC Sea Level Station Monitoring Facility,GRB,,SF,1,bub,bub,bub:M,2012-09-04,https://www.ioc-sealevelmonitoring.org/station.php?code=mill
mimz,Mimizan,44.2107,-1.2951,France,IOC Sea Level Station Monitoring Facility,FRA,,SF,1,rad,rad,rad:M,2014-10-17,https://www.ioc-sealevelmonitoring.org/station.php?code=mimz
mimz2,Mimizan 2,44.2107,-1.2951,France,IOC Sea Level Station Monitoring Facility,FRA,,SL,3,rad,rad,rad:M,2014-10-09,https://www.ioc-sealevelmonitoring.org/station.php?code=mimz2
mind,Mindelo,16.8880278,-25.0009167,"Cabo Verde, islas del",IOC Sea Level Station Monitoring Facility,CBV,,SF,2,rad,rad,rad:M,2015-09-04,https://www.ioc-sealevelmonitoring.org/station.php?code=mind
mini,Minicoy,8.28,73.05,India,IOC Sea Level Station Monitoring Facility,IND,29,SF,1,prs,prs,prs:M,2011-08-02,https://www.ioc-sealevelmonitoring.org/station.php?code=mini
mins,Minami-Tori-Shima,24.2822,153.9783,Japan,IOC Sea Level Station Monitoring Facility,JAP,104,SL,1,prs,prs,prs:F,2012-03-21,https://www.ioc-sealevelmonitoring.org/station.php?code=mins
miqu,Saint Pierre et Miquelon,47.101251,-56.376137,France,IOC Sea Level Station Monitoring Facility,FRA,,SL,1,rad,rad,rad:M,2021-11-03,https://www.ioc-sealevelmonitoring.org/station.php?code=miqu
mnkt,Manukau,-37.0466,174.5117,New Zealand,IOC Sea Level Station Monitoring Facility,NWZ,,SL,1,prs,prs,prs:M,2010-09-08,https://www.ioc-sealevelmonitoring.org/station.php?code=mnkt
mnts,Little Bay,16.80348528,-62.2059336,Montserrat,IOC Sea Level Station Monitoring Facility,MSR,,SL,1,rad,rad,rad:M,2024-03-21,https://www.ioc-sealevelmonitoring.org/station.php?code=mnts
mnza,Manzanillo,19.06055,-104.3005333,Mexico,IOC Sea Level Station Monitoring Facility,MEX,,SL,1,rad,rad,rad:M,2020-06-30,https://www.ioc-sealevelmonitoring.org/station.php?code=mnza
moku,"Mokuoloe,Oahu",21.437,-157.793,USA,IOC Sea Level Station Monitoring Facility,USA,,SL,1,pwl,pwl,pwl:M,2006-06-07,https://www.ioc-sealevelmonitoring.org/station.php?code=moku
momb,Mombasa,-4.069663,39.657247,Kenya,IOC Sea Level Station Monitoring Facility,KEN,8,SL,1,rad,rad,rad:M,2007-11-23,https://www.ioc-sealevelmonitoring.org/station.php?code=momb
mona,Mona_Island_PR,18.09,-67.9383,USA,IOC Sea Level Station Monitoring Facility,USA,,SW,1,pwl,pwl,pwl:M,2010-04-07,https://www.ioc-sealevelmonitoring.org/station.php?code=mona
mona2,Mona_Island_PR,18.09,-67.9383,USA,IOC Sea Level Station Monitoring Facility,USA,,SL,1,pwl,pwl,pwl:M,2010-03-08,https://www.ioc-sealevelmonitoring.org/station.php?code=mona2
monc,"Monaco, Fontvieille harbour",43.72867,7.42158,Monaco,IOC Sea Level Station Monitoring Facility,MNC,,SF,1,rad,rad,rad:M,2010-12-01,https://www.ioc-sealevelmonitoring.org/station.php?code=monc
monc2,"Monaco2, Fontvieille harbour",43.72867,7.42158,Monaco,IOC Sea Level Station Monitoring Facility,MNC,,SL,1,rad,rad,rad:M,2014-03-27,https://www.ioc-sealevelmonitoring.org/station.php?code=monc2
mont,Monterey,36.605,-121.8867,USA,IOC Sea Level Station Monitoring Facility,USA,,SW,1,pwl,pwl,pwl:M,2012-10-23,https://www.ioc-sealevelmonitoring.org/station.php?code=mont
mont2,Monterey,36.605,-121.8867,USA,IOC Sea Level Station Monitoring Facility,USA,,SL,1,pwl,pwl,pwl:M,2012-12-05,https://www.ioc-sealevelmonitoring.org/station.php?code=mont2
mony,"Montauk, NY",41.0483,-71.96,USA,IOC Sea Level Station Monitoring Facility,USA,,SW,1,wls,wls,wls:M,2009-02-06,https://www.ioc-sealevelmonitoring.org/station.php?code=mony
mony2,"Montauk, NY",41.0483,-71.96,USA,IOC Sea Level Station Monitoring Facility,USA,,SL,1,pwl,pwl,pwl:M,2012-12-05,https://www.ioc-sealevelmonitoring.org/station.php?code=mony2
motr,Motril2,36.72024,-3.5236,Spain,IOC Sea Level Station Monitoring Facility,ESP,,SF,1,rad,rad,rad:M,2008-03-25,https://www.ioc-sealevelmonitoring.org/station.php?code=motr
moul,Moulmein,16.4833,97.6166,Myanmar,IOC Sea Level Station Monitoring Facility,MYA,141,SL,5,rad,rad,rad:M,2007-11-24,https://www.ioc-sealevelmonitoring.org/station.php?code=moul
mpaw,A2,51.36055556,3.118333333,Belgium,IOC Sea Level Station Monitoring Facility,BEL,,SW,1,rad,rad,rad:M,2023-10-05,https://www.ioc-sealevelmonitoring.org/station.php?code=mpaw
mpcw,Westhinder,51.38861111,2.437777778,Belgium,IOC Sea Level Station Monitoring Facility,BEL,,SW,3,rad,rad,rad:M,2023-10-05,https://www.ioc-sealevelmonitoring.org/station.php?code=mpcw
mphw,Bol van Heist,51.38972222,3.198611111,Belgium,IOC Sea Level Station Monitoring Facility,BEL,,SW,1,rad,rad,rad:M,2023-10-05,https://www.ioc-sealevelmonitoring.org/station.php?code=mphw
mpsw,Scheur Wielingen,51.418333333333,3.298611111,Belgium,IOC Sea Level Station Monitoring Facility,BEL,,SW,1,rad,rad,rad:M,2023-10-05,https://www.ioc-sealevelmonitoring.org/station.php?code=mpsw
mpww,Wandelaar,51.39444444,3.045833333,Belgium,IOC Sea Level Station Monitoring Facility,BEL,,SW,1,rad,rad,rad:M,2023-10-05,https://www.ioc-sealevelmonitoring.org/station.php?code=mpww
mrig,Marigot,15.547938,-61.283093,Dominica island,IOC Sea Level Station Monitoring Facility,DOM,,SL,1,rad,rad,rad:M,2017-07-18,https://www.ioc-sealevelmonitoring.org/station.php?code=mrig
mrms,Marmaris,36.837989807129,28.384845733643,Turkey,IOC Sea Level Station Monitoring Facility,TUR,,SW,1,rad,rad,rad:M,2019-11-27,https://www.ioc-sealevelmonitoring.org/station.php?code=mrms
ms001,"Porto Malai, Langkawi",6.257092,99.734422,Malaysia,IOC Sea Level Station Monitoring Facility,MLS,,SL,1,prs,prs,prs:M,2009-01-19,https://www.ioc-sealevelmonitoring.org/station.php?code=ms001
ms002,"Kerachut, Penang",5.451019,100.182219,Malaysia,IOC Sea Level Station Monitoring Facility,MLS,,SL,1,prs,prs,prs:M,2009-01-19,https://www.ioc-sealevelmonitoring.org/station.php?code=ms002
ms003,Pulau Perak,5.684183,98.938797,Malaysia,IOC Sea Level Station Monitoring Facility,MLS,,SL,1,prs,prs,prs:M,2009-01-19,https://www.ioc-sealevelmonitoring.org/station.php?code=ms003
ms004,Pulau Perhentian,5.9326,102.766667,Malaysia,IOC Sea Level Station Monitoring Facility,MLS,,SL,1,prs,prs,prs:M,2006-06-07,https://www.ioc-sealevelmonitoring.org/station.php?code=ms004
ms005,"Kudat, Sabah",6.877886,116.845969,Malaysia,IOC Sea Level Station Monitoring Facility,MLS,,SL,1,prs,prs,prs:M,2009-01-19,https://www.ioc-sealevelmonitoring.org/station.php?code=ms005
ms006,"Lahad Datu, Sabah",5.075556,119.0775,Malaysia,IOC Sea Level Station Monitoring Facility,MLS,,SL,1,prs,prs,prs:M,2009-01-20,https://www.ioc-sealevelmonitoring.org/station.php?code=ms006
mtul,Port de Toliara,-23.37644,43.66468,Madagascar,IOC Sea Level Station Monitoring Facility,MAD,,SF,1,rad,rad,rad:M,2025-12-11,https://www.ioc-sealevelmonitoring.org/station.php?code=mtul
mtwa,Mtwara,-10.267,40.2,Tanzania,IOC Sea Level Station Monitoring Facility,TAN,9,SL,5,prs,prs,prs:M,2009-09-10,https://www.ioc-sealevelmonitoring.org/station.php?code=mtwa
mumb,Mumbles,51.57,-3.98,UK,IOC Sea Level Station Monitoring Facility,GRB,,SF,1,bub,bub,bub:M,2012-09-04,https://www.ioc-sealevelmonitoring.org/station.php?code=mumb
murc2,Murcia,37.5963889,-0.9736111,Spain,IOC Sea Level Station Monitoring Facility,ESP,,SW,1,rad,rad,rad:M,2019-12-07,https://www.ioc-sealevelmonitoring.org/station.php?code=murc2
musc3,Muscat,23.63333333,58.56666667,Oman,IOC Sea Level Station Monitoring Facility,OMA,,SL,1,rad,rad,rad:M,2022-08-23,https://www.ioc-sealevelmonitoring.org/station.php?code=musc3
naga,Nagasaki,32.74,129.87,Japan,IOC Sea Level Station Monitoring Facility,JAP,83,SL,1,rad,rad,rad:F,2012-03-21,https://www.ioc-sealevelmonitoring.org/station.php?code=naga
naha,Naha,26.21,127.67,Japan,IOC Sea Level Station Monitoring Facility,JAP,81,SL,1,rad,rad,rad:F,2008-05-15,https://www.ioc-sealevelmonitoring.org/station.php?code=naha
naho,Nahodka,42.78,132.86,Russia,IOC Sea Level Station Monitoring Facility,RUS,,SW,1,rad,rad,rad:M,2013-05-17,https://www.ioc-sealevelmonitoring.org/station.php?code=naho
nain,Nain,56.55,-61.68,Canada,IOC Sea Level Station Monitoring Facility,CAN,224,SW,1,enc,enc,enc:M,2008-12-11,https://www.ioc-sealevelmonitoring.org/station.php?code=nain
nanc,Nancowry,8.05,93.55,India,IOC Sea Level Station Monitoring Facility,IND,,SF,4,prs,prs,prs:M,2011-08-02,https://www.ioc-sealevelmonitoring.org/station.php?code=nanc
nans,Nansha,9.5,112.5,China,IOC Sea Level Station Monitoring Facility,CHN,,NA,5,rad,rad,rad:M,2014-10-02,https://www.ioc-sealevelmonitoring.org/station.php?code=nans
napt,Port Napier,-39.4756612,176.920066,New Zealand,IOC Sea Level Station Monitoring Facility,NWZ,,SL,1,prs,prs,prs:M,2009-01-14,https://www.ioc-sealevelmonitoring.org/station.php?code=napt
narv,Narvik,68.428286,17.425759,Norway,IOC Sea Level Station Monitoring Facility,NOR,,SW,1,flt,flt,flt:M,2023-06-28,https://www.ioc-sealevelmonitoring.org/station.php?code=narv
nauu,Nauru,-0.5319,166.9092,Nauru,IOC Sea Level Station Monitoring Facility,NAU,,SL,1,prs,prs,prs:M,2015-08-26,https://www.ioc-sealevelmonitoring.org/station.php?code=nauu
nawi,"Nawiliwili, Kauai",21.957,-159.36,USA,IOC Sea Level Station Monitoring Facility,USA,,SW,1,pwl,pwl,pwl:M,2010-03-26,https://www.ioc-sealevelmonitoring.org/station.php?code=nawi
nawi2,"Nawiliwili, Kauai",21.957,-159.36,USA,IOC Sea Level Station Monitoring Facility,USA,,SL,5,pwl,pwl,pwl:M,2012-12-05,https://www.ioc-sealevelmonitoring.org/station.php?code=nawi2
nbrt,"New Brighton Pier, Christchurch",-43.506,172.735,New Zealand,IOC Sea Level Station Monitoring Facility,NWZ,,SL,1,prs,prs,prs:M,2022-04-04,https://www.ioc-sealevelmonitoring.org/station.php?code=nbrt
ncpt,North_Cape,-34.41,173.05,New Zealand,IOC Sea Level Station Monitoring Facility,NWZ,,SL,1,prs,prs,prs:M,2014-05-27,https://www.ioc-sealevelmonitoring.org/station.php?code=ncpt
neve,Nevel'sk,46.68,141.86,Russia,IOC Sea Level Station Monitoring Facility,RUS,,SW,5,rad,rad,rad:M,2013-06-19,https://www.ioc-sealevelmonitoring.org/station.php?code=neve
newl,Newlyn (tsunami),50.103,-5.54275,UK,IOC Sea Level Station Monitoring Facility,GRB,241,SF,5,bub,bub,bub:M,2008-07-30,https://www.ioc-sealevelmonitoring.org/station.php?code=newl
newl2,Newlyn2,50.103,-5.54275,UK,IOC Sea Level Station Monitoring Facility,GRB,241,SF,1,bub,bub,bub:M,2011-10-06,https://www.ioc-sealevelmonitoring.org/station.php?code=newl2
newl3,Newlyn,50.103,-5.54275,UK,IOC Sea Level Station Monitoring Facility,GRB,241,SF,1,ra2,ra2,ra2:M,2024-06-06,https://www.ioc-sealevelmonitoring.org/station.php?code=newl3
nhav,Newhaven,50.78,0.06,UK,IOC Sea Level Station Monitoring Facility,GRB,,SF,1,bub,bub,bub:M,2012-09-04,https://www.ioc-sealevelmonitoring.org/station.php?code=nhav
nhte,Nehuentue_CL,-38.749925,-73.408106,Chile,IOC Sea Level Station Monitoring Facility,CHL,,SL,1,rad,rad,rad:M,2018-07-18,https://www.ioc-sealevelmonitoring.org/station.php?code=nhte
nice,Nice,43.695,7.285,France,IOC Sea Level Station Monitoring Facility,FRA,,SF,1,rad,rad,rad:M,2008-12-12,https://www.ioc-sealevelmonitoring.org/station.php?code=nice
nice2,Nice2,43.695,7.285,France,IOC Sea Level Station Monitoring Facility,FRA,,SL,1,rad,rad,rad:M,2011-01-10,https://www.ioc-sealevelmonitoring.org/station.php?code=nice2
nieu,Nieuwpoort,51.15055556,2.728055556,Belgium,IOC Sea Level Station Monitoring Facility,BEL,,SW,1,bub,bub,bub:M,2023-10-05,https://www.ioc-sealevelmonitoring.org/station.php?code=nieu
niue,Niue,-19.0525,-169.9214,Niue,IOC Sea Level Station Monitoring Facility,NIU,,SL,5,enc,enc,enc:F,2008-07-22,https://www.ioc-sealevelmonitoring.org/station.php?code=niue
nkfa,Nuku'Alofa Harbour Wharf,-21.1303,-175.1967,Tonga Island,IOC Sea Level Station Monitoring Facility,TON,125,SL,1,aqu,aqu,aqu:M,2007-12-05,https://www.ioc-sealevelmonitoring.org/station.php?code=nkfa
nkfa2,Nuku'Alofa Harbour wharf,-21.1303,-175.1967,Tonga Island,IOC Sea Level Station Monitoring Facility,TON,125,SL,3,rad,rad,rad:M,2011-02-16,https://www.ioc-sealevelmonitoring.org/station.php?code=nkfa2
nksk,Nikol'skoe,55.2,166.02,Russia,IOC Sea Level Station Monitoring Facility,RUS,,SW,1,rad,rad,rad:M,2013-05-17,https://www.ioc-sealevelmonitoring.org/station.php?code=nksk
noct,Nouakchott,18.1,-15.95,Mauritania,IOC Sea Level Station Monitoring Facility,MRT,,SL,5,pr2,pr2,pr2:M,2007-01-05,https://www.ioc-sealevelmonitoring.org/station.php?code=noct
nome,Nome_AK,64.5,-165.43,USA,IOC Sea Level Station Monitoring Facility,USA,74,SW,1,bwl,bwl,bwl:M,2008-06-06,https://www.ioc-sealevelmonitoring.org/station.php?code=nome
nome2,Nome_AK,64.5,-165.43,USA,IOC Sea Level Station Monitoring Facility,USA,74,SL,5,pwl,pwl,pwl:M,2012-12-05,https://www.ioc-sealevelmonitoring.org/station.php?code=nome2
noto,Noto,37.5,137.16,Japan,IOC Sea Level Station Monitoring Facility,JAP,,SL,1,rad,rad,rad:F,2012-03-21,https://www.ioc-sealevelmonitoring.org/station.php?code=noto
noua,Nouadhibou,20.8134889,-17.0361889,Mauritania,IOC Sea Level Station Monitoring Facility,MRT,,SF,5,rad,rad,rad:M,2015-08-17,https://www.ioc-sealevelmonitoring.org/station.php?code=noua
npor,Newport,51.55,-2.99,UK,IOC Sea Level Station Monitoring Facility,GRB,,SF,1,bub,bub,bub:M,2012-09-04,https://www.ioc-sealevelmonitoring.org/station.php?code=npor
nshi,North Shields,55.01,-1.44,UK,IOC Sea Level Station Monitoring Facility,GRB,,SF,1,bub,bub,bub:M,2012-09-04,https://www.ioc-sealevelmonitoring.org/station.php?code=nshi
nspi,"North_Spit, Humboldt",40.767,-124.217,USA,IOC Sea Level Station Monitoring Facility,USA,,SW,1,pwl,pwl,pwl:M,2006-06-07,https://www.ioc-sealevelmonitoring.org/station.php?code=nspi
nspi2,"North_Spit, Humboldt",40.767,-124.217,USA,IOC Sea Level Station Monitoring Facility,USA,,SL,1,pwl,pwl,pwl:M,2012-12-05,https://www.ioc-sealevelmonitoring.org/station.php?code=nspi2
ntue,Nehuentue_CL,-38.749925,-73.408106,Chile,IOC Sea Level Station Monitoring Facility,CHL,,SL,1,rad,rad,rad:M,2017-06-23,https://www.ioc-sealevelmonitoring.org/station.php?code=ntue
ntue2,Nehuentue_CL,-38.749925,-73.408106,Chile,IOC Sea Level Station Monitoring Facility,CHL,,SW,1,rad,rad,rad:M,2017-06-23,https://www.ioc-sealevelmonitoring.org/station.php?code=ntue2
nuk1,"Nuuk harbour, new",64.1713012,-51.719813,Greenland,IOC Sea Level Station Monitoring Facility,GRL,225,SF,1,prs,prs,prs:M,2022-11-22,https://www.ioc-sealevelmonitoring.org/station.php?code=nuk1
nuku,"Nuku Hiva (Marquesas, French Polynesia)",-8.914847,-140.084683,France,IOC Sea Level Station Monitoring Facility,FRA,142,SL,1,rad,rad,rad:M,2008-06-23,https://www.ioc-sealevelmonitoring.org/station.php?code=nuku
numb2,Nouméa - Numbo (New Caledonia),-22.2466,166.4116,France,IOC Sea Level Station Monitoring Facility,FRA,,SL,3,rad,rad,rad:M,2022-08-17,https://www.ioc-sealevelmonitoring.org/station.php?code=numb2
numbo,Nouméa - Numbo (New Caledonia),-22.2466,166.4116,France,IOC Sea Level Station Monitoring Facility,FRA,123,SF,1,rad,rad,rad:M,2010-10-07,https://www.ioc-sealevelmonitoring.org/station.php?code=numbo
nuuk,Nuuk harbor,64.1713032,-51.719857,Greenland,IOC Sea Level Station Monitoring Facility,GRL,225,SF,5,prs,prs,prs:M,2014-09-01,https://www.ioc-sealevelmonitoring.org/station.php?code=nuuk
nyal,Ny Ålesund,78.928545,11.938015,Norway,IOC Sea Level Station Monitoring Facility,NOR,345,SW,1,flt,flt,flt:M,2008-12-16,https://www.ioc-sealevelmonitoring.org/station.php?code=nyal
nyna,Nynas Fiskehamn,58.9175,17.972222,Sweden,IOC Sea Level Station Monitoring Facility,SVE,,SW,1,rad,rad,rad:M,2021-10-18,https://www.ioc-sealevelmonitoring.org/station.php?code=nyna
ofuas,Ofu,-14.163364,-169.681033,Samoa; U.S.A.,IOC Sea Level Station Monitoring Facility,SAM,,SL,1,rad,rad,rad:M,2023-04-14,https://www.ioc-sealevelmonitoring.org/station.php?code=ofuas
ofun,Ofunato,39.02,141.75,Japan,IOC Sea Level Station Monitoring Facility,JAP,87,SL,1,rad,rad,rad:F,2008-05-15,https://www.ioc-sealevelmonitoring.org/station.php?code=ofun
ohig,Base General Bernardo O'Higgins CL,-63.320314,-57.898731,Chile,IOC Sea Level Station Monitoring Facility,CHL,,SL,1,rad,rad,rad:M,2020-03-30,https://www.ioc-sealevelmonitoring.org/station.php?code=ohig
ohig3,Base General Bernardo O'Higgins CL,-63.320314,-57.898731,Chile,IOC Sea Level Station Monitoring Facility,CHL,,SW,1,prs,prs,prs:M,2020-04-16,https://www.ioc-sealevelmonitoring.org/station.php?code=ohig3
olan,Olands norra udde,57.366111,17.097222,Sweden,IOC Sea Level Station Monitoring Facility,SVE,,SW,1,rad,rad,rad:M,2021-10-18,https://www.ioc-sealevelmonitoring.org/station.php?code=olan
omae,Omaezaki,34.61,138.22,Japan,IOC Sea Level Station Monitoring Facility,JAP,,SL,1,rad,rad,rad:F,2008-05-15,https://www.ioc-sealevelmonitoring.org/station.php?code=omae
onsa,Onsala,57.391944,11.919167,Sweden,IOC Sea Level Station Monitoring Facility,SVE,,SW,1,rad,rad,rad:M,2021-10-18,https://www.ioc-sealevelmonitoring.org/station.php?code=onsa
oran,Oranjestad,12.51666,-70.03333,Aruba; Nederland,IOC Sea Level Station Monitoring Facility,ARU,,SL,5,rad,rad,rad:M,2017-02-11,https://www.ioc-sealevelmonitoring.org/station.php?code=oran
orma,Ormara,25.203653,64.676439,Pakistan,IOC Sea Level Station Monitoring Facility,PAK,,SL,5,rad,rad,rad:M,2011-01-05,https://www.ioc-sealevelmonitoring.org/station.php?code=orma
osca,Oscarsborg,59.678073,10.604861,Norway,IOC Sea Level Station Monitoring Facility,NOR,,SW,1,flt,flt,flt:M,2023-06-28,https://www.ioc-sealevelmonitoring.org/station.php?code=osca
oska,Oskarshamn,57.275,16.478056,Sweden,IOC Sea Level Station Monitoring Facility,SVE,,SW,1,rad,rad,rad:M,2021-10-18,https://www.ioc-sealevelmonitoring.org/station.php?code=oska
oslo,Oslo,59.908559,10.73451,Norway,IOC Sea Level Station Monitoring Facility,NOR,,SW,1,flt,flt,flt:M,2023-06-28,https://www.ioc-sealevelmonitoring.org/station.php?code=oslo
oste,Ostend,51.23428611,2.926680556,Belgium,IOC Sea Level Station Monitoring Facility,BEL,,SF,1,flt,flt,flt:M,2013-09-05,https://www.ioc-sealevelmonitoring.org/station.php?code=oste
oste1,Oostende Haven,51.23428611,2.926680556,Belgium,IOC Sea Level Station Monitoring Facility,BEL,,SW,1,bub,bub,bub:M,2023-10-05,https://www.ioc-sealevelmonitoring.org/station.php?code=oste1
otat,Dunedin,-45.8143,170.6294,New Zealand,IOC Sea Level Station Monitoring Facility,NWZ,,SL,1,prs,prs,prs:M,2010-09-08,https://www.ioc-sealevelmonitoring.org/station.php?code=otat
ouin,"Ouinne, New Caledonia",-21.9828778,166.68327646,France,IOC Sea Level Station Monitoring Facility,FRA,,SL,1,rad,rad,rad:M,2011-03-31,https://www.ioc-sealevelmonitoring.org/station.php?code=ouin
ouin2,"Ouinn2, New Caledonia",-21.9828778,166.68327646,France,IOC Sea Level Station Monitoring Facility,FRA,,SF,1,rad,rad,rad:M,2023-11-07,https://www.ioc-sealevelmonitoring.org/station.php?code=ouin2
ouis,Ouistreham,49.27936,-0.24903,France,IOC Sea Level Station Monitoring Facility,FRA,,SF,1,rad,rad,rad:M,2016-09-20,https://www.ioc-sealevelmonitoring.org/station.php?code=ouis
ouis2,Ouistreham 2,49.27936,-0.24903,France,IOC Sea Level Station Monitoring Facility,FRA,,SL,1,rad,rad,rad:M,2016-09-20,https://www.ioc-sealevelmonitoring.org/station.php?code=ouis2
ouve,Ouvea,-20.549816,166.561867,France,IOC Sea Level Station Monitoring Facility,FRA,,SL,1,rad,rad,rad:M,2017-03-08,https://www.ioc-sealevelmonitoring.org/station.php?code=ouve
ouve2,Ouvea 2,-20.459816,166.561867,France,IOC Sea Level Station Monitoring Facility,FRA,,SF,3,rad,rad,rad:M,2023-02-23,https://www.ioc-sealevelmonitoring.org/station.php?code=ouve2
oxel,Oxelosund Vinterklasen,58.661667,17.124722,Sweden,IOC Sea Level Station Monitoring Facility,SVE,,SW,1,rad,rad,rad:M,2021-10-18,https://www.ioc-sealevelmonitoring.org/station.php?code=oxel
paak,Port_Alexander_AK,56.2467,-134.6467,USA,IOC Sea Level Station Monitoring Facility,USA,,SL,1,pwl,pwl,pwl:M,2006-06-07,https://www.ioc-sealevelmonitoring.org/station.php?code=paak
paak2,Port Alexander,56.2467,-134.6467,USA,IOC Sea Level Station Monitoring Facility,USA,,SW,1,wls,wls,wls:M,2022-05-20,https://www.ioc-sealevelmonitoring.org/station.php?code=paak2
pada,Padang,-0.95,100.3667,Indonesia,IOC Sea Level Station Monitoring Facility,IDN,45,SL,1,rad,rad,rad:M,2006-06-08,https://www.ioc-sealevelmonitoring.org/station.php?code=pada
padn,Padang2,-0.95,100.366667,Indonesia,IOC Sea Level Station Monitoring Facility,IDN,45,SB,5,rad,rad,rad:M,2009-05-28,https://www.ioc-sealevelmonitoring.org/station.php?code=padn
pafo,Pafos,34.754910328,32.407570975,Cyprus,IOC Sea Level Station Monitoring Facility,CYP,,SF,1,rad,rad,rad:M,2025-11-20,https://www.ioc-sealevelmonitoring.org/station.php?code=pafo
pagb,"Pago Bay, Guam",13.4283,144.797,USA,IOC Sea Level Station Monitoring Facility,USA,,SW,1,wls,wls,wls:M,2008-09-16,https://www.ioc-sealevelmonitoring.org/station.php?code=pagb
pagi,Puerto Aguirre_CL,-45.164573,-73.521111,Chile,IOC Sea Level Station Monitoring Facility,CHL,,SL,1,rad,rad,rad:M,2021-05-05,https://www.ioc-sealevelmonitoring.org/station.php?code=pagi
pagi2,Puerto Aguire_CL,-45.164573,-73.521111,Chile,IOC Sea Level Station Monitoring Facility,CHL,,SW,1,rad,rad,rad:M,2021-05-12,https://www.ioc-sealevelmonitoring.org/station.php?code=pagi2
pago,Pago_Pago_AS,-14.2766,-170.6907,Samoa; U.S.A.,IOC Sea Level Station Monitoring Facility,SAM,144,SW,1,pwl,pwl,pwl:M,2008-06-06,https://www.ioc-sealevelmonitoring.org/station.php?code=pago
pago2,Pago_Pago_AS,-14.2766,-170.6907,Samoa; U.S.A.,IOC Sea Level Station Monitoring Facility,SAM,144,SL,5,pwl,pwl,pwl:M,2012-12-05,https://www.ioc-sealevelmonitoring.org/station.php?code=pago2
pagx,Pago_Pago_AS,-14.2766,-170.6907,Samoa; U.S.A.,IOC Sea Level Station Monitoring Facility,SAM,144,SL,1,pwl,pwl,pwl:M,2010-04-07,https://www.ioc-sealevelmonitoring.org/station.php?code=pagx
pait2,"Paita,Piura_PE",-5.0836,-81.1077,Perú,IOC Sea Level Station Monitoring Facility,PER,,SL,1,prs,prs,prs:M,2025-05-14,https://www.ioc-sealevelmonitoring.org/station.php?code=pait2
paita,"Paita,Piura_PE",-5.08366,-81.1077,Perú,IOC Sea Level Station Monitoring Facility,PER,,SW,1,rad,rad,rad:M,2022-09-29,https://www.ioc-sealevelmonitoring.org/station.php?code=paita
palb,Port Alberni,49.2256,-124.8137,Canada,IOC Sea Level Station Monitoring Facility,CAN,,SL,1,pwl,pwl,pwl:M,2012-12-04,https://www.ioc-sealevelmonitoring.org/station.php?code=palb
palm,PalmadeMallorca,39.56015,2.63748,Spain,IOC Sea Level Station Monitoring Facility,ESP,,SF,1,rad,rad,rad:M,2009-10-15,https://www.ioc-sealevelmonitoring.org/station.php?code=palm
palm1,Palmeira,16.755,-22.9833,"Cabo Verde, islas del",IOC Sea Level Station Monitoring Facility,CBV,329,SL,1,rad,rad,rad:M,2008-02-28,https://www.ioc-sealevelmonitoring.org/station.php?code=palm1
pana,Pangandaran,-7.7484,108.5013,Indonesia,IOC Sea Level Station Monitoring Facility,IDN,,SL,4,prs,prs,prs:M,2009-10-27,https://www.ioc-sealevelmonitoring.org/station.php?code=pana
pand,Pangandaran,-7.748359,108.501402,Indonesia,IOC Sea Level Station Monitoring Facility,IDN,,SB,5,rad,rad,rad:M,2020-07-07,https://www.ioc-sealevelmonitoring.org/station.php?code=pand
pant,Pantelleria,36.8348,11.9366,Italy,IOC Sea Level Station Monitoring Facility,ITA,,SB,5,rad,rad,rad:M,2016-03-21,https://www.ioc-sealevelmonitoring.org/station.php?code=pant
papa,Papagayo Marina,10.6420278,-85.656,Costa Rica,IOC Sea Level Station Monitoring Facility,CRC,,SL,5,prs,prs,prs:M,2014-12-03,https://www.ioc-sealevelmonitoring.org/station.php?code=papa
pape,"Papeete (Tahiti, French Polynesia)",-17.533092,-149.572678,France,IOC Sea Level Station Monitoring Facility,FRA,140,SL,1,rad,rad,rad:M,2008-06-23,https://www.ioc-sealevelmonitoring.org/station.php?code=pape
papho,Paphos,34.755128,32.408819,Cyprus,IOC Sea Level Station Monitoring Facility,CYP,,SF,5,prs,prs,prs:M,2011-03-09,https://www.ioc-sealevelmonitoring.org/station.php?code=papho
papo,Paposo_CL,-25.008982,-70.468728,Chile,IOC Sea Level Station Monitoring Facility,CHL,,SL,1,rad,rad,rad:M,2013-04-19,https://www.ioc-sealevelmonitoring.org/station.php?code=papo
papo2,Paposo_CL,-25.008982,-70.468728,Chile,IOC Sea Level Station Monitoring Facility,CHL,,SW,1,rad,rad,rad:M,2013-11-25,https://www.ioc-sealevelmonitoring.org/station.php?code=papo2
para,Paralimni,35.038288,34.036877,Cyprus,IOC Sea Level Station Monitoring Facility,CYP,,SF,5,prs,prs,prs:M,2013-05-08,https://www.ioc-sealevelmonitoring.org/station.php?code=para
para1,Paralimni,35.038487374,34.036422241,Cyprus,IOC Sea Level Station Monitoring Facility,CYP,,SF,1,rad,rad,rad:M,2025-11-20,https://www.ioc-sealevelmonitoring.org/station.php?code=para1
parg,"Paranaguá, PR",-25.50222,-48.52583,Brasil,IOC Sea Level Station Monitoring Facility,BRA,,SW,1,rad,rad,rad:M,2025-09-11,https://www.ioc-sealevelmonitoring.org/station.php?code=parg
parh,"Parham (Camp Blizard), Antigua",17.15,-61.7833,"Antigua, Barbuda & Redonda",IOC Sea Level Station Monitoring Facility,ABR,,SL,4,aqu,aqu,aqu:M,2013-06-11,https://www.ioc-sealevelmonitoring.org/station.php?code=parh
pata,Patache_CL,-20.803213,-70.198029,Chile,IOC Sea Level Station Monitoring Facility,CHL,,SL,1,rad,rad,rad:M,2011-08-04,https://www.ioc-sealevelmonitoring.org/station.php?code=pata
pata2,Patache_CL,-20.803213,-70.198029,Chile,IOC Sea Level Station Monitoring Facility,CHL,,SW,1,rad,rad,rad:M,2013-03-18,https://www.ioc-sealevelmonitoring.org/station.php?code=pata2
patu,Puerto Atún - Manta,-0.92574,-80.6658,Ecuador,IOC Sea Level Station Monitoring Facility,ECU,,SW,1,rad,rad,rad:M,2024-10-03,https://www.ioc-sealevelmonitoring.org/station.php?code=patu
pbil,Puerto Bilwi,14.019,-83.383,Nicaragua,IOC Sea Level Station Monitoring Facility,NIC,,SB,5,prs,prs,prs:M,2019-09-24,https://www.ioc-sealevelmonitoring.org/station.php?code=pbil
pblu,Puerto El Bluff,11.998,-83.692,Nicaragua,IOC Sea Level Station Monitoring Facility,NIC,,SB,5,prs,prs,prs:M,2019-09-24,https://www.ioc-sealevelmonitoring.org/station.php?code=pblu
pbol,Puerto Bolívar,-3.25927,-80.00194,Ecuador,IOC Sea Level Station Monitoring Facility,ECU,,SW,1,rad,rad,rad:M,2022-09-29,https://www.ioc-sealevelmonitoring.org/station.php?code=pbol
pcha,Puerto_Chacabuco_CL,-45.467076,-72.820045,Chile,IOC Sea Level Station Monitoring Facility,CHL,,SL,1,rad,rad,rad:M,2008-07-02,https://www.ioc-sealevelmonitoring.org/station.php?code=pcha
pcha2,Puerto_Chacabuco_CL,-45.467076,-72.820045,Chile,IOC Sea Level Station Monitoring Facility,CHL,,SW,1,rad,rad,rad:M,2013-03-18,https://www.ioc-sealevelmonitoring.org/station.php?code=pcha2
pcoi,Muelle de Corn Island,12.327,-83.068,Nicaragua,IOC Sea Level Station Monitoring Facility,NIC,,SB,5,prs,prs,prs:M,2019-09-24,https://www.ioc-sealevelmonitoring.org/station.php?code=pcoi
pcor,Puerto Cortes,15.84334,-87.9587,Honduras,IOC Sea Level Station Monitoring Facility,HND,,SL,5,prs,prs,prs:M,2015-05-04,https://www.ioc-sealevelmonitoring.org/station.php?code=pcor
pcrt,Puerto Corinto,12.483,-87.167,Nicaragua,IOC Sea Level Station Monitoring Facility,NIC,,SB,1,prs,prs,prs:M,2019-09-24,https://www.ioc-sealevelmonitoring.org/station.php?code=pcrt
pdas,Ponta_Delgada_Azor,37.73,-25.68,Portugal,IOC Sea Level Station Monitoring Facility,POR,245,SL,1,rad,rad,rad:M,2008-06-23,https://www.ioc-sealevelmonitoring.org/station.php?code=pdas
pece,"Pecém, CE",-3.53111,-38.79306,Brasil,IOC Sea Level Station Monitoring Facility,BRA,,SW,1,rad,rad,rad:M,2025-09-19,https://www.ioc-sealevelmonitoring.org/station.php?code=pece
pedn,Puerto Eden_CL,-49.129786,-74.408639,Chile,IOC Sea Level Station Monitoring Facility,CHL,,SL,1,rad,rad,rad:M,2011-10-18,https://www.ioc-sealevelmonitoring.org/station.php?code=pedn
pedn2,Puerto Eden_CL,-49.129786,-74.408639,Chile,IOC Sea Level Station Monitoring Facility,CHL,,SW,1,rad,rad,rad:M,2013-03-18,https://www.ioc-sealevelmonitoring.org/station.php?code=pedn2
peir,Peiraias,37.934733,23.621217,Greece,IOC Sea Level Station Monitoring Facility,HEL,,SF,1,pr1,pr1,pr1:M,2009-11-20,https://www.ioc-sealevelmonitoring.org/station.php?code=peir
pele,Peleliu,7.049024,134.266476,Palau Islands,IOC Sea Level Station Monitoring Facility,PAI,,SL,1,rad,rad,rad:M,2025-09-10,https://www.ioc-sealevelmonitoring.org/station.php?code=pele
pemba,Pemba,-12.966,40.4833,Moçambique,IOC Sea Level Station Monitoring Facility,MOZ,11,SL,5,prs,prs,prs:M,2007-04-19,https://www.ioc-sealevelmonitoring.org/station.php?code=pemba
penr,Penrhyn_CK,-9.001,-158.051,Cook Islands,IOC Sea Level Station Monitoring Facility,CKI,143,SL,1,rad,rad,rad:M,2008-06-23,https://www.ioc-sealevelmonitoring.org/station.php?code=penr
penu,"Penuelas (Punta Guayanilla),",17.97253,-66.7618,Puerto Rico; U.S.A.,IOC Sea Level Station Monitoring Facility,PRC,,NA,5,prs,prs,prs:M,2010-03-08,https://www.ioc-sealevelmonitoring.org/station.php?code=penu
petr,Petropavlovsk,53.016667,158.65,Russia,IOC Sea Level Station Monitoring Facility,RUS,93,SW,1,rad,rad,rad:M,2010-03-02,https://www.ioc-sealevelmonitoring.org/station.php?code=petr
pgrau,"Puerto Grau,Tacna_PE",-17.99333,-70.88416,Perú,IOC Sea Level Station Monitoring Facility,PER,,SW,1,ecs,ecs,ecs:M,2022-09-29,https://www.ioc-sealevelmonitoring.org/station.php?code=pgrau
phbc,Port Hardy,50.716667,-127.483333,Canada,IOC Sea Level Station Monitoring Facility,CAN,,SL,1,pwl,pwl,pwl:M,2016-03-01,https://www.ioc-sealevelmonitoring.org/station.php?code=phbc
phcp,Port_Hedland_AU,-20.04,118.42,Australia,IOC Sea Level Station Monitoring Facility,AUS,,SL,5,rad,rad,rad:M,2019-03-20,https://www.ioc-sealevelmonitoring.org/station.php?code=phcp
pich,Pichidangui_CL,-32.135611,-71.529306,Chile,IOC Sea Level Station Monitoring Facility,CHL,,SL,1,rad,rad,rad:M,2019-04-15,https://www.ioc-sealevelmonitoring.org/station.php?code=pich
pich2,Pichidangui_CL,-32.135611,-71.529306,Chile,IOC Sea Level Station Monitoring Facility,CHL,,SW,1,rad,rad,rad:M,2013-04-09,https://www.ioc-sealevelmonitoring.org/station.php?code=pich2
pich3,Pichidangui_CL,-32.135611,-71.529306,Chile,IOC Sea Level Station Monitoring Facility,CHL,,SW,5,rad,rad,rad:M,2013-06-12,https://www.ioc-sealevelmonitoring.org/station.php?code=pich3
pisa,Pisagua_CL,-19.596907,-70.215639,Chile,IOC Sea Level Station Monitoring Facility,CHL,,SL,1,rad,rad,rad:M,2011-04-29,https://www.ioc-sealevelmonitoring.org/station.php?code=pisa
pisa2,Pisagua_CL,-19.596907,-70.215639,Chile,IOC Sea Level Station Monitoring Facility,CHL,,SW,1,rad,rad,rad:M,2013-03-18,https://www.ioc-sealevelmonitoring.org/station.php?code=pisa2
pisc2,"Pisco,Ica_PE",-13.8196,-76.252,Perú,IOC Sea Level Station Monitoring Facility,PER,,SL,1,prs,prs,prs:M,2025-05-14,https://www.ioc-sealevelmonitoring.org/station.php?code=pisc2
pisco,"Pisco,Ica_PE",-13.8194,-76.25194,Perú,IOC Sea Level Station Monitoring Facility,PER,,SW,1,rad,rad,rad:M,2022-09-29,https://www.ioc-sealevelmonitoring.org/station.php?code=pisco
pkem,Port_Kembla_AU,-34.4738,150.9119,Australia,IOC Sea Level Station Monitoring Facility,AUS,,SL,1,aqu,aqu,aqu:M,2007-12-05,https://www.ioc-sealevelmonitoring.org/station.php?code=pkem
plat,Mar_Del_Plata,-38.05,-57.55,Argentina,IOC Sea Level Station Monitoring Facility,ARG,192,SL,5,ecs,ecs,ecs:M,2008-07-01,https://www.ioc-sealevelmonitoring.org/station.php?code=plat
plat2,Mar del Plata,-38.00015278,-57.53850556,Argentina,IOC Sea Level Station Monitoring Facility,ARG,192,SL,1,rad,rad,rad:M,2010-03-31,https://www.ioc-sealevelmonitoring.org/station.php?code=plat2
plim,"Plimmiri, Rhodes, South Aegean",35.9273,27.8575,Greece,IOC Sea Level Station Monitoring Facility,HEL,,SB,1,rad,rad,rad:M,2023-07-31,https://www.ioc-sealevelmonitoring.org/station.php?code=plim
plmy,Palmyra Island,5.89,-162.09,USA,IOC Sea Level Station Monitoring Facility,USA,,SL,1,rad,rad,rad:M,2012-11-19,https://www.ioc-sealevelmonitoring.org/station.php?code=plmy
plom,"Plomari, North Aegean",38.97188,26.37055,Greece,IOC Sea Level Station Monitoring Facility,HEL,,SB,5,rad,rad,rad:M,2019-12-18,https://www.ioc-sealevelmonitoring.org/station.php?code=plom
plop,Puerto López,-1.561,-80.817,Ecuador,IOC Sea Level Station Monitoring Facility,ECU,,SW,1,ras,ras,ras:M,2023-07-31,https://www.ioc-sealevelmonitoring.org/station.php?code=plop
pluz,Puerto de la Luz,28.13,-15.41,Spain,IOC Sea Level Station Monitoring Facility,ESP,251,SW,5,rad,rad,rad:M,2008-08-18,https://www.ioc-sealevelmonitoring.org/station.php?code=pluz
plym,Plymouth,50.37,-4.19,UK,IOC Sea Level Station Monitoring Facility,GRB,,SF,1,bub,bub,bub:M,2012-09-04,https://www.ioc-sealevelmonitoring.org/station.php?code=plym
pmel,Puerto Melinka_CL,-43.898463,-73.748199,Chile,IOC Sea Level Station Monitoring Facility,CHL,,SL,1,rad,rad,rad:M,2011-06-03,https://www.ioc-sealevelmonitoring.org/station.php?code=pmel
pmel2,Puerto Melinka_CL,-43.898463,-73.748199,Chile,IOC Sea Level Station Monitoring Facility,CHL,,SW,1,rad,rad,rad:M,2013-03-18,https://www.ioc-sealevelmonitoring.org/station.php?code=pmel2
pmon,Puerto Montt (Chile),-41.484931,-72.960858,Chile,IOC Sea Level Station Monitoring Facility,CHL,178,SL,1,rad,rad,rad:M,2008-06-27,https://www.ioc-sealevelmonitoring.org/station.php?code=pmon
pmon2,Puerto Montt (Chile),-41.484931,-72.960858,Chile,IOC Sea Level Station Monitoring Facility,CHL,178,SW,1,rad,rad,rad:M,2013-03-18,https://www.ioc-sealevelmonitoring.org/station.php?code=pmon2
pmur,PtMurat,-21.8167,114.191,Australia,IOC Sea Level Station Monitoring Facility,AUS,,SL,1,rad,rad,rad:M,2008-04-09,https://www.ioc-sealevelmonitoring.org/station.php?code=pmur
pnat,Puerto Natales_CL,-51.729134,-72.51567,Chile,IOC Sea Level Station Monitoring Facility,CHL,,SL,1,rad,rad,rad:M,2022-09-26,https://www.ioc-sealevelmonitoring.org/station.php?code=pnat
pnat2,Puerto Natales_CL,-51.729134,-72.51567,Chile,IOC Sea Level Station Monitoring Facility,CHL,,SW,1,rad,rad,rad:M,2022-09-26,https://www.ioc-sealevelmonitoring.org/station.php?code=pnat2
pnfl,Pensacola_FL,30.403,-87.212,USA,IOC Sea Level Station Monitoring Facility,USA,288,SW,1,wls,wls,wls:M,2008-06-06,https://www.ioc-sealevelmonitoring.org/station.php?code=pnfl
pnfl2,Pensacola_FL,30.403,-87.212,USA,IOC Sea Level Station Monitoring Facility,USA,288,SL,1,pwl,pwl,pwl:M,2012-12-05,https://www.ioc-sealevelmonitoring.org/station.php?code=pnfl2
pntn,Pointe Noire,-4.78333,11.83333,Congo (Brazzaville),IOC Sea Level Station Monitoring Facility,CGO,261,SL,5,prs,prs,prs:M,2008-09-10,https://www.ioc-sealevelmonitoring.org/station.php?code=pntn
pobe,Port of Belize,17.473544,-88.200506,Belize,IOC Sea Level Station Monitoring Facility,BLZ,,SL,5,ra2,ra2,ra2:M,2017-07-18,https://www.ioc-sealevelmonitoring.org/station.php?code=pobe
pomo,Pomos,35.175380888,32.555631053,Cyprus,IOC Sea Level Station Monitoring Facility,CYP,,SF,1,rad,rad,rad:M,2025-11-21,https://www.ioc-sealevelmonitoring.org/station.php?code=pomo
pont,"Pontal do Sul, PR",-25.55167,-48.36639,Brasil,IOC Sea Level Station Monitoring Facility,BRA,,SW,1,rad,rad,rad:M,2025-09-11,https://www.ioc-sealevelmonitoring.org/station.php?code=pont
porl,Portland_AU,-38.3434,141.6132,Australia,IOC Sea Level Station Monitoring Facility,AUS,55,SL,1,aqu,aqu,aqu:M,2007-12-05,https://www.ioc-sealevelmonitoring.org/station.php?code=porl
poro,Poronajsk,49.22,143.09,Russia,IOC Sea Level Station Monitoring Facility,RUS,,SW,1,rad,rad,rad:M,2013-05-17,https://www.ioc-sealevelmonitoring.org/station.php?code=poro
porp,Portpatrick,54.84,-5.12,UK,IOC Sea Level Station Monitoring Facility,GRB,,SF,1,bub,bub,bub:M,2012-09-04,https://www.ioc-sealevelmonitoring.org/station.php?code=porp
pors,Port_Stanavac_AU,-35.1086,138.467,Australia,IOC Sea Level Station Monitoring Facility,AUS,,SL,5,prs,prs,prs:M,2007-12-05,https://www.ioc-sealevelmonitoring.org/station.php?code=pors
port,Port-Bloc,45.5685,-1.06157,France,IOC Sea Level Station Monitoring Facility,FRA,,SF,1,rad,rad,rad:M,2010-10-06,https://www.ioc-sealevelmonitoring.org/station.php?code=port
port2,Port-Bloc2,45.5685,-1.06157,France,IOC Sea Level Station Monitoring Facility,FRA,,SL,1,rad,rad,rad:M,2015-10-20,https://www.ioc-sealevelmonitoring.org/station.php?code=port2
posa,Porto Santo,33.059681,-16.31491,Portugal,IOC Sea Level Station Monitoring Facility,POR,,SB,5,rad,rad,rad:M,2018-05-11,https://www.ioc-sealevelmonitoring.org/station.php?code=posa
posi,Pos'et,42.65,130.8,Russia,IOC Sea Level Station Monitoring Facility,RUS,,SW,1,rad,rad,rad:M,2013-05-17,https://www.ioc-sealevelmonitoring.org/station.php?code=posi
pots,Puerto Potosi,13.0104,-87.504,Nicaragua,IOC Sea Level Station Monitoring Facility,NIC,,SB,1,prs,prs,prs:M,2019-09-24,https://www.ioc-sealevelmonitoring.org/station.php?code=pots
ppcp,Portopalo di Capo Passero,36.6691,15.1228,Italy,IOC Sea Level Station Monitoring Facility,ITA,,SB,5,rad,rad,rad:M,2016-03-21,https://www.ioc-sealevelmonitoring.org/station.php?code=ppcp
prai,Praia,14.9122778,-23.5021389,"Cabo Verde, islas del",IOC Sea Level Station Monitoring Facility,CBV,,SF,5,rad,rad,rad:M,2015-09-04,https://www.ioc-sealevelmonitoring.org/station.php?code=prai
prat,Base Naval Capitan Arturo Prat CL,-62.479267,-59.662899,Chile,IOC Sea Level Station Monitoring Facility,CHL,189,SL,1,pr2,pr2,pr2:M,2012-02-28,https://www.ioc-sealevelmonitoring.org/station.php?code=prat
prat3,Base Naval Capitan Arturo Prat CL,-62.479267,-59.662899,Chile,IOC Sea Level Station Monitoring Facility,CHL,189,SW,1,rad,rad,rad:M,2013-06-12,https://www.ioc-sealevelmonitoring.org/station.php?code=prat3
prba,Puerto Barrios,15.694618,-88.622018,Guatemala,IOC Sea Level Station Monitoring Facility,GUA,,SL,1,prs,prs,prs:M,2013-12-05,https://www.ioc-sealevelmonitoring.org/station.php?code=prba
preo,Preobrazheniye,42.909229,133.922482,Russia,IOC Sea Level Station Monitoring Facility,RUS,,SW,1,rad,rad,rad:M,2010-02-28,https://www.ioc-sealevelmonitoring.org/station.php?code=preo
pric,"Prickly Bay, Grenada",12.005392,-61.764828,Grenada,IOC Sea Level Station Monitoring Facility,GRD,,SL,1,rad,rad,rad:M,2011-05-13,https://www.ioc-sealevelmonitoring.org/station.php?code=pric
prig,Prigi,-8.2833,111.7333,Indonesia,IOC Sea Level Station Monitoring Facility,IDN,,SL,1,prs,prs,prs:M,2007-12-04,https://www.ioc-sealevelmonitoring.org/station.php?code=prig
prin,Prince Rupert,54.32,-130.32,Canada,IOC Sea Level Station Monitoring Facility,CAN,155,SF,5,enc,enc,enc:M,2008-10-23,https://www.ioc-sealevelmonitoring.org/station.php?code=prin
prin2,Prince Rupert,54.3167,-130.3167,Canada,IOC Sea Level Station Monitoring Facility,CAN,155,SW,1,enc,enc,enc:M,2018-10-29,https://www.ioc-sealevelmonitoring.org/station.php?code=prin2
prog,"Progreso, Yuc",21.303333,-89.666667,Mexico,IOC Sea Level Station Monitoring Facility,MEX,213,SF,1,rad,rad,rad:M,2016-10-17,https://www.ioc-sealevelmonitoring.org/station.php?code=prog
prog2,"Progreso, Yuc",21.303333,-89.666667,Mexico,IOC Sea Level Station Monitoring Facility,MEX,213,SL,1,rad,rad,rad:M,2012-12-17,https://www.ioc-sealevelmonitoring.org/station.php?code=prog2
prte,Port Elizabeth,-33.96666,25.63333,South-Africa,IOC Sea Level Station Monitoring Facility,SAF,76,SL,5,rad,rad,rad:M,2007-05-20,https://www.ioc-sealevelmonitoring.org/station.php?code=prte
prud,Prudhoe_Bay_AK,70.388,-148.51,USA,IOC Sea Level Station Monitoring Facility,USA,151,SW,1,wls,wls,wls:M,2008-06-06,https://www.ioc-sealevelmonitoring.org/station.php?code=prud
prud2,Prudhoe_Bay_AK,70.388,-148.51,USA,IOC Sea Level Station Monitoring Facility,USA,151,SL,1,pwl,pwl,pwl:M,2012-12-05,https://www.ioc-sealevelmonitoring.org/station.php?code=prud2
prus,Portrush,55.21,-6.66,UK,IOC Sea Level Station Monitoring Facility,GRB,,SF,1,bub,bub,bub:M,2012-09-04,https://www.ioc-sealevelmonitoring.org/station.php?code=prus
psan,Puerto Sandino,12.201,-86.765,Nicaragua,IOC Sea Level Station Monitoring Facility,NIC,,SB,1,prs,prs,prs:M,2019-09-24,https://www.ioc-sealevelmonitoring.org/station.php?code=psan
psdn,Puerto Sandino,12.2011111,-86.7644444,Nicaragua,IOC Sea Level Station Monitoring Facility,NIC,,SL,5,prs,prs,prs:M,2014-10-06,https://www.ioc-sealevelmonitoring.org/station.php?code=psdn
psjs,Puerto San Juan del Sur,11.251,-85.875,Nicaragua,IOC Sea Level Station Monitoring Facility,NIC,,SB,1,prs,prs,prs:M,2019-09-24,https://www.ioc-sealevelmonitoring.org/station.php?code=psjs
psla,"Pilots Station East, SW Pass, LA",28.9317,-89.4067,USA,IOC Sea Level Station Monitoring Facility,USA,,SW,1,wls,wls,wls:M,2009-02-06,https://www.ioc-sealevelmonitoring.org/station.php?code=psla
psla2,"Pilots Station East, SW Pass, LA",28.9317,-89.4067,USA,IOC Sea Level Station Monitoring Facility,USA,,SL,1,pwl,pwl,pwl:M,2012-12-05,https://www.ioc-sealevelmonitoring.org/station.php?code=psla2
pslu,Port_San_Luis_CA,35.168,-120.753,USA,IOC Sea Level Station Monitoring Facility,USA,,SW,1,pwl,pwl,pwl:M,2006-06-07,https://www.ioc-sealevelmonitoring.org/station.php?code=pslu
pslu2,Port_San_Luis_CA,35.168,-120.753,USA,IOC Sea Level Station Monitoring Facility,USA,,SL,1,pwl,pwl,pwl:M,2012-12-05,https://www.ioc-sealevelmonitoring.org/station.php?code=pslu2
ptal,Puerto Aldea_CL,-30.2923,-71.607564,Chile,IOC Sea Level Station Monitoring Facility,CHL,,SL,1,rad,rad,rad:M,2018-07-18,https://www.ioc-sealevelmonitoring.org/station.php?code=ptal
ptal2,Puerto Aldea_CL,-30.2923,-71.607564,Chile,IOC Sea Level Station Monitoring Facility,CHL,,SW,1,rad,rad,rad:M,2018-07-18,https://www.ioc-sealevelmonitoring.org/station.php?code=ptal2
ptan,Puerto Angel,15.6653667,-96.4916667,Mexico,IOC Sea Level Station Monitoring Facility,MEX,,SL,1,rad,rad,rad:M,2014-05-19,https://www.ioc-sealevelmonitoring.org/station.php?code=ptan
ptan2,Puerto Angel,15.6666667,-96.4916667,Mexico,IOC Sea Level Station Monitoring Facility,MEX,,SF,1,rad,rad,rad:M,2016-10-17,https://www.ioc-sealevelmonitoring.org/station.php?code=ptan2
ptar,Punta Arenas_CL,-53.123727,-70.861985,Chile,IOC Sea Level Station Monitoring Facility,CHL,,SL,1,rad,rad,rad:M,2011-07-27,https://www.ioc-sealevelmonitoring.org/station.php?code=ptar
ptar2,Punta Arenas_CL,-53.123727,-70.861985,Chile,IOC Sea Level Station Monitoring Facility,CHL,,SW,1,rad,rad,rad:M,2013-03-18,https://www.ioc-sealevelmonitoring.org/station.php?code=ptar2
ptbc,Port-de-Bouc,43.398056,4.982778,France,IOC Sea Level Station Monitoring Facility,FRA,,SF,1,rad,rad,rad:M,2023-05-03,https://www.ioc-sealevelmonitoring.org/station.php?code=ptbc
ptbc2,Port-de-Bouc2,43.398056,4.982778,France,IOC Sea Level Station Monitoring Facility,FRA,,SL,1,rad,rad,rad:M,2023-10-03,https://www.ioc-sealevelmonitoring.org/station.php?code=ptbc2
ptbl,Port Blair,11.68,92.76,India,IOC Sea Level Station Monitoring Facility,IND,38,SF,1,prs,prs,prs:M,2011-08-02,https://www.ioc-sealevelmonitoring.org/station.php?code=ptbl
ptca,Punta Cana,18.504603,-68.375519,Dominican Republic,IOC Sea Level Station Monitoring Facility,RDO,,SL,1,rad,rad,rad:M,2010-06-24,https://www.ioc-sealevelmonitoring.org/station.php?code=ptca
ptch,Punta de Choros_CL,-29.245858,-71.46865,Chile,IOC Sea Level Station Monitoring Facility,CHL,,SL,1,rad,rad,rad:M,2019-12-13,https://www.ioc-sealevelmonitoring.org/station.php?code=ptch
ptfe,Port Ferréol,43.35917,6.7175,France,IOC Sea Level Station Monitoring Facility,FRA,,SF,1,rad,rad,rad:M,2012-04-05,https://www.ioc-sealevelmonitoring.org/station.php?code=ptfe
ptfe2,Port Ferréol 2,43.35917,6.7175,France,IOC Sea Level Station Monitoring Facility,FRA,,SL,1,rad,rad,rad:M,2012-04-05,https://www.ioc-sealevelmonitoring.org/station.php?code=ptfe2
ptga,Point Galeota,10.1380556,-60.9919444,Trinidad & Tobago,IOC Sea Level Station Monitoring Facility,TRT,,SL,5,rad,rad,rad:M,2013-06-11,https://www.ioc-sealevelmonitoring.org/station.php?code=ptga
ptis,Port Isaac,50.59417,-4.83441,UK,IOC Sea Level Station Monitoring Facility,GRB,,SW,1,stp,stp,stp:M,2012-09-20,https://www.ioc-sealevelmonitoring.org/station.php?code=ptis
ptln,Port-La-Nouvelle,43.0092,3.0372,France,IOC Sea Level Station Monitoring Facility,FRA,,SF,1,rad,rad,rad:M,2013-05-29,https://www.ioc-sealevelmonitoring.org/station.php?code=ptln
ptln2,Port-la-Nouvelle 2,43.0092,3.0372,France,IOC Sea Level Station Monitoring Facility,FRA,,SL,1,rad,rad,rad:M,2016-05-20,https://www.ioc-sealevelmonitoring.org/station.php?code=ptln2
ptlu,Pt.Louis,-20.15716,57.5043,Mauritius,IOC Sea Level Station Monitoring Facility,MTS,18,SL,1,prs,prs,prs:M,2006-06-07,https://www.ioc-sealevelmonitoring.org/station.php?code=ptlu
ptma,Portomaso,35.921111,14.494167,Malta,IOC Sea Level Station Monitoring Facility,MLT,,SF,5,rad,rad,rad:M,2011-02-18,https://www.ioc-sealevelmonitoring.org/station.php?code=ptma
ptmd,"Portsmouth, Dominica",15.558969,-61.468456,Dominica island,IOC Sea Level Station Monitoring Facility,DOM,,SL,5,rad,rad,rad:M,2017-07-18,https://www.ioc-sealevelmonitoring.org/station.php?code=ptmd
ptmd2,"Portsmouth, Dominica",15.5768,-61.4582,Dominica island,IOC Sea Level Station Monitoring Facility,DOM,,SL,1,ra2,ra2,ra2:M,2018-02-19,https://www.ioc-sealevelmonitoring.org/station.php?code=ptmd2
ptme,Portland_ME,43.6566,-70.2466,USA,IOC Sea Level Station Monitoring Facility,USA,,SL,1,pwl,pwl,pwl:M,2006-06-07,https://www.ioc-sealevelmonitoring.org/station.php?code=ptme
ptmt,Portsmouth,50.8,-1.11,UK,IOC Sea Level Station Monitoring Facility,GRB,,SF,1,bub,bub,bub:M,2012-09-04,https://www.ioc-sealevelmonitoring.org/station.php?code=ptmt
ptob,Puerto Bolivar,12.255833,-71.971944,Colombia,IOC Sea Level Station Monitoring Facility,COL,,SL,1,bub,bub,bub:M,2025-11-25,https://www.ioc-sealevelmonitoring.org/station.php?code=ptob
ptos,Porto de Santana,-0.061385,-51.167938,Brasil,IOC Sea Level Station Monitoring Facility,BRA,,SL,2,enc,enc,enc:M,2017-08-24,https://www.ioc-sealevelmonitoring.org/station.php?code=ptos
ptos2,Porto de Santana,-0.061389,-51.167778,Brasil,IOC Sea Level Station Monitoring Facility,BRA,201,SW,1,enc,enc,enc:M,2024-01-17,https://www.ioc-sealevelmonitoring.org/station.php?code=ptos2
ptpl,Puerto Plata,19.798794,-70.702011,Dominican Republic,IOC Sea Level Station Monitoring Facility,RDO,,SL,1,rad,rad,rad:M,2010-06-24,https://www.ioc-sealevelmonitoring.org/station.php?code=ptpl
ptpr,Port au Prince,18.534471,-72.380044,Haïti,IOC Sea Level Station Monitoring Facility,HAI,209,SL,5,prs,prs,prs:M,2013-12-07,https://www.ioc-sealevelmonitoring.org/station.php?code=ptpr
ptpt,"Pointe à Pitre, Guadeloupe",16.224398,-61.531452,France,IOC Sea Level Station Monitoring Facility,FRA,,SF,1,rad,rad,rad:M,2012-06-01,https://www.ioc-sealevelmonitoring.org/station.php?code=ptpt
ptpt2,"Pointe à Pitre, Guadeloupe 2",16.224398,-61.531452,France,IOC Sea Level Station Monitoring Facility,FRA,,SL,1,rad,rad,rad:M,2012-06-01,https://www.ioc-sealevelmonitoring.org/station.php?code=ptpt2
ptro,Port Royal,17.934614,-76.845598,Jamaica,IOC Sea Level Station Monitoring Facility,JAM,210,SL,5,rad,rad,rad:M,2014-11-20,https://www.ioc-sealevelmonitoring.org/station.php?code=ptro
ptsp,Port of Spain,10.65,-61.51666,Trinidad & Tobago,IOC Sea Level Station Monitoring Facility,TRT,203,SL,1,rad,rad,rad:M,2013-06-11,https://www.ioc-sealevelmonitoring.org/station.php?code=ptsp
ptve,Port-Vendres,42.5201,3.10733,France,IOC Sea Level Station Monitoring Facility,FRA,,SF,1,rad,rad,rad:M,2011-03-07,https://www.ioc-sealevelmonitoring.org/station.php?code=ptve
ptve2,Port-Vendres2,42.5201,3.10733,France,IOC Sea Level Station Monitoring Facility,FRA,,SL,1,rad,rad,rad:M,2011-03-07,https://www.ioc-sealevelmonitoring.org/station.php?code=ptve2
puer2,Puerto Vallarta2,20.6579333,-105.2428667,Mexico,IOC Sea Level Station Monitoring Facility,MEX,,SL,1,flt,flt,flt:M,2020-06-30,https://www.ioc-sealevelmonitoring.org/station.php?code=puer2
puert,Puerto Vallarta,20.6579333,-105.2428667,Mexico,IOC Sea Level Station Monitoring Facility,MEX,,SF,1,rad,rad,rad:M,2016-10-17,https://www.ioc-sealevelmonitoring.org/station.php?code=puert
pumo,"Puerto Morelos, Q. R.",20.86813,-86.86684,Mexico,IOC Sea Level Station Monitoring Facility,MEX,,SF,1,flt,flt,flt:M,2010-08-26,https://www.ioc-sealevelmonitoring.org/station.php?code=pumo
pumo2,Puerto Morelos,20.86813,-86.86684,Mexico,IOC Sea Level Station Monitoring Facility,MEX,,SL,1,rad,rad,rad:M,2015-02-26,https://www.ioc-sealevelmonitoring.org/station.php?code=pumo2
puna,Puná,-2.735,-79.912,Ecuador,IOC Sea Level Station Monitoring Facility,ECU,,SW,2,rad,rad,rad:M,2022-09-29,https://www.ioc-sealevelmonitoring.org/station.php?code=puna
punt,Puntarenas,9.972435,-84.830981,Costa Rica,IOC Sea Level Station Monitoring Facility,CRC,,SL,1,prs,prs,prs:M,2025-03-04,https://www.ioc-sealevelmonitoring.org/station.php?code=punt
puyt,Puysegur Welcome Bay,-46.0847836,166.5894083,New Zealand,IOC Sea Level Station Monitoring Facility,NWZ,,SL,1,prs,prs,prs:M,2010-01-15,https://www.ioc-sealevelmonitoring.org/station.php?code=puyt
pwil,Puerto_Williams_CL,-54.932875,-67.608217,Chile,IOC Sea Level Station Monitoring Facility,CHL,,SL,1,rad,rad,rad:M,2008-06-16,https://www.ioc-sealevelmonitoring.org/station.php?code=pwil
pwil2,Puerto_Williams_CL,-54.932875,-67.608217,Chile,IOC Sea Level Station Monitoring Facility,CHL,,SW,1,rad,rad,rad:M,2013-03-18,https://www.ioc-sealevelmonitoring.org/station.php?code=pwil2
qaqo,"Qaqortoq, Julianehab",60.7176,-46.035,Greenland,IOC Sea Level Station Monitoring Facility,GRL,344,SF,1,prs,prs,prs:M,2008-12-03,https://www.ioc-sealevelmonitoring.org/station.php?code=qaqo
qcbc,Queen Charlotte,53.25,-132.066667,Canada,IOC Sea Level Station Monitoring Facility,CAN,,SL,1,pwl,pwl,pwl:M,2016-03-01,https://www.ioc-sealevelmonitoring.org/station.php?code=qcbc
qing,Qinglan,19.57,110.82,China,IOC Sea Level Station Monitoring Facility,CHN,,SL,1,rad,rad,rad:M,2014-10-02,https://www.ioc-sealevelmonitoring.org/station.php?code=qing
qtro,Quintero_CL,-32.775493,-71.525427,Chile,IOC Sea Level Station Monitoring Facility,CHL,,SL,1,rad,rad,rad:M,2015-07-06,https://www.ioc-sealevelmonitoring.org/station.php?code=qtro
qtro2,Quintero_CL,-32.775493,-71.525427,Chile,IOC Sea Level Station Monitoring Facility,CHL,,SW,1,rad,rad,rad:M,2013-03-28,https://www.ioc-sealevelmonitoring.org/station.php?code=qtro2
qtro3,Quintero_CL,-32.775493,-71.525427,Chile,IOC Sea Level Station Monitoring Facility,CHL,,SW,5,rad,rad,rad:M,2013-06-12,https://www.ioc-sealevelmonitoring.org/station.php?code=qtro3
quar,Quarry Bay,22.2911111,114.2133333,Hong Kong - China,IOC Sea Level Station Monitoring Facility,HKG,77,SL,1,flt,flt,flt:M,2014-01-23,https://www.ioc-sealevelmonitoring.org/station.php?code=quar
quel,Queule_CL,-39.39762,-73.215057,Chile,IOC Sea Level Station Monitoring Facility,CHL,,SL,1,rad,rad,rad:M,2013-04-30,https://www.ioc-sealevelmonitoring.org/station.php?code=quel
quel2,Queule_CL,-39.39762,-73.215057,Chile,IOC Sea Level Station Monitoring Facility,CHL,,SW,1,rad,rad,rad:M,2013-11-25,https://www.ioc-sealevelmonitoring.org/station.php?code=quel2
quepo,Quepos,9.4255,-84.1702,Costa Rica,IOC Sea Level Station Monitoring Facility,CRC,167,SL,1,rad,rad,rad:M,2009-10-21,https://www.ioc-sealevelmonitoring.org/station.php?code=quepo
quin,Qui_Nhon,13.7751,109.2543,Viet Nam,IOC Sea Level Station Monitoring Facility,VNM,75,SL,1,rad,rad,rad:M,2007-11-24,https://www.ioc-sealevelmonitoring.org/station.php?code=quin
quir,Quiriquina_CL,-36.636139,-73.057257,Chile,IOC Sea Level Station Monitoring Facility,CHL,,SL,1,rad,rad,rad:M,2013-04-19,https://www.ioc-sealevelmonitoring.org/station.php?code=quir
quir2,Quiriquina_CL,-36.636139,-73.057257,Chile,IOC Sea Level Station Monitoring Facility,CHL,,SW,1,rad,rad,rad:M,2013-11-25,https://www.ioc-sealevelmonitoring.org/station.php?code=quir2
qura,Qurayat,23.26,58.925,Oman,IOC Sea Level Station Monitoring Facility,OMA,,SL,1,rad,rad,rad:M,2013-03-28,https://www.ioc-sealevelmonitoring.org/station.php?code=qura
rangi,"Rangiroa Atoll (Tuamotu, French Polynesia)",-14.945834667,-147.706037917,France,IOC Sea Level Station Monitoring Facility,FRA,355,SL,1,rad,rad,rad:M,2010-02-22,https://www.ioc-sealevelmonitoring.org/station.php?code=rangi
raro,Rarotonga_CK,-21.2,-159.783,Cook Islands,IOC Sea Level Station Monitoring Facility,CKI,139,SL,1,aqu,aqu,aqu:M,2008-07-01,https://www.ioc-sealevelmonitoring.org/station.php?code=raro
raro2,Avatiu Rarotonga harbour wharf,-21.2049,-159.7852,Cook Islands,IOC Sea Level Station Monitoring Facility,CKI,139,SL,5,rad,rad,rad:M,2011-02-16,https://www.ioc-sealevelmonitoring.org/station.php?code=raro2
rata,Ratan,63.986111,20.895,Sweden,IOC Sea Level Station Monitoring Facility,SVE,,SW,1,rad,rad,rad:M,2021-10-18,https://www.ioc-sealevelmonitoring.org/station.php?code=rata
rbct,Raoul Island Boat Cove,-29.280016,-177.8944,New Zealand,IOC Sea Level Station Monitoring Facility,NWZ,,SL,1,prs,prs,prs:M,2010-01-15,https://www.ioc-sealevelmonitoring.org/station.php?code=rbct
reun,Pointe des Galets (Reunion Island),-20.92,55.28,France,IOC Sea Level Station Monitoring Facility,FRA,17,SF,1,rad,rad,rad:M,2008-12-12,https://www.ioc-sealevelmonitoring.org/station.php?code=reun
reun2,Pointe des Galets (Reunion Island) 2,-20.92,55.28,France,IOC Sea Level Station Monitoring Facility,FRA,17,SL,1,rad,rad,rad:M,2010-04-20,https://www.ioc-sealevelmonitoring.org/station.php?code=reun2
reyk,Reykjavik,64.15,-21.93333,Iceland,IOC Sea Level Station Monitoring Facility,ISL,229,SF,1,prs,prs,prs:M,2008-09-01,https://www.ioc-sealevelmonitoring.org/station.php?code=reyk
rfrt,Raoul Island Fishing Rock,-29.251144,-177.903842,New Zealand,IOC Sea Level Station Monitoring Facility,NWZ,,SL,1,prs,prs,prs:M,2010-01-15,https://www.ioc-sealevelmonitoring.org/station.php?code=rfrt
riba,"São José do Ribamar, MA",-2.56333,-44.05167,Brasil,IOC Sea Level Station Monitoring Facility,BRA,,SW,1,rad,rad,rad:M,2025-09-11,https://www.ioc-sealevelmonitoring.org/station.php?code=riba
rig2,"Rio Grande, RS",-32.16667,-52.09389,Brasil,IOC Sea Level Station Monitoring Facility,BRA,,SW,1,rad,rad,rad:M,2025-09-11,https://www.ioc-sealevelmonitoring.org/station.php?code=rig2
riki,"Rikitea (Gambier, French Polynesia)",-23.122189,-134.966628,France,IOC Sea Level Station Monitoring Facility,FRA,138,SL,5,prs,prs,prs:M,2008-06-27,https://www.ioc-sealevelmonitoring.org/station.php?code=riki
ring,Ringhals,57.249722,12.1125,Sweden,IOC Sea Level Station Monitoring Facility,SVE,,SW,1,rad,rad,rad:M,2021-10-18,https://www.ioc-sealevelmonitoring.org/station.php?code=ring
rodb,Rodby,54.66,11.35,Denmark,IOC Sea Level Station Monitoring Facility,DMK,,SF,1,rad,rad,rad:M,2025-07-15,https://www.ioc-sealevelmonitoring.org/station.php?code=rodb
rodr,Rodrigues,-19.68024,63.42119,Mauritius,IOC Sea Level Station Monitoring Facility,MTS,19,SL,1,prs,prs,prs:M,2006-06-07,https://www.ioc-sealevelmonitoring.org/station.php?code=rodr
rorv,Rørvik,64.859456,11.230107,Norway,IOC Sea Level Station Monitoring Facility,NOR,234,SW,1,flt,flt,flt:M,2008-12-16,https://www.ioc-sealevelmonitoring.org/station.php?code=rorv
rosc,Roscoff,48.718611111111,-3.9655555555556,France,IOC Sea Level Station Monitoring Facility,FRA,,SF,1,rad,rad,rad:M,2009-09-17,https://www.ioc-sealevelmonitoring.org/station.php?code=rosc
rosc2,Roscoff 2,48.716,-3.966,France,IOC Sea Level Station Monitoring Facility,FRA,,SL,1,rad,rad,rad:M,2013-04-26,https://www.ioc-sealevelmonitoring.org/station.php?code=rosc2
rose,Roseau,15.31385,-61.3891833,Dominica island,IOC Sea Level Station Monitoring Facility,DOM,,SL,1,ra2,ra2,ra2:M,2011-05-13,https://www.ioc-sealevelmonitoring.org/station.php?code=rose
ross,Rosslyn_Bay_AU,-23.161,150.7902,Australia,IOC Sea Level Station Monitoring Facility,AUS,,SL,1,aqu,aqu,aqu:M,2007-12-05,https://www.ioc-sealevelmonitoring.org/station.php?code=ross
rote,Rote,-10.708,123.0597,Indonesia,IOC Sea Level Station Monitoring Facility,IDN,,SL,5,prs,prs,prs:M,2011-02-16,https://www.ioc-sealevelmonitoring.org/station.php?code=rote
rothe,Rothera,-67.5667,-68.1333,Antarctica,IOC Sea Level Station Monitoring Facility,ANT,342,SL,1,pr1,pr1,pr1:M,2015-11-25,https://www.ioc-sealevelmonitoring.org/station.php?code=rothe
rous,Ile Rousse,42.635556,8.938056,France,IOC Sea Level Station Monitoring Facility,FRA,,SF,1,rad,rad,rad:M,2011-06-01,https://www.ioc-sealevelmonitoring.org/station.php?code=rous
rous2,Ile Rousse2,42.635556,8.938056,France,IOC Sea Level Station Monitoring Facility,FRA,,SL,1,rad,rad,rad:M,2011-06-08,https://www.ioc-sealevelmonitoring.org/station.php?code=rous2
rtas,Roatan Island Punta Gorda Harbor,16.34552,-86.54037,Honduras,IOC Sea Level Station Monitoring Facility,HND,,SL,5,prs,prs,prs:M,2015-05-04,https://www.ioc-sealevelmonitoring.org/station.php?code=rtas
rudn,Rudnaya Pristan,44.35,135.8,Russia,IOC Sea Level Station Monitoring Facility,RUS,,SW,1,rad,rad,rad:M,2010-02-28,https://www.ioc-sealevelmonitoring.org/station.php?code=rudn
saba,Sabang,5.8333,95.3333,Indonesia,IOC Sea Level Station Monitoring Facility,IDN,347,SL,1,prs,prs,prs:M,2006-06-07,https://www.ioc-sealevelmonitoring.org/station.php?code=saba
sade,Sadeng,-8.190194444,110.7979833,Indonesia,IOC Sea Level Station Monitoring Facility,IDN,,SL,5,enc,enc,enc:M,2008-03-19,https://www.ioc-sealevelmonitoring.org/station.php?code=sade
sado,Sado,38.32,138.52,Japan,IOC Sea Level Station Monitoring Facility,JAP,,SL,1,rad,rad,rad:F,2012-03-21,https://www.ioc-sealevelmonitoring.org/station.php?code=sado
sadp,Sadeng Port (IDSL),-8.190314,110.799053,Indonesia,IOC Sea Level Station Monitoring Facility,IDN,,SB,5,rad,rad,rad:M,2019-10-26,https://www.ioc-sealevelmonitoring.org/station.php?code=sadp
sagr,Sagres,37.01036,-8.928234,Portugal,IOC Sea Level Station Monitoring Facility,POR,,SB,5,rad,rad,rad:M,2015-10-11,https://www.ioc-sealevelmonitoring.org/station.php?code=sagr
sagu,Sagunto,39.63392,-0.20624,Spain,IOC Sea Level Station Monitoring Facility,ESP,,SF,1,rad,rad,rad:M,2008-03-25,https://www.ioc-sealevelmonitoring.org/station.php?code=sagu
said,Saidia Marina,35.1119,-2.2929,Morocco,IOC Sea Level Station Monitoring Facility,MAR,,SB,5,rad,rad,rad:M,2016-04-23,https://www.ioc-sealevelmonitoring.org/station.php?code=said
saig,Saigo,36.2,133.33,Japan,IOC Sea Level Station Monitoring Facility,JAP,,SL,1,rad,rad,rad:F,2012-03-21,https://www.ioc-sealevelmonitoring.org/station.php?code=saig
sain,Saint-Nazaire,47.26,-2.2,France,IOC Sea Level Station Monitoring Facility,FRA,,SF,1,rad,rad,rad:M,2010-03-31,https://www.ioc-sealevelmonitoring.org/station.php?code=sain
sain2,Saint-Nazaire 2,47.26,-2.2,France,IOC Sea Level Station Monitoring Facility,FRA,,SL,1,rad,rad,rad:M,2017-03-02,https://www.ioc-sealevelmonitoring.org/station.php?code=sain2
saip,Saipan_US,15.2266,145.7416,USA,IOC Sea Level Station Monitoring Facility,USA,118,SL,1,rad,rad,rad:M,2008-05-14,https://www.ioc-sealevelmonitoring.org/station.php?code=saip
sala,Salalah,16.935,54.0067,Oman,IOC Sea Level Station Monitoring Facility,OMA,4,SL,1,prs,prs,prs:M,2006-06-07,https://www.ioc-sealevelmonitoring.org/station.php?code=sala
sala2,"Salaverry,Trujillo_PE",-8.2279,-78.9818,Perú,IOC Sea Level Station Monitoring Facility,PER,,SL,1,prs,prs,prs:M,2025-05-14,https://www.ioc-sealevelmonitoring.org/station.php?code=sala2
salav,"Salaverry,Trujillo_PE",-8.2279,-78.9818,Perú,IOC Sea Level Station Monitoring Facility,PER,,SW,1,rad,rad,rad:M,2022-09-29,https://www.ioc-sealevelmonitoring.org/station.php?code=salav
sali,"Salina Cruz, Oax.",16.168436,-95.196842,Mexico,IOC Sea Level Station Monitoring Facility,MEX,,SF,1,flt,flt,flt:M,2010-08-09,https://www.ioc-sealevelmonitoring.org/station.php?code=sali
sali2,"Salina Cruz, Oax.",16.168436,-95.196842,Mexico,IOC Sea Level Station Monitoring Facility,MEX,,SL,1,rad,rad,rad:M,2012-12-17,https://www.ioc-sealevelmonitoring.org/station.php?code=sali2
salv,Salvador (Capitania dos Portos da Bahia),-12.967333,-38.516667,Brasil,IOC Sea Level Station Monitoring Facility,BRA,334,SL,1,rad,rad,rad:M,2008-04-25,https://www.ioc-sealevelmonitoring.org/station.php?code=salv
salv3,Capitania dos Portos,-12.973889,-38.517222,Brasil,IOC Sea Level Station Monitoring Facility,BRA,334,SW,1,enc,enc,enc:M,2024-01-17,https://www.ioc-sealevelmonitoring.org/station.php?code=salv3
sama,Santa Marta,11.235156,-74.221572,Colombia,IOC Sea Level Station Monitoring Facility,COL,,SL,5,rad,rad,rad:M,2012-09-12,https://www.ioc-sealevelmonitoring.org/station.php?code=sama
sams,Samsun,41.294898986816,36.337459564209,Turkey,IOC Sea Level Station Monitoring Facility,TUR,,SW,5,rad,rad,rad:M,2019-11-27,https://www.ioc-sealevelmonitoring.org/station.php?code=sams
san2,Santander,43.4613,-3.79076,Spain,IOC Sea Level Station Monitoring Facility,ESP,,SF,1,rad,rad,rad:M,2014-01-16,https://www.ioc-sealevelmonitoring.org/station.php?code=san2
sana,San Andres,12.569489,-81.701492,Colombia,IOC Sea Level Station Monitoring Facility,COL,,SL,1,rad,rad,rad:M,2012-09-12,https://www.ioc-sealevelmonitoring.org/station.php?code=sana
sand,San_Diego_CA,32.713,-117.173,USA,IOC Sea Level Station Monitoring Facility,USA,,SL,1,pwl,pwl,pwl:M,2006-06-07,https://www.ioc-sealevelmonitoring.org/station.php?code=sand
sanf,San_Felix_CL,-26.292215,-80.108548,Chile,IOC Sea Level Station Monitoring Facility,CHL,177,SL,1,rad,rad,rad:M,2008-06-27,https://www.ioc-sealevelmonitoring.org/station.php?code=sanf
sanf3,San_Felix_CL,-26.292215,-80.108548,Chile,IOC Sea Level Station Monitoring Facility,CHL,,SW,1,rad,rad,rad:M,2015-07-08,https://www.ioc-sealevelmonitoring.org/station.php?code=sanf3
sanj,San_Juan_PR,18.4617,-66.1167,USA,IOC Sea Level Station Monitoring Facility,USA,206,SW,1,wls,wls,wls:M,2010-03-08,https://www.ioc-sealevelmonitoring.org/station.php?code=sanj
sanj2,San_Juan_PR,18.4617,-66.1167,USA,IOC Sea Level Station Monitoring Facility,USA,206,SL,1,pwl,pwl,pwl:M,2012-12-05,https://www.ioc-sealevelmonitoring.org/station.php?code=sanj2
sano,San_Antonio_CL,-33.581625,-71.618188,Chile,IOC Sea Level Station Monitoring Facility,CHL,,SL,1,rad,rad,rad:M,2008-04-25,https://www.ioc-sealevelmonitoring.org/station.php?code=sano
sano2,San_Antonio_CL,-33.581625,-71.618188,Chile,IOC Sea Level Station Monitoring Facility,CHL,,SW,1,rad,rad,rad:M,2013-03-18,https://www.ioc-sealevelmonitoring.org/station.php?code=sano2
sanp,San Pedro_CL,-47.7038,-74.8661,Chile,IOC Sea Level Station Monitoring Facility,CHL,,SL,5,rad,rad,rad:M,2017-06-23,https://www.ioc-sealevelmonitoring.org/station.php?code=sanp
sant,"SantaCruz,Galapagos",-0.752,-90.307,Ecuador,IOC Sea Level Station Monitoring Facility,ECU,,SL,1,rad,rad,rad:M,2008-06-09,https://www.ioc-sealevelmonitoring.org/station.php?code=sant
saot,Sao Tome,0.348333,6.736667,São Tomé & Príncipe,IOC Sea Level Station Monitoring Facility,STP,260,SF,5,rad,rad,rad:M,2008-03-29,https://www.ioc-sealevelmonitoring.org/station.php?code=saot
sapz,Sapzurro,8.66027777778,-77.3652777778,Colombia,IOC Sea Level Station Monitoring Facility,COL,,SF,1,rad,rad,rad:M,2015-08-19,https://www.ioc-sealevelmonitoring.org/station.php?code=sapz
sapz2,Sapzurro,8.66027777778,-77.3652777778,Colombia,IOC Sea Level Station Monitoring Facility,COL,,SL,1,bub,bub,bub:M,2015-08-19,https://www.ioc-sealevelmonitoring.org/station.php?code=sapz2
sass,Sassnitz,54.510833,13.643056,Germany,IOC Sea Level Station Monitoring Facility,DEU,,SW,1,flt,flt,flt:M,2010-05-04,https://www.ioc-sealevelmonitoring.org/station.php?code=sass
saum,Saumlaki,-7.982725,131.2905722,Indonesia,IOC Sea Level Station Monitoring Facility,IDN,,SL,1,rad,rad,rad:M,2008-11-24,https://www.ioc-sealevelmonitoring.org/station.php?code=saum
sbea,South_Beach_OR,44.625,-124.043,USA,IOC Sea Level Station Monitoring Facility,USA,157,SW,1,wls,wls,wls:M,2008-06-06,https://www.ioc-sealevelmonitoring.org/station.php?code=sbea
sbea2,South_Beach_OR,44.625,-124.043,USA,IOC Sea Level Station Monitoring Facility,USA,157,SL,1,pwl,pwl,pwl:M,2012-12-05,https://www.ioc-sealevelmonitoring.org/station.php?code=sbea2
scar,Scarborough,11.1667,-60.7333,Trinidad & Tobago,IOC Sea Level Station Monitoring Facility,TRT,,SL,5,rad,rad,rad:M,2013-06-11,https://www.ioc-sealevelmonitoring.org/station.php?code=scar
sche,Scheveningen,52.0989322615,4.2631733323,Netherlands,IOC Sea Level Station Monitoring Facility,NED,,SW,1,flt,flt,flt:M,2017-01-13,https://www.ioc-sealevelmonitoring.org/station.php?code=sche
scoa,Socoa,43.3952,-1.68162,France,IOC Sea Level Station Monitoring Facility,FRA,,SF,1,rad,rad,rad:M,2011-04-27,https://www.ioc-sealevelmonitoring.org/station.php?code=scoa
scoa2,Socoa2,43.3952,-1.68162,France,IOC Sea Level Station Monitoring Facility,FRA,,SL,1,rad,rad,rad:M,2011-06-08,https://www.ioc-sealevelmonitoring.org/station.php?code=scoa2
scor,"Ittoqqortoormiit, Scoresbysund",70.4838,-21.962,Greenland,IOC Sea Level Station Monitoring Facility,GRL,315,SF,1,prs,prs,prs:M,2008-12-03,https://www.ioc-sealevelmonitoring.org/station.php?code=scor
sdom,Santo Domingo/p.San Andres,18.4208,-69.6294,Dominican Republic,IOC Sea Level Station Monitoring Facility,RDO,,SL,4,pwl,pwl,pwl:M,2010-02-28,https://www.ioc-sealevelmonitoring.org/station.php?code=sdom
sdpr,Sandown Pier,50.65111,-1.15316,UK,IOC Sea Level Station Monitoring Facility,GRB,,SW,1,rad,rad,rad:M,2012-09-20,https://www.ioc-sealevelmonitoring.org/station.php?code=sdpr
sdpt,Sand_Point_AK,55.3367,-160.5017,USA,IOC Sea Level Station Monitoring Facility,USA,100,SW,1,wls,wls,wls:M,2008-06-06,https://www.ioc-sealevelmonitoring.org/station.php?code=sdpt
sdpt2,Sand_Point_AK,55.3367,-160.5017,USA,IOC Sea Level Station Monitoring Facility,USA,100,SL,1,pwl,pwl,pwl:M,2012-12-05,https://www.ioc-sealevelmonitoring.org/station.php?code=sdpt2
sebe,Sebesi Island,-5.936047,105.512106,Indonesia,IOC Sea Level Station Monitoring Facility,IDN,,SB,5,rad,rad,rad:M,2019-02-23,https://www.ioc-sealevelmonitoring.org/station.php?code=sebe
sema,Semarang,-6.9479,110.42012,Indonesia,IOC Sea Level Station Monitoring Facility,IDN,,SL,1,pr2,pr2,pr2:M,2012-05-09,https://www.ioc-sealevelmonitoring.org/station.php?code=sema
sete,Sète,43.3976,3.69911,France,IOC Sea Level Station Monitoring Facility,FRA,,SF,1,rad,rad,rad:M,2011-07-01,https://www.ioc-sealevelmonitoring.org/station.php?code=sete
sete2,Sete 2,43.3976,3.69911,France,IOC Sea Level Station Monitoring Facility,FRA,,SL,1,rad,rad,rad:M,2013-06-10,https://www.ioc-sealevelmonitoring.org/station.php?code=sete2
setp1,Settlement pt,26.6833324,-78.98333,Bahamas/Bahama Islands,IOC Sea Level Station Monitoring Facility,BAH,211,SL,1,rad,rad,rad:M,2009-03-23,https://www.ioc-sealevelmonitoring.org/station.php?code=setp1
setu,Setubal,38.49,-8.93,Portugal,IOC Sea Level Station Monitoring Facility,POR,,SB,5,rad,rad,rad:M,2015-02-19,https://www.ioc-sealevelmonitoring.org/station.php?code=setu
sev2,Sevilla,37.31849,-6.00772,Spain,IOC Sea Level Station Monitoring Facility,ESP,,SF,1,rad,rad,rad:M,2014-01-16,https://www.ioc-sealevelmonitoring.org/station.php?code=sev2
seve,Severo_Kurilsk_RU,50.678,156.1388,Russia,IOC Sea Level Station Monitoring Facility,RUS,,SL,5,prs,prs,prs:F,2008-06-18,https://www.ioc-sealevelmonitoring.org/station.php?code=seve
seve2,Severo Kurilsk (web),50.678,156.1388,Russia,IOC Sea Level Station Monitoring Facility,RUS,,SW,5,rad,rad,rad:M,2010-03-02,https://www.ioc-sealevelmonitoring.org/station.php?code=seve2
sewa,Seward_AK,60.119,-149.427,USA,IOC Sea Level Station Monitoring Facility,USA,150,SW,1,wls,wls,wls:M,2008-06-06,https://www.ioc-sealevelmonitoring.org/station.php?code=sewa
sewa2,Seward_AK,60.119,-149.427,USA,IOC Sea Level Station Monitoring Facility,USA,150,SL,1,pwl,pwl,pwl:M,2012-12-05,https://www.ioc-sealevelmonitoring.org/station.php?code=sewa2
shee,Sheerness,51.45,0.74,UK,IOC Sea Level Station Monitoring Facility,GRB,,SF,1,bub,bub,bub:M,2012-09-04,https://www.ioc-sealevelmonitoring.org/station.php?code=shee
shee2,Sheerness,51.45,0.74,UK,IOC Sea Level Station Monitoring Facility,GRB,,SF,1,ra2,ra2,ra2:M,2024-06-06,https://www.ioc-sealevelmonitoring.org/station.php?code=shee2
shek,Shek Pik,22.220278,113.894444,Hong Kong - China,IOC Sea Level Station Monitoring Facility,HKG,,SL,1,flt,flt,flt:M,2019-02-11,https://www.ioc-sealevelmonitoring.org/station.php?code=shek
shen,Shenzhen,22.47,113.88,China,IOC Sea Level Station Monitoring Facility,CHN,,SL,1,rad,rad,rad:M,2014-10-02,https://www.ioc-sealevelmonitoring.org/station.php?code=shen
sho2,Valparaiso Test,-33.02767128,-71.62787275,Chile,IOC Sea Level Station Monitoring Facility,CHL,,SL,5,rad,rad,rad:M,2014-04-14,https://www.ioc-sealevelmonitoring.org/station.php?code=sho2
sian,Sian Ka'an,19.3126667,-87.4463333,Mexico,IOC Sea Level Station Monitoring Facility,MEX,,SF,1,rad,rad,rad:M,2016-10-17,https://www.ioc-sealevelmonitoring.org/station.php?code=sian
sian2,Sian Ka'an2,19.3126333,-87.4460833,Mexico,IOC Sea Level Station Monitoring Facility,MEX,,SL,1,rad,rad,rad:M,2020-07-01,https://www.ioc-sealevelmonitoring.org/station.php?code=sian2
sibo,Sibolga,1.7333,98.8,Indonesia,IOC Sea Level Station Monitoring Facility,IDN,,SL,5,prs,prs,prs:M,2006-06-14,https://www.ioc-sealevelmonitoring.org/station.php?code=sibo
sile,Sile,41.179832458496,29.60394859314,Turkey,IOC Sea Level Station Monitoring Facility,TUR,,SW,1,rad,rad,rad:M,2020-11-05,https://www.ioc-sealevelmonitoring.org/station.php?code=sile
simp,Simpevarp,57.410278,16.675833,Sweden,IOC Sea Level Station Monitoring Facility,SVE,,SW,1,rad,rad,rad:M,2021-10-18,https://www.ioc-sealevelmonitoring.org/station.php?code=simp
simr,Simrishamn,55.5575,14.357778,Sweden,IOC Sea Level Station Monitoring Facility,SVE,,SW,1,rad,rad,rad:M,2021-10-18,https://www.ioc-sealevelmonitoring.org/station.php?code=simr
sino,Sinop,42.016667,35.15,Turkey,IOC Sea Level Station Monitoring Facility,TUR,,SW,1,rad,rad,rad:M,2010-11-30,https://www.ioc-sealevelmonitoring.org/station.php?code=sino
sipa,Sipacate,13.920126,-91.083132,Guatemala,IOC Sea Level Station Monitoring Facility,GUA,,SB,3,rad,rad,rad:M,2025-01-27,https://www.ioc-sealevelmonitoring.org/station.php?code=sipa
sire,Sirevåg,58.5052,5.791602,Norway,IOC Sea Level Station Monitoring Facility,NOR,,SW,1,rad,rad,rad:M,2023-06-29,https://www.ioc-sealevelmonitoring.org/station.php?code=sire
sisa,Sisal,21.1616667,-90.0483333,Mexico,IOC Sea Level Station Monitoring Facility,MEX,,SF,1,rad,rad,rad:M,2016-12-07,https://www.ioc-sealevelmonitoring.org/station.php?code=sisa
sitin,Simon's Town,-34.18333,18.43333,South-Africa,IOC Sea Level Station Monitoring Facility,SAF,268,SL,5,rad,rad,rad:M,2007-03-14,https://www.ioc-sealevelmonitoring.org/station.php?code=sitin
sitk,Sitka_AK,57.0517,-135.3417,USA,IOC Sea Level Station Monitoring Facility,USA,154,SW,1,wls,wls,wls:M,2008-06-06,https://www.ioc-sealevelmonitoring.org/station.php?code=sitk
sitk2,Sitka_AK,57.0517,-135.3417,USA,IOC Sea Level Station Monitoring Facility,USA,154,SL,1,pwl,pwl,pwl:M,2012-12-05,https://www.ioc-sealevelmonitoring.org/station.php?code=sitk2
sitt,Sittwe,20.15,92.9,Myanmar,IOC Sea Level Station Monitoring Facility,MYA,37,SL,5,rad,rad,rad:M,2007-12-04,https://www.ioc-sealevelmonitoring.org/station.php?code=sitt
sjds,Puerto San Juan del Sur,11.2511111,-85.875,Nicaragua,IOC Sea Level Station Monitoring Facility,NIC,,SL,5,prs,prs,prs:M,2014-10-06,https://www.ioc-sealevelmonitoring.org/station.php?code=sjds
sjua2,"San Juan de Marcona,Ica_PE",-15.3555,-75.1602,Perú,IOC Sea Level Station Monitoring Facility,PER,,SL,1,prs,prs,prs:M,2025-05-14,https://www.ioc-sealevelmonitoring.org/station.php?code=sjua2
sjuan,"San Juan de Marcona,Ica_PE",-15.35527,-75.16027,Perú,IOC Sea Level Station Monitoring Facility,PER,,SW,1,rad,rad,rad:M,2022-09-29,https://www.ioc-sealevelmonitoring.org/station.php?code=sjuan
skagk,Skagsudde2,63.190556,19.0125,Sweden,IOC Sea Level Station Monitoring Facility,SVE,,SW,1,rad,rad,rad:M,2021-10-18,https://www.ioc-sealevelmonitoring.org/station.php?code=skagk
skan,Skanor,55.416667,12.829722,Sweden,IOC Sea Level Station Monitoring Facility,SVE,,SW,1,rad,rad,rad:M,2021-10-18,https://www.ioc-sealevelmonitoring.org/station.php?code=skan
slds,St. Louis du Sud,18.227,-73.618,Haïti,IOC Sea Level Station Monitoring Facility,HAI,,SL,1,prs,prs,prs:M,2019-07-25,https://www.ioc-sealevelmonitoring.org/station.php?code=slds
slip,Slipshavn,55.29,10.83,Denmark,IOC Sea Level Station Monitoring Facility,DMK,,SF,1,rad,rad,rad:M,2025-07-15,https://www.ioc-sealevelmonitoring.org/station.php?code=slip
slor,San Lorenzo,1.293352,-78.836194,Ecuador,IOC Sea Level Station Monitoring Facility,ECU,,SW,1,rad,rad,rad:M,2022-09-29,https://www.ioc-sealevelmonitoring.org/station.php?code=slor
smag,Sánchez Magallanes,18.2967667,-93.85455,Mexico,IOC Sea Level Station Monitoring Facility,MEX,,SF,1,flt,flt,flt:M,2018-01-26,https://www.ioc-sealevelmonitoring.org/station.php?code=smag
smag2,Sánchez Magallanes2,18.2967667,-93.85455,Mexico,IOC Sea Level Station Monitoring Facility,MEX,,SL,1,rad,rad,rad:M,2020-06-30,https://www.ioc-sealevelmonitoring.org/station.php?code=smag2
smar,Sainte Marie (Reunion island),-20.892778,55.536944,France,IOC Sea Level Station Monitoring Facility,FRA,,SF,1,rad,rad,rad:M,2013-01-14,https://www.ioc-sealevelmonitoring.org/station.php?code=smar
smar2,Sainte Marie (Reunion island) 2,-20.892778,55.536944,France,IOC Sea Level Station Monitoring Facility,FRA,,SL,1,rad,rad,rad:M,2011-10-19,https://www.ioc-sealevelmonitoring.org/station.php?code=smar2
smog,Smogen,58.353611,11.217778,Sweden,IOC Sea Level Station Monitoring Facility,SVE,,SW,1,rad,rad,rad:M,2006-07-29,https://www.ioc-sealevelmonitoring.org/station.php?code=smog
sobr,Sobra,42.793,17.62,Croatia,IOC Sea Level Station Monitoring Facility,HRV,,SW,1,rad,rad,rad:M,2018-10-03,https://www.ioc-sealevelmonitoring.org/station.php?code=sobr
sola,Bahia Solano,6.232778,-77.41194,Colombia,IOC Sea Level Station Monitoring Facility,COL,,SL,1,rad,rad,rad:M,2022-09-28,https://www.ioc-sealevelmonitoring.org/station.php?code=sola
sole,Solenzara,41.8358,9.3738,France,IOC Sea Level Station Monitoring Facility,FRA,,SF,1,rad,rad,rad:M,2010-11-03,https://www.ioc-sealevelmonitoring.org/station.php?code=sole
sole2,Solenzara2,41.8358,9.3738,France,IOC Sea Level Station Monitoring Facility,FRA,,SL,1,rad,rad,rad:M,2011-01-10,https://www.ioc-sealevelmonitoring.org/station.php?code=sole2
solo,Honiara,-9.4289,159.9555,Solomon Islands,IOC Sea Level Station Monitoring Facility,SOI,66,SL,1,aqu,aqu,aqu:M,2009-02-09,https://www.ioc-sealevelmonitoring.org/station.php?code=solo
solu,Solumstrand,59.710622,10.273018,Norway,IOC Sea Level Station Monitoring Facility,NOR,,SW,1,rad,rad,rad:M,2025-09-22,https://www.ioc-sealevelmonitoring.org/station.php?code=solu
sona,Port Sonara,4.005786,9.125922,Cameroon,IOC Sea Level Station Monitoring Facility,CMR,350,SL,5,pr1,pr1,pr1:M,2008-06-20,https://www.ioc-sealevelmonitoring.org/station.php?code=sona
sosu,Sosunovo,46.53,138.33,Russia,IOC Sea Level Station Monitoring Facility,RUS,,SW,1,rad,rad,rad:M,2013-05-17,https://www.ioc-sealevelmonitoring.org/station.php?code=sosu
sove,Sovetskaja Gavan',48.97,140.29,Russia,IOC Sea Level Station Monitoring Facility,RUS,,SW,1,rad,rad,rad:M,2013-05-17,https://www.ioc-sealevelmonitoring.org/station.php?code=sove
spik,Spikarna,62.363333,17.531111,Sweden,IOC Sea Level Station Monitoring Facility,SVE,,SW,1,rad,rad,rad:M,2021-10-18,https://www.ioc-sealevelmonitoring.org/station.php?code=spik
spjy,Southport_Jetty_AU,-43.4333,146.9748,Australia,IOC Sea Level Station Monitoring Facility,AUS,,SL,1,rad,rad,rad:M,2019-03-20,https://www.ioc-sealevelmonitoring.org/station.php?code=spjy
spmi,"Saint Pierre et Miquelon, Canada",46.778833,-56.168305,France,IOC Sea Level Station Monitoring Facility,FRA,,SF,1,rad,rad,rad:M,2012-06-05,https://www.ioc-sealevelmonitoring.org/station.php?code=spmi
sprg,Spring_Bay_AU,-42.5459,147.9327,Australia,IOC Sea Level Station Monitoring Facility,AUS,56,SL,1,aqu,aqu,aqu:M,2007-12-05,https://www.ioc-sealevelmonitoring.org/station.php?code=sprg
sscr,Second Severn Crossing,51.57012,-2.70001,UK,IOC Sea Level Station Monitoring Facility,GRB,,SW,1,rad,rad,rad:M,2012-09-20,https://www.ioc-sealevelmonitoring.org/station.php?code=sscr
stan,Stanley,-51.75,-57.93333,UK,IOC Sea Level Station Monitoring Facility,GRB,305,SL,2,pr1,pr1,pr1:M,2007-11-27,https://www.ioc-sealevelmonitoring.org/station.php?code=stan
stan2,Stanley,-51.75,-57.93,UK,IOC Sea Level Station Monitoring Facility,GRB,305,SL,1,ra2,ra2,ra2:M,2024-02-08,https://www.ioc-sealevelmonitoring.org/station.php?code=stan2
star,Starodubskoe,47.41,142.82,Russia,IOC Sea Level Station Monitoring Facility,RUS,,SW,1,rad,rad,rad:M,2013-05-17,https://www.ioc-sealevelmonitoring.org/station.php?code=star
stari,Stari Grad,43.181,16.576,Croatia,IOC Sea Level Station Monitoring Facility,HRV,,SW,1,rad,rad,rad:M,2018-10-03,https://www.ioc-sealevelmonitoring.org/station.php?code=stari
stav,Stavanger,58.974339,5.730121,Norway,IOC Sea Level Station Monitoring Facility,NOR,,SW,1,flt,flt,flt:M,2023-06-28,https://www.ioc-sealevelmonitoring.org/station.php?code=stav
stcr,St_Croix_VI,17.74666,-64.69833,USA,IOC Sea Level Station Monitoring Facility,USA,,SW,1,pwl,pwl,pwl:M,2010-03-08,https://www.ioc-sealevelmonitoring.org/station.php?code=stcr
stcr2,St_Croix_VI,17.74666,-64.69833,USA,IOC Sea Level Station Monitoring Facility,USA,,SL,1,pwl,pwl,pwl:M,2012-12-05,https://www.ioc-sealevelmonitoring.org/station.php?code=stcr2
stdpr,"Salinas, Puerto Rico",17.949063,-66.225967,Puerto Rico; U.S.A.,IOC Sea Level Station Monitoring Facility,PRC,,SL,1,pwl,pwl,pwl:M,2021-06-15,https://www.ioc-sealevelmonitoring.org/station.php?code=stdpr
sten,Stenungsund,58.093333,11.8325,Sweden,IOC Sea Level Station Monitoring Facility,SVE,,SW,1,rad,rad,rad:M,2021-10-18,https://www.ioc-sealevelmonitoring.org/station.php?code=sten
sthl,Saint Helena_UK,-15.916667,-5.716667,"Saint-Helena, isles of",IOC Sea Level Station Monitoring Facility,STH,264,SL,5,rad,rad,rad:M,2010-06-21,https://www.ioc-sealevelmonitoring.org/station.php?code=sthl
sthl2,Saint Helena_UK Ruperts Bay,-15.917918,-5.714394,"Saint-Helena, isles of",IOC Sea Level Station Monitoring Facility,STH,264,SL,1,ra2,ra2,ra2:M,2017-03-21,https://www.ioc-sealevelmonitoring.org/station.php?code=sthl2
sthm,Stockholm,59.324167,18.081944,Sweden,IOC Sea Level Station Monitoring Facility,SVE,341,SW,1,rad,rad,rad:M,2008-06-10,https://www.ioc-sealevelmonitoring.org/station.php?code=sthm
stjo,St. Johns,47.57,-52.72,Canada,IOC Sea Level Station Monitoring Facility,CAN,223,SW,1,enc,enc,enc:M,2008-12-11,https://www.ioc-sealevelmonitoring.org/station.php?code=stjo
stlo2,StLouis,15.9912778,-16.5078056,Sénégal,IOC Sea Level Station Monitoring Facility,SEN,,SF,5,rad,rad,rad:M,2015-11-16,https://www.ioc-sealevelmonitoring.org/station.php?code=stlo2
stlu,Ganter's Bay,14.016428,-60.997351,Saint Lucia,IOC Sea Level Station Monitoring Facility,SLU,,SL,1,pr1,pr1,pr1:M,2016-08-25,https://www.ioc-sealevelmonitoring.org/station.php?code=stlu
stlu2,Dennery,13.9114,-60.8865,Saint Lucia,IOC Sea Level Station Monitoring Facility,SLU,,SL,1,pr1,pr1,pr1:M,2020-07-17,https://www.ioc-sealevelmonitoring.org/station.php?code=stlu2
stlu3,Soufriere,13.8535,-61.0596,Saint Lucia,IOC Sea Level Station Monitoring Facility,SLU,,SL,1,pr1,pr1,pr1:M,2020-07-17,https://www.ioc-sealevelmonitoring.org/station.php?code=stlu3
stlu4,Vieux Fort,13.7209,-60.9528,Saint Lucia,IOC Sea Level Station Monitoring Facility,SLU,,SL,1,pr1,pr1,pr1:M,2020-07-17,https://www.ioc-sealevelmonitoring.org/station.php?code=stlu4
stma,Saint-Malo,48.6416,-2.028,France,IOC Sea Level Station Monitoring Facility,FRA,,SF,1,rad,rad,rad:M,2009-12-02,https://www.ioc-sealevelmonitoring.org/station.php?code=stma
stma2,Saint-Malo 2,48.6416,-2.028,France,IOC Sea Level Station Monitoring Facility,FRA,,SL,1,rad,rad,rad:M,2014-04-17,https://www.ioc-sealevelmonitoring.org/station.php?code=stma2
stmr,St Marys,49.917861,-6.317222,UK,IOC Sea Level Station Monitoring Facility,GRB,,SF,1,bub,bub,bub:M,2012-09-04,https://www.ioc-sealevelmonitoring.org/station.php?code=stmr
stmt,Saint Martin Island,18.08333,-63.085434,France,IOC Sea Level Station Monitoring Facility,FRA,,SL,1,prs,prs,prs:M,2015-12-29,https://www.ioc-sealevelmonitoring.org/station.php?code=stmt
stor,Stornoway,58.21,-6.39,UK,IOC Sea Level Station Monitoring Facility,GRB,238,SF,1,bub,bub,bub:M,2008-07-30,https://www.ioc-sealevelmonitoring.org/station.php?code=stor
stor2,Stornoway (tsunami),58.21,-6.39,UK,IOC Sea Level Station Monitoring Facility,GRB,238,SS,5,bub1,bub1,bub1:M,2013-11-11,https://www.ioc-sealevelmonitoring.org/station.php?code=stor2
stpa,Saint-Paul Island,-38.711667,77.538333,France,IOC Sea Level Station Monitoring Facility,FRA,24,SF,5,rad,rad,rad:M,2009-07-05,https://www.ioc-sealevelmonitoring.org/station.php?code=stpa
stqy,Saint-Quay-Portrieux,48.648195,-2.822498,France,IOC Sea Level Station Monitoring Facility,FRA,,SF,1,rad,rad,rad:M,2018-10-04,https://www.ioc-sealevelmonitoring.org/station.php?code=stqy
stqy2,Saint-Quay-Portrieux 2,48.648195,-2.822498,France,IOC Sea Level Station Monitoring Facility,FRA,,SL,1,rad,rad,rad:M,2018-10-04,https://www.ioc-sealevelmonitoring.org/station.php?code=stqy2
stro,Stromoren,65.549722,22.238333,Sweden,IOC Sea Level Station Monitoring Facility,SVE,,SW,1,rad,rad,rad:M,2021-10-18,https://www.ioc-sealevelmonitoring.org/station.php?code=stro
subi,Subic_Bay,14.8167,120.2833,Philippines,IOC Sea Level Station Monitoring Facility,FIL,,SL,1,rad,rad,rad:M,2007-11-27,https://www.ioc-sealevelmonitoring.org/station.php?code=subi
sumt,Christchurch,-43.5696,172.7732,New Zealand,IOC Sea Level Station Monitoring Facility,NWZ,,SL,5,prs,prs,prs:M,2010-09-08,https://www.ioc-sealevelmonitoring.org/station.php?code=sumt
sura,Surabaya,-7.19996944,112.74058611,Indonesia,IOC Sea Level Station Monitoring Facility,IDN,,SL,1,pr2,pr2,pr2:M,2014-03-28,https://www.ioc-sealevelmonitoring.org/station.php?code=sura
suro,Sur,22.57,59.52,Oman,IOC Sea Level Station Monitoring Facility,OMA,,SL,4,rad,rad,rad:M,2013-03-28,https://www.ioc-sealevelmonitoring.org/station.php?code=suro
swpr,Swanage Pier,50.609334,-1.949177,UK,IOC Sea Level Station Monitoring Facility,GRB,,SW,1,rad,rad,rad:M,2012-09-20,https://www.ioc-sealevelmonitoring.org/station.php?code=swpr
syow,Syowa,-69.007778,39.570278,Antarctica,IOC Sea Level Station Monitoring Facility,ANT,95,SW,1,prs,prs,prs:M,2008-08-03,https://www.ioc-sealevelmonitoring.org/station.php?code=syow
syro,Syros,37.438,24.9411,Greece,IOC Sea Level Station Monitoring Facility,HEL,,SF,1,pr1,pr1,pr1:M,2009-11-20,https://www.ioc-sealevelmonitoring.org/station.php?code=syro
tako,Takoradi,4.8846,-1.745,Ghana,IOC Sea Level Station Monitoring Facility,GHA,335,SL,5,pr1,pr1,pr1:M,2007-01-04,https://www.ioc-sealevelmonitoring.org/station.php?code=tako
tala,Talara,-4.5778,-81.27985,Perú,IOC Sea Level Station Monitoring Facility,PER,,SL,5,rad,rad,rad:M,2013-05-28,https://www.ioc-sealevelmonitoring.org/station.php?code=tala
tala2,"Talara,Piura_PE",-4.5751,-81.2827,Perú,IOC Sea Level Station Monitoring Facility,PER,,SL,1,prs,prs,prs:M,2025-05-14,https://www.ioc-sealevelmonitoring.org/station.php?code=tala2
talc,Talcahuano_CL,-36.700933,-73.105992,Chile,IOC Sea Level Station Monitoring Facility,CHL,,SL,1,rad,rad,rad:M,2008-06-16,https://www.ioc-sealevelmonitoring.org/station.php?code=talc
talc2,Talcahuano_CL,-36.700933,-73.105992,Chile,IOC Sea Level Station Monitoring Facility,CHL,,SW,1,rad,rad,rad:M,2013-03-18,https://www.ioc-sealevelmonitoring.org/station.php?code=talc2
talt,Taltal_CL,-25.407269,-70.48979433,Chile,IOC Sea Level Station Monitoring Facility,CHL,,SL,1,rad,rad,rad:M,2020-04-16,https://www.ioc-sealevelmonitoring.org/station.php?code=talt
talt2,Taltal_CL,-25.4072698,-70.48979433,Chile,IOC Sea Level Station Monitoring Facility,CHL,,SW,1,rad,rad,rad:M,2013-04-09,https://www.ioc-sealevelmonitoring.org/station.php?code=talt2
talt3,Taltal_CL,-25.4072698,-70.48979433,Chile,IOC Sea Level Station Monitoring Facility,CHL,,SW,5,rad,rad,rad:M,2013-06-12,https://www.ioc-sealevelmonitoring.org/station.php?code=talt3
tame,"Tamandaré, PE",-8.76083,-35.09889,Brasil,IOC Sea Level Station Monitoring Facility,BRA,,SW,1,rad,rad,rad:M,2025-09-11,https://www.ioc-sealevelmonitoring.org/station.php?code=tame
tang,Tangudden GBG Hamn,57.681944,11.872222,Sweden,IOC Sea Level Station Monitoring Facility,SVE,,SW,1,rad,rad,rad:M,2021-10-18,https://www.ioc-sealevelmonitoring.org/station.php?code=tang
tanjo,Tanjong Pagar,1.2616,103.8516,Singapore,IOC Sea Level Station Monitoring Facility,SGP,44,SL,5,prs,prs,prs:M,2009-01-20,https://www.ioc-sealevelmonitoring.org/station.php?code=tanjo
tanp,Anping,22.9883,120.1497,Taiwan (Province of China),IOC Sea Level Station Monitoring Facility,TWN,,SW,1,rad,rad,rad:M,2024-01-02,https://www.ioc-sealevelmonitoring.org/station.php?code=tanp
tara,"Betio,Tarawa",1.3625,172.93,Kiribati,IOC Sea Level Station Monitoring Facility,KIR,113,SL,1,aqu,aqu,aqu:M,2009-01-28,https://www.ioc-sealevelmonitoring.org/station.php?code=tara
tare,Tarekukure_Wharf_SB,-6.6928,156.4086,Solomon Islands,IOC Sea Level Station Monitoring Facility,SOI,,SL,4,rad,rad,rad:M,2011-05-24,https://www.ioc-sealevelmonitoring.org/station.php?code=tare
tari,Tarifa,36.00646,-5.60351,Spain,IOC Sea Level Station Monitoring Facility,ESP,,SF,1,rad,rad,rad:M,2009-10-11,https://www.ioc-sealevelmonitoring.org/station.php?code=tari
tarr,Tarragona,41.07897,1.21325,Spain,IOC Sea Level Station Monitoring Facility,ESP,,SF,1,rad,rad,rad:M,2014-01-16,https://www.ioc-sealevelmonitoring.org/station.php?code=tarr
tasu,Tasucu,36.281463623047,33.836227416992,Turkey,IOC Sea Level Station Monitoring Facility,TUR,,SW,1,rad,rad,rad:M,2019-11-27,https://www.ioc-sealevelmonitoring.org/station.php?code=tasu
tasw,Tasiilaq Harbour,65.614,-37.626,Greenland,IOC Sea Level Station Monitoring Facility,GRL,,SF,1,prs,prs,prs:M,2025-08-13,https://www.ioc-sealevelmonitoring.org/station.php?code=tasw
tauas,Tau,-14.239845,-169.510648,Samoa; U.S.A.,IOC Sea Level Station Monitoring Facility,SAM,,SL,1,rad,rad,rad:M,2023-04-14,https://www.ioc-sealevelmonitoring.org/station.php?code=tauas
taut,Port of Tauranga,-37.6410885,176.1811791,New Zealand,IOC Sea Level Station Monitoring Facility,NWZ,,SL,1,prs,prs,prs:M,2009-01-15,https://www.ioc-sealevelmonitoring.org/station.php?code=taut
taza,Puerto de Tazacorte (La Palma),28.640915,-17.943853,Spain,IOC Sea Level Station Monitoring Facility,ESP,,SB,5,rad,rad,rad:M,2021-12-22,https://www.ioc-sealevelmonitoring.org/station.php?code=taza
tboz,Bozihlia,23.6186,120.1375,Taiwan (Province of China),IOC Sea Level Station Monitoring Facility,TWN,,SW,1,rad,rad,rad:M,2024-01-02,https://www.ioc-sealevelmonitoring.org/station.php?code=tboz
tbvi2,"Cane Garden, Tortola",18.429694,-64.660508,British Virgin Islands; U.K.,IOC Sea Level Station Monitoring Facility,BVI,,SL,1,rad,rad,rad:M,2024-05-14,https://www.ioc-sealevelmonitoring.org/station.php?code=tbvi2
tbwc,Twofold_Bay_AU,-37.1003,149.9266,Australia,IOC Sea Level Station Monitoring Facility,AUS,,SL,1,rad,rad,rad:M,2019-03-20,https://www.ioc-sealevelmonitoring.org/station.php?code=tbwc
tcgt,Grand Turk,21.433533,-71.149541,Turks & Caicos Islands,IOC Sea Level Station Monitoring Facility,TCI,,SL,5,rad,rad,rad:M,2022-01-07,https://www.ioc-sealevelmonitoring.org/station.php?code=tcgt
tche,Chenggong,23.0972,121.3799,Taiwan (Province of China),IOC Sea Level Station Monitoring Facility,TWN,,SW,1,rad,rad,rad:M,2024-01-02,https://www.ioc-sealevelmonitoring.org/station.php?code=tche
tcim,Cimei,23.19,119.42,Taiwan (Province of China),IOC Sea Level Station Monitoring Facility,TWN,,SW,1,rad,rad,rad:M,2024-01-02,https://www.ioc-sealevelmonitoring.org/station.php?code=tcim
tcsb,"Sapodilla Bay, Providenciales",21.741204,-72.284877,Turks & Caicos Islands,IOC Sea Level Station Monitoring Facility,TCI,,SL,1,rad,rad,rad:M,2020-08-20,https://www.ioc-sealevelmonitoring.org/station.php?code=tcsb
tdan,Danhai,25.1839,121.4075,Taiwan (Province of China),IOC Sea Level Station Monitoring Facility,TWN,,SW,1,rad,rad,rad:M,2024-01-02,https://www.ioc-sealevelmonitoring.org/station.php?code=tdan
tdas,Danshuei,25.1757,121.4248,Taiwan (Province of China),IOC Sea Level Station Monitoring Facility,TWN,,SW,1,rad,rad,rad:M,2024-01-02,https://www.ioc-sealevelmonitoring.org/station.php?code=tdas
tdaw,Dawn,22.3375,120.8972,Taiwan (Province of China),IOC Sea Level Station Monitoring Facility,TWN,,SW,1,rad,rad,rad:M,2024-01-02,https://www.ioc-sealevelmonitoring.org/station.php?code=tdaw
tdcu,Tristan da Cunha,-37.05,-12.3,UK,IOC Sea Level Station Monitoring Facility,GRB,266,SL,5,pr1,pr1,pr1:M,2010-06-23,https://www.ioc-sealevelmonitoring.org/station.php?code=tdcu
tdog,Dongshih,23.45,120.1394,Taiwan (Province of China),IOC Sea Level Station Monitoring Facility,TWN,,SW,1,rad,rad,rad:M,2024-01-02,https://www.ioc-sealevelmonitoring.org/station.php?code=tdog
tdoj,Dongjidao,23.2546,119.6678,Taiwan (Province of China),IOC Sea Level Station Monitoring Facility,TWN,,SW,1,rad,rad,rad:M,2024-01-02,https://www.ioc-sealevelmonitoring.org/station.php?code=tdoj
tdon,Donggang,22.4651,120.4383,Taiwan (Province of China),IOC Sea Level Station Monitoring Facility,TWN,,SW,1,rad,rad,rad:M,2024-01-02,https://www.ioc-sealevelmonitoring.org/station.php?code=tdon
tdos,Dongshadao(Pratas),20.7,116.69,Taiwan (Province of China),IOC Sea Level Station Monitoring Facility,TWN,,SW,1,rad,rad,rad:M,2024-01-02,https://www.ioc-sealevelmonitoring.org/station.php?code=tdos
tejn,Tejn,55.25,14.84,Denmark,IOC Sea Level Station Monitoring Facility,DMK,,SF,1,rad,rad,rad:M,2025-07-15,https://www.ioc-sealevelmonitoring.org/station.php?code=tejn
tela,Tela Harbor,15.78414,-87.45314,Honduras,IOC Sea Level Station Monitoring Facility,HND,,SL,5,prs,prs,prs:M,2015-05-04,https://www.ioc-sealevelmonitoring.org/station.php?code=tela
telc,Telchac,21.34,-89.308333,Mexico,IOC Sea Level Station Monitoring Facility,MEX,,SF,1,flt,flt,flt:M,2012-09-04,https://www.ioc-sealevelmonitoring.org/station.php?code=telc
telu,Telukdalam,0.554,97.822,Indonesia,IOC Sea Level Station Monitoring Facility,IDN,,SL,5,rad,rad,rad:M,2008-08-25,https://www.ioc-sealevelmonitoring.org/station.php?code=telu
tema,Tema,5.635343,0.011775,Ghana,IOC Sea Level Station Monitoring Facility,GHA,,SF,1,prs,prs,prs:M,2019-07-22,https://www.ioc-sealevelmonitoring.org/station.php?code=tema
tene,Tenerife2,28.47722,-16.24111,Spain,IOC Sea Level Station Monitoring Facility,ESP,,SF,1,rad,rad,rad:M,2009-10-14,https://www.ioc-sealevelmonitoring.org/station.php?code=tene
ters,Terschelling Noordzee,53.4278341365,5.33280433521,Netherlands,IOC Sea Level Station Monitoring Facility,NED,,SW,1,flt,flt,flt:M,2017-01-13,https://www.ioc-sealevelmonitoring.org/station.php?code=ters
tfan,Fangliao,22.3636,120.5931,Taiwan (Province of China),IOC Sea Level Station Monitoring Facility,TWN,,SW,1,rad,rad,rad:M,2024-01-02,https://www.ioc-sealevelmonitoring.org/station.php?code=tfan
tfbc,Tofino_BC,49.15,-125.91,Canada,IOC Sea Level Station Monitoring Facility,CAN,156,SL,1,pwl,pwl,pwl:M,2006-06-07,https://www.ioc-sealevelmonitoring.org/station.php?code=tfbc
tfug,Fugang,22.7908,121.1931,Taiwan (Province of China),IOC Sea Level Station Monitoring Facility,TWN,,SW,1,rad,rad,rad:M,2024-01-02,https://www.ioc-sealevelmonitoring.org/station.php?code=tfug
tful,Fulong,25.0217,121.9503,Taiwan (Province of China),IOC Sea Level Station Monitoring Facility,TWN,,SW,1,rad,rad,rad:M,2024-01-02,https://www.ioc-sealevelmonitoring.org/station.php?code=tful
thep,Heping Port,24.3031,121.7561,Taiwan (Province of China),IOC Sea Level Station Monitoring Facility,TWN,,SW,1,rad,rad,rad:M,2024-01-02,https://www.ioc-sealevelmonitoring.org/station.php?code=thep
thes,"Thessaloniki, Central Macedonia",40.6327,22.9055,Greece,IOC Sea Level Station Monitoring Facility,HEL,,SB,5,rad,rad,rad:M,2018-10-29,https://www.ioc-sealevelmonitoring.org/station.php?code=thes
thev,Thevenard_AU,-32.1489,133.6413,Australia,IOC Sea Level Station Monitoring Facility,AUS,308,SL,1,prs,prs,prs:M,2007-12-05,https://www.ioc-sealevelmonitoring.org/station.php?code=thev
thio,Thio,-21.613805,166.241528,France,IOC Sea Level Station Monitoring Facility,FRA,,SL,1,rad,rad,rad:M,2015-04-22,https://www.ioc-sealevelmonitoring.org/station.php?code=thio
thou,Houbihu,21.9458,120.7453,Taiwan (Province of China),IOC Sea Level Station Monitoring Facility,TWN,,SW,1,rad,rad,rad:M,2024-01-02,https://www.ioc-sealevelmonitoring.org/station.php?code=thou
thsi,Hsinchu,24.8486,120.9206,Taiwan (Province of China),IOC Sea Level Station Monitoring Facility,TWN,,SW,1,rad,rad,rad:M,2024-01-02,https://www.ioc-sealevelmonitoring.org/station.php?code=thsi
thua,Hualien,23.9806,121.6236,Taiwan (Province of China),IOC Sea Level Station Monitoring Facility,TWN,,SW,1,rad,rad,rad:M,2024-01-02,https://www.ioc-sealevelmonitoring.org/station.php?code=thua
thul,Thule - Pituffik,76.5434,-68.8626,Greenland,IOC Sea Level Station Monitoring Facility,GRL,343,SF,1,prs,prs,prs:M,2008-12-03,https://www.ioc-sealevelmonitoring.org/station.php?code=thul
tjhu,Jhuwei,25.1181,121.2433,Taiwan (Province of China),IOC Sea Level Station Monitoring Facility,TWN,,SW,1,rad,rad,rad:M,2024-01-02,https://www.ioc-sealevelmonitoring.org/station.php?code=tjhu
tjia,Jiangjun,23.2116,120.083,Taiwan (Province of China),IOC Sea Level Station Monitoring Facility,TWN,,SW,1,rad,rad,rad:M,2024-01-02,https://www.ioc-sealevelmonitoring.org/station.php?code=tjia
tjib,Jibei,23.7386,119.6132,Taiwan (Province of China),IOC Sea Level Station Monitoring Facility,TWN,,SW,1,rad,rad,rad:M,2024-01-02,https://www.ioc-sealevelmonitoring.org/station.php?code=tjib
tjls,Tanjung Lesung,-6.482941667,105.6633556,Indonesia,IOC Sea Level Station Monitoring Facility,IDN,,NA,5,prs,prs,prs:M,2008-03-19,https://www.ioc-sealevelmonitoring.org/station.php?code=tjls
tkao,Kaohsiung,22.6144,120.2883,Taiwan (Province of China),IOC Sea Level Station Monitoring Facility,TWN,,SW,1,rad,rad,rad:M,2024-01-02,https://www.ioc-sealevelmonitoring.org/station.php?code=tkao
tkdi,Takoradi,4.882123,-1.744972,Ghana,IOC Sea Level Station Monitoring Facility,GHA,335,SF,1,prs,prs,prs:M,2019-07-23,https://www.ioc-sealevelmonitoring.org/station.php?code=tkdi
tkee,Keelung,25.155,121.7522,Taiwan (Province of China),IOC Sea Level Station Monitoring Facility,TWN,,SW,1,rad,rad,rad:M,2024-01-02,https://www.ioc-sealevelmonitoring.org/station.php?code=tkee
tlan,Lanyu,22.0577,121.5079,Taiwan (Province of China),IOC Sea Level Station Monitoring Facility,TWN,,SW,1,rad,rad,rad:M,2024-01-02,https://www.ioc-sealevelmonitoring.org/station.php?code=tlan
tlia,Liaoluowan,24.4075,118.4267,Taiwan (Province of China),IOC Sea Level Station Monitoring Facility,TWN,,SW,1,rad,rad,rad:M,2024-01-02,https://www.ioc-sealevelmonitoring.org/station.php?code=tlia
tlin,Linshanbi,25.2839,121.5103,Taiwan (Province of China),IOC Sea Level Station Monitoring Facility,TWN,,SW,1,rad,rad,rad:M,2024-01-02,https://www.ioc-sealevelmonitoring.org/station.php?code=tlin
tlon,Longdong,25.0975,121.9181,Taiwan (Province of China),IOC Sea Level Station Monitoring Facility,TWN,,SW,1,rad,rad,rad:M,2024-01-02,https://www.ioc-sealevelmonitoring.org/station.php?code=tlon
tluk,Lukang,24.0849,120.4204,Taiwan (Province of China),IOC Sea Level Station Monitoring Facility,TWN,,SW,1,rad,rad,rad:M,2024-01-02,https://www.ioc-sealevelmonitoring.org/station.php?code=tluk
tlyu,Lyudao,22.6605,121.473,Taiwan (Province of China),IOC Sea Level Station Monitoring Facility,TWN,,SW,1,rad,rad,rad:M,2024-01-02,https://www.ioc-sealevelmonitoring.org/station.php?code=tlyu
tmai,Mailiao,23.7861,120.1603,Taiwan (Province of China),IOC Sea Level Station Monitoring Facility,TWN,,SW,1,rad,rad,rad:M,2024-01-02,https://www.ioc-sealevelmonitoring.org/station.php?code=tmai
tmat,Matsu,26.1617,119.9428,Taiwan (Province of China),IOC Sea Level Station Monitoring Facility,TWN,,SW,1,rad,rad,rad:M,2024-01-02,https://www.ioc-sealevelmonitoring.org/station.php?code=tmat
tn031,"Arona, Tenerife",28.0469444,-16.7180556,Spain,IOC Sea Level Station Monitoring Facility,ESP,,SW,5,rad,rad,rad:M,2019-12-07,https://www.ioc-sealevelmonitoring.org/station.php?code=tn031
tnan,Nansha Taiping Island,10.3736,114.3603,Taiwan (Province of China),IOC Sea Level Station Monitoring Facility,TWN,,SW,1,rad,rad,rad:M,2024-01-02,https://www.ioc-sealevelmonitoring.org/station.php?code=tnan
tnbl,Tanahbala,-0.53,98.5,Indonesia,IOC Sea Level Station Monitoring Facility,IDN,,SL,5,prs,prs,prs:M,2009-12-08,https://www.ioc-sealevelmonitoring.org/station.php?code=tnbl
tnpr,Teignmouth Pier,50.5439,-3.49179,UK,IOC Sea Level Station Monitoring Facility,GRB,,SW,5,rad,rad,rad:M,2012-09-20,https://www.ioc-sealevelmonitoring.org/station.php?code=tnpr
toam2,Toamasina 2,-18.1536,49.4281,Madagascar,IOC Sea Level Station Monitoring Facility,MAD,,SL,5,rad,rad,rad:M,2010-04-20,https://www.ioc-sealevelmonitoring.org/station.php?code=toam2
tobe,Tobermory,56.62,-6.06,UK,IOC Sea Level Station Monitoring Facility,GRB,,SF,1,bub,bub,bub:M,2012-09-04,https://www.ioc-sealevelmonitoring.org/station.php?code=tobe
toco,Tocopilla_CL,-22.093748,-70.211537,Chile,IOC Sea Level Station Monitoring Facility,CHL,,SL,1,rad,rad,rad:M,2024-05-29,https://www.ioc-sealevelmonitoring.org/station.php?code=toco
toco2,Tocopilla_CL,-22.093748,-70.211537,Chile,IOC Sea Level Station Monitoring Facility,CHL,,SW,1,rad,rad,rad:M,2013-04-09,https://www.ioc-sealevelmonitoring.org/station.php?code=toco2
toco3,Tocopilla_CL,-22.093748,-70.211537,Chile,IOC Sea Level Station Monitoring Facility,CHL,,SW,5,rad,rad,rad:M,2013-06-12,https://www.ioc-sealevelmonitoring.org/station.php?code=toco3
tofi,Tofino,49.15,-125.91,Canada,IOC Sea Level Station Monitoring Facility,CAN,156,SF,5,enc,enc,enc:M,2008-10-23,https://www.ioc-sealevelmonitoring.org/station.php?code=tofi
tort,Tortola,18.424828,-64.608051,British Virgin Islands; U.K.,IOC Sea Level Station Monitoring Facility,BVI,,SL,5,aqu,aqu,aqu:M,2013-08-16,https://www.ioc-sealevelmonitoring.org/station.php?code=tort
tosa,Tosashimizu,32.78,132.96,Japan,IOC Sea Level Station Monitoring Facility,JAP,,SL,1,rad,rad,rad:F,2008-05-15,https://www.ioc-sealevelmonitoring.org/station.php?code=tosa
toul,Toulon,43.11722,5.91306,France,IOC Sea Level Station Monitoring Facility,FRA,,SF,1,rad,rad,rad:M,2010-04-09,https://www.ioc-sealevelmonitoring.org/station.php?code=toul
toul2,Toulon2,43.11722,5.91306,France,IOC Sea Level Station Monitoring Facility,FRA,,SL,1,rad,rad,rad:M,2011-01-10,https://www.ioc-sealevelmonitoring.org/station.php?code=toul2
toya,Toyama,36.76,137.22,Japan,IOC Sea Level Station Monitoring Facility,JAP,325,SL,1,rad,rad,rad:F,2012-03-21,https://www.ioc-sealevelmonitoring.org/station.php?code=toya
tpen,Penghu,23.5619,119.5782,Taiwan (Province of China),IOC Sea Level Station Monitoring Facility,TWN,,SW,1,rad,rad,rad:M,2024-01-02,https://www.ioc-sealevelmonitoring.org/station.php?code=tpen
trab,Trabzon,41.001949310303,39.744483947754,Turkey,IOC Sea Level Station Monitoring Facility,TUR,,SW,1,rad,rad,rad:M,2019-11-27,https://www.ioc-sealevelmonitoring.org/station.php?code=trab
trae,Træna,66.496624,12.088633,Norway,IOC Sea Level Station Monitoring Facility,NOR,,SW,1,rad,rad,rad:M,2025-09-22,https://www.ioc-sealevelmonitoring.org/station.php?code=trae
trai,"Tramandaí, RS",-30.005,-50.12889,Brasil,IOC Sea Level Station Monitoring Facility,BRA,,SW,1,rad,rad,rad:M,2025-09-11,https://www.ioc-sealevelmonitoring.org/station.php?code=trai
treg,Tregde,58.006377,7.554759,Norway,IOC Sea Level Station Monitoring Facility,NOR,321,SW,1,flt,flt,flt:M,2008-12-16,https://www.ioc-sealevelmonitoring.org/station.php?code=treg
trnz,Terneuzen,51.3362008604,3.81950267556,Netherlands,IOC Sea Level Station Monitoring Facility,NED,,SW,1,flt,flt,flt:M,2017-01-13,https://www.ioc-sealevelmonitoring.org/station.php?code=trnz
trom,Tromsø,69.64611,18.95479,Norway,IOC Sea Level Station Monitoring Facility,NOR,,SW,1,flt,flt,flt:M,2023-06-28,https://www.ioc-sealevelmonitoring.org/station.php?code=trom
tron,Trondheim,63.436484,10.391669,Norway,IOC Sea Level Station Monitoring Facility,NOR,,SW,1,flt,flt,flt:M,2023-06-28,https://www.ioc-sealevelmonitoring.org/station.php?code=tron
trst,Torres_Strait_AU,-10.5865,142.2219,Australia,IOC Sea Level Station Monitoring Facility,AUS,,SL,1,aqu,aqu,aqu:M,2019-03-20,https://www.ioc-sealevelmonitoring.org/station.php?code=trst
tshi,Shihti,23.4947,121.5062,Taiwan (Province of China),IOC Sea Level Station Monitoring Facility,TWN,,SW,1,rad,rad,rad:M,2024-01-02,https://www.ioc-sealevelmonitoring.org/station.php?code=tshi
tshu,Shueitou,24.4211,118.2892,Taiwan (Province of China),IOC Sea Level Station Monitoring Facility,TWN,,SW,1,rad,rad,rad:M,2024-01-02,https://www.ioc-sealevelmonitoring.org/station.php?code=tshu
tsic,Sicao,23.0236,120.1119,Taiwan (Province of China),IOC Sea Level Station Monitoring Facility,TWN,,SW,1,rad,rad,rad:M,2024-01-02,https://www.ioc-sealevelmonitoring.org/station.php?code=tsic
tsua,Su-ao,24.5925,121.8658,Taiwan (Province of China),IOC Sea Level Station Monitoring Facility,TWN,,SW,1,rad,rad,rad:M,2024-01-02,https://www.ioc-sealevelmonitoring.org/station.php?code=tsua
tsyu,Syunguangzuei,21.9856,120.7119,Taiwan (Province of China),IOC Sea Level Station Monitoring Facility,TWN,,SW,1,rad,rad,rad:M,2024-01-02,https://www.ioc-sealevelmonitoring.org/station.php?code=tsyu
ttai,Taichung Port,24.2878,120.5331,Taiwan (Province of China),IOC Sea Level Station Monitoring Facility,TWN,,SW,1,rad,rad,rad:M,2024-01-02,https://www.ioc-sealevelmonitoring.org/station.php?code=ttai
tuba,"Imbituba, SC",-28.23111,-48.65,Brasil,IOC Sea Level Station Monitoring Facility,BRA,,SW,1,rad,rad,rad:M,2025-09-11,https://www.ioc-sealevelmonitoring.org/station.php?code=tuba
tubua,Tubuai (Austral Islands - French Polynesia),-23.341802611,-149.475529583,France,IOC Sea Level Station Monitoring Facility,FRA,356,SL,1,rad,rad,rad:M,2010-02-23,https://www.ioc-sealevelmonitoring.org/station.php?code=tubua
tuca,Grand Turk Island,21.4335778,-71.1497194,Turks & Caicos Islands,IOC Sea Level Station Monitoring Facility,TCI,,SL,5,ra2,ra2,ra2:M,2017-07-15,https://www.ioc-sealevelmonitoring.org/station.php?code=tuca
tudy,Port-Tudy (Groix island),47.643913,-3.447057,France,IOC Sea Level Station Monitoring Facility,FRA,,SF,1,rad,rad,rad:M,2011-04-27,https://www.ioc-sealevelmonitoring.org/station.php?code=tudy
tumc,Tumaco,1.82,-78.7287,Colombia,IOC Sea Level Station Monitoring Facility,COL,171,SF,1,bub,bub,bub:M,2010-10-06,https://www.ioc-sealevelmonitoring.org/station.php?code=tumc
tumc2,Tumaco,1.82,-78.7287,Colombia,IOC Sea Level Station Monitoring Facility,COL,171,SL,1,bub,bub,bub:M,2013-05-14,https://www.ioc-sealevelmonitoring.org/station.php?code=tumc2
turb,Turbo,8.067224,-76.735,Colombia,IOC Sea Level Station Monitoring Facility,COL,,SL,1,bub,bub,bub:M,2022-09-29,https://www.ioc-sealevelmonitoring.org/station.php?code=turb
tuxp,Tuxpan,20.96355,-97.3286,Mexico,IOC Sea Level Station Monitoring Facility,MEX,,SF,1,flt,flt,flt:M,2010-08-26,https://www.ioc-sealevelmonitoring.org/station.php?code=tuxp
tuxp2,Tuxpan,20.96355,-97.3286,Mexico,IOC Sea Level Station Monitoring Facility,MEX,,SL,1,rad,rad,rad:M,2020-06-30,https://www.ioc-sealevelmonitoring.org/station.php?code=tuxp2
twai,Waipu,24.6514,120.7714,Taiwan (Province of China),IOC Sea Level Station Monitoring Facility,TWN,,SW,1,rad,rad,rad:M,2024-01-02,https://www.ioc-sealevelmonitoring.org/station.php?code=twai
twun,Wungang,23.4667,120.1225,Taiwan (Province of China),IOC Sea Level Station Monitoring Facility,TWN,,SW,1,rad,rad,rad:M,2024-01-02,https://www.ioc-sealevelmonitoring.org/station.php?code=twun
twus,Wushih,24.8686,121.8396,Taiwan (Province of China),IOC Sea Level Station Monitoring Facility,TWN,,SW,1,rad,rad,rad:M,2024-01-02,https://www.ioc-sealevelmonitoring.org/station.php?code=twus
txig,Xiaogang,23.1589,121.4036,Taiwan (Province of China),IOC Sea Level Station Monitoring Facility,TWN,,SW,1,rad,rad,rad:M,2024-01-02,https://www.ioc-sealevelmonitoring.org/station.php?code=txig
txil,Xiao Liuqiu,22.3533,120.3833,Taiwan (Province of China),IOC Sea Level Station Monitoring Facility,TWN,,SW,1,rad,rad,rad:M,2024-01-02,https://www.ioc-sealevelmonitoring.org/station.php?code=txil
tyon,Yongan,22.8189,120.1975,Taiwan (Province of China),IOC Sea Level Station Monitoring Facility,TWN,,SW,1,rad,rad,rad:M,2024-01-02,https://www.ioc-sealevelmonitoring.org/station.php?code=tyon
tzha,ZhangTanLi,25.1406,121.7998,Taiwan (Province of China),IOC Sea Level Station Monitoring Facility,TWN,,SW,1,rad,rad,rad:M,2024-01-02,https://www.ioc-sealevelmonitoring.org/station.php?code=tzha
udde,Uddevalla,58.3475,11.894722,Sweden,IOC Sea Level Station Monitoring Facility,SVE,,SW,1,rad,rad,rad:M,2021-10-18,https://www.ioc-sealevelmonitoring.org/station.php?code=udde
ugle,Uglegorsk,49.08,142.07,Russia,IOC Sea Level Station Monitoring Facility,RUS,,SW,1,rad,rad,rad:M,2013-05-17,https://www.ioc-sealevelmonitoring.org/station.php?code=ugle
ulla,Ullapool,57.9,-5.16,UK,IOC Sea Level Station Monitoring Facility,GRB,,SF,1,bub,bub,bub:M,2012-09-04,https://www.ioc-sealevelmonitoring.org/station.php?code=ulla
uper,Upernavik harbour,72.78861,-56.14667,Greenland,IOC Sea Level Station Monitoring Facility,GRL,,SF,1,prs,prs,prs:M,2023-07-20,https://www.ioc-sealevelmonitoring.org/station.php?code=uper
upol,Apia_Upolu_WS,-13.8268,-171.7613,"Samoa, Independent State of Western",IOC Sea Level Station Monitoring Facility,WSA,,SL,1,prs,prs,prs:M,2007-12-05,https://www.ioc-sealevelmonitoring.org/station.php?code=upol
ushu,Ushuaia,-54.817,-68.217,Argentina,IOC Sea Level Station Monitoring Facility,ARG,181,SL,1,ra2,ra2,ra2:M,2010-03-23,https://www.ioc-sealevelmonitoring.org/station.php?code=ushu
usti,Ustica,38.705278,13.176111,Italy,IOC Sea Level Station Monitoring Facility,ITA,,SB,1,prs,prs,prs:M,2024-07-09,https://www.ioc-sealevelmonitoring.org/station.php?code=usti
util,Utila Island,16.09571,-86.89468,Honduras,IOC Sea Level Station Monitoring Facility,HND,,SL,5,prs,prs,prs:M,2015-05-04,https://www.ioc-sealevelmonitoring.org/station.php?code=util
vair,Vairao (Tahiti Island - French Polynesia),-17.805923,-149.295298,France,IOC Sea Level Station Monitoring Facility,FRA,,SL,1,rad,rad,rad:M,2011-02-18,https://www.ioc-sealevelmonitoring.org/station.php?code=vair
vald2,Valdez_AK,61.125,-146.362,USA,IOC Sea Level Station Monitoring Facility,USA,,SW,1,pwl,pwl,pwl:M,2022-09-23,https://www.ioc-sealevelmonitoring.org/station.php?code=vald2
vale,Valencia,39.44203,-0.31128,Spain,IOC Sea Level Station Monitoring Facility,ESP,,SF,1,rad,rad,rad:M,2008-03-25,https://www.ioc-sealevelmonitoring.org/station.php?code=vale
valp,Valparaiso_CL,-33.02767128,-71.62787275,Chile,IOC Sea Level Station Monitoring Facility,CHL,175,SL,1,rad,rad,rad:M,2007-12-11,https://www.ioc-sealevelmonitoring.org/station.php?code=valp
valp2,Valparaiso_CL,-33.02767128,-71.62787275,Chile,IOC Sea Level Station Monitoring Facility,CHL,175,SW,1,rad,rad,rad:M,2013-03-18,https://www.ioc-sealevelmonitoring.org/station.php?code=valp2
valp3,Valparaiso_CL,-33.02767128,-71.62787275,Chile,IOC Sea Level Station Monitoring Facility,CHL,,SW,5,rad,rad,rad:M,2019-04-15,https://www.ioc-sealevelmonitoring.org/station.php?code=valp3
vanu,Port Vila,-17.7553,168.3077,Vanuatu,IOC Sea Level Station Monitoring Facility,VAN,348,SL,1,aqu,aqu,aqu:M,2007-12-05,https://www.ioc-sealevelmonitoring.org/station.php?code=vanu
varb,Varberg2,57.111111,12.238611,Sweden,IOC Sea Level Station Monitoring Facility,SVE,,SW,1,rad,rad,rad:M,2021-10-18,https://www.ioc-sealevelmonitoring.org/station.php?code=varb
vard,Vardø,70.374978,31.104015,Norway,IOC Sea Level Station Monitoring Facility,NOR,323,SW,1,rad,rad,rad:M,2008-12-16,https://www.ioc-sealevelmonitoring.org/station.php?code=vard
vati,"Vatia, Viti Levu",-17.3978066,177.7611542,Fiji Islands,IOC Sea Level Station Monitoring Facility,FIJ,,SL,5,rad,rad,rad:M,2016-03-16,https://www.ioc-sealevelmonitoring.org/station.php?code=vati
vdva,Valdivia,-39.814333,-73.248885,Chile,IOC Sea Level Station Monitoring Facility,CHL,,SL,1,rad,rad,rad:M,2026-05-25,https://www.ioc-sealevelmonitoring.org/station.php?code=vdva
vdva2,Valdivia,-39.814333,-73.248885,Chile,IOC Sea Level Station Monitoring Facility,CHL,,SW,1,prs,prs,prs:M,2026-05-25,https://www.ioc-sealevelmonitoring.org/station.php?code=vdva2
vela,Vela Luka,42.962,16.715,Croatia,IOC Sea Level Station Monitoring Facility,HRV,,SW,2,rad,rad,rad:M,2018-10-03,https://www.ioc-sealevelmonitoring.org/station.php?code=vela
ver1,Vernadsky - Faraday,-65.25,-64.27,Antarctica,IOC Sea Level Station Monitoring Facility,ANT,188,NA,5,pr1,pr1,pr1:M,2011-11-15,https://www.ioc-sealevelmonitoring.org/station.php?code=ver1
vera,"Veracruz, Ver.",19.192061,-96.123553,Mexico,IOC Sea Level Station Monitoring Facility,MEX,212,SF,1,rad,rad,rad:M,2010-06-29,https://www.ioc-sealevelmonitoring.org/station.php?code=vera
vera2,"Veracruz, Ver.",19.192061,-96.123553,Mexico,IOC Sea Level Station Monitoring Facility,MEX,212,SL,1,flt,flt,flt:M,2012-12-17,https://www.ioc-sealevelmonitoring.org/station.php?code=vera2
verav,Veeraval,20.9,70.36,India,IOC Sea Level Station Monitoring Facility,IND,31,SF,1,prs,prs,prs:M,2011-08-02,https://www.ioc-sealevelmonitoring.org/station.php?code=verav
vern,Vernadsky - Faraday,-65.25,-64.27,Antarctica,IOC Sea Level Station Monitoring Facility,ANT,188,SL,1,pr1,pr1,pr1:M,2008-06-25,https://www.ioc-sealevelmonitoring.org/station.php?code=vern
vhbc,Vancouver Harbor,49.283333,-123.116667,Canada,IOC Sea Level Station Monitoring Facility,CAN,,SL,1,pwl,pwl,pwl:M,2016-03-01,https://www.ioc-sealevelmonitoring.org/station.php?code=vhbc
vibc,Victoria Harbor,48.42,-123.37,Canada,IOC Sea Level Station Monitoring Facility,CAN,,SL,1,pwl,pwl,pwl:M,2016-03-01,https://www.ioc-sealevelmonitoring.org/station.php?code=vibc
vieq,Vieques_PR,18.0939,-65.4714,USA,IOC Sea Level Station Monitoring Facility,USA,,SW,1,pwl,pwl,pwl:M,2010-03-08,https://www.ioc-sealevelmonitoring.org/station.php?code=vieq
vieq2,Vieques_PR,18.0939,-65.4714,USA,IOC Sea Level Station Monitoring Facility,USA,,SL,1,pwl,pwl,pwl:M,2012-12-05,https://www.ioc-sealevelmonitoring.org/station.php?code=vieq2
vig2,Vigo,42.24314,-8.726,Spain,IOC Sea Level Station Monitoring Facility,ESP,,SF,1,rad,rad,rad:M,2014-01-16,https://www.ioc-sealevelmonitoring.org/station.php?code=vig2
vike,Viker,59.036046,10.949769,Norway,IOC Sea Level Station Monitoring Facility,NOR,,SW,1,flt,flt,flt:M,2023-06-28,https://www.ioc-sealevelmonitoring.org/station.php?code=vike
vikew,Viken,56.142222,12.579167,Sweden,IOC Sea Level Station Monitoring Facility,SVE,,SW,1,rad,rad,rad:M,2021-10-18,https://www.ioc-sealevelmonitoring.org/station.php?code=vikew
vil2,Villagarcia,42.60071,-8.77003,Spain,IOC Sea Level Station Monitoring Facility,ESP,,SF,1,rad,rad,rad:M,2014-01-16,https://www.ioc-sealevelmonitoring.org/station.php?code=vil2
vin2,Vinga2,57.631667,11.608889,Sweden,IOC Sea Level Station Monitoring Facility,SVE,,SW,1,rad,rad,rad:M,2021-10-18,https://www.ioc-sealevelmonitoring.org/station.php?code=vin2
visb,Visby,57.639167,18.284444,Sweden,IOC Sea Level Station Monitoring Facility,SVE,,SW,1,rad,rad,rad:M,2021-10-18,https://www.ioc-sealevelmonitoring.org/station.php?code=visb
vish,Visakhapatnam,17.68,83.28,India,IOC Sea Level Station Monitoring Facility,IND,35,SF,1,prs,prs,prs:M,2011-08-02,https://www.ioc-sealevelmonitoring.org/station.php?code=vish
viti,Suva_Viti_Levu_FJ,-18.1342,178.4236,Fiji Islands,IOC Sea Level Station Monitoring Facility,FIJ,122,SL,1,aqu,aqu,aqu:M,2008-01-22,https://www.ioc-sealevelmonitoring.org/station.php?code=viti
vlad,Vladivostok,43.13,131.92,Russia,IOC Sea Level Station Monitoring Facility,RUS,,SW,1,rad,rad,rad:M,2013-05-17,https://www.ioc-sealevelmonitoring.org/station.php?code=vlad
vlis,Vlissingen,51.4428582528,3.59700864658,Netherlands,IOC Sea Level Station Monitoring Facility,NED,,SW,1,flt,flt,flt:M,2017-01-16,https://www.ioc-sealevelmonitoring.org/station.php?code=vlis
vlrn,Vlakte v/d Raan,51.5036168358,3.241661685,Netherlands,IOC Sea Level Station Monitoring Facility,NED,,SW,1,flt,flt,flt:M,2017-01-13,https://www.ioc-sealevelmonitoring.org/station.php?code=vlrn
vodo,Vodopadnaya,51.726762,157.988892,Russia,IOC Sea Level Station Monitoring Facility,RUS,,SW,5,rad,rad,rad:M,2010-03-02,https://www.ioc-sealevelmonitoring.org/station.php?code=vodo
vsfb,Vandenberg Space Force Base,34.555173,-120.609853,USA,IOC Sea Level Station Monitoring Facility,USA,,SL,1,rad,rad,rad:M,2023-08-30,https://www.ioc-sealevelmonitoring.org/station.php?code=vsfb
vung,Vung Tau,10.34,107.071,Viet Nam,IOC Sea Level Station Monitoring Facility,VNM,,SL,1,ra2,ra2,ra2:M,2007-10-27,https://www.ioc-sealevelmonitoring.org/station.php?code=vung
vvik,Vastervik,57.748333,16.675278,Sweden,IOC Sea Level Station Monitoring Facility,SVE,,SW,1,rad,rad,rad:M,2021-10-18,https://www.ioc-sealevelmonitoring.org/station.php?code=vvik
waik,Waikelo,-9.3898,119.2187917,Indonesia,IOC Sea Level Station Monitoring Facility,IDN,346,SL,5,prs,prs,prs:M,2008-03-19,https://www.ioc-sealevelmonitoring.org/station.php?code=waik
wait,"Waitangi,Chatham_NZ",-43.9458,-176.5608,New Zealand,IOC Sea Level Station Monitoring Facility,NWZ,128,SL,5,enc,enc,enc:F,2008-06-16,https://www.ioc-sealevelmonitoring.org/station.php?code=wait
waka,Wakkanai,45.41,141.69,Japan,IOC Sea Level Station Monitoring Facility,NIP,324,SL,1,rad,rad,rad:F,2012-03-21,https://www.ioc-sealevelmonitoring.org/station.php?code=waka
wake,Wake_US,19.29,166.618,USA,IOC Sea Level Station Monitoring Facility,USA,105,SW,1,wls,wls,wls:M,2010-03-26,https://www.ioc-sealevelmonitoring.org/station.php?code=wake
wake2,Wake_US,19.29,166.618,USA,IOC Sea Level Station Monitoring Facility,USA,105,SL,1,pwl,pwl,pwl:M,2012-12-05,https://www.ioc-sealevelmonitoring.org/station.php?code=wake2
wall,Mata-Utu (Wallis island),-13.285,-176.17,France,IOC Sea Level Station Monitoring Facility,FRA,,SL,1,rad,rad,rad:M,2014-05-07,https://www.ioc-sealevelmonitoring.org/station.php?code=wall
wall2,Mata-Utu 2 (Wallis Island),-13.285,-176.17,France,IOC Sea Level Station Monitoring Facility,FRA,,SF,1,rad,rad,rad:M,2025-10-14,https://www.ioc-sealevelmonitoring.org/station.php?code=wall2
walvi,Walvis Bay,-22.9492,14.4986,Namibia,IOC Sea Level Station Monitoring Facility,NAM,314,SL,5,rad,rad,rad:M,2008-05-16,https://www.ioc-sealevelmonitoring.org/station.php?code=walvi
warn,Warnemünde,54.169722,12.103333,Germany,IOC Sea Level Station Monitoring Facility,DEU,,SW,1,flt,flt,flt:M,2010-05-04,https://www.ioc-sealevelmonitoring.org/station.php?code=warn
wbhb,West Bay Harbour,50.71017,-2.76398,UK,IOC Sea Level Station Monitoring Facility,GRB,,SW,5,stp,stp,stp:M,2012-09-20,https://www.ioc-sealevelmonitoring.org/station.php?code=wbhb
weym,Weymouth,50.61,-2.45,UK,IOC Sea Level Station Monitoring Facility,GRB,,SF,1,bub,bub,bub:M,2012-09-04,https://www.ioc-sealevelmonitoring.org/station.php?code=weym
whbc,Winter_Harbour_BC,50.51,-128.03,Canada,IOC Sea Level Station Monitoring Facility,CAN,,SL,1,pwl,pwl,pwl:M,2006-06-07,https://www.ioc-sealevelmonitoring.org/station.php?code=whbc
whit,Whitby,54.49,-0.61,UK,IOC Sea Level Station Monitoring Facility,GRB,,SF,1,bub,bub,bub:M,2012-09-04,https://www.ioc-sealevelmonitoring.org/station.php?code=whit
wick,Wick Harbour,58.44,-3.09,UK,IOC Sea Level Station Monitoring Facility,GRB,,SF,1,bub,bub,bub:M,2012-09-04,https://www.ioc-sealevelmonitoring.org/station.php?code=wick
will,Willemstad,12.104264,-68.941558,Curaçao,IOC Sea Level Station Monitoring Facility,CUW,,NA,5,rad,rad,rad:M,2011-01-12,https://www.ioc-sealevelmonitoring.org/station.php?code=will
wint,Winter Harbour,50.51,-128.03,Canada,IOC Sea Level Station Monitoring Facility,CAN,,SF,5,enc,enc,enc:M,2008-10-23,https://www.ioc-sealevelmonitoring.org/station.php?code=wint
wlgt,Wellington,-41.2846217,174.7790967,New Zealand,IOC Sea Level Station Monitoring Facility,NWZ,101,SL,1,prs,prs,prs:M,2009-01-15,https://www.ioc-sealevelmonitoring.org/station.php?code=wlgt
wlms,"Bay Waveland Yacht Club, MS",30.3264,-89.3258,USA,IOC Sea Level Station Monitoring Facility,USA,,SW,1,wls,wls,wls:M,2009-02-06,https://www.ioc-sealevelmonitoring.org/station.php?code=wlms
wlms2,"Bay Waveland Yacht Club, MS",30.3264,-89.3258,USA,IOC Sea Level Station Monitoring Facility,USA,,SL,1,pwl,pwl,pwl:M,2012-12-05,https://www.ioc-sealevelmonitoring.org/station.php?code=wlms2
wood,"Woods Hole, MA",41.5233,-70.6717,USA,IOC Sea Level Station Monitoring Facility,USA,,SW,1,wls,wls,wls:M,2009-02-06,https://www.ioc-sealevelmonitoring.org/station.php?code=wood
wood2,"Woods Hole, MA",41.5233,-70.6717,USA,IOC Sea Level Station Monitoring Facility,USA,,SL,1,pwl,pwl,pwl:M,2012-12-05,https://www.ioc-sealevelmonitoring.org/station.php?code=wood2
work,Workington,54.65,-3.57,UK,IOC Sea Level Station Monitoring Facility,GRB,,SF,1,bub,bub,bub:M,2012-09-04,https://www.ioc-sealevelmonitoring.org/station.php?code=work
wpwa,"Westport, WA",46.9083,-124.11,USA,IOC Sea Level Station Monitoring Facility,USA,,SW,1,pwl,pwl,pwl:M,2006-06-07,https://www.ioc-sealevelmonitoring.org/station.php?code=wpwa
wpwa2,"Westport, WA",46.9083,-124.11,USA,IOC Sea Level Station Monitoring Facility,USA,,SL,1,pwl,pwl,pwl:M,2012-12-05,https://www.ioc-sealevelmonitoring.org/station.php?code=wpwa2
wuda,Khawr Wudam,23.82,57.52,Oman,IOC Sea Level Station Monitoring Facility,OMA,,SL,1,rad,rad,rad:M,2013-03-27,https://www.ioc-sealevelmonitoring.org/station.php?code=wuda
xish,Xisha,16.83,112.33,China,IOC Sea Level Station Monitoring Facility,CHN,,NA,5,rad,rad,rad:M,2014-10-02,https://www.ioc-sealevelmonitoring.org/station.php?code=xish
xmas,Christmas_KI,1.984,-157.473,Kiribati,IOC Sea Level Station Monitoring Facility,KIR,146,SL,1,rad,rad,rad:M,2009-02-14,https://www.ioc-sealevelmonitoring.org/station.php?code=xmas
yabu,"Yabucoa Harbor, PR",18.0551,-65.833,USA,IOC Sea Level Station Monitoring Facility,USA,,SL,1,wls,wls,wls:M,2010-03-26,https://www.ioc-sealevelmonitoring.org/station.php?code=yabu
yaku,Yakutat_AK,59.548,-139.735,USA,IOC Sea Level Station Monitoring Facility,USA,,SW,1,pwl,pwl,pwl:M,2006-06-07,https://www.ioc-sealevelmonitoring.org/station.php?code=yaku
yaku2,Yakutat_AK,59.548,-139.735,USA,IOC Sea Level Station Monitoring Facility,USA,,SL,1,pwl,pwl,pwl:M,2012-12-05,https://www.ioc-sealevelmonitoring.org/station.php?code=yaku2
yalo,Yalova,40.661975860596,29.277667999268,Turkey,IOC Sea Level Station Monitoring Facility,TUR,,SW,1,rad,rad,rad:M,2020-11-05,https://www.ioc-sealevelmonitoring.org/station.php?code=yalo
yapi,Yap Island,9.5142,138.1246,Micronesia,IOC Sea Level Station Monitoring Facility,MIC,119,SL,1,prs,prs,prs:M,2006-06-14,https://www.ioc-sealevelmonitoring.org/station.php?code=yapi
ysta,Ystad2,55.422778,13.825556,Sweden,IOC Sea Level Station Monitoring Facility,SVE,,SW,1,rad,rad,rad:M,2021-10-18,https://www.ioc-sealevelmonitoring.org/station.php?code=ysta
yuzh,Yuzhno-Kuril'sk,44.04,145.85,Russia,IOC Sea Level Station Monitoring Facility,RUS,90,SW,5,rad,rad,rad:M,2013-05-17,https://www.ioc-sealevelmonitoring.org/station.php?code=yuzh
zanz,Zanzibar,-6.15,39.1833,Tanzania,IOC Sea Level Station Monitoring Facility,TAN,297,SL,5,prs,prs,prs:M,2006-06-07,https://www.ioc-sealevelmonitoring.org/station.php?code=zanz
zhap,Zhapo,21.58,111.82,China,IOC Sea Level Station Monitoring Facility,CHN,78,SL,1,rad,rad,rad:M,2014-10-02,https://www.ioc-sealevelmonitoring.org/station.php?code=zhap
zihu,"Zihuatanejo, Gro",17.636667,-101.558333,Mexico,IOC Sea Level Station Monitoring Facility,MEX,,SF,1,rad,rad,rad:M,2016-10-17,https://www.ioc-sealevelmonitoring.org/station.php?code=zihu
zihu2,Zihuatanejo2,17.6361833,-101.5581833,Mexico,IOC Sea Level Station Monitoring Facility,MEX,,SL,1,flt,flt,flt:M,2012-12-17,https://www.ioc-sealevelmonitoring.org/station.php?code=zihu2
zldw,Zeebrugge Leopold II dam,51.34638889,3.200277778,Belgium,IOC Sea Level Station Monitoring Facility,BEL,,SW,1,bub,bub,bub:M,2023-10-05,https://www.ioc-sealevelmonitoring.org/station.php?code=zldw
zwdw,Zeebrugge Wielingendok,51.35527778,3.178055556,Belgium,IOC Sea Level Station Monitoring Facility,BEL,,SW,1,bub,bub,bub:M,2023-10-05,https://www.ioc-sealevelmonitoring.org/station.php?code=zwdw
zygi,Zygi,34.727083,33.338375,Cyprus,IOC Sea Level Station Monitoring Facility,CYP,,SF,5,prs,prs,prs:M,2011-09-07,https://www.ioc-sealevelmonitoring.org/station.php?code=zygi
zygi1,Zygi,34.726315,33.340228,Cyprus,IOC Sea Level Station Monitoring Facility,CYP,,SB,5,rad,rad,rad:M,2018-03-16,https://www.ioc-sealevelmonitoring.org/station.php?code=zygi1
