gauge_id,station_name,latitude,longitude,source,state,status,established,removed,tidal,greatlakes,default_datum,affiliations,tide_type,shef_code,stage_instantaneous,stage_daily_mean,stage_monthly_mean,water-temperature_instantaneous
1495000,"Esperanza, Antarctica",-63.395,-56.995,NOAA CO-OPS,,historic,1993-02-15,1999-02-26,True,False,MLLW,,Mixed,,True,True,True,False
1611347,"PORT ALLEN, HANAPEPE BAY, KAUAI ISLAND",21.9033,-159.592,NOAA CO-OPS,HI,historic,1988-02-23,1997-02-12,True,False,MLLW,,Mixed Diurnal,,True,True,True,False
1611400,Nawiliwili,21.9544,-159.3561,NOAA CO-OPS,HI,active,1954-11-24,,True,False,MLLW,NWLON,Mixed,NWWH1,True,True,True,True
1612340,Honolulu,21.303333,-157.86453,NOAA CO-OPS,HI,active,1905-01-01,,True,False,MLLW,NWLON,Mixed,OOUH1,True,True,True,True
1612366,"FORT KAMEHAMEHA, BISHOP POINT, PEARL HBR",21.33,-157.967,NOAA CO-OPS,HI,historic,1948-07-27,1987-03-24,True,False,MLLW,,Mixed,,False,True,True,False
1612401,Pearl Harbor,21.3675,-157.9639,NOAA CO-OPS,HI,active,2023-05-31,,True,False,MLLW,PORTS,Mixed,PRHH1,True,True,True,False
1612404,"FORD ISLAND, FERRY DOCK, PEARL HARBOR",21.3683,-157.94,NOAA CO-OPS,HI,historic,1987-01-27,1987-03-23,True,False,MLLW,,Mixed,,False,True,True,False
1612479,"MOKUOLOE, KANEONE BAY, OAHU IS. (BACKUP)",21.435,-157.792,NOAA CO-OPS,HI,historic,1983-08-15,1991-01-29,True,False,MLLW,,,,True,True,True,False
1612480,Mokuoloe,21.433056,-157.79,NOAA CO-OPS,HI,active,1957-05-03,,True,False,MLLW,NWLON,Mixed,MOKH1,True,True,True,True
1612702,"LAIEMALOO, OAHU ISLAND",21.6367,-157.922,NOAA CO-OPS,HI,historic,1982-10-25,1983-12-01,True,False,MLLW,,Mixed Diurnal,,False,True,True,False
1613198,Kaunakakai Harbor,21.085,-157.032,NOAA CO-OPS,HI,historic,2000-07-31,2001-01-28,True,False,MLLW,,Mixed,,True,True,True,False
1614465,"KAUMALAPAU HARBOR, LANAI ISLAND",20.79,-156.995,NOAA CO-OPS,HI,historic,2007-07-11,2015-03-23,True,False,MLLW,,Mixed,,True,True,True,False
1615680,"Kahului, Kahului Harbor",20.894945,-156.469,NOAA CO-OPS,HI,active,1946-12-19,,True,False,MLLW,NWLON,Mixed,KLIH1,True,True,True,True
1617433,Kawaihae,20.0366,-155.8294,NOAA CO-OPS,HI,active,1988-02-06,,True,False,MLLW,NWLON,Mixed,KWHH1,True,True,True,True
1617760,"Hilo, Hilo Bay, Kuhio Bay",19.730278,-155.05556,NOAA CO-OPS,HI,active,1946-11-30,,True,False,MLLW,NWLON,Mixed,ILOH1,True,True,True,True
1619000,Johnston Atoll,16.7383,-169.53,NOAA CO-OPS,United States of America,historic,1947-04-28,2003-02-19,True,False,MLLW,,Mixed,,True,True,True,False
1619910,"Sand Island, Midway Islands",28.211666,-177.36,NOAA CO-OPS,United States of America,active,1947-02-02,,True,False,MLLW,NWLON,Mixed,SNDP5,True,True,True,True
1630000,"Apra Harbor, Guam",13.443389,144.65636,NOAA CO-OPS,United States of America,active,1948-03-11,,True,False,MLLW,NWLON,Mixed,APRP7,True,True,True,True
1631428,"Pago Bay, Guam",13.428333,144.79889,NOAA CO-OPS,United States of America,active,2004-04-22,,True,False,MLLW,"Global,USACE",Mixed,PGBP7,True,True,True,False
1633227,Saipan,15.2267,145.737,NOAA CO-OPS,GU,historic,2000-08-24,2001-03-19,True,False,MLLW,,Mixed,,True,True,True,False
1732417,Fare Ute Point,-17.535,-149.572,NOAA CO-OPS,,historic,1990-08-20,2002-09-05,True,False,MLLW,,Mixed,,True,True,True,False
1770000,"Pago Pago, American Samoa",-14.28,-170.69,NOAA CO-OPS,American Samoa,active,1948-09-06,,True,False,MLLW,NWLON,Mixed,NSTP6,True,True,True,True
1820000,"Kwajalein, Marshall Islands",8.731667,167.73611,NOAA CO-OPS,United States of America,active,1946-06-10,,True,False,MLLW,NWLON,Mixed,KWJP8,True,True,True,True
1840000,"CHUUK, MOEN ISLAND, E. CAROLINE ISLANDS",7.44667,151.847,NOAA CO-OPS,FM,historic,1947-10-02,1995-07-26,True,False,MLLW,,Diurnal,,True,True,True,False
1890000,"Wake Island, Pacific Ocean",19.290556,166.6175,NOAA CO-OPS,United States of America,active,1950-05-29,,True,False,MLLW,NWLON,Mixed,WAKP8,True,True,True,True
1910000,"SUVA, SUVA HARBOR",-18.1333,178.425,NOAA CO-OPS,Fiji,historic,1989-02-27,1997-11-14,True,False,MLLW,,Mixed,,True,True,True,False
2431000,Diego Garcia,-7.29,72.3933,NOAA CO-OPS,United Kingdom,historic,1990-08-10,1997-02-17,True,False,MLLW,,Mixed,,True,True,True,False
2627000,"Ponta Delgada, Azores",37.735,-25.6733,NOAA CO-OPS,Portugal,historic,1992-06-27,1999-02-26,True,False,MLLW,,Semi Diurnal,,True,True,True,False
2630000,"Praia, Cape Verde Islands",14.9083,-23.5083,NOAA CO-OPS,Cape Verde,historic,1991-09-21,1996-05-19,True,False,MLLW,,Mixed,,True,True,True,False
2695535,Bermuda Biological Station,32.370224,-64.695724,NOAA CO-OPS,Bermuda,active,1932-01-01,,True,False,MLLW,Global,Mixed,FRCB6,True,True,True,True
2695540,"Bermuda, St. Georges Island",32.3734,-64.7033,NOAA CO-OPS,Bermuda,active,1989-05-29,,True,False,MLLW,Global,Mixed,BEPB6,True,True,True,True
7641400,"Lagos, Nigeria",6.42333,3.41167,NOAA CO-OPS,Nigeria,historic,1992-05-08,1997-07-09,True,False,MLLW,,Mixed,,True,True,True,False
7691360,"Dakar, Senegal",14.6767,-17.42,NOAA CO-OPS,Senegal,historic,1991-09-12,1999-02-26,True,False,MLLW,,Mixed,,True,True,True,False
8311018,WADDINGTON,44.86525,-75.20964,NOAA CO-OPS,NY,historic,1936-06-01,1987-02-28,False,True,IGLD,,,,False,True,True,False
8311030,Ogdensburg,44.702778,-75.494446,NOAA CO-OPS,NY,active,1900-09-01,,False,True,IGLD,NWLON,Great Lakes,OBGN6,True,True,True,True
8311060,ALEXANDRIA BAY,44.333305,-75.91664,NOAA CO-OPS,NY,historic,1954-05-01,1987-02-28,False,True,IGLD,,,,False,True,True,False
8311062,Alexandria Bay,44.33111,-75.934525,NOAA CO-OPS,NY,active,1983-06-01,,False,True,IGLD,NWLON,Great Lakes,ALXN6,True,True,True,True
8311070,CLAYTON,44.241695,-76.08669,NOAA CO-OPS,NY,historic,1954-05-01,1980-09-30,False,True,IGLD,,,,False,True,True,False
8410140,Eastport,44.90461,-66.98289,NOAA CO-OPS,ME,active,1929-09-12,,True,False,MLLW,NWLON,Mixed,PSBM1,True,True,True,True
8410714,"COFFIN POINT, COFFIN NECK",44.87,-67.1083,NOAA CO-OPS,ME,historic,1985-07-06,1985-11-04,True,False,MLLW,,Mixed,,False,True,True,False
8410715,"GARNET POINT, HERSEY NECK",44.9233,-67.13,NOAA CO-OPS,ME,historic,1985-07-01,1985-11-04,True,False,MLLW,,Mixed,,False,True,True,False
8410834,"Pettegrove Point, Dochet Island",45.128445,-67.14467,NOAA CO-OPS,ME,historic,2010-03-21,2010-11-05,True,False,MLLW,Hydro,Mixed,,True,True,True,False
8410864,"Gravelly Point, Whiting Bay",44.8233,-67.1517,NOAA CO-OPS,ME,historic,2010-03-11,2010-11-04,True,False,MLLW,Hydro,Mixed,,True,True,True,False
8411060,Cutler Farris Wharf,44.6567,-67.21,NOAA CO-OPS,ME,active,1963-09-25,,True,False,MLLW,NWLON,Mixed,CFWM1,True,True,True,True
8411250,Cutler Naval Base,44.6417,-67.2967,NOAA CO-OPS,ME,historic,1978-11-10,2010-11-11,True,False,MLLW,,Mixed,CTGM1,True,True,True,False
8412581,Milbridge,44.54,-67.875,NOAA CO-OPS,ME,historic,1999-06-17,1999-10-20,True,False,MLLW,,Mixed,,True,True,True,False
8413320,Bar Harbor,44.392193,-68.20428,NOAA CO-OPS,ME,active,1947-08-16,,True,False,MLLW,NWLON,Mixed,ATGM1,True,True,True,True
8413801,Ellsworth,44.535,-68.4217,NOAA CO-OPS,ME,historic,1999-06-15,1999-10-25,True,False,MLLW,,Mixed,,True,True,True,False
8413825,"MACKEREL COVE, SWANS ISLAND",44.17,-68.435,NOAA CO-OPS,ME,historic,1994-08-29,1994-10-14,True,False,MLLW,,Mixed,,True,True,True,False
8414249,"Oceanville, Deer Isle",44.192307,-68.62093,NOAA CO-OPS,ME,historic,2010-03-13,2010-08-11,True,False,MLLW,Hydro,Mixed,,True,True,True,False
8414612,Bangor,44.785,-68.7667,NOAA CO-OPS,ME,historic,1970-03-17,2006-11-12,True,False,MLLW,Hydro,Mixed,,True,True,True,False
8414684,BUCKSPORT,44.5717,-68.8017,NOAA CO-OPS,ME,historic,1984-08-24,1985-07-24,True,False,MLLW,,Mixed,,False,True,True,False
8414692,SANDY POINT,44.505,-68.805,NOAA CO-OPS,ME,historic,1984-05-02,1984-06-26,True,False,MLLW,,Mixed,,False,True,True,False
8414721,Fort Point,44.4717,-68.8133,NOAA CO-OPS,ME,historic,1908-01-01,1999-09-01,True,False,MLLW,,Mixed,,True,True,True,False
8414781,"WINTERPORT, PENOBSCOT RIVER",44.6367,-68.8417,NOAA CO-OPS,ME,historic,1970-01-01,1984-10-09,True,False,MLLW,,Mixed,,False,True,True,False
8414821,"IRON POINT, FOX ISL, THOROFARE",44.1267,-68.8583,NOAA CO-OPS,ME,historic,1985-06-01,1985-06-30,True,False,MLLW,,,,False,True,True,False
8414856,NORTH HAVEN,44.1267,-68.8733,NOAA CO-OPS,ME,historic,1985-05-11,1994-10-17,True,False,MLLW,,Mixed,,True,True,True,False
8414888,"PULPIT HARBOR, PENOBSCOT BAY",44.1567,-68.8867,NOAA CO-OPS,ME,historic,1983-05-22,1985-07-22,True,False,MLLW,,Mixed,,False,True,True,False
8415191,"BELFAST, PENOBSCOT BAY",44.4267,-69.005,NOAA CO-OPS,ME,historic,1983-05-25,1985-07-24,True,False,MLLW,,Mixed,,False,True,True,False
8415490,Rockland,44.105,-69.1017,NOAA CO-OPS,ME,historic,1945-05-14,1987-07-09,True,False,MLLW,,,,False,True,True,False
8415709,Thomaston,44.0717,-69.1817,NOAA CO-OPS,ME,historic,2003-06-04,2003-10-15,True,False,MLLW,Global,Mixed,,True,True,True,False
8416731,"WALPOLE, DAMARISCOTTA RIVER",43.9333,-69.58,NOAA CO-OPS,ME,historic,1976-11-11,1981-09-11,True,False,MLLW,,Mixed,,False,True,True,False
8416921,Wiscasset,44.0,-69.6667,NOAA CO-OPS,ME,historic,2015-03-30,2015-09-09,True,False,MLLW,,Mixed,,True,True,True,False
8417087,Phipps Pt.,43.8983,-69.7433,NOAA CO-OPS,ME,historic,2015-04-17,2015-09-12,True,False,MLLW,,Mixed,,True,True,True,False
8417134,Gardiner,44.2333,-69.7667,NOAA CO-OPS,ME,historic,1933-10-01,2005-11-07,True,False,MLLW,,Mixed,,True,True,True,False
8417144,"Augusta, MCRR Bridge, Kennebec River",44.32,-69.77028,NOAA CO-OPS,ME,historic,2015-04-01,2015-09-12,True,False,MLLW,,Mixed,,True,True,True,False
8417177,Hunniwell Point,43.755,-69.785,NOAA CO-OPS,ME,historic,2005-07-15,2005-11-01,True,False,MLLW,,Mixed,,True,True,True,False
8417208,Richmond,44.0883,-69.7983,NOAA CO-OPS,ME,historic,2005-07-19,2005-11-08,True,False,MLLW,,Mixed,,True,True,True,False
8417227,Bath,43.925,-69.815,NOAA CO-OPS,ME,historic,2005-07-14,2005-11-02,True,False,MLLW,,Mixed,,True,True,True,False
8417821,"CLIFF ISLAND, LUCKSE SOUND",43.695,-70.11,NOAA CO-OPS,ME,historic,1979-08-16,1979-11-10,True,False,MLLW,,Semi Diurnal,,False,True,True,False
8417874,"DOYLE POINT, CASCO BAY",43.7517,-70.14,NOAA CO-OPS,ME,historic,1979-09-15,1979-10-25,True,False,MLLW,,Mixed,,False,True,True,False
8417881,GREAT CHEBEAGUE ISLAND,43.7217,-70.1417,NOAA CO-OPS,ME,historic,1979-09-08,1979-11-10,True,False,MLLW,,Semi Diurnal,,False,True,True,False
8417941,"LONG ISLAND, CASCO BAY",43.69,-70.17,NOAA CO-OPS,ME,historic,1979-08-15,1979-10-25,True,False,MLLW,,Semi Diurnal,,False,True,True,False
8417948,"PRINCE POINT, YARMOUTH",43.7617,-70.1733,NOAA CO-OPS,ME,historic,1979-09-24,1979-11-08,True,False,MLLW,,Semi Diurnal,,False,True,True,False
8417988,"GREAT DIAMOND IS., CASCO BAY",43.67,-70.2,NOAA CO-OPS,ME,historic,1979-08-17,1979-10-02,True,False,MLLW,,Semi Diurnal,,False,True,True,False
8417997,"CUSHING ISLAND, CASCO BAY",43.645,-70.1983,NOAA CO-OPS,ME,historic,1979-08-16,1979-11-02,True,False,MLLW,,Semi Diurnal,,False,True,True,False
8418009,"COW ISLAND, CASCO BAY",43.69,-70.19,NOAA CO-OPS,ME,historic,1979-09-21,1979-11-05,True,False,MLLW,,Semi Diurnal,,False,True,True,False
8418015,FALMOUTH FORESIDE,43.7317,-70.205,NOAA CO-OPS,ME,historic,1979-09-25,1979-11-08,True,False,MLLW,,Semi Diurnal,,False,True,True,False
8418031,PORTLAND HEAD LIGHT STATION,43.6233,-70.2067,NOAA CO-OPS,ME,historic,1979-09-10,1979-11-10,True,False,MLLW,,Semi Diurnal,,False,True,True,False
8418150,Portland,43.658054,-70.24416,NOAA CO-OPS,ME,active,1910-03-04,,True,False,MLLW,NWLON,Mixed,CASM1,True,True,True,True
8418268,"FORE RIVER, PORTLAND",43.6417,-70.285,NOAA CO-OPS,ME,historic,1979-08-14,1979-11-08,True,False,MLLW,,Semi Diurnal,,False,True,True,False
8418445,Pine Point,43.545,-70.3333,NOAA CO-OPS,ME,historic,2002-06-06,2002-10-18,True,False,MLLW,,Mixed,,True,True,True,False
8418606,"CAMP ELLIS, SACO RIVER",43.4617,-70.3817,NOAA CO-OPS,ME,historic,1991-06-25,1991-10-25,True,False,MLLW,,Mixed,,True,True,True,False
8418828,"BIDDEFORD, SACO RIVER",43.4917,-70.4467,NOAA CO-OPS,ME,historic,1991-06-01,1991-10-24,True,False,MLLW,,Mixed,,True,True,True,False
8418911,"KENNEBUNKPORT, KENNEBUNK RIVER",43.3583,-70.4767,NOAA CO-OPS,ME,historic,1991-06-28,1991-10-25,True,False,MLLW,,Mixed,,True,True,True,False
8419317,Wells,43.32,-70.5633,NOAA CO-OPS,ME,historic,1999-06-10,2022-08-03,True,False,MLLW,COASTAL,Mixed,WELM1,True,True,True,False
8419399,CAPE NEDDICK,43.1667,-70.5933,NOAA CO-OPS,ME,historic,1976-08-28,1976-10-07,True,False,MLLW,,,,False,True,True,False
8419528,"FORT POINT, YORK HARBOR",43.13,-70.6383,NOAA CO-OPS,ME,historic,1976-08-29,1976-10-03,True,False,MLLW,,,,False,True,True,False
8419688,"GERRISH ISLAND, KITTERY",43.0667,-70.6967,NOAA CO-OPS,ME,historic,1976-08-06,1997-10-07,True,False,MLLW,,Mixed,,True,True,True,False
8419751,APPLEDORE ISLAND,42.9883,-70.6183,NOAA CO-OPS,ME,historic,1976-10-01,1976-10-31,True,False,MLLW,,,,False,True,True,False
8419870,Seavey Island,43.079723,-70.74111,NOAA CO-OPS,ME,active,1926-08-26,,True,False,MLLW,PORTS,Mixed,SEIM1,True,True,True,True
8420411,"DOVER, COCHECO RIVER",43.1983,-70.8683,NOAA CO-OPS,NH,historic,1998-05-15,1998-09-11,True,False,MLLW,,Mixed,,True,True,True,False
8422272,"ADAMS POINT, DURHAM",43.0933,-70.8633,NOAA CO-OPS,NH,historic,1975-06-25,1975-09-03,True,False,MLLW,,,,False,True,True,False
8422301,BRACKETTS POINT,43.06,-70.8683,NOAA CO-OPS,NH,historic,1975-07-02,1975-10-03,True,False,MLLW,,,,False,True,True,False
8423005,ATLANTIC TERMINALS  T14A,43.1167,-70.8117,NOAA CO-OPS,NH,historic,1975-08-26,2017-01-04,True,False,MLLW,,Mixed,,True,True,True,False
8423635,ATLANTIC HEIGHTS,43.09,-70.7633,NOAA CO-OPS,NH,historic,1975-06-27,1975-10-17,True,False,MLLW,,,,False,True,True,False
8423898,Fort Point,43.0717,-70.7117,NOAA CO-OPS,NH,historic,1976-08-12,2020-04-13,True,False,MLLW,Hydro,Mixed,FTPN3,True,True,True,False
8440273,"SALISBURY POINT, MERRIMACK RIVER",42.8383,-70.9083,NOAA CO-OPS,MA,historic,1989-05-18,1989-10-23,True,False,MLLW,,Mixed,,False,True,True,False
8440369,"MERRIMACPORT, MERRIMACK RIVER",42.825,-70.9883,NOAA CO-OPS,MA,historic,1989-05-22,1989-10-20,True,False,MLLW,,Mixed,,False,True,True,False
8440452,"PLUM ISLAND, MERRIMACK  RIVER ENTRANCE",42.8167,-70.82,NOAA CO-OPS,MA,historic,1989-05-25,1989-10-25,True,False,MLLW,,Mixed,,False,True,True,False
8440466,"NEWBURYPORT, MERRIMACK RIVER",42.815,-70.8733,NOAA CO-OPS,MA,historic,1989-05-15,1990-09-11,True,False,MLLW,,Mixed,,True,True,True,False
8440889,"RIVERSIDE, MERRIMACK RIVER",42.76389,-71.03403,NOAA CO-OPS,MA,historic,1989-05-25,1989-10-24,True,False,MLLW,,Mixed,,False,True,True,False
8441241,Plum Island South,42.71014,-70.78861,NOAA CO-OPS,MA,historic,2010-03-09,2010-08-10,True,False,MLLW,Hydro,Mixed,,True,True,True,False
8441551,ROCKPORT HARBOR,42.6583,-70.615,NOAA CO-OPS,MA,historic,1992-06-11,1992-10-09,True,False,MLLW,,Mixed,,True,True,True,False
8441571,"LOBSTER COVE,  ANNISQUAM RIVER",42.655,-70.6767,NOAA CO-OPS,MA,historic,1994-04-29,1994-10-01,True,False,MLLW,,Mixed,,True,True,True,False
8441771,"ESSEX, ESSEX RIVER",42.6317,-70.7767,NOAA CO-OPS,MA,historic,1994-05-06,1994-10-01,True,False,MLLW,,Mixed,,True,True,True,False
8441841,GLOUCESTER HARBOR,42.61,-70.66,NOAA CO-OPS,MA,historic,1992-06-13,1992-10-11,True,False,MLLW,,Mixed,,True,True,True,False
8442417,"BEVERLY, BEVERLY HARBOR",42.54,-70.8867,NOAA CO-OPS,MA,historic,1992-06-09,1992-10-08,True,False,MLLW,,Mixed,,True,True,True,False
8442645,"SALEM, SALEM HARBOR",42.5233,-70.8767,NOAA CO-OPS,MA,historic,1992-06-03,1992-10-07,True,False,MLLW,,Mixed,,True,True,True,False
8443187,"LYNN, LYNN HARBOR",42.4583,-70.9433,NOAA CO-OPS,MA,historic,1992-06-02,1992-10-06,True,False,MLLW,,Mixed,,True,True,True,False
8443662,"AMELIA EARHART DAM, MYSTIC RIVER",42.395,-71.0767,NOAA CO-OPS,MA,historic,1994-05-03,1994-10-21,True,False,MLLW,,Mixed,,True,True,True,False
8443725,Chelsea,42.3867,-71.0233,NOAA CO-OPS,MA,historic,2002-06-11,2002-10-19,True,False,MLLW,,Mixed,,True,True,True,False
8443970,Boston,42.35389,-71.05028,NOAA CO-OPS,MA,active,1921-05-03,,True,False,MLLW,NWLON,Mixed,BHBM3,True,True,True,False
8444162,Boston Light,42.3283,-70.8917,NOAA CO-OPS,MA,historic,2000-08-25,2004-05-24,True,False,MLLW,Hydro,Mixed,,True,True,True,False
8444525,Nut Island,42.28,-70.9533,NOAA CO-OPS,MA,historic,2000-08-24,2001-11-05,True,False,MLLW,,Mixed,,True,True,True,False
8444788,Weymouth Fore River,42.2483,-70.9667,NOAA CO-OPS,MA,historic,2003-06-06,2003-10-17,True,False,MLLW,Global,Mixed,,True,True,True,False
8445138,"SCITUATE, SCITUATE HARBOR",42.2017,-70.7267,NOAA CO-OPS,MA,historic,1990-05-23,1990-09-14,True,False,MLLW,,Mixed,,True,True,True,False
8446009,"BRANT ROCK, GREEN HARBOR RIVER",42.0833,-70.6467,NOAA CO-OPS,MA,historic,1990-05-22,1990-09-13,True,False,MLLW,,Mixed,,True,True,True,False
8446121,Provincetown,42.04959,-70.18216,NOAA CO-OPS,MA,historic,2010-03-05,2010-08-16,True,False,MLLW,Hydro,Mixed,,True,True,True,False
8446166,"DUXBURY, DUXBURY HARBOR",42.0383,-70.67,NOAA CO-OPS,MA,historic,1990-05-18,1990-09-12,True,False,MLLW,,Mixed,,True,True,True,False
8446493,"PLYMOUTH, PLYMOUTH HARBOR",41.96,-70.6617,NOAA CO-OPS,MA,historic,1990-05-16,1990-09-15,True,False,MLLW,,Mixed,,True,True,True,False
8447173,"Sagamore, Cape Cod Canal (Sta. 115)",41.775,-70.535,NOAA CO-OPS,MA,historic,1982-09-17,2001-10-12,True,False,MLLW,,Mixed,,True,True,True,False
8447180,Sandwich,41.7717,-70.5067,NOAA CO-OPS,MA,historic,1955-07-29,2001-10-13,True,False,MLLW,,Mixed,,True,True,True,False
8447191,"Bournedale, Cape Cod Canal (Sta. 200)",41.77,-70.5617,NOAA CO-OPS,MA,historic,1982-09-16,2001-10-16,True,False,MLLW,,Mixed,,True,True,True,False
8447241,"SESUIT HARBOR, EAST DENNIS",41.7517,-70.155,NOAA CO-OPS,MA,historic,1993-04-30,1993-10-19,True,False,MLLW,,Mixed,,True,True,True,False
8447259,"Bourne Bridge, Cape Cod Canal (Sta. 320)",41.745,-70.5933,NOAA CO-OPS,MA,historic,1982-09-15,2001-10-20,True,False,MLLW,,Mixed,,True,True,True,False
8447270,Buzzards Bay,41.7417,-70.6167,NOAA CO-OPS,MA,historic,1955-07-29,2000-10-11,True,False,MLLW,,Mixed,,True,True,True,False
8447277,ONSET BEACH  T-12,41.7417,-70.6583,NOAA CO-OPS,MA,historic,1977-07-19,1977-10-03,True,False,MLLW,,,,False,True,True,False
8447281,STEEPBROOK,41.74,-71.1317,NOAA CO-OPS,MA,historic,1977-09-12,1977-11-01,True,False,MLLW,,,,False,True,True,False
8447295,Gray Gables,41.735,-70.6233,NOAA CO-OPS,MA,historic,2000-07-21,2000-10-14,True,False,MLLW,,Mixed,,True,True,True,False
8447355,MONUMENT BEACH  T-8,41.715,-70.6167,NOAA CO-OPS,MA,historic,1977-07-12,1977-09-27,True,False,MLLW,,,,False,True,True,False
8447368,Great Hill,41.7117,-70.715,NOAA CO-OPS,MA,historic,1977-06-30,2009-11-17,True,False,MLLW,Hydro,Mixed,,True,True,True,False
8447385,"MARION, BUZZARD'S BAY",41.705,-70.7617,NOAA CO-OPS,MA,historic,1976-09-15,1976-11-10,True,False,MLLW,,Mixed,,False,True,True,False
8447386,Fall River,41.7043,-71.1641,NOAA CO-OPS,MA,active,1955-10-28,,True,False,MLLW,"PORTS,Global",Mixed,FRVM3,True,True,True,True
8447416,Piney Point,41.695,-70.72,NOAA CO-OPS,MA,historic,2000-07-19,2000-10-12,True,False,MLLW,,Mixed,,True,True,True,False
8447435,Chatham,41.6885,-69.9511,NOAA CO-OPS,MA,active,1955-04-27,,True,False,MLLW,COASTAL,Mixed,CHTM3,True,True,True,True
8447495,SAQUATUCKET HARBOR,41.6683,-70.0567,NOAA CO-OPS,MA,historic,1993-04-28,1993-10-19,True,False,MLLW,,Mixed,,True,True,True,False
8447504,"SOUTH YARMOUTH, BASS RIVER",41.665,-70.1833,NOAA CO-OPS,MA,historic,1983-10-05,1983-10-13,True,False,MLLW,,Mixed,,False,True,True,False
8447505,"CHATHAM, STAGE HARBOR",41.6667,-69.9667,NOAA CO-OPS,MA,historic,1992-05-28,1992-10-05,True,False,MLLW,,Mixed,,True,True,True,False
8447506,"WYCHMERE HBR., HARWICHPORT",41.665,-70.065,NOAA CO-OPS,MA,historic,1956-05-01,1956-10-31,True,False,MLLW,,,,False,True,True,False
8447531,MATTAPOISETT,41.6567,-70.8133,NOAA CO-OPS,MA,historic,1976-04-28,1994-06-11,True,False,MLLW,,Mixed,,True,True,True,False
8447605,HYANNISPORT,41.6317,-70.3,NOAA CO-OPS,MA,historic,1983-09-16,1994-09-06,True,False,MLLW,,Mixed,,True,True,True,False
8447636,New Bedford Harbor,41.6212,-70.9137,NOAA CO-OPS,MA,active,2022-11-10,,True,False,MLLW,PORTS,Mixed,NBFM3,True,True,True,False
8447685,Chappaquoit Point,41.605,-70.6517,NOAA CO-OPS,MA,historic,1976-06-04,2000-10-13,True,False,MLLW,,Mixed,,True,True,True,False
8447712,"NEW BEDFORD, CLARKS POINT",41.5933,-70.9,NOAA CO-OPS,MA,historic,1976-05-04,1976-11-03,True,False,MLLW,,Mixed,,False,True,True,False
8447819,Monomoy Island - East,41.56,-69.99,NOAA CO-OPS,MA,historic,1978-03-08,2001-10-01,True,False,MLLW,,Mixed,,True,True,True,False
8447842,ROUND HILL POINT,41.5383,-70.9283,NOAA CO-OPS,MA,historic,1976-04-23,1976-11-03,True,False,MLLW,,Mixed,,False,True,True,False
8447930,Woods Hole,41.523613,-70.67111,NOAA CO-OPS,MA,active,1932-07-16,,True,False,MLLW,NWLON,Mixed,BZBM3,True,True,True,True
8448151,"TARPAULIN COVE, NAUSHON IS.",41.47,-70.76,NOAA CO-OPS,MA,historic,1994-06-06,1996-09-06,True,False,MLLW,,Mixed,,True,True,True,False
8448157,"VINEYARD HAVEN, VINEYARD HVN HBR",41.4583,-70.6,NOAA CO-OPS,MA,historic,1994-05-20,1994-09-09,True,False,MLLW,,Mixed,,True,True,True,False
8448208,"OAK BLUFFS, MARTHA'S VINEYARD",41.4583,-70.555,NOAA CO-OPS,MA,historic,1980-09-03,1994-09-30,True,False,MLLW,,Mixed,,True,True,True,False
8448248,PENIKESE ISLAND,41.45,-70.9217,NOAA CO-OPS,MA,historic,1976-05-09,1994-10-05,True,False,MLLW,,Mixed,,True,True,True,False
8448251,Quick's Hole,41.4483,-70.8567,NOAA CO-OPS,MA,historic,1976-07-22,2004-09-30,True,False,MLLW,Hydro,Mixed,,True,True,True,False
8448376,CUTTYHUNK,41.425,-70.9167,NOAA CO-OPS,MA,historic,1976-07-11,1976-11-04,True,False,MLLW,,,,False,True,True,False
8448533,"CAPE HIGGON NORTH, VINEYARD SND",41.41,-70.7117,NOAA CO-OPS,MA,historic,1994-06-25,1994-09-09,True,False,MLLW,,Mixed,,True,True,True,False
8448558,Edgartown,41.3883,-70.5117,NOAA CO-OPS,MA,historic,2004-08-04,2004-09-28,True,False,MLLW,Hydro,Mixed,,True,True,True,False
8448725,"Menemsha Harbor, MA",41.354443,-70.76783,NOAA CO-OPS,MA,historic,1994-06-13,2013-09-26,True,False,MLLW,Hydro,Mixed,MSHM3,True,True,True,False
8448875,Martha's Vineyard GPS Buoy,41.32622,-70.59033,NOAA CO-OPS,MA,historic,2015-06-09,2015-07-26,True,False,MLLW,,Mixed,,True,True,True,False
8449130,Nantucket Island,41.285,-70.0967,NOAA CO-OPS,MA,active,1963-10-04,,True,False,MLLW,NWLON,Mixed,NTKM3,True,True,True,True
8449375,"SURFSIDE, NANTUCKET",41.2383,-70.0783,NOAA CO-OPS,MA,historic,1977-07-14,1978-01-09,True,False,MLLW,,,,False,True,True,False
8449383,"COAST GUARD ST, NANTUCKET",41.245,-69.9767,NOAA CO-OPS,MA,historic,1977-07-14,1978-01-03,True,False,MLLW,,,,False,True,True,False
8450768,SAKONNET,41.465,-71.1933,NOAA CO-OPS,RI,historic,1977-07-17,1995-11-09,True,False,MLLW,,Mixed,,True,True,True,False
8450898,"SAKONNET RIVER, NORTH END, BAY OIL PIER",41.6517,-71.21,NOAA CO-OPS,RI,historic,1977-09-20,1977-11-03,True,False,MLLW,,,,False,True,True,False
8450948,ANTHONY POINT,41.6383,-71.2117,NOAA CO-OPS,RI,historic,1977-09-15,1977-11-02,True,False,MLLW,,,,False,True,True,False
8450954,NANNAQUAKET,41.6183,-71.2033,NOAA CO-OPS,RI,historic,1977-09-22,1977-11-02,True,False,MLLW,,,,False,True,True,False
8451301,"THE GLEN,SAKONNET RIVER",41.5583,-71.2367,NOAA CO-OPS,RI,historic,1977-09-19,1977-11-08,True,False,MLLW,,Mixed,,False,True,True,False
8451351,"SACHUEST, FLINT POINT",41.4867,-71.2383,NOAA CO-OPS,RI,historic,1977-07-27,1977-11-09,True,False,MLLW,,Semi Diurnal,,False,True,True,False
8451552,BRISTOL FERRY,41.6367,-71.255,NOAA CO-OPS,RI,historic,1977-09-23,1977-11-08,True,False,MLLW,,Mixed,,False,True,True,False
8452154,Bristol Highlands,41.6967,-71.2933,NOAA CO-OPS,RI,historic,1977-10-19,2015-09-15,True,False,MLLW,,Mixed,,True,True,True,False
8452555,"NAVY PIER, PRUDENCE ISLAND",41.58,-71.3217,NOAA CO-OPS,RI,historic,1977-08-23,1977-11-12,True,False,MLLW,,Mixed,,False,True,True,False
8452660,Newport,41.504333,-71.32614,NOAA CO-OPS,RI,active,1930-09-11,,True,False,MLLW,NWLORTS,Mixed,NWPR1,True,True,True,True
8452944,Conimicut Light,41.7167,-71.3433,NOAA CO-OPS,RI,active,1999-09-28,,True,False,MLLW,PORTS,Mixed,CPTR1,True,True,True,True
8453033,"BAY SPRING, BULLOCK COVE",41.7517,-71.3517,NOAA CO-OPS,RI,historic,1994-05-12,1994-10-17,True,False,MLLW,,Mixed,,True,True,True,False
8453201,CASTLE HILL,41.4633,-71.3617,NOAA CO-OPS,RI,historic,1977-07-22,1977-11-09,True,False,MLLW,,Mixed,,False,True,True,False
8453433,"RUMFORD, SEEKONK RIVER",41.84,-71.3733,NOAA CO-OPS,RI,historic,1994-05-10,1994-09-30,True,False,MLLW,,Mixed,,True,True,True,False
8453465,CONANICUT POINT,41.5733,-71.3717,NOAA CO-OPS,RI,historic,1977-07-21,1977-11-09,True,False,MLLW,,,,False,True,True,False
8453572,WARWICK POINT,41.6667,-71.3783,NOAA CO-OPS,RI,historic,1977-08-31,1977-11-14,True,False,MLLW,,,,False,True,True,False
8453742,WEST JAMESTOWN,41.4967,-71.3867,NOAA CO-OPS,RI,historic,1977-08-19,1977-10-05,True,False,MLLW,,Mixed,,False,True,True,False
8453767,"PAWTUXET COVE, PROVIDENCE RIVER",41.7617,-71.3883,NOAA CO-OPS,RI,historic,1994-05-10,1994-10-01,True,False,MLLW,,Mixed,,True,True,True,False
8453999,BEAVERTAIL POINT,41.4517,-71.4017,NOAA CO-OPS,RI,historic,1977-07-28,1977-10-04,True,False,MLLW,,,,False,True,True,False
8454000,Providence,41.807167,-71.400665,NOAA CO-OPS,RI,active,1938-06-03,,True,False,MLLW,NWLORTS,Mixed,FOXR1,True,True,True,True
8454049,Quonset Point,41.5868,-71.411,NOAA CO-OPS,RI,historic,1999-09-24,2025-10-21,True,False,MLLW,,Mixed,QPTR1,True,True,True,False
8454341,BOSTON NECK,41.46,-71.4283,NOAA CO-OPS,RI,historic,1977-07-30,1977-08-30,True,False,MLLW,,,,False,True,True,False
8454538,"WICKFORD, NARRAGANSETT BAY",41.5717,-71.445,NOAA CO-OPS,RI,historic,1994-05-10,1994-09-30,True,False,MLLW,,Mixed,,True,True,True,False
8454578,East Greenwich,41.665,-71.445,NOAA CO-OPS,RI,historic,2015-03-24,2015-09-16,True,False,MLLW,,Mixed,,True,True,True,False
8454658,NARRAGANSETT PIER,41.4217,-71.455,NOAA CO-OPS,RI,historic,1977-07-17,1987-11-19,True,False,MLLW,,Mixed,,False,True,True,False
8455083,"POINT JUDITH, HARBOR OF REFUGE",41.3633,-71.49,NOAA CO-OPS,RI,historic,1987-07-18,1997-12-09,True,False,MLLW,,Mixed,,True,True,True,False
8455137,Kickamuit River,41.7078,-71.2417,NOAA CO-OPS,RI,historic,2015-01-30,2015-09-15,True,False,MLLW,,Mixed,,True,True,True,False
8455189,Westerly Pawcatuck,41.3817,-71.8317,NOAA CO-OPS,RI,historic,1961-08-16,2015-09-17,True,False,MLLW,,Mixed,,True,True,True,False
8458022,"WEEKAPAUG POINT, BLOCK ISLAND SOUND",41.3283,-71.7617,NOAA CO-OPS,RI,historic,1997-10-03,1997-12-11,True,False,MLLW,,Mixed,,True,True,True,False
8458694,WATCH HILL POINT,41.305,-71.86,NOAA CO-OPS,RI,historic,1961-05-04,1962-09-10,True,False,MLLW,,,,False,True,True,False
8459338,Block Island,41.1733,-71.5567,NOAA CO-OPS,RI,historic,1987-07-20,1989-04-18,True,False,MLLW,,Mixed,,False,True,True,False
8459449,"VAILS BEACH, BLOCK IS. SOUND",41.1483,-71.575,NOAA CO-OPS,RI,historic,1987-07-25,1988-10-25,True,False,MLLW,,Mixed,,False,True,True,False
8459479,"SANDY POINT, BLOCK IS, SOUND",41.2283,-71.58,NOAA CO-OPS,RI,historic,1987-07-29,1988-10-25,True,False,MLLW,,Mixed,,False,True,True,False
8459681,Block Island,41.1633,-71.61,NOAA CO-OPS,RI,historic,1998-04-06,2004-07-01,True,False,MLLW,Hydro,Mixed,,True,True,True,False
8460751,West Mystic River,41.3433,-71.975,NOAA CO-OPS,CT,historic,2015-03-22,2015-09-17,True,False,MLLW,,Mixed,,True,True,True,False
8461392,"NORWICH, THAMES RIVER",41.5233,-72.0783,NOAA CO-OPS,CT,historic,1989-06-20,1989-11-01,True,False,MLLW,,,,False,True,True,False
8461467,"YALE BOATHOUSE, THAMES RIVER",41.43,-72.0933,NOAA CO-OPS,CT,historic,1989-06-15,1989-11-01,True,False,MLLW,,,,False,True,True,False
8461490,New London,41.371666,-72.09556,NOAA CO-OPS,CT,active,1938-06-11,,True,False,MLLW,NWLORTS,Mixed,NLHC3,True,True,True,True
8461925,"NIANTIC, NIANTIC RIVER",41.325,-72.1867,NOAA CO-OPS,CT,historic,1993-05-04,1993-10-14,True,False,MLLW,,Mixed,,True,True,True,False
8463348,"TYLERVILLE, CONNECTICUT R.",41.4517,-72.465,NOAA CO-OPS,CT,historic,1987-05-09,1987-10-03,True,False,MLLW,,,,False,True,True,False
8463701,Clinton Harbor,41.2683,-72.5317,NOAA CO-OPS,CT,historic,2002-06-12,2002-10-21,True,False,MLLW,,Mixed,,True,True,True,False
8463827,"MAROMAS, CONNECTICUT RIVER",41.5417,-72.5517,NOAA CO-OPS,CT,historic,1987-05-20,1987-10-07,True,False,MLLW,,,,False,True,True,False
8463836,"HIGGANUM CREEK, CONNECTICUT R.",41.5033,-72.5533,NOAA CO-OPS,CT,historic,1987-05-12,1987-10-03,True,False,MLLW,,,,False,True,True,False
8464255,"ROCKY HILL,CONNECTICUT RIVER",41.6633,-72.63,NOAA CO-OPS,CT,historic,1987-05-19,1987-10-03,True,False,MLLW,,,,False,True,True,False
8464336,"MIDDLETOWN, CONNECTICUT RIVER",41.56,-72.645,NOAA CO-OPS,CT,historic,1987-05-19,1988-10-17,True,False,MLLW,,,,False,True,True,False
8464445,"GUILFORD, GUILFORD HARBOR",41.2717,-72.6667,NOAA CO-OPS,CT,historic,1993-05-06,1993-10-13,True,False,MLLW,,Mixed,,True,True,True,False
8465692,"LIGHTHOUSE POINT, NEW HAVEN HARBOR",41.2517,-72.905,NOAA CO-OPS,CT,historic,1988-05-21,1988-10-13,True,False,MLLW,,,,False,True,True,False
8465705,New Haven,41.2833,-72.9083,NOAA CO-OPS,CT,active,1999-08-11,,True,False,MLLW,PORTS,Mixed,NWHC3,True,True,True,True
8465748,NEW HAVEN,41.2933,-72.9167,NOAA CO-OPS,CT,historic,1988-05-20,1988-10-13,True,False,MLLW,,,,False,True,True,False
8466375,GULF BEACH,41.205,-73.0417,NOAA CO-OPS,CT,historic,1987-10-23,1988-03-02,True,False,MLLW,,,,False,True,True,False
8466442,MILFORD HARBOR,41.2183,-73.055,NOAA CO-OPS,CT,historic,1987-10-08,1988-03-02,True,False,MLLW,,,,False,True,True,False
8466573,"SHELTON, HOUSATONIC RIVER",41.3017,-73.0717,NOAA CO-OPS,CT,historic,1993-06-30,1993-10-08,True,False,MLLW,,Mixed,,True,True,True,False
8466664,"MURPHY'S BOAT YARD, HOUSATONIC RIVER",41.275,-73.0883,NOAA CO-OPS,CT,historic,1993-05-17,1993-10-07,True,False,MLLW,,Mixed,,True,True,True,False
8466791,"SNIFFENS POINT, HOUSATONIC RIVER",41.1867,-73.1133,NOAA CO-OPS,CT,historic,1993-05-12,1993-10-05,True,False,MLLW,,Mixed,,True,True,True,False
8466797,"I-95 BRIDGE, HOUSATONIC RIVER",41.2033,-73.1117,NOAA CO-OPS,CT,historic,1993-05-20,1993-10-05,True,False,MLLW,,Mixed,,True,True,True,False
8467150,Bridgeport,41.17582,-73.18397,NOAA CO-OPS,CT,active,1932-06-10,,True,False,MLLW,NWLON,Mixed,BRHC3,True,True,True,True
8467373,Black Rock Harbor,41.1567,-73.2133,NOAA CO-OPS,CT,historic,2003-06-10,2003-10-20,True,False,MLLW,Global,Mixed,,True,True,True,False
8467726,"Southport, Southport Harbor",41.1333,-73.2833,NOAA CO-OPS,CT,historic,2003-06-10,2003-10-21,True,False,MLLW,,Mixed,,True,True,True,False
8468191,Saugatuck River,41.12,-73.3683,NOAA CO-OPS,CT,historic,2015-03-25,2015-09-20,True,False,MLLW,,Mixed,,True,True,True,False
8468448,South Norwalk,41.0967,-73.415,NOAA CO-OPS,CT,historic,2002-06-14,2002-10-22,True,False,MLLW,,Mixed,,True,True,True,False
8468609,"ROWAYTON, FIVEMILE RIVER",41.065,-73.445,NOAA CO-OPS,CT,historic,1995-05-30,1995-09-20,True,False,MLLW,,Semi Diurnal,,True,True,True,False
8468799,"LONG NECK POINT, LONG ISLAND SOUND",41.0383,-73.48,NOAA CO-OPS,CT,historic,1990-05-31,1995-11-17,True,False,MLLW,,Mixed,,True,True,True,False
8469057,Mianus,41.039196,-73.592026,NOAA CO-OPS,CT,historic,2015-03-20,2016-01-09,True,False,MLLW,,Mixed,,True,True,True,False
8469198,Stamford Harbor,41.0383,-73.5467,NOAA CO-OPS,CT,historic,2015-04-21,2015-09-21,True,False,MLLW,,Mixed,,True,True,True,False
8510321,MONTAUK POINT LIGHT,41.0717,-71.8567,NOAA CO-OPS,NY,historic,1975-08-12,1988-10-28,True,False,MLLW,,Mixed,,False,True,True,False
8510448,Lake Montauk,41.0733,-71.935,NOAA CO-OPS,NY,historic,1973-10-15,1999-08-27,True,False,MLLW,,Mixed,,True,True,True,False
8510560,Montauk,41.048332,-71.95944,NOAA CO-OPS,NY,active,1947-09-05,,True,False,MLLW,NWLON,Mixed,MTKN6,True,True,True,True
8510719,Silver Eel Pond,41.2567,-72.03,NOAA CO-OPS,NY,historic,1989-04-19,2007-04-30,True,False,MLLW,Hydro,Mixed,,True,True,True,False
8511171,THREEMILE HARBOR ENTRANCE,41.035,-72.19,NOAA CO-OPS,NY,historic,1988-05-15,1990-08-08,True,False,MLLW,,Mixed,,True,True,True,False
8511236,PLUM ISLAND  PLUM GUT HARBOR,41.1717,-72.205,NOAA CO-OPS,NY,historic,1989-04-15,1990-07-27,True,False,MLLW,,Mixed,,True,True,True,False
8511629,Sag Harbor,41.0033,-72.2967,NOAA CO-OPS,NY,historic,2014-04-07,2014-08-05,True,False,MLLW,VDatum,Mixed,,True,True,True,False
8511671,Orient Harbor,41.1367,-72.3067,NOAA CO-OPS,NY,historic,2011-07-15,2011-11-15,True,False,MLLW,Hydro,Mixed,,True,True,True,False
8511907,Greenport,41.101,-72.36117,NOAA CO-OPS,NY,historic,2014-04-09,2014-08-06,True,False,MLLW,VDatum,Mixed,,True,True,True,False
8512354,SHINNECOCK INLET OPEN COAST,40.8367,-72.48,NOAA CO-OPS,NY,historic,1977-08-04,2014-03-01,True,False,MLLW,Hydro,Mixed,,True,True,True,False
8512451,PONQUOGUE POINT,40.85,-72.5033,NOAA CO-OPS,NY,historic,1989-06-27,2014-03-01,True,False,MLLW,Hydro,Mixed,,True,True,True,False
8512668,"Mattituck Inlet, Long Island",41.015,-72.5617,NOAA CO-OPS,NY,historic,2003-09-10,2013-04-24,True,False,MLLW,Hydro,Mixed,,True,True,True,False
8512671,Shinnecock Bay,40.82,-72.5617,NOAA CO-OPS,NY,historic,1977-08-27,1979-11-05,True,False,MLLW,,,,False,True,True,False
8512735,South Jamesport,40.935,-72.5817,NOAA CO-OPS,NY,historic,1988-05-12,2007-04-30,True,False,MLLW,Hydro,Mixed,,True,True,True,False
8512769,"SHINNECOCK YACHT CLUB, PENNIMAN CREEK",40.818554,-72.58661,NOAA CO-OPS,NY,historic,1989-06-28,1990-11-02,True,False,MLLW,,Mixed,,True,True,True,False
8512987,Northville,40.9817,-72.645,NOAA CO-OPS,NY,historic,1969-04-01,2000-10-12,True,False,MLLW,,Mixed,,True,True,True,False
8513388,"Moriches CGS, Moriches Bay",40.7867,-72.75,NOAA CO-OPS,NY,historic,1989-07-18,2014-01-26,True,False,MLLW,Hydro,Mixed,,True,True,True,False
8513398,Moriches Inlet,40.764416,-72.755974,NOAA CO-OPS,NY,historic,2013-09-15,2014-01-28,True,False,MLLW,Hydro,Mixed,,True,True,True,False
8513825,"SMITH POINT BRIDGE, NARROW BAY",40.7383,-72.8683,NOAA CO-OPS,NY,historic,1989-07-19,1991-02-01,True,False,MLLW,,Mixed,,True,True,True,False
8514322,"PATCHOGUE, PATCHOGUE RIVER",40.75,-73.0,NOAA CO-OPS,NY,historic,1989-07-21,1990-10-17,True,False,MLLW,,Mixed,,True,True,True,False
8514422,CEDAR BEACH,40.965,-73.0433,NOAA CO-OPS,NY,historic,1988-03-22,1989-04-11,True,False,MLLW,,Mixed,,False,True,True,False
8514560,PORT JEFFERSON,40.95,-73.0767,NOAA CO-OPS,NY,historic,1957-09-17,1992-11-17,True,False,MLLW,,Mixed,,True,True,True,False
8514779,Seaview Ferry Dock,40.64925,-73.15061,NOAA CO-OPS,NY,historic,2013-09-19,2014-09-08,True,False,MLLW,Hydro,Mixed,,True,True,True,False
8515102,"BAYSHORE, LONG ISLAND",40.7167,-73.24,NOAA CO-OPS,NY,historic,1972-02-10,1980-10-01,True,False,MLLW,,Mixed,,False,True,True,False
8515186,Fire Island,40.6267,-73.26,NOAA CO-OPS,NY,historic,1989-07-26,2014-01-25,True,False,MLLW,Hydro,Mixed,,True,True,True,False
8515586,"NORTHPORT, NORTHPORT BAY",40.9,-73.3533,NOAA CO-OPS,NY,historic,1990-05-31,1990-09-12,True,False,MLLW,,Mixed,,True,True,True,False
8515786,Eatons Neck,40.9533,-73.4,NOAA CO-OPS,NY,historic,2002-07-10,2007-05-02,True,False,MLLW,Hydro,Mixed,,True,True,True,False
8515921,LLOYD HARBOR LIGHTHOUSE,40.91,-73.4317,NOAA CO-OPS,NY,historic,1990-06-01,1990-09-11,True,False,MLLW,,Mixed,,True,True,True,False
8516061,COLD SPRING HARBOR,40.8733,-73.47,NOAA CO-OPS,NY,historic,1990-05-31,1993-06-24,True,False,MLLW,,Mixed,,True,True,True,False
8516155,GREEN ISLAND,40.6233,-73.5017,NOAA CO-OPS,NY,historic,2013-12-14,2014-03-03,True,False,MLLW,Hydro,Mixed,,True,True,True,False
8516299,"BAYVILLE BRIDGE, OYSTER BAY",40.9033,-73.55,NOAA CO-OPS,NY,historic,1990-05-28,1993-06-24,True,False,MLLW,,Mixed,,True,True,True,False
8516402,Point Lookout,40.593887,-73.58397,NOAA CO-OPS,NY,historic,2014-04-10,2014-08-08,True,False,MLLW,VDatum,Mixed,,True,True,True,False
8516501,Parsonnage Cove,40.6333,-73.6167,NOAA CO-OPS,NY,historic,2014-04-08,2014-08-09,True,False,MLLW,VDatum,Mixed,,True,True,True,False
8516607,Harry Tappen Marina,40.83461,-73.65242,NOAA CO-OPS,NY,historic,2014-04-15,2014-08-08,True,False,MLLW,VDatum,Mixed,,True,True,True,False
8516614,"GLEN COVE YACHT CLUB, LONG ISLAND",40.8633,-73.655,NOAA CO-OPS,NY,historic,1990-05-30,1990-09-10,True,False,MLLW,,Mixed,,True,True,True,False
8516661,"Bay Park, NY",40.63,-73.67,NOAA CO-OPS,NY,historic,2014-04-08,2014-08-09,True,False,MLLW,VDatum,Mixed,,True,True,True,False
8516663,"LONG BEACH, NEW YORK",40.596333,-73.65508,NOAA CO-OPS,NY,historic,2013-12-16,2014-03-04,True,False,MLLW,Hydro,Mixed,,True,True,True,False
8516761,"PORT WASHINGTON, MANHASSSET BAY",40.8317,-73.7033,NOAA CO-OPS,NY,historic,1990-05-30,1990-08-22,True,False,MLLW,,Mixed,,True,True,True,False
8516881,Atlantic Beach,40.595,-73.7433,NOAA CO-OPS,NY,historic,2014-04-07,2014-08-09,True,False,MLLW,VDatum,Mixed,,True,True,True,False
8516891,"NORTON POINT, HOOK CREEK, NEW YORK",40.635,-73.7467,NOAA CO-OPS,NY,historic,2013-08-25,2014-01-20,True,False,MLLW,Hydro,Mixed,,True,True,True,False
8516945,Kings Point,40.8103,-73.7649,NOAA CO-OPS,NY,active,1998-10-27,,True,False,MLLW,NWLORTS,Mixed,KPTN6,True,True,True,True
8516990,Willets Point,40.7933,-73.7817,NOAA CO-OPS,NY,historic,1931-07-11,2000-11-14,True,False,MLLW,,Mixed,FTRN6,True,True,True,False
8517125,WHITESTONE,40.7983,-73.8133,NOAA CO-OPS,NY,historic,1981-05-26,1981-07-08,True,False,MLLW,,Mixed,,False,True,True,False
8517137,Beach Channel (bridge),40.5883,-73.82,NOAA CO-OPS,NY,historic,2015-03-18,2015-09-23,True,False,MLLW,,Mixed,,True,True,True,False
8517201,North Channel,40.645,-73.8367,NOAA CO-OPS,NY,historic,2015-03-16,2015-09-23,True,False,MLLW,,Mixed,,True,True,True,False
8517251,Worlds Fair Marina,40.761,-73.850365,NOAA CO-OPS,NY,historic,2014-04-13,2014-08-12,True,False,MLLW,VDatum,Mixed,,True,True,True,False
8517276,"COLLEGE PT, FT. OF 110TH ST, LI",40.7833,-73.8567,NOAA CO-OPS,NY,historic,1981-05-17,1981-07-01,True,False,MLLW,,Mixed,CLGN6,False,True,True,False
8517401,WARDS IS.,40.7867,-73.9217,NOAA CO-OPS,NY,historic,1981-05-06,1981-06-29,True,False,MLLW,,Mixed,,False,True,True,False
8517732,"WALLABOUT BAY, BKLN NAVY YARD",40.7067,-73.975,NOAA CO-OPS,NY,historic,1979-08-29,1981-07-01,True,False,MLLW,,Mixed,,False,True,True,False
8517756,Kingsborough CC,40.5812,-73.9338,NOAA CO-OPS,NY,historic,2015-03-15,2015-09-23,True,False,MLLW,,Mixed,,True,True,True,False
8517811,"GRAVESEND BAY, NORTON PT. BKLN",40.59,-73.9983,NOAA CO-OPS,NY,historic,1979-09-11,1979-11-09,True,False,MLLW,,Mixed,,False,True,True,False
8517847,Brooklyn Bridge,40.7033,-73.995,NOAA CO-OPS,NY,historic,2000-11-15,2000-12-19,True,False,MLLW,,Mixed,,True,True,True,False
8517921,GOWANUS BAY,40.665,-74.0133,NOAA CO-OPS,NY,historic,1979-08-29,1979-10-18,True,False,MLLW,,Mixed,,False,True,True,False
8518091,"RYE BEACH, AMUSEMENT PARK",40.9617,-73.6717,NOAA CO-OPS,NY,historic,1988-03-18,1994-10-03,True,False,MLLW,,Mixed,,True,True,True,False
8518490,NEW ROCHELLE,40.8933,-73.7817,NOAA CO-OPS,NY,historic,1957-07-18,1995-11-15,True,False,MLLW,,Mixed,,True,True,True,False
8518526,Throgs Neck,40.805,-73.795,NOAA CO-OPS,NY,historic,2014-04-16,2014-08-12,True,False,MLLW,VDatum,Mixed,,True,True,True,False
8518621,HUNTS PT.,40.8,-73.8733,NOAA CO-OPS,NY,historic,1981-05-27,1981-07-01,True,False,MLLW,,Mixed,,False,True,True,False
8518639,Port Morris,40.8017,-73.9067,NOAA CO-OPS,NY,historic,1981-03-11,2001-08-24,True,False,MLLW,,Mixed,,True,True,True,False
8518643,Randalls Island,40.8,-73.9283,NOAA CO-OPS,NY,historic,1981-04-30,2014-08-10,True,False,MLLW,VDatum,Mixed,,True,True,True,False
8518668,Horns Hook,40.7767,-73.9417,NOAA CO-OPS,NY,historic,1979-10-03,2005-10-14,True,False,MLLW,Hydro,Mixed,HHKN6,True,True,True,False
8518687,Queensboro Bridge,40.7583,-73.9583,NOAA CO-OPS,NY,historic,1998-11-04,2001-11-01,True,False,MLLW,,Mixed,,True,True,True,False
8518695,EAST 41ST STREET PIER,40.7467,-73.9683,NOAA CO-OPS,NY,historic,1979-10-02,1981-06-24,True,False,MLLW,,Mixed,,False,True,True,False
8518699,Williamsburg Bridge,40.7117,-73.9683,NOAA CO-OPS,NY,historic,1999-05-19,2000-11-14,True,False,MLLW,,Mixed,,True,True,True,False
8518750,The Battery,40.700554,-74.01417,NOAA CO-OPS,NY,active,1920-05-24,,True,False,MLLW,NWLORTS,Mixed,BATN6,True,True,True,True
8518902,Dyckman Street,40.8683,-73.9333,NOAA CO-OPS,NY,historic,2014-04-12,2014-08-10,True,False,MLLW,VDatum,Mixed,,True,True,True,False
8518903,"SPUYTEN DUYVIL CK, ENT., HUDSON R,",40.8783,-73.925,NOAA CO-OPS,NY,historic,1981-03-17,1981-05-16,True,False,MLLW,,Mixed,,False,True,True,False
8518905,"RIVERDALE, HUDSON RIVER",40.9033,-73.9167,NOAA CO-OPS,NY,historic,1981-03-04,1981-05-05,True,False,MLLW,,Mixed,RIVN6,False,True,True,False
8518924,HAVERSTRAW BAY,41.2183,-73.9633,NOAA CO-OPS,NY,historic,1981-09-19,1987-08-12,True,False,MLLW,,Mixed,,False,True,True,False
8518934,"Beacon, Hudson River",41.5,-73.9833,NOAA CO-OPS,NY,historic,2014-04-13,2014-08-14,True,False,MLLW,VDatum,Mixed,,True,True,True,False
8518951,Hyde Park,41.7833,-73.95,NOAA CO-OPS,NY,historic,2014-04-12,2014-08-13,True,False,MLLW,VDatum,Mixed,,True,True,True,False
8518962,Turkey Point Hudson River NERRS,42.0139,-73.9392,NOAA CO-OPS,NY,active,2017-06-20,,True,False,MLLW,PORTS,Mixed,TKPN6,True,True,True,True
8518979,"Coxsackie, Hudson River",42.35264,-73.79486,NOAA CO-OPS,NY,active,2025-05-22,,True,False,MLLW,PORTS,Mixed,CXHN6,True,True,True,True
8518995,"ALBANY, HUDSON RIVER",42.65,-73.7467,NOAA CO-OPS,NY,historic,1981-10-02,1987-07-25,True,False,MLLW,,Mixed,,False,True,True,False
8519024,"FORT WADSWORTH, STATEN ISLAND",40.6067,-74.055,NOAA CO-OPS,NY,historic,1979-09-13,1981-04-30,True,False,MLLW,,Mixed,FTWN6,False,True,True,False
8519050,USCG Station NY,40.612,-74.05986,NOAA CO-OPS,NY,historic,2014-04-19,2014-08-11,True,False,MLLW,VDatum,Mixed,,True,True,True,False
8519200,"PORT IVORY, ARTHUR KILL",40.645,-74.18,NOAA CO-OPS,NY,historic,1976-02-13,1977-06-23,True,False,MLLW,,Mixed,,False,True,True,False
8519436,Great Kills Harbor,40.5433,-74.14,NOAA CO-OPS,NY,historic,1979-08-17,2014-08-11,True,False,MLLW,VDatum,Mixed,,True,True,True,False
8519483,Bergen Point West Reach,40.63911,-74.14631,NOAA CO-OPS,NY,historic,1981-09-17,2024-10-29,True,False,MLLW,,Mixed,BGNN6,True,True,True,False
8519789,"ROSSVILLE, STATEN ISLAND",40.5567,-74.2233,NOAA CO-OPS,NY,historic,1980-10-06,1980-11-16,True,False,MLLW,,Mixed,,False,True,True,False
8530095,"ALPINE, HUDSON RIVER",40.945,-73.9183,NOAA CO-OPS,NJ,historic,1976-02-11,1977-05-16,True,False,MLLW,,Mixed,,False,True,True,False
8530186,"NEW MILFORD, HACKENSACK RIVER",40.935,-74.03,NOAA CO-OPS,NJ,historic,1976-10-08,1977-02-01,True,False,MLLW,,Mixed,,False,True,True,False
8530278,"HACKENSACK, HACKENSACK RIVER",40.88,-74.04,NOAA CO-OPS,NJ,historic,1976-06-17,1994-11-10,True,False,MLLW,,Mixed,,True,True,True,False
8530345,GARFIELD  PASSAIC RIVER,40.8683,-74.1117,NOAA CO-OPS,NJ,historic,1976-07-20,1977-12-01,True,False,MLLW,,,,False,True,True,False
8530398,RIDGEFIELD PARK  HACKENSACK RIVER,40.85,-74.03,NOAA CO-OPS,NJ,historic,1975-12-15,1977-02-02,True,False,MLLW,,,,False,True,True,False
8530403,"EAST RUTHERFORD, PASSAIC RIVER",40.8467,-74.12,NOAA CO-OPS,NJ,historic,1975-12-30,1994-11-10,True,False,MLLW,,Mixed,,True,True,True,False
8530464,"BERRYS CREEK, NO. 3",40.8283,-74.08,NOAA CO-OPS,NJ,historic,1973-10-31,1975-01-28,True,False,MLLW,,,,False,True,True,False
8530502,"BERRYS CREEK, NO. 7",40.8167,-74.0867,NOAA CO-OPS,NJ,historic,1973-06-01,1975-01-28,True,False,MLLW,,,,False,True,True,False
8530528,"CARLSTADT, HACKENSACK RIVER",40.8067,-74.06,NOAA CO-OPS,NJ,historic,1976-06-23,1994-11-12,True,False,MLLW,,Mixed,CARN4,True,True,True,False
8530531,"NORTH SECAUCUS, HACK. RIVER",40.805,-74.0533,NOAA CO-OPS,NJ,historic,1977-10-28,1981-01-28,True,False,MLLW,,Mixed,,False,True,True,False
8530538,CROMAKILL CREEK,40.8033,-74.0333,NOAA CO-OPS,NJ,historic,1976-08-31,1977-10-20,True,False,MLLW,,,,False,True,True,False
8530576,"MILL CREEK, HACKENSACK RIVER",40.7983,-74.05,NOAA CO-OPS,NJ,historic,1976-10-08,1977-02-16,True,False,MLLW,,,,False,True,True,False
8530586,"BERRYS CREEK, FISH CREEK",40.7933,-74.0917,NOAA CO-OPS,NJ,historic,1976-08-31,1977-10-20,True,False,MLLW,,,,False,True,True,False
8530591,"BELLEVILLE, PASSAIC RIVER",40.7867,-74.1467,NOAA CO-OPS,NJ,historic,1976-06-18,1994-11-08,True,False,MLLW,,Mixed,,True,True,True,False
8530645,UNION CITY  HUDSON RIVER,40.765,-74.0183,NOAA CO-OPS,NJ,historic,1976-02-17,1980-11-13,True,False,MLLW,,Mixed,,False,True,True,False
8530696,"AMTRACK RR SWINGBRIDGE, HACKENSACK RIVER",40.7517,-74.0967,NOAA CO-OPS,NJ,historic,1976-02-12,1977-05-17,True,False,MLLW,,,,False,True,True,False
8530743,"POINT NO POINT, PASSAIC RIVER",40.7317,-74.1167,NOAA CO-OPS,NJ,historic,1975-12-17,1977-01-19,True,False,MLLW,,Mixed,,False,True,True,False
8530772,"KEARNY POINT, HACKENSACK RIVER",40.7283,-74.1033,NOAA CO-OPS,NJ,historic,1976-02-12,1994-11-12,True,False,MLLW,,Mixed,,True,True,True,False
8530802,JERSEY CITY PA-RR FERRY,40.7167,-74.0317,NOAA CO-OPS,NJ,historic,1979-09-21,1979-10-01,True,False,MLLW,,Mixed,,False,True,True,False
8530882,"PORT ELIZABETH, NEWARK BAY",40.6733,-74.14,NOAA CO-OPS,NJ,historic,1976-02-19,1982-06-15,True,False,MLLW,,Mixed,LIZN4,False,True,True,False
8530985,CONSTABLE HOOK  UPPER BAY,40.655,-74.085,NOAA CO-OPS,NJ,historic,1976-02-18,1980-05-20,True,False,MLLW,,Mixed,CHKN4,False,True,True,False
8531077,RAHWAY RIVER  #1,40.5983,-74.2317,NOAA CO-OPS,NJ,historic,1976-02-20,1977-05-25,True,False,MLLW,,Mixed,,False,True,True,False
8531142,Port Reading,40.555,-74.245,NOAA CO-OPS,NJ,historic,2000-05-25,2001-09-28,True,False,MLLW,,Mixed,,True,True,True,False
8531156,WOODBRIDGE CREEK  #1,40.545,-74.265,NOAA CO-OPS,NJ,historic,1975-12-11,1977-02-02,True,False,MLLW,,Mixed,,False,True,True,False
8531223,CHEESEQUAKE CREEK,40.4533,-74.2733,NOAA CO-OPS,NJ,historic,1975-12-11,1977-02-02,True,False,MLLW,,Mixed,,False,True,True,False
8531232,SOUTH AMBOY  RARITAN RIVER,40.4917,-74.2817,NOAA CO-OPS,NJ,historic,1976-02-17,1981-04-15,True,False,MLLW,,Mixed,SMBN4,False,True,True,False
8531262,"KEASBEY, RARITAN RIVER",40.5083,-74.3117,NOAA CO-OPS,NJ,historic,1975-12-12,1977-02-02,True,False,MLLW,,Mixed,,False,True,True,False
8531369,"NORTH OLD BRIDGE, SOUTH RIVER",40.4167,-74.3633,NOAA CO-OPS,NJ,historic,1975-12-12,1977-05-27,True,False,MLLW,,Mixed,,False,True,True,False
8531390,"SAYREVILLE, RARITAN RIVER",40.4783,-74.3567,NOAA CO-OPS,NJ,historic,1976-02-17,1977-05-27,True,False,MLLW,,Mixed,,False,True,True,False
8531463,NEW BRUNSWICK  RARITAN RIVER,40.4883,-74.435,NOAA CO-OPS,NJ,historic,1975-12-12,1977-02-14,True,False,MLLW,,Mixed,,False,True,True,False
8531526,MATAWAN CREEK RARITAN BAY,40.4333,-74.2183,NOAA CO-OPS,NJ,historic,1976-11-18,1977-04-13,True,False,MLLW,,,,False,True,True,False
8531545,"KEYPORT, RARITAN BAY",40.44,-74.1983,NOAA CO-OPS,NJ,historic,1975-12-13,1977-07-05,True,False,MLLW,,Mixed,,False,True,True,False
8531592,"WAACKAACK CK, RARITAN BAY",40.4483,-74.1433,NOAA CO-OPS,NJ,historic,1976-12-13,1977-07-05,True,False,MLLW,,,,False,True,True,False
8531630,"COMPTON CREEK, SANDY HOOK BAY",40.4317,-74.085,NOAA CO-OPS,NJ,historic,1976-11-17,1977-04-21,True,False,MLLW,,Mixed,,False,True,True,False
8531662,"ATLANTIC HIGHLANDS, SANDY HOOK",40.4183,-74.035,NOAA CO-OPS,NJ,historic,1976-11-17,1977-07-05,True,False,MLLW,,,,False,True,True,False
8531680,Sandy Hook,40.4669,-74.0094,NOAA CO-OPS,NJ,active,1910-01-07,,True,False,MLLW,NWLORTS,Mixed,SDHN4,True,True,True,True
8531712,"HIGHLANDS BRIDGE, SHREWSBURY RIVER",40.3967,-73.9817,NOAA CO-OPS,NJ,historic,1976-02-16,1982-07-23,True,False,MLLW,,Mixed,,False,True,True,False
8531753,"OCEANIC, NAVESINK RIVER",40.3767,-74.015,NOAA CO-OPS,NJ,historic,1976-02-13,1977-05-05,True,False,MLLW,,,,False,True,True,False
8531804,Sea Bright,40.365,-73.975,NOAA CO-OPS,NJ,historic,1976-02-16,2015-09-25,True,False,MLLW,,Mixed,,True,True,True,False
8531833,"RED BANK, NAVESINK RIVER",40.355,-74.065,NOAA CO-OPS,NJ,historic,1976-02-13,1982-07-23,True,False,MLLW,,Mixed,,False,True,True,False
8531925,"GOOSENECK BRIDGE, SHREWSBURY R",40.3267,-74.0167,NOAA CO-OPS,NJ,historic,1976-03-15,1982-10-26,True,False,MLLW,,Mixed,,False,True,True,False
8531942,"LONG BRANCH, INSIDE",40.325,-73.9967,NOAA CO-OPS,NJ,historic,1976-03-23,1977-06-16,True,False,MLLW,,,,False,True,True,False
8531991,"LONG BRANCH,FISHING PIER",40.3033,-73.9767,NOAA CO-OPS,NJ,historic,1977-02-17,1987-06-01,True,False,MLLW,,Mixed,,False,True,True,False
8532322,SHARK RIVER HILLS,40.1917,-74.0383,NOAA CO-OPS,NJ,historic,1976-03-12,1977-05-06,True,False,MLLW,,,,False,True,True,False
8532337,BELMAR OUTSIDE,40.185,-74.0083,NOAA CO-OPS,NJ,historic,1976-04-21,1977-09-24,True,False,MLLW,,,,False,True,True,False
8532339,AVON SHARK RIVER,40.1867,-74.0267,NOAA CO-OPS,NJ,historic,1976-02-25,1977-08-29,True,False,MLLW,,,,False,True,True,False
8532371,"WALL TOWNSHIP, SHARK RIVER",40.1783,-74.0467,NOAA CO-OPS,NJ,historic,1976-03-23,1977-07-26,True,False,MLLW,,,,False,True,True,False
8532585,"POINT PLEASANT BEACH, MANASQUAN RIVER",40.105,-74.055,NOAA CO-OPS,NJ,historic,1976-02-25,1977-05-06,True,False,MLLW,,,,False,True,True,False
8532591,MANASQUAN INLET,40.1017,-74.035,NOAA CO-OPS,NJ,historic,1982-08-02,1984-11-30,True,False,MLLW,,Mixed,,False,True,True,False
8532611,"RIVIERA BEACH, MANASQUAN RIVER",40.0967,-74.0867,NOAA CO-OPS,NJ,historic,1976-03-12,1977-06-15,True,False,MLLW,,,,False,True,True,False
8532703,"FORGE POND, METEDECONK RIVER",40.065,-74.135,NOAA CO-OPS,NJ,historic,1976-10-15,1977-03-08,True,False,MLLW,,Mixed,,False,True,True,False
8532715,BEAVER DAM CREEK,40.0617,-74.0617,NOAA CO-OPS,NJ,historic,1976-03-15,1977-08-29,True,False,MLLW,,Mixed,,False,True,True,False
8532716,BEAVER DAM CREEK (INSIDE),40.0617,-74.0733,NOAA CO-OPS,NJ,historic,1976-11-12,1977-08-29,True,False,MLLW,,Mixed,,False,True,True,False
8532721,"TALL PINES CAMP, METEDECONK R.",40.0583,-74.1167,NOAA CO-OPS,NJ,historic,1976-03-08,1977-06-15,True,False,MLLW,,Mixed,,False,True,True,False
8532786,"MANTOLOKING, BARNEGAT BAY",40.0367,-74.0533,NOAA CO-OPS,NJ,historic,1976-03-18,1977-07-20,True,False,MLLW,,Mixed,,False,True,True,False
8532835,KETTLE CREEK,40.0133,-74.1133,NOAA CO-OPS,NJ,historic,1976-03-19,1977-07-20,True,False,MLLW,,Mixed,,False,True,True,False
8532885,"OCEAN BEACH, BARNEGAT BAY",39.9883,-74.0683,NOAA CO-OPS,NJ,historic,1976-03-18,1977-07-20,True,False,MLLW,,Mixed,,False,True,True,False
8532921,SILVER BAY,39.9967,-74.1483,NOAA CO-OPS,NJ,historic,1976-03-08,1977-07-20,True,False,MLLW,,Mixed,,False,True,True,False
8533005,GOOSE CREEK  BARNEGAT BAY,39.9633,-74.115,NOAA CO-OPS,NJ,historic,1976-03-11,1977-07-20,True,False,MLLW,,Mixed,,False,True,True,False
8533051,Toms River,39.95,-74.1983,NOAA CO-OPS,NJ,historic,1976-03-16,2016-01-11,True,False,MLLW,,Mixed,,True,True,True,False
8533055,"COATES POINT, BARNEGAT BAY",39.9483,-74.115,NOAA CO-OPS,NJ,historic,1976-03-18,1977-12-01,True,False,MLLW,,Mixed,,False,True,True,False
8533071,SEASIDE HEIGHTS,39.9433,-74.035,NOAA CO-OPS,NJ,historic,1976-05-18,1977-12-01,True,False,MLLW,,Mixed,,False,True,True,False
8533135,SEASIDE PARK,39.9217,-74.0833,NOAA CO-OPS,NJ,historic,1976-06-09,1977-09-24,True,False,MLLW,,Mixed,,False,True,True,False
8533141,"BARNEGAT PIER, BARNEGAT BAY",39.9183,-74.11,NOAA CO-OPS,NJ,historic,1976-03-19,1977-12-01,True,False,MLLW,,Mixed,,False,True,True,False
8533185,SLOOP CREEK,39.905,-74.1333,NOAA CO-OPS,NJ,historic,1976-10-27,1977-08-05,True,False,MLLW,,Mixed,,False,True,True,False
8533295,CEDAR CREEK,39.87,-74.155,NOAA CO-OPS,NJ,historic,1976-05-12,1977-08-05,True,False,MLLW,,Mixed,,False,True,True,False
8533345,ISLAND BEACH BARNEGAT BAY,39.8517,-74.0883,NOAA CO-OPS,NJ,historic,1976-05-18,1977-07-20,True,False,MLLW,,Mixed,,False,True,True,False
8533365,Stouts Creek,39.845,-74.1517,NOAA CO-OPS,NJ,historic,1976-10-27,2015-09-27,True,False,MLLW,,Mixed,,True,True,True,False
8533391,FORKED RIVER,39.825,-74.1733,NOAA CO-OPS,NJ,historic,1976-05-13,1977-08-05,True,False,MLLW,,Mixed,,False,True,True,False
8533465,OYSTER CREEK,39.8083,-74.1883,NOAA CO-OPS,NJ,historic,1976-05-12,1977-08-05,True,False,MLLW,,Mixed,,False,True,True,False
8533535,"ISLAND BEACH, SEDGE ISLANDS",39.7883,-74.0983,NOAA CO-OPS,NJ,historic,1976-10-13,1977-01-08,True,False,MLLW,,,,False,True,True,False
8533541,WARETOWN BARNEGAT BAY,39.7917,-74.1817,NOAA CO-OPS,NJ,historic,1976-05-13,1982-02-01,True,False,MLLW,,Mixed,,False,True,True,False
8533542,WARETOWN (BACKUP),39.7917,-74.1817,NOAA CO-OPS,NJ,historic,1978-08-10,1980-04-15,True,False,MLLW,,Mixed,,False,True,True,False
8533615,BARNEGAT INLET (INSIDE),39.7617,-74.1117,NOAA CO-OPS,NJ,historic,1976-06-23,2013-12-11,True,False,MLLW,Hydro,Mixed,,True,True,True,False
8533631,"HIGH BAR, BARNEGAT BAY",39.7567,-74.1283,NOAA CO-OPS,NJ,historic,1977-04-15,1978-08-24,True,False,MLLW,,Mixed,,False,True,True,False
8533665,DOUBLE CREEK,39.745,-74.2017,NOAA CO-OPS,NJ,historic,1976-10-27,1977-03-09,True,False,MLLW,,Mixed,,False,True,True,False
8533738,LOVELADIES,39.725,-74.1367,NOAA CO-OPS,NJ,historic,1976-06-25,1977-09-28,True,False,MLLW,,Mixed,,False,True,True,False
8533780,FLAT CREEK,39.7067,-74.1917,NOAA CO-OPS,NJ,historic,1976-10-13,1977-03-09,True,False,MLLW,,,,False,True,True,False
8533862,"NORTH BEACH, MANAHAWKIN BAY",39.675,-74.16,NOAA CO-OPS,NJ,historic,1976-06-21,1977-02-18,True,False,MLLW,,,,False,True,True,False
8533905,"MILL CREEK, MANAHAWKIN BAY",39.665,-74.2317,NOAA CO-OPS,NJ,historic,1977-04-27,1977-09-13,True,False,MLLW,,,,False,True,True,False
8533909,MANAHAWKIN CREEK,39.6667,-74.215,NOAA CO-OPS,NJ,historic,1976-06-29,1978-01-11,True,False,MLLW,,,,False,True,True,False
8533935,MANAHAWKIN DRAWBRIDGE,39.6533,-74.185,NOAA CO-OPS,NJ,historic,1976-06-22,1977-09-13,True,False,MLLW,,,,False,True,True,False
8533941,"CEDAR RKUN, LI EGG  HARBOR",39.6533,-74.2567,NOAA CO-OPS,NJ,historic,1977-04-27,1977-08-24,True,False,MLLW,,,,False,True,True,False
8533982,DINNER POINT CREEK,39.6567,-74.27,NOAA CO-OPS,NJ,historic,1976-09-14,1977-12-17,True,False,MLLW,,,,False,True,True,False
8533987,"WEST CREEK, WESTECUNK CREEK",39.6317,-74.2967,NOAA CO-OPS,NJ,historic,1976-09-14,1977-12-17,True,False,MLLW,,,,False,True,True,False
8534002,UPPER MULLICA RIVER,39.625,-74.6417,NOAA CO-OPS,NJ,historic,1978-06-16,1978-11-14,True,False,MLLW,,Mixed,,False,True,True,False
8534043,WADING RIVER,39.6183,-74.4967,NOAA CO-OPS,NJ,historic,1977-05-13,1978-07-11,True,False,MLLW,,Mixed,,False,True,True,False
8534044,"LONG POINT, LITTLE EGG HARBOR",39.6133,-74.2633,NOAA CO-OPS,NJ,historic,1976-09-27,1977-11-15,True,False,MLLW,,Mixed,,False,True,True,False
8534048,BEACH HAVEN CREST (INSIDE),39.6133,-74.21,NOAA CO-OPS,NJ,historic,1976-07-10,1977-09-13,True,False,MLLW,,Mixed,,False,True,True,False
8534049,"PARKER RUN, LITTLE EGG HARBOR",39.6167,-74.31,NOAA CO-OPS,NJ,historic,1976-09-28,1977-11-15,True,False,MLLW,,Mixed,,False,True,True,False
8534080,"TUCKERTON, TUCKERTONCREEK",39.6017,-74.3417,NOAA CO-OPS,NJ,historic,1976-09-14,1977-11-15,True,False,MLLW,,Mixed,,False,True,True,False
8534104,"NEW GRETNA, BASS RIVER",39.5917,-74.4417,NOAA CO-OPS,NJ,historic,1977-05-13,1978-07-11,True,False,MLLW,,Mixed,,False,True,True,False
8534117,"GREEN BANK, MULLICA RIVER",39.6117,-74.59,NOAA CO-OPS,NJ,historic,1977-07-07,1982-06-09,True,False,MLLW,,Mixed,,False,True,True,False
8534139,"TUCKERTON, LITTLE EGG HARBOR",39.5767,-74.3317,NOAA CO-OPS,NJ,historic,1977-04-29,1977-09-13,True,False,MLLW,,Mixed,,False,True,True,False
8534208,BEACH HAVEN CG STATION,39.5483,-74.2567,NOAA CO-OPS,NJ,historic,1976-07-09,1977-09-28,True,False,MLLW,,Mixed,,False,True,True,False
8534212,"CRAMERS BOATYARD, MULLICA RIVER",39.5483,-74.4617,NOAA CO-OPS,NJ,historic,1977-04-29,1978-11-14,True,False,MLLW,,Mixed,,False,True,True,False
8534244,GRAVELING POINT,39.54,-74.3867,NOAA CO-OPS,NJ,historic,1977-08-03,1978-12-05,True,False,MLLW,,,,False,True,True,False
8534256,NANCOTE CREEK,39.535,-74.4633,NOAA CO-OPS,NJ,historic,1977-08-24,1978-11-14,True,False,MLLW,,,,False,True,True,False
8534287,LITTLE SHEEPSHEAD CREEK,39.5217,-74.32,NOAA CO-OPS,NJ,historic,1976-09-30,1978-01-11,True,False,MLLW,,,,False,True,True,False
8534319,"GREAT BAY, SHOOTING THOROFARE",39.5083,-74.325,NOAA CO-OPS,NJ,historic,1976-10-13,2024-03-13,True,False,MLLW,Hydro,Mixed,,True,True,True,False
8534320,GREAT BAY SPECIAL PROJECT,39.5083,-74.325,NOAA CO-OPS,NJ,historic,1974-02-01,1980-12-03,True,False,MLLW,,,,False,True,True,False
8534393,MAIN MARSH THOROFARE,39.4783,-74.3833,NOAA CO-OPS,NJ,historic,1977-09-27,1979-01-04,True,False,MLLW,,,,False,True,True,False
8534468,"MAYS LANDING, GREAT EGG HARBOR RIVER",39.4483,-74.7283,NOAA CO-OPS,NJ,historic,1977-05-24,1982-06-08,True,False,MLLW,,Mixed,,False,True,True,False
8534469,"REED BAY,WEST SIDE",39.4533,-74.4267,NOAA CO-OPS,NJ,historic,1978-06-23,1978-12-05,True,False,MLLW,,,,False,True,True,False
8534496,BRIGANTINE CHANNEL,39.435,-74.3633,NOAA CO-OPS,NJ,historic,1977-08-10,1979-01-04,True,False,MLLW,,,,False,True,True,False
8534540,"ABSECON, ABSECON CREEK",39.4233,-74.5,NOAA CO-OPS,NJ,historic,1977-05-19,1978-12-12,True,False,MLLW,,,,False,True,True,False
8534638,ABSECON CHANNAL,39.385,-74.425,NOAA CO-OPS,NJ,historic,1977-05-19,1978-11-09,True,False,MLLW,,,,False,True,True,False
8534657,"PLEASANTVILLE, LAKES BAY",39.3817,-74.5183,NOAA CO-OPS,NJ,historic,1977-05-26,1978-07-18,True,False,MLLW,,,,False,True,True,False
8534691,GREAT EGG HARBOR RIVER,39.3683,-74.7167,NOAA CO-OPS,NJ,historic,1978-06-15,1978-11-14,True,False,MLLW,,,,False,True,True,False
8534720,Atlantic City,39.356667,-74.41805,NOAA CO-OPS,NJ,active,1911-08-15,,True,False,MLLW,NWLON,Mixed,ACYN4,True,True,True,True
8534739,DOCK THOROFARE,39.3517,-74.54,NOAA CO-OPS,NJ,historic,1977-05-23,1978-07-18,True,False,MLLW,,,,False,True,True,False
8534770,"VENTNOR CITY, FISHING PIER",39.335,-74.4767,NOAA CO-OPS,NJ,historic,1985-06-17,1992-01-01,True,False,MLLW,,Mixed,,True,True,True,False
8534772,VENTNOR CITY (NGS),39.335,-74.4767,NOAA CO-OPS,NJ,historic,1985-07-24,1985-10-22,True,False,MLLW,,Mixed,,False,True,True,False
8534773,VENTNOR OFFSHORE 2,39.3317,-74.42,NOAA CO-OPS,NJ,historic,1985-07-24,1985-08-28,True,False,MLLW,,Mixed,,False,True,True,False
8534774,VENTNOR OFFSHORE 5 MI.,39.29,-74.375,NOAA CO-OPS,NJ,historic,1985-09-01,1985-09-16,True,False,MLLW,,Mixed,,False,True,True,False
8534778,"STEELMANVILLE, PATCONG RIVER",39.335,-74.5967,NOAA CO-OPS,NJ,historic,1979-07-31,1979-11-08,True,False,MLLW,,Mixed,,False,True,True,False
8534779,"STEELMANVILLE 2, PATCONG RIVER",39.3367,-74.595,NOAA CO-OPS,NJ,historic,1979-07-31,1979-11-08,True,False,MLLW,,Mixed,,False,True,True,False
8534780,"STEELMANVILLE 3, PATCONG RIVER",39.3367,-74.5933,NOAA CO-OPS,NJ,historic,1979-07-31,1979-11-08,True,False,MLLW,,Mixed,,False,True,True,False
8534781,"STEELMANVILLE 4, PATCONG RIVER",39.33,-74.5767,NOAA CO-OPS,NJ,historic,1979-07-31,1979-11-08,True,False,MLLW,,Mixed,,False,True,True,False
8534782,"STEELMANVILLE 5, PATCONG RIVER",39.3283,-74.5767,NOAA CO-OPS,NJ,historic,1979-09-27,1979-11-08,True,False,MLLW,,Mixed,,False,True,True,False
8534836,"LONGPORT, RISELY CHANNEL",39.3083,-74.5333,NOAA CO-OPS,NJ,historic,1977-05-26,1978-07-18,True,False,MLLW,,Mixed,,False,True,True,False
8534883,"TUCKAHOE,TUCKAHOE RIVER",39.295,-74.7483,NOAA CO-OPS,NJ,historic,1979-07-31,1979-11-08,True,False,MLLW,,Mixed,,False,True,True,False
8534884,"TUCKAHOE 2, TUCKAHOE RIVER",39.2967,-74.75,NOAA CO-OPS,NJ,historic,1979-07-31,1979-11-08,True,False,MLLW,,Mixed,,False,True,True,False
8534885,"TUCKAHOE 3, TUCKAHOE RIVER",39.2917,-74.75,NOAA CO-OPS,NJ,historic,1979-07-31,1979-09-26,True,False,MLLW,,Mixed,,False,True,True,False
8534975,GREAT EGG HARBOR BAY,39.2883,-74.6283,NOAA CO-OPS,NJ,historic,1977-05-06,1978-11-21,True,False,MLLW,,Mixed,,False,True,True,False
8535001,"CEDAR SWAMP, TUCKAHOE RIVER",39.2467,-74.7183,NOAA CO-OPS,NJ,historic,1978-05-27,1978-11-21,True,False,MLLW,,Mixed,,False,True,True,False
8535055,"Bivalve, Maurice River",39.2325,-75.0328,NOAA CO-OPS,NJ,historic,2017-01-01,2024-03-13,True,False,MLLW,,Mixed,,True,True,True,False
8535101,CORSON INLET,39.215,-74.6483,NOAA CO-OPS,NJ,historic,1977-06-13,1978-11-07,True,False,MLLW,,Mixed,,False,True,True,False
8535163,"STRATHMERE, STRATHMERE BAY",39.2,-74.6567,NOAA CO-OPS,NJ,historic,1977-06-17,1978-12-06,True,False,MLLW,,Mixed,,False,True,True,False
8535221,LUDLAM BAY,39.1767,-74.71,NOAA CO-OPS,NJ,historic,1978-06-20,1978-12-13,True,False,MLLW,,Mixed,,False,True,True,False
8535309,TOWNSEND SOUND,39.1467,-74.75,NOAA CO-OPS,NJ,historic,1977-07-27,1978-01-14,True,False,MLLW,,,,False,True,True,False
8535357,STITES SOUND,39.12,-74.755,NOAA CO-OPS,NJ,historic,1977-07-27,1979-01-05,True,False,MLLW,,,,False,True,True,False
8535375,Townsend Inlet,39.1217,-74.7167,NOAA CO-OPS,NJ,historic,1977-07-12,2014-05-29,True,False,MLLW,,Mixed,,True,True,True,False
8535419,Ingram Thorofare,39.11,-74.7383,NOAA CO-OPS,NJ,historic,1977-11-23,2015-09-27,True,False,MLLW,,Mixed,,True,True,True,False
8535445,GREAT SOUND,39.1017,-74.7883,NOAA CO-OPS,NJ,historic,1978-06-01,1978-10-10,True,False,MLLW,,,,False,True,True,False
8535451,LONGREACH,39.1017,-74.755,NOAA CO-OPS,NJ,historic,1977-08-26,1978-02-13,True,False,MLLW,,,,False,True,True,False
8535555,JENKINS SOUND,39.065,-74.8083,NOAA CO-OPS,NJ,historic,1978-05-31,1978-09-12,True,False,MLLW,,,,False,True,True,False
8535581,"STONE HARBOR, GREAT CHANNEL",39.0567,-74.765,NOAA CO-OPS,NJ,historic,1977-06-20,2024-03-13,True,False,MLLW,,Mixed,,True,True,True,False
8535661,"NUMMY IS.,GRASSY SND.CH.",39.0283,-74.8017,NOAA CO-OPS,NJ,historic,1977-06-20,1978-10-23,True,False,MLLW,,,,False,True,True,False
8535695,"OLD TURTLE, RICHARDSON SOUND",39.0183,-74.8417,NOAA CO-OPS,NJ,historic,1978-05-31,1978-09-20,True,False,MLLW,,,,False,True,True,False
8535726,"WEST WILDWOOD, GRASSY SOUND",39.005,-74.8267,NOAA CO-OPS,NJ,historic,1977-06-23,1978-12-11,True,False,MLLW,,,,False,True,True,False
8535805,SWAIN CHANNEL,38.98,-74.8633,NOAA CO-OPS,NJ,historic,1978-06-21,1978-12-08,True,False,MLLW,,,,False,True,True,False
8535835,WILDWOOD CREST,38.975,-74.8233,NOAA CO-OPS,NJ,historic,1975-05-23,1978-05-11,True,False,MLLW,,Mixed,,False,True,True,False
8535838,SUNSET LAKE,38.9783,-74.8367,NOAA CO-OPS,NJ,historic,1977-06-23,1978-10-23,True,False,MLLW,,,,False,True,True,False
8535901,CAPE MAY HARBOR,38.9483,-74.8917,NOAA CO-OPS,NJ,historic,1977-07-08,1978-10-21,True,False,MLLW,,,,False,True,True,False
8535902,CAPE ISLAND CREEK,38.9467,-74.9133,NOAA CO-OPS,NJ,historic,1978-04-19,1978-09-12,True,False,MLLW,,,,False,True,True,False
8535962,"CAPE MAY, ATLANTIC OCEAN",38.93,-74.935,NOAA CO-OPS,NJ,historic,1977-09-05,1985-04-22,True,False,MLLW,,Mixed,,False,True,True,False
8536021,CAPE MAY POINT,38.9467,-74.9717,NOAA CO-OPS,NJ,historic,1977-08-12,1979-01-08,True,False,MLLW,,Mixed,,False,True,True,False
8536110,Cape May,38.9683,-74.96,NOAA CO-OPS,NJ,active,1965-10-25,,True,False,MLLW,NWLORTS,Mixed,CMAN4,True,True,True,True
8536271,VILLAS-JACKSON PIER,39.0183,-74.9533,NOAA CO-OPS,NJ,historic,1977-08-12,1979-02-06,True,False,MLLW,,,,False,True,True,False
8536449,DIAS CREEK,39.0833,-74.8867,NOAA CO-OPS,NJ,historic,1978-04-24,1978-08-14,True,False,MLLW,,,,False,True,True,False
8536551,UPPER BIDWELL CREEK,39.1183,-74.8683,NOAA CO-OPS,NJ,historic,1978-04-26,1978-08-14,True,False,MLLW,,,,False,True,True,False
8536581,"BIDWELL CREEK ENTRANCE, DELAWARE BAY",39.1283,-74.8917,NOAA CO-OPS,NJ,historic,1977-07-11,1985-04-25,True,False,MLLW,,Mixed,,False,True,True,False
8536687,SLUICE CREEK,39.1617,-74.8317,NOAA CO-OPS,NJ,historic,1978-04-28,1978-08-14,True,False,MLLW,,,,False,True,True,False
8536736,"DENNIS CREEK, DELAWARE BAY",39.1783,-74.8517,NOAA CO-OPS,NJ,historic,1977-07-21,1978-11-16,True,False,MLLW,,,,False,True,True,False
8536752,UPPER DENNIS CREEK,39.1833,-74.8217,NOAA CO-OPS,NJ,historic,1978-04-29,1978-09-08,True,False,MLLW,,,,False,True,True,False
8536764,"WEST CREEK, DELAWARE BAY",39.1883,-74.915,NOAA CO-OPS,NJ,historic,1977-07-14,1978-12-05,True,False,MLLW,,,,False,True,True,False
8536780,EAST POINT,39.2,-75.02,NOAA CO-OPS,NJ,historic,1975-05-16,1975-10-23,True,False,MLLW,,,,False,True,True,False
8536801,RIGGINS DITCH,39.2,-74.97,NOAA CO-OPS,NJ,historic,1977-09-07,1979-01-09,True,False,MLLW,,,,False,True,True,False
8536823,EAST CREEK,39.2083,-74.9017,NOAA CO-OPS,NJ,historic,1978-04-29,1978-08-14,True,False,MLLW,,,,False,True,True,False
8536831,ORANOAKEN CREEK,39.2933,-75.1333,NOAA CO-OPS,NJ,historic,1984-11-16,1984-11-19,True,False,MLLW,,Mixed,,False,True,True,False
8536840,BRANDYWINE SHOAL LIGHTHOUSE,38.9867,-75.1117,NOAA CO-OPS,NJ,historic,1971-07-01,1971-09-30,True,False,MLLW,,,,False,True,True,False
8536848,FISHING CREEK,39.2167,-75.1583,NOAA CO-OPS,NJ,historic,1978-07-20,1978-12-11,True,False,MLLW,,,,False,True,True,False
8536849,LOWER DIVIDING CREEK,39.2167,-75.1033,NOAA CO-OPS,NJ,historic,1978-07-13,1978-12-28,True,False,MLLW,,,,False,True,True,False
8536851,WEST CREEK,39.2167,-74.925,NOAA CO-OPS,NJ,historic,1978-04-22,1978-08-14,True,False,MLLW,,,,False,True,True,False
8536855,"RIGGINS DITCH, HEISLARVILLE",39.2183,-74.98,NOAA CO-OPS,NJ,historic,1978-04-29,1978-10-23,True,False,MLLW,,,,False,True,True,False
8536889,BIVALE,39.23,-75.0367,NOAA CO-OPS,NJ,historic,1978-07-10,1978-12-05,True,False,MLLW,,,,False,True,True,False
8536915,"FORTESCUE, DELAWARE BAY",39.2367,-75.1733,NOAA CO-OPS,NJ,historic,1977-08-13,1983-05-04,True,False,MLLW,,Mixed,,False,True,True,False
8536931,FORTESCUE CREEK,39.2383,-75.175,NOAA CO-OPS,NJ,historic,1984-05-17,1987-09-30,True,False,MLLW,,Mixed,,False,True,True,False
8536935,"WEIR CREEK, DELAWARE BAY",39.25,-75.1283,NOAA CO-OPS,NJ,historic,1977-07-28,1978-11-16,True,False,MLLW,,,,False,True,True,False
8536999,"DIVIDING CREEK, DEL BAY",39.2667,-75.095,NOAA CO-OPS,NJ,historic,1977-07-14,1984-12-03,True,False,MLLW,,Mixed,,False,True,True,False
8537026,HOLLYWOOD BEACH,39.275,-75.1417,NOAA CO-OPS,NJ,historic,1978-07-27,1978-11-16,True,False,MLLW,,Mixed,,False,True,True,False
8537052,MONEY ISLAND,39.285,-75.2383,NOAA CO-OPS,NJ,historic,1984-03-15,1985-05-04,True,False,MLLW,,Mixed,,False,True,True,False
8537059,"MAURICETOWN, MAURICE RIVER",39.285,-74.9917,NOAA CO-OPS,NJ,historic,1977-08-08,1978-11-16,True,False,MLLW,,Mixed,,False,True,True,False
8537079,"NEWPORT LDG., NANTUXENT CREEK",39.2917,-75.1983,NOAA CO-OPS,NJ,historic,1977-07-14,1978-11-16,True,False,MLLW,,Mixed,,False,True,True,False
8537101,CEDAR CREEK,39.2983,-75.2467,NOAA CO-OPS,NJ,historic,1977-09-07,1982-09-02,True,False,MLLW,,Mixed,,False,True,True,False
8537103,HUSTED LND.,39.3517,-75.2583,NOAA CO-OPS,NJ,historic,1982-05-28,1982-09-01,True,False,MLLW,,Mixed,,False,True,True,False
8537116,"BACK CREEK, DEL. BAY",39.305,-75.2783,NOAA CO-OPS,NJ,historic,1977-08-25,1978-01-14,True,False,MLLW,,Mixed,,False,True,True,False
8537121,Ship John Shoal,39.30539,-75.37668,NOAA CO-OPS,NJ,active,1997-10-30,,True,False,MLLW,PORTS,Mixed,SJSN4,True,True,True,True
8537147,MANUMUSKIN RIVER,39.3133,-74.985,NOAA CO-OPS,NJ,historic,1978-05-28,1978-10-17,True,False,MLLW,,Mixed,,False,True,True,False
8537201,UPPER CEDAR CREEK,39.33,-75.2117,NOAA CO-OPS,NJ,historic,1978-07-27,1978-12-05,True,False,MLLW,,Mixed,,False,True,True,False
8537242,MANANTICO CREEK,39.3433,-75.0083,NOAA CO-OPS,NJ,historic,1978-05-28,1978-10-17,True,False,MLLW,,,,False,True,True,False
8537353,TYNDALLS WHARF,39.3783,-75.235,NOAA CO-OPS,NJ,historic,1978-07-14,1979-01-02,True,False,MLLW,,,,False,True,True,False
8537359,MILLVILLE,39.3917,-75.0417,NOAA CO-OPS,NJ,historic,1978-05-28,1978-10-17,True,False,MLLW,,,,False,True,True,False
8537363,Bayside,39.3817,-75.4067,NOAA CO-OPS,NJ,historic,2001-04-06,2001-12-04,True,False,MLLW,,Mixed,,True,True,True,False
8537374,"GREENWICH, COHANSEY RIVER",39.3833,-75.35,NOAA CO-OPS,NJ,historic,1977-09-01,1979-01-10,True,False,MLLW,,,,False,True,True,False
8537416,"STATHEMS NECK, STOW CK.",39.4067,-75.405,NOAA CO-OPS,NJ,historic,1977-08-18,1978-11-16,True,False,MLLW,,,,False,True,True,False
8537488,PINE ISLAND,39.4217,-75.4283,NOAA CO-OPS,NJ,historic,1978-08-29,1979-01-12,True,False,MLLW,,,,False,True,True,False
8537489,RACCOON DITCH,39.4217,-75.3817,NOAA CO-OPS,NJ,historic,1978-07-21,1978-11-16,True,False,MLLW,,,,False,True,True,False
8537535,"MAD HORSE CREEK, DELAWARE BAY",39.4317,-75.4467,NOAA CO-OPS,NJ,historic,1977-09-10,1979-01-04,True,False,MLLW,,,,False,True,True,False
8537562,"STOW CREEK,DELAWARE BAY",39.4617,-75.4033,NOAA CO-OPS,NJ,historic,1977-09-10,1978-11-10,True,False,MLLW,,,,False,True,True,False
8537589,SILVER LAKE FORK,39.4533,-75.455,NOAA CO-OPS,NJ,historic,1978-08-23,1979-01-04,True,False,MLLW,,,,False,True,True,False
8537614,ARTIFICIAL IS.,39.46,-75.5317,NOAA CO-OPS,NJ,historic,1977-08-19,1987-11-06,True,False,MLLW,,Mixed,,False,True,True,False
8537667,"HOPE CREEK, DELAWARE BAY",39.4583,-75.495,NOAA CO-OPS,NJ,historic,1977-09-09,1979-01-03,True,False,MLLW,,,,False,True,True,False
8537689,UPPER HOPE CREEK,39.485,-75.4933,NOAA CO-OPS,NJ,historic,1978-07-25,1979-01-04,True,False,MLLW,,,,False,True,True,False
8537731,"LOWER ALLOWAY CREEK, DEL.BAY",39.4967,-75.5167,NOAA CO-OPS,NJ,historic,1977-08-31,1979-01-04,True,False,MLLW,,,,False,True,True,False
8537753,"HANCOCKS BRIDGE, ALLOWAY CREEK",39.505,-75.4833,NOAA CO-OPS,NJ,historic,1977-10-24,1979-03-01,True,False,MLLW,,,,False,True,True,False
8537774,ABBOTS MEADOW,39.5117,-75.4933,NOAA CO-OPS,NJ,historic,1978-08-22,1979-01-05,True,False,MLLW,,,,False,True,True,False
8537779,COOPER CREEK,39.5133,-75.4467,NOAA CO-OPS,NJ,historic,1978-08-16,1979-01-03,True,False,MLLW,,,,False,True,True,False
8537889,"QUINTON, ALLOWAY CREEK",39.5483,-75.415,NOAA CO-OPS,NJ,historic,1977-08-22,1979-01-16,True,False,MLLW,,,,False,True,True,False
8537961,"SINNICKSON LANDING, SALEM R.",39.57,-75.4983,NOAA CO-OPS,NJ,historic,1977-08-22,1983-10-14,True,False,MLLW,,Mixed,,False,True,True,False
8537979,SALEM,39.5767,-75.4767,NOAA CO-OPS,NJ,historic,1978-08-11,1983-10-14,True,False,MLLW,,Mixed,,False,True,True,False
8538055,"MILL CREEK, PENNSNECK",39.61,-75.52,NOAA CO-OPS,NJ,historic,1978-08-18,1979-01-05,True,False,MLLW,,Mixed,,False,True,True,False
8538086,KATES CREEK MEADOW,39.62,-75.4533,NOAA CO-OPS,NJ,historic,1978-08-05,1979-01-10,True,False,MLLW,,Mixed,,False,True,True,False
8538095,"WINSLOW FARMS, SALEM R.",39.6283,-75.4817,NOAA CO-OPS,NJ,historic,1977-09-09,1979-01-12,True,False,MLLW,,Mixed,,False,True,True,False
8538231,"DEEPWATER, DELAWARE RIVER",39.6833,-75.51,NOAA CO-OPS,NJ,historic,1977-04-19,1983-08-18,True,False,MLLW,,Mixed,,False,True,True,False
8538274,"AUBURN, OLDMANS CREEK",39.715,-75.36,NOAA CO-OPS,NJ,historic,1977-09-22,1978-03-16,True,False,MLLW,,,,False,True,True,False
8538369,"PEDRICKTOWN, OLDMANS CREEK",39.7617,-75.4033,NOAA CO-OPS,NJ,historic,1977-04-26,1982-07-09,True,False,MLLW,,Mixed,,False,True,True,False
8538414,"NEW BRIDGE, OLDMANS CREEK",39.7833,-75.4067,NOAA CO-OPS,NJ,historic,1982-07-02,1982-07-09,True,False,MLLW,,Mixed,,False,True,True,False
8538438,MANTUA,39.795,-75.1767,NOAA CO-OPS,NJ,historic,1978-04-12,1981-07-29,True,False,MLLW,,,,False,True,True,False
8538449,"BRIDGEPORT, RACOON CREEK",39.8067,-75.355,NOAA CO-OPS,NJ,historic,1977-04-26,1978-11-17,True,False,MLLW,,,,False,True,True,False
8538479,"SUNSET BEACH, BIG TIMBER CREEK",39.815,-75.0883,NOAA CO-OPS,NJ,historic,1977-09-29,1978-03-16,True,False,MLLW,,,,False,True,True,False
8538512,"PAULSBORO, MANTUA CREEK",39.835,-75.2383,NOAA CO-OPS,NJ,historic,1977-06-21,1981-07-29,True,False,MLLW,,Mixed,,False,True,True,False
8538548,WOODBURY CREEK,39.86,-75.1867,NOAA CO-OPS,NJ,historic,1977-05-09,1978-06-09,True,False,MLLW,,,,False,True,True,False
8538552,BILLINGSPORT,39.85,-75.25,NOAA CO-OPS,NJ,historic,1980-08-28,1985-05-03,True,False,MLLW,,Mixed,,False,True,True,False
8538568,WOODBURY CREEK,39.8583,-75.185,NOAA CO-OPS,NJ,historic,1981-07-15,1981-07-20,True,False,MLLW,,Mixed,,False,True,True,False
8538601,"WESTVILLE, BIG TIMBER CREEK",39.8733,-75.1233,NOAA CO-OPS,NJ,historic,1977-03-17,1980-10-07,True,False,MLLW,,Mixed,,False,True,True,False
8538779,PAVONIA,39.9617,-75.0983,NOAA CO-OPS,NJ,historic,1980-06-11,1980-08-05,True,False,MLLW,,Mixed,,False,True,True,False
8538831,CINNAMINSON,39.9783,-75.0133,NOAA CO-OPS,NJ,historic,1978-04-13,1978-10-26,True,False,MLLW,,,,False,True,True,False
8538848,"NORTH BRANCH,RANCOCAS CK, DEL B",39.9983,-74.8183,NOAA CO-OPS,NJ,historic,1977-09-30,1980-08-25,True,False,MLLW,,Semi Diurnal,,False,True,True,False
8538853,"PALMYRA, PENNSAUKEN CREEK",39.9933,-75.0283,NOAA CO-OPS,NJ,historic,1977-05-11,1978-11-02,True,False,MLLW,,,,False,True,True,False
8538875,"POMPESTON CREEK, DELAWARE RIVER",40.0133,-75.0083,NOAA CO-OPS,NJ,historic,1977-09-30,1978-06-02,True,False,MLLW,,,,False,True,True,False
8538886,Tacony-Palmyra Bridge,40.0119,-75.043,NOAA CO-OPS,NJ,historic,2002-05-07,2013-11-11,True,False,MLLW,PORTS,Mixed,TPBN4,True,True,True,False
8538921,"BRIDGEBORO, RANCOCAS CREEK",40.0283,-74.9317,NOAA CO-OPS,NJ,historic,1980-08-01,1980-08-25,True,False,MLLW,,Mixed,,False,True,True,False
8539094,"Burlington, Delaware River",40.0817,-74.8697,NOAA CO-OPS,NJ,active,1977-02-21,,True,False,MLLW,PORTS,Mixed,BDRN4,True,True,True,True
8539487,"FIELDSBORO, DELAWARE RIVER",40.1367,-74.7367,NOAA CO-OPS,NJ,historic,1976-12-14,1984-04-07,True,False,MLLW,,Mixed,,False,True,True,False
8539494,"BLACKS CREEK, DELAWARE RIVER",40.1383,-74.7117,NOAA CO-OPS,NJ,historic,1977-09-22,1978-03-10,True,False,MLLW,,,,False,True,True,False
8539808,"SYLVAN GLEN, CROSSWICKS CREEK",40.1817,-74.705,NOAA CO-OPS,NJ,historic,1977-03-23,1978-10-24,True,False,MLLW,,,,False,True,True,False
8539993,TRENTON MARINE TERMINAL,40.1883,-74.755,NOAA CO-OPS,NJ,historic,1977-02-22,1992-10-31,True,False,MLLW,,Mixed,,True,True,True,False
8540433,Marcus Hook,39.811806,-75.4095,NOAA CO-OPS,PA,active,1981-09-10,,True,False,MLLW,PORTS,Mixed,MRCP1,True,True,True,True
8542426,WANNAMAKER BRIDGE 2 (BACKUP),39.8767,-75.305,NOAA CO-OPS,PA,historic,1978-04-07,1978-12-01,True,False,MLLW,,,,False,True,True,False
8542699,"NORWOOD, DARBY CREEK",39.88,-75.29,NOAA CO-OPS,PA,historic,1976-11-09,1978-03-28,True,False,MLLW,,,,False,True,True,False
8542885,"TINICUM 4, DARBY CREEK",39.8783,-75.2767,NOAA CO-OPS,PA,historic,1977-10-22,1978-12-12,True,False,MLLW,,,,False,True,True,False
8543024,"TINICUM 3, DARBY CREEK",39.8867,-75.265,NOAA CO-OPS,PA,historic,1977-10-22,1978-12-11,True,False,MLLW,,Mixed,,False,True,True,False
8543025,"TINICUM 2, DARBY CREEK",39.8867,-75.2567,NOAA CO-OPS,PA,historic,1976-12-18,1977-10-22,True,False,MLLW,,Mixed,,False,True,True,False
8543111,"TINICUM 1, DARBY CREEK",39.8933,-75.2583,NOAA CO-OPS,PA,historic,1976-11-19,1978-03-30,True,False,MLLW,,Mixed,,False,True,True,False
8545240,Philadelphia,39.933056,-75.14198,NOAA CO-OPS,PA,active,1989-02-28,,True,False,MLLW,NWLORTS,Mixed,PHBP1,True,True,True,True
8545530,"PHILADELPHIA (PIER 11 NORTH), DEL. RIVER",39.9533,-75.1383,NOAA CO-OPS,PA,historic,1900-07-01,1989-09-09,True,False,MLLW,,Mixed,,False,True,True,False
8545534,PHILADELPHIA (TEMPORARY ADR),39.9533,-75.1383,NOAA CO-OPS,PA,historic,1989-02-20,1989-09-08,True,False,MLLW,,Mixed,,False,True,True,False
8546252,Bridesburg,39.979683,-75.079315,NOAA CO-OPS,PA,active,1979-07-23,,True,False,MLLW,PORTS,Mixed,BDSP1,True,True,True,True
8548989,Newbold,40.137333,-74.75183,NOAA CO-OPS,PA,active,2001-10-27,,True,False,MLLW,PORTS,Mixed,NBLP1,True,True,True,True
8549424,MEENAN,40.1283,-74.8233,NOAA CO-OPS,PA,historic,1978-07-24,1979-07-10,True,False,MLLW,,Mixed,,False,True,True,False
8550438,EDGEMOOR,39.75,-75.4933,NOAA CO-OPS,DE,historic,1984-06-12,1984-07-18,True,False,MLLW,,Mixed,,False,True,True,False
8550714,"WILMINGTON, CHRISTINA R. ENT.",39.7183,-75.52,NOAA CO-OPS,DE,historic,1982-10-05,1982-11-05,True,False,MLLW,,Mixed,,False,True,True,False
8551201,NEW CASTLE,39.6567,-75.5617,NOAA CO-OPS,DE,historic,1985-02-22,1985-04-29,True,False,MLLW,,Mixed,,False,True,True,False
8551702,PEA PATCH ISLAND,39.5833,-75.5733,NOAA CO-OPS,DE,historic,1983-05-23,1984-07-19,True,False,MLLW,,Mixed,,False,True,True,False
8551762,Delaware City,39.582195,-75.588974,NOAA CO-OPS,DE,active,2001-10-08,,True,False,MLLW,PORTS,Mixed,DELD1,True,True,True,False
8551851,DELAWARE CITY BRIDGE,39.57,-75.59,NOAA CO-OPS,DE,historic,1983-07-20,1983-08-29,True,False,MLLW,,Mixed,,False,True,True,False
8551910,Reedy Point,39.558334,-75.571945,NOAA CO-OPS,DE,active,1956-07-30,,True,False,MLLW,NWLORTS,Mixed,RDYD1,True,True,True,True
8554399,Mahon River Entrance,39.185,-75.4,NOAA CO-OPS,DE,historic,1983-03-02,2001-12-05,True,False,MLLW,,Mixed,,True,True,True,False
8554501,Elbow of Cross Ledge Light,39.1667,-75.2667,NOAA CO-OPS,DE,historic,1984-05-05,2001-06-07,True,False,MLLW,,Mixed,,True,True,True,False
8555388,MURDERKILL RIVER ENTRANCE,39.0583,-75.3967,NOAA CO-OPS,DE,historic,1983-03-04,1985-04-26,True,False,MLLW,,Mixed,,False,True,True,False
8555461,FOURTEEN FOOT BANK LIGHT,39.0483,-75.1833,NOAA CO-OPS,DE,historic,1983-04-03,1984-11-12,True,False,MLLW,,Mixed,,False,True,True,False
8555889,Brandywine Shoal Light,38.986668,-75.113335,NOAA CO-OPS,DE,active,1984-03-18,,True,False,MLLW,PORTS,Mixed,BRND1,True,True,True,False
8556198,MISPILLION RIVER ENTRANCE,38.945,-75.3133,NOAA CO-OPS,DE,historic,1983-03-16,1984-11-07,True,False,MLLW,,Mixed,,False,True,True,False
8557125,HARBOR OF REFUGE LIGHT,38.8,-75.0833,NOAA CO-OPS,DE,historic,1984-05-18,1984-12-02,True,False,MLLW,,Mixed,,False,True,True,False
8557380,Lewes,38.782833,-75.11928,NOAA CO-OPS,DE,active,1919-01-14,,True,False,MLLW,NWLORTS,Mixed,LWSD1,True,True,True,True
8557863,REHOBOTH BEACH,38.72,-75.0833,NOAA CO-OPS,DE,historic,1975-06-01,1975-06-30,True,False,MLLW,,,,False,True,True,False
8558101,"WHITE OAK POINT, REHOBOTH BAY",38.69,-75.0783,NOAA CO-OPS,DE,historic,1984-07-10,1984-07-16,True,False,MLLW,,Mixed,,False,True,True,False
8558690,INDIAN RIVER INLET,38.61,-75.07,NOAA CO-OPS,DE,historic,1972-02-15,1986-09-25,True,False,MLLW,,Mixed,,False,True,True,False
8558695,"INDIAN RIVER INLET, TEST GAGE 5",38.61,-75.07,NOAA CO-OPS,DE,historic,1978-12-06,1984-08-01,True,False,MLLW,,Mixed,,False,True,True,False
8558788,"MILLSBORO BRIDGE, INDIAN RIVER",38.595,-75.2917,NOAA CO-OPS,DE,historic,1984-07-11,1984-07-17,True,False,MLLW,,Mixed,,False,True,True,False
8558789,"OAK ORCHARD, INDIAN RIVER",38.595,-75.1733,NOAA CO-OPS,DE,historic,1984-07-11,1984-07-17,True,False,MLLW,,Mixed,,False,True,True,False
8558814,"Rosedale Beach, Indian River",38.5915,-75.2116,NOAA CO-OPS,DE,historic,,2024-03-13,True,False,MLLW,,Mixed,,True,True,True,False
8559885,"LITTLE ASSAWOMAN, FENWICK ISL.",38.4633,-75.055,NOAA CO-OPS,DE,historic,1984-07-12,1984-07-18,True,False,MLLW,,Mixed,,False,True,True,False
8559957,Little Assawoman Bay,38.455,-75.0583,NOAA CO-OPS,DE,historic,,2024-03-13,True,False,MLLW,,Mixed,,True,True,True,False
8570255,"KEYDASH, ISLE OF WIGHT BAY",38.3417,-75.085,NOAA CO-OPS,MD,historic,1977-05-20,1979-07-06,True,False,MLLW,,,,False,True,True,False
8570280,"OCEAN CITY, FISHING PIER",38.3267,-75.0833,NOAA CO-OPS,MD,historic,1975-05-12,1992-01-03,True,False,MLLW,,Mixed,,True,True,True,False
8570282,Ocean City,38.3317,-75.09,NOAA CO-OPS,MD,historic,1974-07-11,1977-05-19,True,False,MLLW,,,,False,True,True,False
8570283,Ocean City Inlet,38.32833,-75.09167,NOAA CO-OPS,MD,active,1978-06-05,,True,False,MLLW,"NWLON,Global,USACE",Mixed,OCIM2,True,True,True,True
8570435,"NPS #1, SINEPUXENT BAY",38.265,-75.13,NOAA CO-OPS,MD,historic,1998-08-18,1999-04-26,True,False,MLLW,,Mixed,,True,True,True,False
8570509,OLD FERRY LANDING,38.2033,-75.1633,NOAA CO-OPS,MD,historic,1986-04-30,1986-07-01,True,False,MLLW,,Mixed,,False,True,True,False
8570536,"SOUTH POINT, SINEPUXENT NECK, CHINC. BAY",38.215,-75.1917,NOAA CO-OPS,MD,historic,1985-07-13,1985-11-05,True,False,MLLW,,Mixed,,False,True,True,False
8570616,"NPS #2, SINEPUXENT BAY",38.1883,-75.1917,NOAA CO-OPS,MD,historic,1998-08-21,1999-04-26,True,False,MLLW,,Mixed,,True,True,True,False
8570649,"PUBLIC LANDING, CHINCOTEAGUE BAY",38.1483,-75.285,NOAA CO-OPS,MD,historic,1985-07-13,1985-11-06,True,False,MLLW,,Mixed,,False,True,True,False
8570691,Buntings Bridge,38.138943,-75.183525,NOAA CO-OPS,MD,historic,2013-02-08,2014-03-05,True,False,MLLW,COASTAL,Mixed,,True,True,True,False
8570819,"NPS #3, CHINCOTEAGUE BAY",38.1017,-75.2217,NOAA CO-OPS,MD,historic,1998-08-21,1999-04-26,True,False,MLLW,,Mixed,,True,True,True,False
8571073,"DAYMARKER #2, SMITH ISLAND",37.9717,-75.985,NOAA CO-OPS,MD,historic,1977-04-27,1977-12-18,True,False,MLLW,,,,False,True,True,False
8571091,CRISFIELD,37.9767,-75.8633,NOAA CO-OPS,MD,historic,1977-04-23,1981-10-20,True,False,MLLW,,Mixed,,False,True,True,False
8571117,"Ewell, Smith Island",37.995,-76.0317,NOAA CO-OPS,MD,historic,1997-04-09,2010-11-14,True,False,MLLW,,Mixed,,True,True,True,False
8571181,"COLBOURN CREEK, BIG ANNEMESSEX R",38.0483,-75.8033,NOAA CO-OPS,MD,historic,1981-10-19,1981-11-30,True,False,MLLW,,Mixed,,False,True,True,False
8571214,HOLLAND BAR LIGHT,38.0683,-76.0967,NOAA CO-OPS,MD,historic,1981-08-30,1981-12-01,True,False,MLLW,,Mixed,,False,True,True,False
8571266,"RUMBLEY, MANOKIN RIVER",38.0917,-75.8617,NOAA CO-OPS,MD,historic,1981-10-21,1981-11-30,True,False,MLLW,,Mixed,,False,True,True,False
8571289,"CHANNEL LIGHT #6,LITTLE DEAL IS",38.125,-75.9467,NOAA CO-OPS,MD,historic,1977-04-25,1977-12-20,True,False,MLLW,,,,False,True,True,False
8571351,"CHANCE, NANTICOKE RIVER",38.1717,-75.945,NOAA CO-OPS,MD,historic,1972-07-25,1981-12-02,True,False,MLLW,,Mixed,,False,True,True,False
8571359,Snow Hill,38.17833,-75.39667,NOAA CO-OPS,MD,historic,2005-03-07,2010-12-06,True,False,MLLW,Hydro,Mixed,,True,True,True,False
8571402,HOOPER STRAIT LIGHTHOUSE,38.2267,-76.0767,NOAA CO-OPS,MD,historic,1981-10-22,1981-12-01,True,False,MLLW,,Mixed,,False,True,True,False
8571421,Bishops Head,38.22,-76.0383,NOAA CO-OPS,MD,active,2005-03-22,,True,False,MLLW,NWLON,Mixed,BISM2,True,True,True,True
8571477,NANTICOKE,38.27,-75.9133,NOAA CO-OPS,MD,historic,1981-10-21,1981-12-03,True,False,MLLW,,Mixed,,False,True,True,False
8571485,"WHITEHAVEN, WICOMICO RIVER",38.2683,-75.7883,NOAA CO-OPS,MD,historic,1989-02-28,1989-07-20,True,False,MLLW,,Mixed,,False,True,True,False
8571519,MIDDLE HOOPERS ISLAND,38.2967,-76.205,NOAA CO-OPS,MD,historic,1971-06-23,1986-04-25,True,False,MLLW,,Mixed,,False,True,True,False
8571559,McCready's Creek,38.3,-76.005,NOAA CO-OPS,MD,historic,1981-10-19,2010-12-09,True,False,MLLW,"Global,COASTAL",Mixed,MCCM2,True,True,True,False
8571579,Barren Island,38.3417,-76.265,NOAA CO-OPS,MD,historic,2001-12-13,2003-04-22,True,False,MLLW,Global,Mixed,,True,True,True,False
8571616,"SALISBURY, WICOMICO RIVER",38.365,-75.6067,NOAA CO-OPS,MD,historic,1989-02-27,1989-07-21,True,False,MLLW,,Mixed,,False,True,True,False
8571702,Beaverdam Creek,38.42833,-76.236664,NOAA CO-OPS,MD,historic,2005-04-05,2008-08-20,True,False,MLLW,Hydro,Mixed,,True,True,True,False
8571773,Vienna,38.48333,-75.81834,NOAA CO-OPS,MD,historic,1972-07-24,2010-12-08,True,False,MLLW,Hydro,Mixed,,True,True,True,False
8571858,"SHARPSTOWN, NANTICOKE RIVER",38.545,-75.7233,NOAA CO-OPS,MD,historic,,2024-03-13,True,False,MLLW,,Mixed,,True,True,True,False
8571890,CAMBRIDGE,38.575,-76.0717,NOAA CO-OPS,MD,historic,1942-12-19,1951-08-30,True,False,MLLW,,Mixed,,False,True,True,False
8571892,Cambridge,38.5725,-76.06167,NOAA CO-OPS,MD,active,1980-10-21,,True,False,MLLW,NWLON,Mixed,CAMM2,True,True,True,True
8571901,"AVALON, TILGANAN ISLAND",38.71,-76.335,NOAA CO-OPS,MD,historic,1983-09-28,1983-12-08,True,False,MLLW,,Mixed,,False,True,True,False
8571979,"TILGHMAN ISLAND, FERRY COVE",38.765,-76.3283,NOAA CO-OPS,MD,historic,1983-07-14,1983-10-13,True,False,MLLW,,Mixed,,False,True,True,False
8572271,Poplar Island,38.758335,-76.375,NOAA CO-OPS,MD,historic,2006-10-01,2010-03-31,True,False,MLLW,COASTAL,Mixed,,True,True,True,False
8572342,"ST. MICHAELS, MILES RIVER",38.7867,-76.2217,NOAA CO-OPS,MD,historic,1983-07-27,1983-09-09,True,False,MLLW,,Mixed,,False,True,True,False
8572467,Kent Point,38.8367,-76.3733,NOAA CO-OPS,MD,historic,1996-05-15,2000-05-31,True,False,MLLW,,Mixed,,True,True,True,False
8572669,Hillsboro,38.9167,-75.945,NOAA CO-OPS,MD,historic,2005-03-07,2005-09-06,True,False,MLLW,Hydro,Mixed,,True,True,True,False
8572770,Matapeake,38.9567,-76.355,NOAA CO-OPS,MD,historic,1972-07-13,1984-08-24,True,False,MLLW,,Mixed,,False,True,True,False
8572955,Love Point Pier,39.0317,-76.3017,NOAA CO-OPS,MD,historic,1971-06-29,2000-05-31,True,False,MLLW,,Mixed,,True,True,True,False
8573137,CLIFF'S WHARF,39.11,-76.1383,NOAA CO-OPS,MD,historic,1971-06-22,1983-08-24,True,False,MLLW,,Mixed,,False,True,True,False
8573211,"DEEP LANDING, SWAN CREEK",39.145,-76.26,NOAA CO-OPS,MD,historic,1993-10-15,1993-12-14,True,False,MLLW,,Mixed,,True,True,True,False
8573349,Crumpton,39.245,-75.925,NOAA CO-OPS,MD,historic,2005-03-30,2010-12-14,True,False,MLLW,Hydro,Mixed,,True,True,True,False
8573364,Tolchester Beach,39.213444,-76.24455,NOAA CO-OPS,MD,active,1971-06-24,,True,False,MLLW,PORTS,Mixed,TCBM2,True,True,True,True
8573704,Betterton,39.3717,-76.0633,NOAA CO-OPS,MD,historic,1971-06-24,2000-02-25,True,False,MLLW,,Mixed,,True,True,True,False
8573903,TOWN POINT WHARF,39.5033,-75.9167,NOAA CO-OPS,MD,historic,1972-10-17,1994-06-24,True,False,MLLW,,Mixed,,True,True,True,False
8573927,Chesapeake City,39.52667,-75.81,NOAA CO-OPS,MD,active,1972-11-15,,True,False,MLLW,PORTS,Mixed,CHCM2,True,True,True,True
8574008,PORT DEPOSIT,39.6033,-76.1133,NOAA CO-OPS,MD,historic,1983-05-04,1983-06-23,True,False,MLLW,,Mixed,,False,True,True,False
8574070,Havre De Grace,39.5367,-76.09,NOAA CO-OPS,MD,historic,1972-11-17,2005-09-07,True,False,MLLW,Hydro,Mixed,,True,True,True,False
8574071,HARVE DE GRACE (BACKUP),39.5367,-76.09,NOAA CO-OPS,MD,historic,1980-04-17,1992-11-13,True,False,MLLW,,Mixed,,True,True,True,False
8574459,"POND POINT (ABERDEEN P.G.), BUSH RIVER",39.3883,-76.255,NOAA CO-OPS,MD,historic,1995-07-19,1995-09-19,True,False,MLLW,,Mixed,,True,True,True,False
8574680,Baltimore,39.266693,-76.57831,NOAA CO-OPS,MD,active,1902-07-01,,True,False,MLLW,NWLORTS,Mixed,BLTM2,True,True,True,True
8574683,Fort McHenry Marsh,39.2617,-76.585,NOAA CO-OPS,MD,historic,2004-03-15,2005-05-16,True,False,MLLW,COASTAL,Mixed,,True,True,True,False
8574726,BEAR CREEK MARINA,39.25,-76.49,NOAA CO-OPS,MD,historic,1976-08-05,1976-11-01,True,False,MLLW,,,,False,True,True,False
8574821,"HAWKINS POINT, PATAPSCO RIVER",39.2083,-76.5333,NOAA CO-OPS,MD,historic,1975-08-18,1976-11-17,True,False,MLLW,,,,False,True,True,False
8574848,CURTIS CREEK (OPR 514),39.195,-76.5767,NOAA CO-OPS,MD,historic,1975-11-01,1976-08-31,True,False,MLLW,,,,False,True,True,False
8574857,NORTH POINT,39.1967,-76.445,NOAA CO-OPS,MD,historic,1971-06-28,1983-08-31,True,False,MLLW,,Mixed,,False,True,True,False
8574931,STONY CREEK,39.1633,-76.5267,NOAA CO-OPS,MD,historic,1976-11-05,1976-11-11,True,False,MLLW,,,,False,True,True,False
8575109,"CORNFIELD CREEK, MAGOTHY RIVER",39.1,-76.445,NOAA CO-OPS,MD,historic,1975-11-01,1976-01-22,True,False,MLLW,,Mixed Diurnal,,False,True,True,False
8575510,"ANNAPOLIS, NAVAL RADIO STATION",38.975,-76.4567,NOAA CO-OPS,MD,historic,1928-08-07,1980-01-17,True,False,MLLW,,,,False,True,True,False
8575512,Annapolis,38.983883,-76.480034,NOAA CO-OPS,MD,active,1978-09-14,,True,False,MLLW,NWLORTS,Mixed,APAM2,True,True,True,True
8575550,"GINGERVILLE CREEK, SOUTH RIVER",38.9583,-76.555,NOAA CO-OPS,MD,historic,1966-10-04,1979-04-24,True,False,MLLW,,Mixed,,False,True,True,False
8575787,RHODE RIVER,38.8867,-76.54,NOAA CO-OPS,MD,historic,1971-06-30,1977-05-27,True,False,MLLW,,,,False,True,True,False
8576363,CHESAPEAKE BEACH,38.7,-76.5333,NOAA CO-OPS,MD,historic,1972-06-27,1987-11-24,True,False,MLLW,,Mixed,,False,True,True,False
8577004,Long Beach,38.465,-76.4733,NOAA CO-OPS,MD,historic,1997-05-07,2000-05-31,True,False,MLLW,,Mixed,,True,True,True,False
8577188,COVE POINT,38.3917,-76.3983,NOAA CO-OPS,MD,historic,1972-07-06,1983-12-02,True,False,MLLW,,Mixed,,False,True,True,False
8577330,Solomons Island,38.3167,-76.4517,NOAA CO-OPS,MD,active,1937-11-05,,True,False,MLLW,NWLORTS,Mixed,SLIM2,True,True,True,True
8577385,NAVY SEAPLANE BASIN BOATHOUSE,38.2717,-76.3967,NOAA CO-OPS,MD,historic,1981-08-28,1981-12-03,True,False,MLLW,,Mixed,,False,True,True,False
8578002,"POINT LOOKOUT, POTOMAC RIVER",38.04,-76.3233,NOAA CO-OPS,MD,historic,1981-10-05,1981-12-04,True,False,MLLW,,Mixed,,False,True,True,False
8578240,Piney Point,38.133335,-76.53333,NOAA CO-OPS,MD,historic,1958-11-21,,True,False,MLLW,PORTS,,PPTM2,True,True,True,False
8579542,Lower Marlboro,38.655,-76.683334,NOAA CO-OPS,MD,historic,1972-07-10,2010-12-16,True,False,MLLW,Hydro,Mixed,,True,True,True,False
8579997,"BLADENSBURG, ANACOSTIA RIVER",38.9333,-76.9383,NOAA CO-OPS,MD,historic,1932-11-25,1996-08-13,True,False,MLLW,,Mixed,,True,True,True,False
8593005,"WASHINGTON NAVY YARD,D.C.",38.8717,-76.995,NOAA CO-OPS,DC,historic,1974-08-16,1996-02-01,True,False,MLLW,,Semi Diurnal,,True,True,True,False
8593545,"KINGMAN LAKE, ANACOSTIA RIVER",38.895,-76.9683,NOAA CO-OPS,DC,historic,1995-06-29,1996-04-25,True,False,MLLW,,Mixed,,True,True,True,False
8593909,"EAST LAKE, ANACOSTIA RIVER",38.91,-76.955,NOAA CO-OPS,DC,historic,1995-07-20,1996-04-26,True,False,MLLW,,Semi Diurnal,,True,True,True,False
8594900,Washington,38.873333,-77.02167,NOAA CO-OPS,DC,active,1924-11-10,,True,False,MLLW,NWLORTS,Mixed,WASD2,True,True,True,True
8630111,"JESTERS ISLAND, CHINCOTEAGUE BAY",37.9817,-75.3017,NOAA CO-OPS,VA,historic,1985-07-25,1985-11-07,True,False,MLLW,,Mixed,,False,True,True,False
8630249,"CHINCOTEAGUE, USCG STATION",37.9317,-75.3833,NOAA CO-OPS,VA,historic,1976-08-06,1982-12-07,True,False,MLLW,,Mixed,,False,True,True,False
8630308,"CHINCOTEAGUE CHANNEL, SOUTH END",37.9067,-75.405,NOAA CO-OPS,VA,historic,1977-05-13,1977-09-14,True,False,MLLW,,,,False,True,True,False
8630315,Southern Chincoteague Island,37.9024,-75.4079,NOAA CO-OPS,VA,historic,1977-07-19,2024-03-13,True,False,MLLW,,Mixed,,True,True,True,False
8630316,"HARBOR OF REFUGE, CHINCOTEAGUE",37.9033,-75.4067,NOAA CO-OPS,VA,historic,1977-05-13,1977-09-14,True,False,MLLW,,,,False,True,True,False
8630441,WALLOPS ISLAND,37.8417,-75.4783,NOAA CO-OPS,VA,historic,1968-12-13,1982-12-07,True,False,MLLW,,Mixed,,False,True,True,False
8631044,Wachapreague,37.607777,-75.68584,NOAA CO-OPS,VA,active,1978-06-28,,True,False,MLLW,NWLON,Mixed,WAHV2,True,True,True,True
8631542,"SAND SHOAL INLET, COBB ISLAND",37.3017,-75.7783,NOAA CO-OPS,VA,historic,1978-08-03,1981-11-09,True,False,MLLW,,Mixed,,False,True,True,False
8631591,Oyster Harbor,37.2883,-75.925,NOAA CO-OPS,VA,historic,1980-09-03,1981-05-01,True,False,MLLW,,Mixed,,False,True,True,False
8631935,Delmarva GPS Buoy,37.087807,-75.5473,NOAA CO-OPS,VA,historic,2014-10-05,2014-11-06,True,False,MLLW,,Mixed,,True,True,True,False
8632200,Kiptopeke,37.1652,-75.9884,NOAA CO-OPS,VA,active,1951-08-22,,True,False,MLLW,NWLORTS,Mixed,KPTV2,True,True,True,True
8632201,KIPTOPEKE BEACH (BACKUP),37.1667,-75.9883,NOAA CO-OPS,VA,historic,1977-12-02,1979-07-01,True,False,MLLW,,Mixed,,False,True,True,False
8632366,CAPE CHARLES HBR (U.S. G. WHARF),37.2633,-76.02,NOAA CO-OPS,VA,historic,1947-06-25,1982-07-12,True,False,MLLW,,Mixed,,False,True,True,False
8632837,Rappahannock Light,37.5383,-76.015,NOAA CO-OPS,VA,historic,1997-10-07,,True,False,MLLW,PORTS,Mixed,RPLV2,True,True,True,False
8632869,"GASKINS PT., OCCOHANNOCK CREEK",37.5567,-75.9167,NOAA CO-OPS,VA,historic,1972-08-01,2007-10-01,True,False,MLLW,Hydro,Mixed,,True,True,True,False
8633091,"HARBORTON, PUNGOTEAGUE CREEK",37.6667,-75.8333,NOAA CO-OPS,VA,historic,1976-01-28,1977-06-24,True,False,MLLW,,Mixed,,False,True,True,False
8633362,SCHOONER BAY,37.7633,-75.7733,NOAA CO-OPS,VA,historic,1975-06-10,1975-09-04,True,False,MLLW,,Mixed,,False,True,True,False
8633532,Tangier Island,37.8283,-75.9933,NOAA CO-OPS,VA,historic,1979-08-08,2006-06-02,True,False,MLLW,"PORTS,Hydro",Mixed,,True,True,True,False
8633777,"SAXIS, STARLING CREEK",37.9217,-75.7283,NOAA CO-OPS,VA,historic,1988-07-13,1988-12-06,True,False,MLLW,,Mixed,,False,True,True,False
8635027,Dahlgren,38.31975,-77.0366,NOAA CO-OPS,VA,active,1970-04-09,,True,False,MLLW,NWLORTS,Mixed,NCDV2,True,True,True,True
8635150,"Colonial Beach, Potomac River",38.2517,-76.96,NOAA CO-OPS,VA,historic,1972-01-07,2010-08-17,True,False,MLLW,Hydro,Mixed,CLBV2,True,True,True,False
8635257,Rappahannock Bend,38.2133,-77.2433,NOAA CO-OPS,VA,historic,2007-01-21,2009-02-12,True,False,MLLW,Hydro,Mixed,,True,True,True,False
8635750,Lewisetta,37.9961,-76.4644,NOAA CO-OPS,VA,active,1970-10-20,,True,False,MLLW,NWLORTS,Mixed,LWTV2,True,True,True,True
8635985,Wares Wharf,37.8733,-76.7833,NOAA CO-OPS,VA,historic,1971-01-12,2009-07-28,True,False,MLLW,Hydro,Mixed,,True,True,True,False
8636128,"FLEET PT, GREAT WICOMICO RIVER",37.8133,-76.275,NOAA CO-OPS,VA,historic,1970-10-21,1982-11-21,True,False,MLLW,,Mixed,,False,True,True,False
8636580,Windmill Point,37.6155,-76.28978,NOAA CO-OPS,VA,active,1970-06-24,,True,False,MLLW,PORTS,Mixed,WNDV2,True,True,True,False
8636581,WINDMILL POINT (BACKUP),37.615,-76.3017,NOAA CO-OPS,VA,historic,1983-06-28,1983-10-31,True,False,MLLW,,Mixed,,False,True,True,False
8636653,Lester Manor,37.5833,-76.99,NOAA CO-OPS,VA,historic,1912-07-30,2007-03-13,True,False,MLLW,Hydro,Mixed,,True,True,True,False
8636654,"NEW MILL CREEK, (GREYS POINT)",37.5833,-76.4183,NOAA CO-OPS,VA,historic,1970-06-29,1978-04-07,True,False,MLLW,,Mixed,,False,True,True,False
8636749,FISHING BAY,37.5417,-76.3333,NOAA CO-OPS,VA,historic,1986-04-01,1986-06-04,True,False,MLLW,,Mixed,,False,True,True,False
8636941,"Richmond Deepwater Terminal, James River",37.459557,-77.42078,NOAA CO-OPS,VA,historic,2011-11-03,2012-05-14,True,False,MLLW,USACE,Mixed,,True,True,True,False
8637289,NEW POINT,37.3467,-76.2733,NOAA CO-OPS,VA,historic,1953-04-16,1982-11-24,True,False,MLLW,,Mixed,,False,True,True,False
8637589,"NEW PT.COMFORT SHOAL, (BACKUP)",37.2567,-76.2217,NOAA CO-OPS,VA,historic,1981-05-29,1981-09-10,True,False,MLLW,,Mixed,,False,True,True,False
8637590,"NEW POINT, COMFORT SHOAL",37.2567,-76.2217,NOAA CO-OPS,VA,historic,1981-05-29,1981-07-24,True,False,MLLW,,Mixed,,False,True,True,False
8637624,Gloucester Point,37.2467,-76.5,NOAA CO-OPS,VA,historic,1950-05-16,2003-09-18,True,False,MLLW,PORTS,Mixed,GLPV2,True,True,True,False
8637689,Yorktown USCG Training Center,37.2265,-76.478806,NOAA CO-OPS,VA,active,2004-01-22,,True,False,MLLW,NWLORTS,Mixed,YKTV2,True,True,True,True
8637712,Jamestown,37.2201,-76.7914,NOAA CO-OPS,VA,historic,2010-06-23,2024-03-13,True,False,MLLW,USACE,Mixed,,True,True,True,False
8637722,York Spit Light,37.21,-76.2533,NOAA CO-OPS,VA,historic,2002-02-13,2002-09-02,True,False,MLLW,Global,Mixed,,True,True,True,False
8638017,"FORT EUSTIS (MARAD), JAMES RIVER",37.13822,-76.62275,NOAA CO-OPS,VA,historic,2010-06-15,2010-10-25,True,False,MLLW,USACE,Mixed,,True,True,True,False
8638339,Western Branch,36.823223,-76.39911,NOAA CO-OPS,VA,historic,2011-02-28,2011-10-28,True,False,MLLW,,Mixed,,True,True,True,False
8638421,"BURWELL BAY, JAMES RIVER",37.0567,-76.6683,NOAA CO-OPS,VA,historic,1971-07-01,1972-09-07,True,False,MLLW,,Mixed,,False,True,True,False
8638424,Kingsmill,37.22,-76.6633,NOAA CO-OPS,VA,historic,2003-06-06,2003-09-18,True,False,MLLW,Global,Mixed,,True,True,True,False
8638433,Scotland,37.185,-76.7833,NOAA CO-OPS,VA,historic,1972-01-07,2003-09-18,True,False,MLLW,Global,Mixed,,True,True,True,False
8638445,"Lanexa, Chickahominy River",37.4033,-76.9117,NOAA CO-OPS,VA,historic,1947-01-11,2009-07-29,True,False,MLLW,Hydro,Mixed,,True,True,True,False
8638449,"CLAREMONT, JAMES RIVER",37.2317,-76.9483,NOAA CO-OPS,VA,historic,1970-07-24,1974-11-19,True,False,MLLW,,,,False,True,True,False
8638450,"Tettington, James River",37.24,-76.9433,NOAA CO-OPS,VA,historic,2007-10-14,2010-08-08,True,False,MLLW,Hydro,Mixed,,True,True,True,False
8638464,Wilcox Wharf,37.315,-77.0983,NOAA CO-OPS,VA,historic,1971-07-01,2010-10-26,True,False,MLLW,USACE,Mixed,,True,True,True,False
8638476,"Jordan Point, James River",37.3133,-77.2233,NOAA CO-OPS,VA,historic,1948-09-30,2012-05-03,True,False,MLLW,USACE,Mixed,,True,True,True,False
8638481,Hopewell,37.3133,-77.27,NOAA CO-OPS,VA,historic,1971-06-09,2012-06-22,True,False,MLLW,USACE,Mixed,,True,True,True,False
8638489,Puddledock,37.2667,-77.3717,NOAA CO-OPS,VA,historic,1978-02-08,2003-09-15,True,False,MLLW,,Mixed,,True,True,True,False
8638491,"Chester, James River",37.3833,-77.3783,NOAA CO-OPS,VA,historic,1971-06-03,2012-05-14,True,False,MLLW,USACE,Mixed,,True,True,True,False
8638495,"Richmond River Locks, James River",37.525,-77.42,NOAA CO-OPS,VA,historic,1971-02-21,2010-09-14,True,False,MLLW,Hydro,Mixed,,True,True,True,False
8638610,Sewells Point,36.94278,-76.32861,NOAA CO-OPS,VA,active,1927-07-01,,True,False,MLLW,NWLORTS,Mixed,SWPV2,True,True,True,True
8638660,"PORTSMOUTH, NORFOLK NAVAL SHIPYARD",36.8217,-76.2933,NOAA CO-OPS,VA,historic,1910-07-22,1993-01-29,True,False,MLLW,,Mixed,,True,True,True,False
8638671,Lafayette River,36.884224,-76.275856,NOAA CO-OPS,VA,historic,2011-02-10,2011-10-26,True,False,MLLW,,Mixed,,True,True,True,False
8638863,Chesapeake Bay Bridge Tunnel,36.9667,-76.1133,NOAA CO-OPS,VA,historic,1975-01-26,2017-09-28,True,False,MLLW,"NWLON,PORTS",Mixed,CBBV2,True,True,True,False
8638864,EDL GAGE  CHES BAY BR TUNNEL  TEST,36.9667,-76.1133,NOAA CO-OPS,VA,historic,1975-01-29,1977-12-01,True,False,MLLW,,,,False,True,True,False
8638865,CHES. BAY TEST FACILITY,36.9667,-76.1133,NOAA CO-OPS,VA,historic,1976-03-19,1981-03-03,True,False,MLLW,,,,False,True,True,False
8638866,CHES BAY BR TEST FAC (BACKUP),36.9667,-76.1133,NOAA CO-OPS,VA,historic,1976-03-18,1995-02-27,True,False,MLLW,,,,True,True,True,False
8638868,"WELL D, CHES BAY BR TUNNEL TEST",36.9667,-76.1133,NOAA CO-OPS,VA,historic,1976-03-17,1983-04-01,True,False,MLLW,,,,False,True,True,False
8638869,"WELL J, CHES BAY BR TUNNEL TEST",36.9667,-76.1133,NOAA CO-OPS,VA,historic,1976-03-19,1976-12-01,True,False,MLLW,,,,False,True,True,False
8638888,"VA. PILOTS DOCK, LYNNHAVEN INLET",36.9067,-76.09,NOAA CO-OPS,VA,historic,1977-12-02,1978-01-12,True,False,MLLW,,,,False,True,True,False
8638901,"CBBT, Chesapeake Channel",37.0329,-76.0833,NOAA CO-OPS,VA,active,2016-10-15,,True,False,MLLW,NWLORTS,Mixed,CHBV2,True,True,True,False
8638905,LYNNHAVEN FISHING PIER,36.9167,-76.0783,NOAA CO-OPS,VA,historic,1975-01-10,1979-01-25,True,False,MLLW,,Mixed,,False,True,True,False
8638916,"LONG CREEK, LYNNHAVEN BAY",36.9033,-76.07,NOAA CO-OPS,VA,historic,1963-02-14,1978-01-12,True,False,MLLW,,,,False,True,True,False
8638923,BROAD BAY CANAL EAST,36.9017,-76.0617,NOAA CO-OPS,VA,historic,1977-11-30,1978-01-11,True,False,MLLW,,,,False,True,True,False
8638942,CARTERS POINT #1,36.905,-76.0367,NOAA CO-OPS,VA,historic,1977-11-30,1978-01-11,True,False,MLLW,,,,False,True,True,False
8638946,CARTERS POINT #2,36.9033,-76.0467,NOAA CO-OPS,VA,historic,1977-12-01,1978-01-12,True,False,MLLW,,,,False,True,True,False
8638978,"CAVALIER YACHT CLUB,LINKHORN BAY",36.8683,-76.005,NOAA CO-OPS,VA,historic,1977-11-30,1978-01-11,True,False,MLLW,,,,False,True,True,False
8638979,Chesapeake Light,36.905,-75.6967,NOAA CO-OPS,VA,historic,1998-05-29,2004-02-16,True,False,MLLW,PORTS,Mixed,CHLV2,True,True,True,False
8638999,Cape Henry,36.93,-76.00667,NOAA CO-OPS,VA,historic,1982-04-24,,True,False,MLLW,PORTS,,CHYV2,True,True,True,False
8639207,Rudee Inlet,36.8317,-75.9733,NOAA CO-OPS,VA,historic,1977-06-21,2009-11-17,True,False,MLLW,Hydro,Mixed,,True,True,True,False
8639214,"RUDEE HEIGHTS, LAKE WESLEY",36.825,-75.975,NOAA CO-OPS,VA,historic,1984-02-29,1984-07-10,True,False,MLLW,,Mixed,,False,True,True,False
8639219,"SOUTH END, LAKE RUDEE",36.825,-75.9817,NOAA CO-OPS,VA,historic,1984-02-29,1984-07-10,True,False,MLLW,,Mixed,,False,True,True,False
8639348,Money Point,36.778194,-76.301865,NOAA CO-OPS,VA,active,1997-12-17,,True,False,MLLW,PORTS,Mixed,MNPV2,True,True,True,True
8639414,DEEP CREEK ENTRANCE,36.755,-76.2933,NOAA CO-OPS,VA,historic,1978-01-20,1978-09-01,True,False,MLLW,,,,False,True,True,False
8639428,SANDBRIDGE,36.6917,-75.92,NOAA CO-OPS,VA,historic,1977-05-25,1981-11-10,True,False,MLLW,,Mixed,,False,True,True,False
8639519,BELLS MILL CREEK,36.71,-76.2683,NOAA CO-OPS,VA,historic,1994-04-08,1998-07-20,True,False,MLLW,,Mixed,,True,True,True,False
8639908,"MUNDEN POINT, NORTH LANDING RIVER",36.5767,-76.0383,NOAA CO-OPS,VA,historic,1934-10-05,1996-09-18,False,False,STND,,Diurnal,,True,True,True,False
8650249,South Shore Knotts Island,36.48336,-75.92694,NOAA CO-OPS,NC,historic,2021-10-24,2022-05-23,False,False,STND,,Mixed,,True,True,True,False
8650946,Elizabeth City,36.297638,-76.218056,NOAA CO-OPS,NC,historic,,2022-04-22,False,False,STND,,Mixed,,True,True,True,False
8651097,"Chowan River, E of Harrellsville",36.270443,-76.672806,NOAA CO-OPS,NC,historic,2021-10-24,2022-04-24,True,False,MLLW,,Mixed,,True,True,True,False
8651370,Duck,36.1833,-75.7467,NOAA CO-OPS,NC,active,1977-12-01,,True,False,MLLW,NWLON,Mixed,DUKN7,True,True,True,True
8651371,"DUCK, (INSHORE)",36.1817,-75.75,NOAA CO-OPS,NC,historic,1978-01-23,1981-03-13,True,False,MLLW,,Mixed,,False,True,True,False
8651538,Frog Island,36.138584,-76.10561,NOAA CO-OPS,NC,historic,2012-02-13,2012-08-09,False,False,STND,Hydro,Mixed,,True,True,True,False
8651687,Point Harbor,36.09386,-75.7973,NOAA CO-OPS,NC,historic,2021-10-21,2022-09-07,False,False,STND,,Mixed,,True,True,True,False
8651817,Edenhouse Point,36.055027,-76.68425,NOAA CO-OPS,NC,historic,2012-02-13,2012-08-08,True,False,MLLW,Hydro,Mixed,,True,True,True,False
8651986,"Albemarle Sound, South Shore",35.989697,-76.13208,NOAA CO-OPS,NC,historic,2021-10-05,2022-05-03,False,False,STND,,Mixed,,True,True,True,False
8652226,JENNETTE'S PIER,35.91,-75.5917,NOAA CO-OPS,NC,active,1974-08-29,,True,False,MLLW,,,,True,True,True,True
8652232,"MANTEO, SHALLOWBAG BAY",35.91,-75.67,NOAA CO-OPS,NC,historic,1994-03-30,1994-08-03,True,False,MLLW,,Mixed,,True,True,True,False
8652247,Manns Harbor,35.9033,-75.77,NOAA CO-OPS,NC,historic,2002-04-11,2002-10-10,True,False,MLLW,Hydro,Mixed,,True,True,True,False
8652437,Oyster Creek,35.845,-75.655,NOAA CO-OPS,NC,historic,2002-04-10,2002-10-10,True,False,MLLW,Hydro,Mixed,,True,True,True,False
8652547,Roanoke Marshes Light,35.8117,-75.7,NOAA CO-OPS,NC,historic,2002-04-17,2002-10-08,True,False,MLLW,Hydro,Mixed,,True,True,True,False
8652587,Oregon Inlet Marina,35.795696,-75.548195,NOAA CO-OPS,NC,active,1974-08-14,,True,False,MLLW,NWLON,Mixed,ORIN7,True,True,True,True
8652648,Old House Channel,35.7767,-75.585,NOAA CO-OPS,NC,historic,1975-04-07,2002-10-07,True,False,MLLW,Hydro,Mixed,,True,True,True,False
8652678,"USCG LIFEBOAT STATION, OREGON INLET",35.7683,-75.5267,NOAA CO-OPS,NC,historic,1975-04-02,1994-07-31,True,False,MLLW,,Mixed,,True,True,True,False
8652715,PEA ISLAND #2,35.7567,-75.5317,NOAA CO-OPS,NC,historic,1975-05-12,1975-09-20,True,False,MLLW,,,,False,True,True,False
8652827,North Fork Alligator River NC 94,35.7215,-76.1934,NOAA CO-OPS,NC,historic,2022-07-26,,True,False,MLLW,NCDPSEM,Mixed,,True,True,True,False
8652905,Lake Worth,35.6983,-75.7733,NOAA CO-OPS,NC,historic,2002-04-11,2002-10-08,True,False,MLLW,Hydro,Mixed,,True,True,True,False
8653084,"East Lake, Buck Island",35.71731,-76.06047,NOAA CO-OPS,NC,historic,2021-10-12,2022-04-25,True,False,MLLW,,Mixed,,True,True,True,False
8653215,"Rodanthe, Pamlico Sound",35.595,-75.4717,NOAA CO-OPS,NC,historic,1977-11-11,,True,False,MLLW,NCDPSEM,Mixed,,True,True,True,False
8653244,Pungo River NC 45,35.5852,-76.4856,NOAA CO-OPS,NC,historic,2023-10-18,,True,False,MLLW,NCDPSEM,Mixed,,True,True,True,False
8653305,LONG SHOAL LT.,35.565,-75.735,NOAA CO-OPS,NC,historic,1977-11-15,1978-05-11,True,False,MLLW,,,,False,True,True,False
8653365,"Washington, Tar River",35.545,-77.0617,NOAA CO-OPS,NC,historic,2012-04-03,2012-08-07,True,False,MLLW,Hydro,Mixed,,True,True,True,False
8653395,"Belhaven, Pungo River",35.536682,-76.6229,NOAA CO-OPS,NC,historic,2021-11-06,2022-04-28,True,False,MLLW,,Mixed,,True,True,True,False
8653471,Engelhard,35.5094,-75.9889,NOAA CO-OPS,NC,historic,2021-11-12,2022-05-02,True,False,MLLW,,Mixed,,True,True,True,False
8653717,"Bayview, Pamlico River",35.427776,-76.74,NOAA CO-OPS,NC,historic,2021-11-06,2022-04-27,True,False,MLLW,,Mixed,,True,True,True,False
8653795,Swanquarter,35.401943,-76.32806,NOAA CO-OPS,NC,historic,2021-11-05,2022-04-30,True,False,MLLW,,Mixed,,True,True,True,False
8653901,GULL SHOAL,35.3667,-75.9583,NOAA CO-OPS,NC,historic,1978-03-13,1978-05-11,True,False,MLLW,,Mixed,,False,True,True,False
8653951,Peter's Ditch,35.35014,-75.51203,NOAA CO-OPS,NC,historic,2012-04-10,2012-08-10,True,False,MLLW,Hydro,Mixed,,True,True,True,False
8653960,AVON,35.3467,-75.5,NOAA CO-OPS,NC,historic,1964-10-22,1977-03-03,True,False,MLLW,,,,False,True,True,False
8654400,Cape Hatteras Fishing Pier,35.2233,-75.635,NOAA CO-OPS,NC,historic,1973-05-24,2018-09-19,True,False,MLLW,,Mixed,CFPN7,True,True,True,False
8654467,USCG Station Hatteras,35.2086,-75.7042,NOAA CO-OPS,NC,active,2010-04-22,,True,False,MLLW,NWLON,Mixed,HCGN7,True,True,True,True
8654572,Ocracoke Island,35.171333,-75.817444,NOAA CO-OPS,NC,historic,2012-02-13,2012-08-12,True,False,MLLW,Hydro,Mixed,,True,True,True,False
8654769,"Ocracoke, Pamlico Sound",35.1155,-75.9869,NOAA CO-OPS,NC,historic,,,True,False,MLLW,NCDPSEM,Mixed,,True,True,True,False
8654812,"New Bern, Trent River",35.108162,-77.03449,NOAA CO-OPS,NC,historic,2021-11-14,2022-06-13,True,False,MLLW,,Mixed,,True,True,True,False
8654875,River Dunes,35.085278,-76.60044,NOAA CO-OPS,NC,historic,2012-02-13,2012-08-06,False,False,STND,Hydro,Mixed,,True,True,True,False
8655133,"Oriental, Neuse River",35.0246,-76.6918,NOAA CO-OPS,NC,historic,2022-06-07,,True,False,MLLW,NCDPSEM,Mixed,,True,True,True,False
8655151,Cedar Island,35.0189,-76.3143,NOAA CO-OPS,NC,historic,1977-11-10,,True,False,MLLW,NCDPSEM,Mixed Diurnal,,True,True,True,False
8655353,Portsmouth,34.97939,-76.163086,NOAA CO-OPS,NC,historic,2012-02-13,2012-08-05,False,False,STND,Hydro,Mixed,,True,True,True,False
8655875,Sea Level,34.875,-76.3433,NOAA CO-OPS,NC,historic,2004-01-16,2004-07-23,True,False,MLLW,COASTAL,Mixed,,True,True,True,False
8656084,CORE CREEK BRIDGE,34.825,-76.69,NOAA CO-OPS,NC,historic,1973-08-28,1996-09-08,True,False,MLLW,,Mixed,,True,True,True,False
8656201,"Davis, Core Sound",34.7968,-76.4555,NOAA CO-OPS,NC,historic,2012-02-13,2012-08-02,True,False,MLLW,Hydro,Semi Diurnal,,True,True,True,False
8656225,"NORTH RIVER BRIDGE, BETTIE",34.7917,-76.6083,NOAA CO-OPS,NC,historic,1978-01-17,1978-10-02,True,False,MLLW,,,,False,True,True,False
8656306,"MOREHEAD-BEAUFORT Y.C., NEWPORT RIVER",34.7683,-76.6717,NOAA CO-OPS,NC,historic,1996-04-17,1996-09-03,True,False,MLLW,,Mixed,,True,True,True,False
8656451,GALLANT CHANNEL,34.7283,-76.6683,NOAA CO-OPS,NC,historic,1978-01-11,1978-10-02,True,False,MLLW,,,,False,True,True,False
8656467,Spooners Creek,34.725,-76.8033,NOAA CO-OPS,NC,historic,1973-08-29,2012-08-02,True,False,MLLW,Hydro,Mixed,,True,True,True,False
8656483,"Beaufort, Duke Marine Lab",34.71733,-76.67066,NOAA CO-OPS,NC,active,1964-06-04,,True,False,MLLW,NWLON,Mixed,BFTN7,True,True,True,True
8656486,N.C.A.R. STATE FISHERIES,34.72,-76.755,NOAA CO-OPS,NC,historic,1978-01-11,1978-10-02,True,False,MLLW,,,,False,True,True,False
8656502,"MOREHEAD CITY HARBOR, HARBOR CHANNEL",34.72,-76.7108,NOAA CO-OPS,NC,historic,1996-04-16,1996-09-03,True,False,MLLW,,Mixed,,True,True,True,False
8656503,HARKERS ISLAND BRIDGE,34.715,-76.5783,NOAA CO-OPS,NC,historic,1973-08-25,1978-10-02,True,False,MLLW,,Mixed,,False,True,True,False
8656518,"BEAUFORT, TAYLOR CREEK",34.7117,-76.645,NOAA CO-OPS,NC,historic,1996-04-18,1996-09-13,True,False,MLLW,,Mixed,,True,True,True,False
8656539,"LENOXVILLE POINT, NORTH RIVER CHANNEL",34.7083,-76.62,NOAA CO-OPS,NC,historic,1978-01-16,1996-09-13,True,False,MLLW,,Mixed,,True,True,True,False
8656566,"CORAL BAY, ATLANTIC BEACH",34.7,-76.7683,NOAA CO-OPS,NC,historic,1978-01-20,1978-10-02,True,False,MLLW,,,,False,True,True,False
8656571,FORT MACON,34.6983,-76.6817,NOAA CO-OPS,NC,historic,1976-02-20,1978-10-02,True,False,MLLW,,,,False,True,True,False
8656590,Atlantic Beach Triple S Pier,34.6933,-76.7117,NOAA CO-OPS,NC,historic,1972-12-21,2000-10-17,True,False,MLLW,,Mixed,,True,True,True,False
8656612,"CALICO JACKS MARINA, HARKER'S ISLAND",34.6867,-76.5333,NOAA CO-OPS,NC,historic,1973-08-26,1978-10-02,True,False,MLLW,,Mixed Diurnal,,False,True,True,False
8656613,"Swansboro, East Corbett Ave Bridge",34.6866,-77.1181,NOAA CO-OPS,NC,historic,2021-12-08,2022-06-12,True,False,MLLW,,Mixed,,True,True,True,False
8656841,"CAPE LOOKOUT, LOOKOUT BIGHT",34.6133,-76.5383,NOAA CO-OPS,NC,historic,1976-02-27,1976-04-27,True,False,MLLW,,Mixed Diurnal,,False,True,True,False
8656937,"CAPE LOOKOUT, ATLANTIC OCEAN",34.6083,-76.5283,NOAA CO-OPS,NC,historic,1978-06-28,1979-07-31,True,False,MLLW,,,,False,True,True,False
8657002,"Sneads Ferry, New River",34.5763,-77.3954,NOAA CO-OPS,NC,historic,2021-12-08,2022-06-11,True,False,MLLW,,Mixed,,True,True,True,False
8657419,"OCEAN CITY, FISHING PIER",34.4517,-77.495,NOAA CO-OPS,NC,historic,1973-05-31,1975-08-08,True,False,MLLW,,,,False,True,True,False
8657813,Hampstead,34.3394,-77.706,NOAA CO-OPS,NC,historic,2021-12-15,2022-06-09,True,False,MLLW,,Mixed,,True,True,True,False
8658120,Wilmington,34.2267,-77.9533,NOAA CO-OPS,NC,active,1908-01-01,,True,False,MLLW,NWLON,Mixed,WLON7,True,True,True,True
8658145,Shinn Point,34.2179,-77.8123,NOAA CO-OPS,NC,historic,2021-12-11,2022-06-08,True,False,MLLW,,Mixed,,True,True,True,False
8658163,Wrightsville Beach,34.213306,-77.7867,NOAA CO-OPS,NC,active,2004-04-27,,True,False,MLLW,"NWLON,Global,NWS",Mixed,JMPN7,True,True,True,True
8658501,"ORTON POINT, CAPE FEAR RIVER",34.0567,-77.94,NOAA CO-OPS,NC,historic,1976-01-16,1976-06-10,True,False,MLLW,,Diurnal,,False,True,True,False
8658559,WILMINGTON BEACH,34.0317,-77.8933,NOAA CO-OPS,NC,historic,1977-01-28,1979-12-20,True,False,MLLW,,Mixed,,False,True,True,False
8658579,"SUNNY POINT, MOTSU NORTH WHARF",34.0233,-77.9467,NOAA CO-OPS,NC,historic,1976-01-09,1976-06-09,True,False,MLLW,,Mixed,,False,True,True,False
8658622,"REAVES POINT, MOTSU CENTER",34.0033,-77.955,NOAA CO-OPS,NC,historic,1976-01-09,1976-06-09,True,False,MLLW,,,,False,True,True,False
8658654,"MOTSU SOUTH WHARF #1, CAPE FEAR RIVER",33.99,-77.9567,NOAA CO-OPS,NC,historic,1976-01-08,1976-06-09,True,False,MLLW,,,,False,True,True,False
8658681,"REAVES PT. CH., CAPE FEAR RIVER",33.975,-77.945,NOAA CO-OPS,NC,historic,1976-01-16,1976-07-16,True,False,MLLW,,,,False,True,True,False
8658715,"FEDERAL POINT, CAPE FEAR RIVER",33.9617,-77.94,NOAA CO-OPS,NC,historic,1974-10-02,1975-03-27,True,False,MLLW,,Mixed,,False,True,True,False
8658741,"ZEKES ISLAND, CAPE FEAR RIVER",33.95,-77.9517,NOAA CO-OPS,NC,historic,1976-01-23,1976-06-10,True,False,MLLW,,,,False,True,True,False
8658901,"BALD HEAD ISLAND, CAPE FEAR RIVER",33.88,-78.0017,NOAA CO-OPS,NC,historic,1976-05-10,1976-06-19,True,False,MLLW,,Mixed,,False,True,True,False
8659084,Southport,33.915,-78.0183,NOAA CO-OPS,NC,historic,1974-10-01,2008-01-30,True,False,MLLW,Hydro,Mixed,,True,True,True,False
8659182,"Oak Island, Atlantic Ocean",33.9017,-78.0817,NOAA CO-OPS,NC,historic,1977-11-04,1997-06-25,True,False,MLLW,,Mixed,,True,True,True,False
8659414,"Varnamtown, Lockwoods Folly River",33.9331,-78.2189,NOAA CO-OPS,NC,historic,2022-03-17,2022-07-26,True,False,MLLW,,Mixed,,True,True,True,False
8659665,"BOWEN POINT, SHALLOTTE INLET",33.915,-78.3733,NOAA CO-OPS,NC,historic,2021-12-15,2022-06-07,True,False,MLLW,,Mixed,,True,True,True,False
8659897,Sunset Beach,33.865,-78.5067,NOAA CO-OPS,NC,historic,1974-10-31,2008-03-16,True,False,MLLW,CaroC,Mixed,SNSN7,True,True,True,False
8659898,SUNSET BEACH BRIDGE,33.8817,-78.51,NOAA CO-OPS,NC,historic,1974-09-24,1976-02-10,True,False,MLLW,,,,False,True,True,False
8659942,"COLKINS NECK, LITTLE RIVER",33.8733,-78.5467,NOAA CO-OPS,NC,historic,1974-09-25,1975-05-15,True,False,MLLW,,,,False,True,True,False
8659944,CALABASH CREEK BRIDGE,33.8883,-78.5517,NOAA CO-OPS,NC,historic,1974-10-15,1975-01-03,True,False,MLLW,,,,False,True,True,False
8659960,"BIRD ISLAND, LITTLE RIVER INLET",33.855,-78.5433,NOAA CO-OPS,NC,historic,1974-09-24,1977-01-31,True,False,MLLW,,,,False,True,True,False
8660098,LITTLE RIVER NECK,33.87,-78.5733,NOAA CO-OPS,SC,historic,1974-09-24,1976-02-11,True,False,MLLW,,Mixed,,False,True,True,False
8660121,"LITTLE RIVER TOWN, LITTLE R.",33.87,-78.6083,NOAA CO-OPS,SC,historic,1974-09-25,1975-05-13,True,False,MLLW,,Mixed,,False,True,True,False
8660147,"DUNN SOUND, NORTH, LITTLE RIVER",33.86,-78.58,NOAA CO-OPS,SC,historic,1974-09-25,1976-02-11,True,False,MLLW,,Mixed,,False,True,True,False
8660148,"DUNN SOUND, LITTLE RIVER",33.8583,-78.57,NOAA CO-OPS,SC,historic,1974-09-24,1975-05-13,True,False,MLLW,,Mixed,,False,True,True,False
8660166,"NIXON CROSSROADS, LITTLE RIVER",33.855,-78.6483,NOAA CO-OPS,SC,historic,1974-09-25,1978-02-08,True,False,MLLW,,Mixed,,False,True,True,False
8660195,"DUNN SOUND, WEST END",33.8517,-78.5883,NOAA CO-OPS,SC,historic,1974-09-25,1975-05-13,True,False,MLLW,,Mixed,,False,True,True,False
8660265,"CHERRY GROVE, INSIDE",33.835,-78.6333,NOAA CO-OPS,SC,historic,1974-09-03,1976-02-11,True,False,MLLW,,,,False,True,True,False
8660266,HOG INLET PIER,33.8367,-78.6067,NOAA CO-OPS,SC,historic,1974-09-03,1976-02-12,True,False,MLLW,,,,False,True,True,False
8660271,North Myrtle Beach,33.832527,-78.68745,NOAA CO-OPS,SC,historic,2022-11-14,2023-04-23,True,False,MLLW,,Mixed,,True,True,True,False
8660401,MYRTLE BEACH AIRPORT,33.82,-78.7183,NOAA CO-OPS,SC,historic,1977-03-10,1977-08-18,True,False,MLLW,,,,False,True,True,False
8660642,NORTH MYRTLE BEACH,33.7667,-78.815,NOAA CO-OPS,SC,historic,1977-03-10,1977-08-23,True,False,MLLW,,,,False,True,True,False
8660754,Carolina Forest,33.7349,-78.8827,NOAA CO-OPS,SC,historic,2022-03-30,2022-07-25,True,False,MLLW,,Mixed,,True,True,True,False
8660854,COMBINATION BRIDGE,33.7133,-78.9217,NOAA CO-OPS,SC,historic,1976-09-27,1978-04-06,True,False,MLLW,,,,False,True,True,False
8660983,SOCASTEE BRIDGE,33.6867,-79.005,NOAA CO-OPS,SC,historic,1976-09-22,1977-04-07,True,False,MLLW,,,,False,True,True,False
8661000,Myrtle Beach,33.6833,-78.885,NOAA CO-OPS,SC,historic,1957-05-29,1978-03-03,True,False,MLLW,,Mixed,,False,True,True,False
8661070,Springmaid Pier,33.655,-78.9183,NOAA CO-OPS,SC,active,1976-09-28,,True,False,MLLW,NWLON,Mixed,MROS1,True,True,True,True
8661093,"YAUHANNAH BRIDGE, PEE DEE RIVER",33.66,-79.155,NOAA CO-OPS,SC,historic,1981-10-15,1983-04-05,True,False,MLLW,,Mixed,,False,True,True,False
8661119,"SANDY ISLAND NORTH, BULL CR.",33.6017,-79.1183,NOAA CO-OPS,SC,historic,1982-03-19,1983-03-02,True,False,MLLW,,Mixed,,False,True,True,False
8661139,"BUCKSPORT, WACCAMAW RIVER",33.6467,-79.095,NOAA CO-OPS,SC,historic,1974-09-01,1992-10-31,True,False,MLLW,,Mixed,,True,True,True,False
8661299,"LOWER TOPSAW LANDING, PEE DEE RIVER",33.6083,-79.1517,NOAA CO-OPS,SC,historic,1981-12-18,1982-09-02,True,False,MLLW,,Mixed,,False,True,True,False
8661347,"WACCAMAW RIVER, S. OF BULL CR.",33.5967,-79.0983,NOAA CO-OPS,SC,historic,1982-03-04,1982-08-23,True,False,MLLW,,Mixed,,False,True,True,False
8661419,"GARDEN CITY BRIDGE, MURRELLS INLET",33.5783,-79.0033,NOAA CO-OPS,SC,historic,1974-09-19,1976-02-10,True,False,MLLW,,Mixed,,False,True,True,False
8661437,"GARDEN CITY PIER, MURRELLS INLET",33.575,-78.9967,NOAA CO-OPS,SC,historic,1974-09-19,1977-03-16,True,False,MLLW,,,,False,True,True,False
8661493,"WACHESAW LANDING, WACCAMAW R.",33.56,-79.085,NOAA CO-OPS,SC,historic,1981-09-16,2023-04-24,True,False,MLLW,,Mixed,,True,True,True,False
8661529,"CAPT. ALEX'S MARINA, MURRELLS",33.5517,-79.0367,NOAA CO-OPS,SC,historic,1974-09-22,1975-01-10,True,False,MLLW,,,,False,True,True,False
8661559,"SMITH'S DOCK, MURRELLS INLET",33.545,-79.045,NOAA CO-OPS,SC,historic,1974-09-20,1976-02-10,True,False,MLLW,,,,False,True,True,False
8661582,"DIVINE'S DOCK, MURRELLS INLET",33.5417,-79.0283,NOAA CO-OPS,SC,historic,1974-11-01,1976-10-20,True,False,MLLW,,,,False,True,True,False
8661593,"WINEA PLANTATION, BLACK RIVER",33.535,-79.3883,NOAA CO-OPS,SC,historic,1982-02-23,1983-05-25,True,False,MLLW,,Mixed,,False,True,True,False
8661608,"ALLSTON CREEK, MURRELLS INLET",33.5317,-79.0533,NOAA CO-OPS,SC,historic,1974-09-20,1975-05-16,True,False,MLLW,,,,False,True,True,False
8661609,"OAKS CR. INLET, MURRELLS INLET",33.53,-79.0433,NOAA CO-OPS,SC,historic,1974-09-23,1976-02-18,True,False,MLLW,,,,False,True,True,False
8661684,"OAKS CREEK, UPPER END, MURRELLS INLET",33.5117,-79.0683,NOAA CO-OPS,SC,historic,1974-09-20,1976-02-19,True,False,MLLW,,Mixed,,False,True,True,False
8661703,"SANDY ISLAND, THOROUGHFARE CREEK",33.5067,-79.145,NOAA CO-OPS,SC,historic,1974-07-24,1976-02-06,True,False,MLLW,,,,False,True,True,False
8661734,"MT. PLEASANT PLANT., BLACK R.",33.495,-79.4617,NOAA CO-OPS,SC,historic,1981-11-12,1983-02-10,True,False,MLLW,,Mixed,,False,True,True,False
8661989,BENNETT'S DOCK,33.435,-79.1267,NOAA CO-OPS,SC,historic,1975-07-22,1977-02-15,True,False,MLLW,,,,False,True,True,False
8661991,"HAGLEY, WACCAMAW RIVER",33.435,-79.1817,NOAA CO-OPS,SC,historic,1975-07-31,1980-06-11,True,False,MLLW,,Mixed,,False,True,True,False
8662006,"PAWLEYS ISLAND PIER, ATLANTIC OCEAN",33.4317,-79.1167,NOAA CO-OPS,SC,historic,1975-08-06,1977-02-15,True,False,MLLW,,Mixed,,False,True,True,False
8662071,"PAWLEYS INLET, WARDS DOCK",33.4117,-79.135,NOAA CO-OPS,SC,historic,1975-07-17,1976-12-21,True,False,MLLW,,Mixed,,False,True,True,False
8662216,"CUMBERLAND, SAMPIT RIVER",33.37,-79.4333,NOAA CO-OPS,SC,historic,1982-02-24,1982-08-23,True,False,MLLW,,Mixed,,False,True,True,False
8662245,Oyster Landing (N Inlet Estuary),33.3517,-79.1867,NOAA CO-OPS,SC,historic,1982-12-13,2022-06-07,True,False,MLLW,"COASTAL,Baruch",Mixed,NITS1,True,True,True,False
8662299,"CLAMBANK CREEK DOCK, GOAT ISLAND",33.3333,-79.1933,NOAA CO-OPS,SC,historic,1976-04-30,1977-06-13,True,False,MLLW,,Mixed,,False,True,True,False
8662405,"JAMESTOWN BRIDGE, SANTEE RIVER",33.305,-79.6783,NOAA CO-OPS,SC,historic,1976-07-06,1977-09-20,True,False,MLLW,,,,False,True,True,False
8662549,"SOUTH ISLAND FERRY, WINYAH BAY",33.2517,-79.2683,NOAA CO-OPS,SC,historic,1976-12-14,1978-02-03,True,False,MLLW,,,,False,True,True,False
8662670,"PLEASANT HILL LANDING, SANTEE RIVER",33.245,-79.5217,NOAA CO-OPS,SC,historic,1976-07-06,1977-08-11,True,False,MLLW,,,,False,True,True,False
8662746,"WINYAH BAY, SOUTH ISLAND PLANTATION",33.235,-79.2033,NOAA CO-OPS,SC,historic,1974-08-30,1997-04-21,True,False,MLLW,,Mixed,,True,True,True,False
8662747,"GEORGETOWN LT.HOUSE, WINYAH BAY",33.2233,-79.185,NOAA CO-OPS,SC,historic,1964-03-22,1964-08-06,True,False,MLLW,,,,False,True,True,False
8662793,"N. SANTEE BRIDGE, N. SANTEE R.",33.21,-79.385,NOAA CO-OPS,SC,historic,1975-07-18,1977-01-13,True,False,MLLW,,,,False,True,True,False
8662796,MINIM CREEK,33.195,-79.275,NOAA CO-OPS,SC,historic,1975-05-29,1975-10-09,True,False,MLLW,,,,False,True,True,False
8662799,"US HIGHWAY 17, SOUTH SANTEE RIVER",33.185,-79.4067,NOAA CO-OPS,SC,historic,1975-05-29,1989-09-21,True,False,MLLW,,Mixed,,False,True,True,False
8662926,"GEORGETOWN, SAMPIT RIVER ENT.",33.3617,-79.28,NOAA CO-OPS,SC,historic,1982-02-11,2022-07-23,True,False,MLLW,,Mixed,,True,True,True,False
8662931,WACCAMAW RIVER ENTRANCE,33.3667,-79.255,NOAA CO-OPS,SC,historic,1977-07-26,1978-11-15,True,False,MLLW,,Mixed,,False,True,True,False
8662953,"WINDSOR PLANTATION, BLACK RIVER",33.415,-79.25,NOAA CO-OPS,SC,historic,1975-09-16,1977-01-25,True,False,MLLW,,Mixed,,False,True,True,False
8663101,CAPE ROMAIN,33.025,-79.3483,NOAA CO-OPS,SC,historic,1977-10-30,1978-12-18,True,False,MLLW,,,,False,True,True,False
8663219,"S. SANTEE R.,IWW(4 MI. CANAL CR)",33.1542,-79.3544,NOAA CO-OPS,SC,historic,1975-05-28,2022-07-22,True,False,MLLW,,Mixed,,True,True,True,False
8663381,"CEDAR ISLAND PT, SOUTH SANTEE R",33.12,-79.27,NOAA CO-OPS,SC,historic,1964-04-27,1964-05-19,True,False,MLLW,,,,False,True,True,False
8663461,CASINO CREEK,33.1083,-79.3933,NOAA CO-OPS,SC,historic,1977-04-28,1979-03-03,True,False,MLLW,,,,False,True,True,False
8663535,"QUINBY BRIDGE, QUINBY CREEK",33.095,-79.8083,NOAA CO-OPS,SC,historic,1976-08-11,1977-01-20,True,False,MLLW,,,,False,True,True,False
8663539,"PIMLICO, WEST BRANCH COOPER RIVER",33.095,-79.9533,NOAA CO-OPS,SC,historic,1976-05-14,1977-08-09,True,False,MLLW,,,,False,True,True,False
8663618,"MC CLELLANVILLE, JEREMY CREEK",33.0783,-79.46,NOAA CO-OPS,SC,historic,1975-08-11,1976-11-02,True,False,MLLW,,,,False,True,True,False
8663665,"RICHMOND PLANTATION, E. BR. COOPER RIVER",33.0767,-79.855,NOAA CO-OPS,SC,historic,1976-07-19,1977-09-08,True,False,MLLW,,,,False,True,True,False
8663757,"DUPONT, DEAN HALL, COOPER R.",33.0583,-79.9367,NOAA CO-OPS,SC,historic,1976-04-15,1990-04-23,True,False,MLLW,,Mixed,,True,True,True,False
8663781,FRENCH QUARTER CREEK,33.055,-79.88,NOAA CO-OPS,SC,historic,1976-06-16,1977-02-09,True,False,MLLW,,,,False,True,True,False
8663858,"BUCK HALL, AWENDAW CREEK",33.04,-79.56,NOAA CO-OPS,SC,historic,1975-09-24,2022-07-22,True,False,MLLW,,Mixed,,True,True,True,False
8664022,"GEN. DYNAMICS PIER, COOPER R.",33.0083,-79.9233,NOAA CO-OPS,SC,historic,1976-09-09,1998-12-16,True,False,MLLW,,Mixed,,True,True,True,False
8664442,"MOORES LANDING, SEWEE BAY",32.9367,-79.655,NOAA CO-OPS,SC,historic,1975-08-13,1976-10-24,True,False,MLLW,,,,False,True,True,False
8664515,"SNOW POINT, 0.4 MILE N OF,  COOPER RIVER",32.9483,-79.9317,NOAA CO-OPS,SC,historic,1976-08-31,1977-10-11,True,False,MLLW,,Mixed,,False,True,True,False
8664531,"BACON BRIDGE, ASHLEY RIVER",32.9583,-80.2033,NOAA CO-OPS,SC,historic,1976-06-02,1977-10-05,True,False,MLLW,,,,False,True,True,False
8664541,"YEAMANS HALL, GOOSE CREEK",32.925,-79.9867,NOAA CO-OPS,SC,historic,1978-08-30,1980-02-05,True,False,MLLW,,Mixed,,False,True,True,False
8664545,"Cainhoy, Wando River",32.9267,-79.83,NOAA CO-OPS,SC,historic,1976-08-23,1998-06-18,True,False,MLLW,,Mixed,,True,True,True,False
8664561,"CAINHOY, WANDO RIVER",32.9233,-79.8367,NOAA CO-OPS,SC,historic,1928-02-09,1976-04-01,True,False,MLLW,,,,False,True,True,False
8664589,"HANAHAN, TURKEY CREEK",32.9183,-80.0117,NOAA CO-OPS,SC,historic,1978-08-30,1978-12-06,True,False,MLLW,,,,False,True,True,False
8664611,"BIG PARADISE ISLAND, WANDO RIVER",32.915,-79.7467,NOAA CO-OPS,SC,historic,1977-04-19,1978-06-14,True,False,MLLW,,,,False,True,True,False
8664621,"BULL ISLAND, SUMMERHOUSE CREEK",32.9133,-79.6167,NOAA CO-OPS,SC,historic,1963-06-12,1963-11-07,True,False,MLLW,,,,False,True,True,False
8664662,Army Depot,32.91,-79.9517,NOAA CO-OPS,SC,historic,1976-09-21,1999-10-15,True,False,MLLW,,Mixed,,True,True,True,False
8664688,"CLOUTER CREEK, NORTH",32.9067,-79.935,NOAA CO-OPS,SC,historic,1977-11-01,1978-05-11,True,False,MLLW,,Mixed,,False,True,True,False
8664699,"North Charleston, Ashley River",32.9003,-80.1175,NOAA CO-OPS,SC,historic,2021-11-23,2022-07-21,True,False,MLLW,,Mixed,,True,True,True,False
8664701,NOWELL CREEK,32.9,-79.9,NOAA CO-OPS,SC,historic,1977-05-30,1978-07-01,True,False,MLLW,,Mixed,,False,True,True,False
8664782,"HORLBECK CREEK, WANDO RIVER",32.885,-79.845,NOAA CO-OPS,SC,historic,1976-02-24,1976-04-07,True,False,MLLW,,,,False,True,True,False
8664801,"PRICE CREEK, NORTH CAPERS ISLAND",32.8817,-79.6583,NOAA CO-OPS,SC,historic,1976-05-27,1978-02-06,True,False,MLLW,,,,False,True,True,False
8664878,"OLD CAPERS LANDING, CAPERS ISLAND",32.87,-79.6867,NOAA CO-OPS,SC,historic,1975-08-29,1976-02-19,True,False,MLLW,,,,False,True,True,False
8664941,South Capers Island,32.8567,-79.7067,NOAA CO-OPS,SC,historic,1975-08-21,2008-03-09,True,False,MLLW,"Global,CaroC",Mixed,SCIS1,True,True,True,False
8664945,"CLOUTER CREEK, SOUTH",32.86,-79.9383,NOAA CO-OPS,SC,historic,1977-11-03,1978-04-05,True,False,MLLW,,Mixed,,False,True,True,False
8664992,NORTH DEWEE'S ISLAND,32.85,-79.7033,NOAA CO-OPS,SC,historic,1975-09-10,1976-02-19,True,False,MLLW,,,,False,True,True,False
8665002,"DRAYTON, BEES FERRY, ASHLEY RIVER",32.8483,-80.0517,NOAA CO-OPS,SC,historic,1976-01-13,1990-04-23,True,False,MLLW,,Mixed,,True,True,True,False
8665099,"I-526 BRIDGE, ASHLEY RIVER",32.8367,-80.0217,NOAA CO-OPS,SC,historic,1999-10-20,2000-05-15,True,False,MLLW,,Mixed,,True,True,True,False
8665101,"COSGROVE BRIDGE, ASHLEY RIVER",32.835,-79.9867,NOAA CO-OPS,SC,historic,1976-03-19,1976-11-19,True,False,MLLW,,Mixed,,False,True,True,False
8665111,"SOUTH DEWEES ISLAND, DEWEES INLET",32.8333,-79.7267,NOAA CO-OPS,SC,historic,1975-09-22,1977-01-05,True,False,MLLW,,Mixed,,False,True,True,False
8665167,HAMLIN SOUND,32.8267,-79.7867,NOAA CO-OPS,SC,historic,1978-01-18,1979-04-16,True,False,MLLW,,Mixed,,False,True,True,False
8665192,"WANDO RIVER ENTRANCE, HOBCAW POINT",32.8217,-79.9,NOAA CO-OPS,SC,historic,1976-07-28,1978-05-12,True,False,MLLW,,Mixed,,False,True,True,False
8665257,"EDISTO RIVER, SOUTH OF CANADAY LANDING",32.8133,-80.4067,NOAA CO-OPS,SC,historic,1982-09-29,1983-03-22,True,False,MLLW,,Mixed,,False,True,True,False
8665387,"HAMLIN CREEK, ISLE OF PALMS",32.7867,-79.7917,NOAA CO-OPS,SC,historic,1975-01-28,1977-01-10,True,False,MLLW,,,,False,True,True,False
8665424,"HIGHWAY 171 BRIDGE, FOLLY CREEK",32.675,-79.9517,NOAA CO-OPS,SC,historic,1975-07-14,1976-10-28,True,False,MLLW,,,,False,True,True,False
8665426,SHEM CREEK AT 17,32.7933,-79.8817,NOAA CO-OPS,SC,historic,1977-03-18,1977-08-09,True,False,MLLW,,,,False,True,True,False
8665475,"LIMEHOUSE BRIDGE, STONO RIVER",32.7867,-80.105,NOAA CO-OPS,SC,historic,1977-06-29,1977-11-03,True,False,MLLW,,,,False,True,True,False
8665494,ISLE OF PALMS PIER,32.7833,-79.785,NOAA CO-OPS,SC,historic,1975-01-27,1976-11-22,True,False,MLLW,,Mixed,,False,True,True,False
8665495,"SOUTH ASHLEY BRIDGE, ASHLEY RIVER",32.7833,-79.9567,NOAA CO-OPS,SC,historic,1975-12-17,1977-05-09,True,False,MLLW,,Mixed,,False,True,True,False
8665530,Charleston,32.780834,-79.923615,NOAA CO-OPS,SC,active,1899-09-13,,True,False,MLLW,NWLORTS,Mixed,CHTS1,True,True,True,True
8665552,BREACH INLET,32.7767,-79.8117,NOAA CO-OPS,SC,historic,1975-01-16,1977-01-10,True,False,MLLW,,Mixed,,False,True,True,False
8665567,"BEN SAWYER BRIDGE, IWW",32.7733,-79.8417,NOAA CO-OPS,SC,historic,1976-03-17,1977-02-08,True,False,MLLW,,,,False,True,True,False
8665589,"SANDBLASTERS, PENNY'S CREEK",32.77,-80.0633,NOAA CO-OPS,SC,historic,1974-04-17,1974-07-30,True,False,MLLW,,,,False,True,True,False
8665599,"PENNEYS CREEK  W ENTRANCE, STONO RIVER",32.7683,-80.07,NOAA CO-OPS,SC,historic,1974-04-17,1974-07-30,True,False,MLLW,,,,False,True,True,False
8665637,"THE COVE, FT MOULTRIE, CHARLESTON HARBOR",32.7633,-79.8567,NOAA CO-OPS,SC,historic,1977-03-23,1977-08-09,True,False,MLLW,,Mixed,,False,True,True,False
8665641,"ELLIOTT CUT ENTRANCE, STONO RIVER",32.7633,-80.0017,NOAA CO-OPS,SC,historic,1974-04-17,1975-10-31,True,False,MLLW,,,,False,True,True,False
8665728,"FORT SUMTER, CHARLESTON HARBOR",32.7533,-79.8767,NOAA CO-OPS,SC,historic,1976-11-04,1977-09-19,True,False,MLLW,,,,False,True,True,False
8665737,"JACKSONBORO CAMP, SOUTH EDISTO RIVER",32.7533,-80.45,NOAA CO-OPS,SC,historic,1977-06-08,1983-03-22,True,False,MLLW,,Mixed,,False,True,True,False
8665763,"Hollywood, Wadmalaw River",32.7467,-80.165,NOAA CO-OPS,SC,historic,1976-12-30,2023-04-26,True,False,MLLW,,Mixed,,True,True,True,False
8666017,"EDISTO RIVER, SOUTH OF PENNY CREEK",32.715,-80.4367,NOAA CO-OPS,SC,historic,1978-08-18,1979-03-08,True,False,MLLW,,Mixed,,False,True,True,False
8666101,"JOHNS ISLAND, CHURCH CREEK",32.7067,-80.1567,NOAA CO-OPS,SC,historic,1977-01-12,1978-04-03,True,False,MLLW,,Mixed,,False,True,True,False
8666102,SECESSIONVHLLE CREEK,32.7067,-79.9367,NOAA CO-OPS,SC,historic,1976-11-16,1978-02-09,True,False,MLLW,,Mixed,,False,True,True,False
8666131,LOWER TOOGOODOO CREEK,32.7033,-80.2783,NOAA CO-OPS,SC,historic,1977-09-23,1978-07-18,True,False,MLLW,,Mixed,,False,True,True,False
8666135,"COMBAHEE RIVER, 17A",32.7033,-80.825,NOAA CO-OPS,SC,historic,1977-07-19,1985-05-08,True,False,MLLW,,Mixed,,False,True,True,False
8666167,HOPE CREEK,32.7,-80.4267,NOAA CO-OPS,SC,historic,1978-08-17,1979-03-08,True,False,MLLW,,Mixed,,False,True,True,False
8666217,"YONGES ISLAND, WADMALAW RIVER",32.695,-80.2233,NOAA CO-OPS,SC,historic,1977-04-28,1978-06-14,True,False,MLLW,,Mixed,,False,True,True,False
8666282,"OAK BRANCH, BOHICKET CREEK",32.6833,-80.0967,NOAA CO-OPS,SC,historic,1982-08-16,1983-03-04,True,False,MLLW,,Mixed,,False,True,True,False
8666283,"MC DERMIDS PIER, STONO RIVER",32.6767,-80.0067,NOAA CO-OPS,SC,historic,1978-12-08,1979-06-11,True,False,MLLW,,,,False,True,True,False
8666359,"BLUFF PLANTATION, COMBAHEE RIVER",32.6833,-80.7383,NOAA CO-OPS,SC,historic,1976-01-27,1984-09-14,True,False,MLLW,,Mixed,,False,True,True,False
8666367,WILLTOWN BLUFF,32.6817,-80.4167,NOAA CO-OPS,SC,historic,1977-03-31,1979-03-09,True,False,MLLW,,,,False,True,True,False
8666433,TOOGOODOO CREEK,32.6683,-80.2933,NOAA CO-OPS,SC,historic,1977-08-23,1978-11-14,True,False,MLLW,,,,False,True,True,False
8666467,"FOLLY RIVER, NORTH",32.67,-79.9167,NOAA CO-OPS,SC,historic,1976-11-18,1978-02-10,True,False,MLLW,,Mixed,,False,True,True,False
8666616,SOUTH EDISTO RIVER AT DAWHOO RIVER,32.6567,-80.3917,NOAA CO-OPS,SC,historic,1979-03-29,1979-09-10,True,False,MLLW,,,,False,True,True,False
8666652,"FOLLY RIVER BRIDGE, FOLLY RIVER",32.6617,-79.945,NOAA CO-OPS,SC,historic,1976-10-27,1978-02-10,True,False,MLLW,,,,False,True,True,False
8666653,FOLLY RIVER SOUTH (TEST FLOAT),32.6617,-79.945,NOAA CO-OPS,SC,historic,1977-09-27,1977-11-11,True,False,MLLW,,,,False,True,True,False
8666659,COMBAHEE RIVER AT US HWY. 17,32.6517,-80.6833,NOAA CO-OPS,SC,historic,1976-01-29,1977-01-25,True,False,MLLW,,,,False,True,True,False
8666699,"BLUFF POINT, WADMALAW RIVER",32.6467,-80.2567,NOAA CO-OPS,SC,historic,1977-01-17,1983-03-23,True,False,MLLW,,Mixed,,False,True,True,False
8666749,"AIRY HALL, ASHEPOO RIVER",32.6317,-80.4717,NOAA CO-OPS,SC,historic,1981-04-22,1981-11-09,True,False,MLLW,,Mixed,,False,True,True,False
8666767,"SNAKE ISLAND, STONO RIVER",32.64,-80.015,NOAA CO-OPS,SC,historic,1978-01-24,1979-08-08,True,False,MLLW,,,,False,True,True,False
8666775,LEADENWAH CREEK,32.6367,-80.2017,NOAA CO-OPS,SC,historic,1977-02-22,1978-11-08,True,False,MLLW,,,,False,True,True,False
8666799,"DAWHOO BRIDGE, DAWHOO RIVER",32.6367,-80.3417,NOAA CO-OPS,SC,historic,1977-04-26,1978-06-08,True,False,MLLW,,,,False,True,True,False
8666918,"HO-NON-WAH BOYSCOUT CAMP, BOHICKET CR",32.625,-80.1667,NOAA CO-OPS,SC,historic,1982-08-17,1983-03-04,True,False,MLLW,,,,False,True,True,False
8667034,COMBAHEE RIVER AT RAILROAD BRIDGE,32.59,-80.63,NOAA CO-OPS,SC,historic,1976-04-06,1977-01-11,True,False,MLLW,,,,False,True,True,False
8667062,"KIAWAH BRIDGE, KIAWAH RIVER",32.6033,-80.1317,NOAA CO-OPS,SC,historic,1977-03-28,1978-06-12,True,False,MLLW,,,,False,True,True,False
8667067,"PINE LANDING, SOUTH EDISTO R.",32.6033,-80.3883,NOAA CO-OPS,SC,historic,1977-07-26,1979-09-12,True,False,MLLW,,,,False,True,True,False
8667074,"WIGGINS, CHEHAW RIVER",32.6017,-80.5417,NOAA CO-OPS,SC,historic,1977-12-12,1979-08-10,True,False,MLLW,,,,False,True,True,False
8667075,STEAMBOAT CREEK LANDING,32.6033,-80.2867,NOAA CO-OPS,SC,historic,1977-04-18,1978-06-08,True,False,MLLW,,Mixed,,False,True,True,False
8667172,"SHELDON, HUSPA CREEK",32.5833,-80.7833,NOAA CO-OPS,SC,historic,1979-04-27,1980-07-10,True,False,MLLW,,Mixed,,False,True,True,False
8667178,"POINT OF PINES, N. EDISTO R.",32.585,-80.2283,NOAA CO-OPS,SC,historic,1977-12-21,1979-09-07,True,False,MLLW,,Mixed,,False,True,True,False
8667199,WIMBEE CREEK,32.5783,-80.67,NOAA CO-OPS,SC,historic,1977-10-18,1979-02-08,True,False,MLLW,,,,False,True,True,False
8667209,"MUSSELBORO ISLAND, MOSQUITO CREEK",32.5783,-80.4483,NOAA CO-OPS,SC,historic,1977-12-20,1979-04-12,True,False,MLLW,,Mixed,,False,True,True,False
8667259,"FIELDS POINT, COMBAHEE R.",32.5683,-80.5533,NOAA CO-OPS,SC,historic,1976-04-28,1977-11-22,True,False,MLLW,,,,False,True,True,False
8667281,OCELLA CREEK,32.5617,-80.2383,NOAA CO-OPS,SC,historic,1978-07-14,1979-08-23,True,False,MLLW,,,,False,True,True,False
8667295,"White House Woods, Mosquito Creek",32.5587,-80.4544,NOAA CO-OPS,SC,historic,2021-09-27,2022-02-16,True,False,MLLW,,Mixed,,True,True,True,False
8667309,"FENWICK ISLAND, SOUTH EDISTO RIVER",32.56,-80.4183,NOAA CO-OPS,SC,historic,1979-02-28,1979-09-12,True,False,MLLW,,,,False,True,True,False
8667411,"LOBECO, WHALE BRANCH, COOSAW RIVER",32.5733,-80.745,NOAA CO-OPS,SC,historic,1977-12-08,1979-03-01,True,False,MLLW,,,,False,True,True,False
8667425,"PETERS POINT, ST. PIERRE CREEK",32.54,-80.34,NOAA CO-OPS,SC,historic,1977-12-20,1979-02-02,True,False,MLLW,,,,False,True,True,False
8667524,"SEABROOK, ASHEPOO RIVER",32.5233,-80.4067,NOAA CO-OPS,SC,historic,1976-10-13,1977-04-07,True,False,MLLW,,,,False,True,True,False
8667612,"Air Station Beaufort, McCalleys Creek",32.5019,-80.6849,NOAA CO-OPS,SC,historic,2022-02-09,2022-06-28,True,False,MLLW,,Mixed,,True,True,True,False
8667623,"SCOTT CREEK, EDISTO ISLAND",32.5017,-80.3183,NOAA CO-OPS,SC,historic,1975-11-05,1976-12-08,True,False,MLLW,,,,False,True,True,False
8667630,"EDISTO BEACH, EDISTO ISLAND",32.5017,-80.2967,NOAA CO-OPS,SC,historic,1973-01-24,1982-10-06,True,False,MLLW,,,,False,True,True,False
8667633,Clarendon Plantation,32.5025,-80.7841,NOAA CO-OPS,SC,historic,1980-03-31,2013-12-14,True,False,MLLW,Hydro,Mixed,,True,True,True,False
8667676,"EDISTO MARINA, BIG BAY CREEK",32.4933,-80.34,NOAA CO-OPS,SC,historic,1975-10-22,1977-02-07,True,False,MLLW,,,,False,True,True,False
8667679,"CARTER'S DOCK, BIG BAY CREEK",32.4933,-80.3267,NOAA CO-OPS,SC,historic,1975-10-16,1977-03-23,True,False,MLLW,,,,False,True,True,False
8667733,"SAMS POINT, LUCY POINT CREEK",32.4833,-80.6,NOAA CO-OPS,SC,historic,1977-09-13,1979-03-05,True,False,MLLW,,,,False,True,True,False
8667783,"OTTER ISLAND, ST. HELENA SOUND",32.4767,-80.42,NOAA CO-OPS,SC,historic,1978-01-18,1979-12-05,True,False,MLLW,,,,False,True,True,False
8667909,SALT CREEK AT RT. 21,32.45,-80.7317,NOAA CO-OPS,SC,historic,1977-11-18,1979-11-14,True,False,MLLW,,,,False,True,True,False
8667972,EDDINGS POINT CREEK,32.4467,-80.5333,NOAA CO-OPS,SC,historic,1978-02-22,1979-06-04,True,False,MLLW,,,,False,True,True,False
8667982,JENKINS CREEK,32.44,-80.5533,NOAA CO-OPS,SC,historic,1981-02-24,1981-09-23,True,False,MLLW,,Mixed,,False,True,True,False
8667999,BEAUFORT,32.43,-80.675,NOAA CO-OPS,SC,historic,1977-07-12,1997-03-25,True,False,MLLW,,Mixed,,True,True,True,False
8668092,BATTERY CREEK,32.4133,-80.7,NOAA CO-OPS,SC,historic,1978-01-30,1979-09-05,True,False,MLLW,,Mixed,,False,True,True,False
8668146,"HARBOR RIVER BRIDGE, ST. HELENA SOUND",32.4033,-80.4533,NOAA CO-OPS,SC,historic,1974-08-20,1976-02-19,True,False,MLLW,,Mixed,,False,True,True,False
8668155,"DISTANT ISLAND CREEK, UPPER END",32.4017,-80.6533,NOAA CO-OPS,SC,historic,1979-06-21,1982-04-01,True,False,MLLW,,Mixed,,False,True,True,False
8668223,BROAD RIVER BRIDGE,32.3867,-80.7767,NOAA CO-OPS,SC,historic,1978-06-22,1982-08-03,True,False,MLLW,,Mixed,,False,True,True,False
8668227,"JOHNSON'S CREEK, HARBOR ISLAND",32.3917,-80.4383,NOAA CO-OPS,SC,historic,1974-11-08,1976-05-18,True,False,MLLW,,Mixed,,False,True,True,False
8668301,"CHECHESSEE BLUFF, CHECHESSEE R.",32.3733,-80.8367,NOAA CO-OPS,SC,historic,1978-05-30,1980-10-06,True,False,MLLW,,Mixed,,False,True,True,False
8668482,"BAILEYS LANDING, OKATEE RIVER",32.3467,-80.89,NOAA CO-OPS,SC,historic,1978-02-21,1979-07-03,True,False,MLLW,,,,False,True,True,False
8668498,Fripps Inlet,32.34,-80.465,NOAA CO-OPS,SC,historic,1977-11-10,2008-03-13,True,False,MLLW,"Global,CaroC",Mixed,FRPS1,True,True,True,False
8668511,CALLAWASSIE ISLAND BRIDGE,32.3417,-80.8567,NOAA CO-OPS,SC,historic,1978-03-20,1979-04-18,True,False,MLLW,,,,False,True,True,False
8668601,STATION CREEK,32.325,-80.6017,NOAA CO-OPS,SC,historic,1977-09-13,1979-06-04,True,False,MLLW,,,,False,True,True,False
8668619,COLLETON RIVER ENTRANCE,32.3217,-80.7917,NOAA CO-OPS,SC,historic,1978-02-24,1979-11-09,True,False,MLLW,,,,False,True,True,False
8668701,"Purrysburg Landing, Savannah River",32.3033,-81.1217,NOAA CO-OPS,SC,historic,1978-08-09,1983-02-16,True,False,MLLW,,Mixed,,False,True,True,False
8668918,"RIBAUT ISLAND, SKULL CREEK",32.2667,-80.7367,NOAA CO-OPS,SC,historic,1980-07-29,1997-03-12,True,False,MLLW,,Mixed,,True,True,True,False
8669103,"BLUFFTON, MAY RIVER",32.23,-80.8617,NOAA CO-OPS,SC,historic,1978-04-20,1981-04-02,True,False,MLLW,,Mixed,,False,True,True,False
8669133,SKULL CREEK SOUTH,32.2233,-80.7717,NOAA CO-OPS,SC,historic,1978-04-21,1979-10-31,True,False,MLLW,,Mixed,,False,True,True,False
8669167,"PORT ROYAL PLTN., HILTON HEAD",32.22,-80.6683,NOAA CO-OPS,SC,historic,1979-06-29,1980-07-15,True,False,MLLW,,Mixed,,False,True,True,False
8669246,Brighton Beach,32.2141,-80.8465,NOAA CO-OPS,SC,historic,2022-02-11,2022-06-27,True,False,MLLW,,Mixed,,True,True,True,False
8669262,"NORTH BULL ISLAND, MAY RIVER",32.2,-80.815,NOAA CO-OPS,SC,historic,1980-08-18,1995-11-09,True,False,MLLW,,Mixed,,True,True,True,False
8669338,BROAD CREEK,32.185,-80.7533,NOAA CO-OPS,SC,historic,1978-06-28,1979-11-02,True,False,MLLW,,,,False,True,True,False
8669415,"U.S. HIGHWAY 17, LITTLE BACK RIVER",32.165,-81.13,NOAA CO-OPS,SC,historic,1980-05-27,1982-04-01,True,False,MLLW,,Mixed,,False,True,True,False
8669601,"PINE ISLAND, RAMSHORN CREEK",32.1217,-80.8983,NOAA CO-OPS,SC,historic,1980-10-22,1982-04-01,True,False,MLLW,,Mixed,,False,True,True,False
8669691,"DAUFUSKIE LANDING, NEW RIVER",32.1033,-80.895,NOAA CO-OPS,SC,historic,1978-07-19,1981-01-16,True,False,MLLW,,Mixed,,False,True,True,False
8669801,"BLOODY POINT, NEW RIVER",32.0817,-80.8783,NOAA CO-OPS,SC,historic,1980-09-18,1981-08-06,True,False,MLLW,,Mixed,,False,True,True,False
8670424,Port Wentworth,32.143307,-81.14169,NOAA CO-OPS,GA,historic,2002-04-09,2023-05-11,True,False,MLLW,,Mixed,,True,True,True,False
8670870,Fort Pulaski,32.034695,-80.90303,NOAA CO-OPS,GA,active,1935-07-01,,True,False,MLLW,NWLORTS,Mixed,FPKG1,True,True,True,True
8670893,"PALMER JOHNSON SHIPYARD, WILMINGTON R.",32.0233,-81.0467,NOAA CO-OPS,GA,historic,1994-10-03,1994-11-08,True,False,MLLW,,Mixed,,True,True,True,False
8671029,"TYBEE MARINA, TYBEE CREEK",31.9967,-80.855,NOAA CO-OPS,GA,historic,1994-09-27,1996-04-12,True,False,MLLW,,Mixed,,True,True,True,False
8671086,"SKIDAWAY INSTITUTE, SKIDAWAY RIVER",31.99,-81.0233,NOAA CO-OPS,GA,historic,1994-10-02,1994-11-08,True,False,MLLW,,Mixed,,True,True,True,False
8671314,"HALFMOON REEF, HALFMOON RIVER",31.9633,-80.9433,NOAA CO-OPS,GA,historic,1994-10-04,1994-11-12,True,False,MLLW,,Mixed,,True,True,True,False
8671315,"PRIEST LANDING, WILMINGTON RIVER",31.9633,-81.0117,NOAA CO-OPS,GA,historic,1994-10-01,1994-11-11,True,False,MLLW,,Mixed,,True,True,True,False
8671489,"Richmond Hill, Ogeechee River",31.943,-81.2898,NOAA CO-OPS,GA,historic,2022-02-13,2022-06-26,True,False,MLLW,,Mixed,,True,True,True,False
8671946,"Little Wassaw Island, Green Island Sound",31.8897,-81.0617,NOAA CO-OPS,GA,historic,2022-12-06,2023-04-27,True,False,MLLW,,Mixed,,True,True,True,False
8672667,"Range A Light, Bear River",31.7933,-81.1817,NOAA CO-OPS,GA,historic,1977-02-25,2012-05-24,True,False,MLLW,Hydro,Mixed,,True,True,True,False
8672875,"Sunbury, Sunbury Channel",31.7667,-81.2783,NOAA CO-OPS,GA,historic,1977-03-09,2012-05-21,True,False,MLLW,Hydro,Mixed,,True,True,True,False
8673171,"South Ossabaw Island, Bear River",31.723028,-81.1417,NOAA CO-OPS,GA,historic,1977-04-01,2012-06-15,True,False,MLLW,Hydro,Mixed,,True,True,True,False
8673381,"HALFMOON, COLONELS ISLAND, TIMMONS RIVER",31.695,-81.2717,NOAA CO-OPS,GA,historic,1977-04-20,1977-06-06,True,False,MLLW,,,,False,True,True,False
8674301,"Daymark #135, South Newport River",31.575,-81.19,NOAA CO-OPS,GA,historic,1977-03-14,2012-05-22,True,False,MLLW,Hydro,Mixed,,True,True,True,False
8674599,"NORTH BLACKBEARD IS, SAPELO SND",31.5367,-81.1933,NOAA CO-OPS,GA,historic,1980-03-25,1980-04-30,True,False,MLLW,,Mixed,,False,True,True,False
8674975,"Daymark #156, Head of Mud River",31.4867,-81.32,NOAA CO-OPS,GA,historic,1980-03-15,2012-05-24,True,False,MLLW,Hydro,Mixed,,True,True,True,False
8675622,"OLD TOWER, SAPELO ISLAND, DOBOY SOUND",31.39,-81.2883,NOAA CO-OPS,GA,historic,1980-03-18,1980-05-21,True,False,MLLW,,Mixed,,False,True,True,False
8675623,SAPELO ISLAND (OUTSIDE),31.3917,-81.2667,NOAA CO-OPS,GA,historic,1974-03-06,1983-08-09,True,False,MLLW,,,,False,True,True,False
8675761,"Daymark #185, Rockdedundy River Entrance",31.373861,-81.33395,NOAA CO-OPS,GA,historic,1980-04-09,2012-05-22,True,False,MLLW,Hydro,Mixed,,True,True,True,False
8676329,"MACKAY RIVER, ICWW, BUTTERMILK SOUND",31.285,-81.385,NOAA CO-OPS,GA,historic,1980-04-24,1980-06-06,True,False,MLLW,,Mixed,,False,True,True,False
8676808,"CRISPEN ISLAND,TURTLE RIVER",31.2133,-81.55,NOAA CO-OPS,GA,historic,1980-05-22,1980-06-25,True,False,MLLW,,Mixed,,False,True,True,False
8677344,St.Simons Island,31.1317,-81.3967,NOAA CO-OPS,GA,historic,1980-04-21,2008-12-08,True,False,MLLW,"Hydro,USACE",Mixed,,True,True,True,False
8677406,"Howe Street Pier, Brunswick",31.144556,-81.4968,NOAA CO-OPS,GA,historic,1980-05-13,2012-05-21,True,False,MLLW,Hydro,Mixed,,True,True,True,False
8678124,Raccoon Key Spit,31.014805,-81.45597,NOAA CO-OPS,GA,historic,2011-10-11,2012-05-21,True,False,MLLW,Hydro,Mixed,,True,True,True,False
8678322,"Bailey Cut, Satilla River",30.985,-81.5917,NOAA CO-OPS,GA,historic,1934-05-25,2013-01-04,True,False,MLLW,VDatum,Mixed,,True,True,True,False
8679511,KINGS BAY,30.7967,-81.515,NOAA CO-OPS,GA,historic,1978-11-16,1991-02-05,True,False,MLLW,,Mixed,,True,True,True,False
8679598,Kings Bay MSF Pier,30.7781,-81.4914,NOAA CO-OPS,GA,active,1978-11-01,,True,False,MLLW,PORTS,Mixed,KBMG1,True,True,True,False
8679758,"DUNGENESS, SEACAMP DOCK",30.7633,-81.4717,NOAA CO-OPS,GA,historic,1978-11-03,1987-03-03,True,False,MLLW,,Mixed,,False,True,True,False
8679909,"RANGE ""A"" LIGHT TOWER",30.7267,-81.4983,NOAA CO-OPS,GA,historic,1978-11-09,1979-06-11,True,False,MLLW,,,,False,True,True,False
8679945,BEACH CREEK,30.7267,-81.4767,NOAA CO-OPS,GA,historic,1987-01-22,1987-03-03,True,False,MLLW,,Mixed,,False,True,True,False
8679964,"ST. MARYS, ST. MARYS RIVER",30.72,-81.5483,NOAA CO-OPS,GA,historic,1973-12-03,1985-03-06,True,False,MLLW,,Mixed,,False,True,True,False
8720001,ST. MARYS RIVER HEADWATERS,30.7867,-81.84,NOAA CO-OPS,FL,historic,1977-11-14,1978-06-21,True,False,MLLW,,Mixed,,False,True,True,False
8720004,"CRANDALL, ST. MARYS RIVER",30.7217,-81.6217,NOAA CO-OPS,FL,historic,1977-11-22,1978-06-06,True,False,MLLW,,Mixed Diurnal,,False,True,True,False
8720006,LITTLE ST. MARYS RIVER,30.7317,-81.7267,NOAA CO-OPS,FL,historic,1977-12-06,1985-03-06,True,False,MLLW,,Mixed,,False,True,True,False
8720007,ROSES BLUFF,30.7033,-81.5767,NOAA CO-OPS,FL,historic,1977-12-14,1985-03-17,True,False,MLLW,,Mixed,,False,True,True,False
8720008,PLATFORM OFF TIGER ISLAND,30.705,-81.47,NOAA CO-OPS,FL,historic,1978-11-14,1980-04-18,True,False,MLLW,,Mixed,,False,True,True,False
8720011,"CUT 1N FRONT RANGE, ST MARYS RIVER ENTR",30.7083,-81.465,NOAA CO-OPS,FL,historic,1998-01-21,1998-05-19,True,False,MLLW,,Mixed,,True,True,True,False
8720012,"CUT 2N FRONT RANGE, ST MARYS RIVER ENTR",30.7167,-81.3017,NOAA CO-OPS,FL,historic,1997-12-09,1999-01-03,True,False,MLLW,,Mixed,,True,True,True,False
8720023,"CHESTER, BELLS RIVER",30.6833,-81.5333,NOAA CO-OPS,FL,historic,1934-06-08,1978-08-15,True,False,MLLW,,Mixed,,False,True,True,False
8720030,Fernandina Beach,30.671356,-81.46584,NOAA CO-OPS,FL,active,1897-05-08,,True,False,MLLW,NWLORTS,Mixed,FRDF1,True,True,True,False
8720051,"LANCEFORD CREEK, LOFTON",30.6433,-81.5233,NOAA CO-OPS,FL,historic,1978-01-10,1979-01-15,True,False,MLLW,,Mixed Diurnal,,False,True,True,False
8720058,"KINGSLEY CREEK, SEABOARD R.R.",30.6317,-81.4767,NOAA CO-OPS,FL,historic,1978-01-06,1982-10-01,True,False,MLLW,,Mixed,,False,True,True,False
8720059,Vaughns Landing,30.63,-81.5767,NOAA CO-OPS,FL,historic,2008-02-25,2011-07-29,True,False,MLLW,Hydro,Mixed,,True,True,True,False
8720084,"BOGGY CREEK, UPPER NASSAU RIVER",30.5883,-81.6633,NOAA CO-OPS,FL,historic,1978-02-03,1978-08-15,True,False,MLLW,,Mixed,,False,True,True,False
8720086,"AMELIA CITY, SOUTH AMELIA RIVER",30.5867,-81.4633,NOAA CO-OPS,FL,historic,1973-10-31,1979-04-17,True,False,MLLW,,Mixed,,False,True,True,False
8720093,HALFMOON ISLAND,30.5767,-81.6083,NOAA CO-OPS,FL,historic,1978-01-18,1978-09-01,True,False,MLLW,,Mixed,,False,True,True,False
8720097,"CUNO, LOFTON CREEK",30.5767,-81.5717,NOAA CO-OPS,FL,historic,1978-02-17,1978-08-15,True,False,MLLW,,Mixed Diurnal,,False,True,True,False
8720098,"NASSAUVILLE, NASSAU RIVER EAST",30.5683,-81.515,NOAA CO-OPS,FL,historic,1977-12-14,1979-03-21,True,False,MLLW,,Mixed Diurnal,,False,True,True,False
8720119,"MINK CREEK ENT., NASSAU RIVER",30.5367,-81.5817,NOAA CO-OPS,FL,historic,1978-02-21,1979-04-17,True,False,MLLW,,Mixed Diurnal,,False,True,True,False
8720135,NASSAU RIVER ENTRANCE,30.5183,-81.4533,NOAA CO-OPS,FL,historic,1978-03-15,1978-11-09,True,False,MLLW,,Mixed Diurnal,,False,True,True,False
8720137,SAWPIT CREEK ENTRANCE,30.5133,-81.4567,NOAA CO-OPS,FL,historic,1978-03-15,1978-09-18,True,False,MLLW,,Mixed,,False,True,True,False
8720143,SAWPIT CREEK,30.5033,-81.4717,NOAA CO-OPS,FL,historic,1978-02-06,1978-08-18,True,False,MLLW,,Mixed,,False,True,True,False
8720145,Edwards Creek,30.5017,-81.5417,NOAA CO-OPS,FL,historic,1978-02-10,2011-08-26,True,False,MLLW,Hydro,Mixed,EDSF1,True,True,True,False
8720148,"TIGER POINT, PUMPKIN HILLS CREEK",30.5017,-81.495,NOAA CO-OPS,FL,historic,1978-03-17,1979-04-10,True,False,MLLW,,Mixed Diurnal,,False,True,True,False
8720168,SIMPSON CREEK,30.465,-81.4317,NOAA CO-OPS,FL,historic,1978-03-14,1978-09-06,True,False,MLLW,,Mixed,,False,True,True,False
8720186,FORT GEORGE ISLAND,30.44,-81.4383,NOAA CO-OPS,FL,historic,1978-03-29,1978-10-04,True,False,MLLW,,Mixed,,False,True,True,False
8720189,CEDAR HEIGHTS,30.4367,-81.6417,NOAA CO-OPS,FL,historic,1977-08-09,1978-02-13,True,False,MLLW,,Mixed,,False,True,True,False
8720196,SISTERS CREEK,30.4167,-81.4533,NOAA CO-OPS,FL,historic,1977-08-31,1978-12-31,True,False,MLLW,Hydro,Mixed,,False,True,True,False
8720198,CLAPBOARD CREEK,30.4067,-81.51,NOAA CO-OPS,FL,historic,1977-08-12,1978-02-07,True,False,MLLW,,Mixed,,False,True,True,False
8720203,BLOUNT ISLAND BRIDGE,30.4133,-81.545,NOAA CO-OPS,FL,historic,1977-08-15,1978-01-23,True,False,MLLW,,Mixed Diurnal,,False,True,True,False
8720211,"Mayport Naval Sta., St Johns River",30.4,-81.4133,NOAA CO-OPS,FL,historic,1995-04-24,2008-08-18,True,False,MLLW,"Global,FLDEP",Mixed,,True,True,True,False
8720213,"TROUT R., SHERWOOD FOREST",30.42,-81.7283,NOAA CO-OPS,FL,historic,1978-03-21,1979-01-04,True,False,MLLW,,Mixed,,False,True,True,False
8720214,Degaussing Structure,30.3967,-81.395,NOAA CO-OPS,FL,historic,1995-08-01,2008-08-18,True,False,MLLW,FLDEP,Mixed,,True,True,True,False
8720215,Navy Fuel Depot,30.4,-81.6267,NOAA CO-OPS,FL,historic,1977-08-26,,True,False,MLLW,PORTS,Mixed Diurnal,NFDF1,True,True,True,False
8720216,"RIBAULT RIVER, LAKE FOREST",30.3983,-81.6983,NOAA CO-OPS,FL,historic,1978-03-22,1978-10-04,True,False,MLLW,,Mixed,,False,True,True,False
8720217,MONCRIEF CREEK ENTRANCE,30.3917,-81.6617,NOAA CO-OPS,FL,historic,1977-08-26,1978-02-07,True,False,MLLW,,,,False,True,True,False
8720218,Mayport (Bar Pilots Dock),30.398167,-81.42789,NOAA CO-OPS,FL,active,1995-08-01,,True,False,MLLW,NWLORTS,Mixed,MYPF1,True,True,True,True
8720219,Dames Point,30.3867,-81.5583,NOAA CO-OPS,FL,active,1977-08-12,,True,False,MLLW,PORTS,Mixed,DMSF1,True,True,True,True
8720220,Mayport (Ferry Depot),30.3933,-81.4317,NOAA CO-OPS,FL,historic,1928-04-26,2008-04-30,True,False,MLLW,,Mixed,,True,True,True,False
8720221,"FULTON, ST. JOHNS RIVER",30.39,-81.5067,NOAA CO-OPS,FL,historic,1977-08-31,1978-03-06,True,False,MLLW,,Mixed,,False,True,True,False
8720224,"MAYPORT, ST JOHNS RIVER",30.395,-81.4317,NOAA CO-OPS,FL,historic,1997-03-20,1998-03-11,True,False,MLLW,,Mixed,,True,True,True,False
8720225,PHOENIX PARK,30.3833,-81.6367,NOAA CO-OPS,FL,historic,1977-08-17,1978-02-23,True,False,MLLW,,Mixed,,False,True,True,False
8720226,"Southbank Riverwalk, St Johns River",30.32,-81.6583,NOAA CO-OPS,FL,active,1995-04-26,,True,False,MLLW,PORTS,Mixed,MSBF1,True,True,True,False
8720232,PABLO CREEK ENTRANCE,30.3767,-81.4483,NOAA CO-OPS,FL,historic,1977-08-30,1978-03-06,True,False,MLLW,,Mixed,,False,True,True,False
8720242,Long Branch,30.36,-81.62,NOAA CO-OPS,FL,historic,1928-04-28,2004-04-07,True,False,MLLW,Hydro,Mixed,LNBF1,True,True,True,False
8720244,MILL COVE,30.37,-81.558304,NOAA CO-OPS,FL,historic,1977-08-22,2025-11-20,True,False,MLLW,,,,True,True,True,False
8720245,Jacksonville University,30.354084,-81.61175,NOAA CO-OPS,FL,active,2013-11-09,,True,False,,PORTS,,JXUF1,False,False,False,True
8720267,PABLO CREEK,30.3233,-81.4383,NOAA CO-OPS,FL,historic,1977-08-19,1978-01-23,True,False,MLLW,,,,False,True,True,False
8720268,"JACKSONVILLE,ACOSTA BRIDGE",30.325,-81.665,NOAA CO-OPS,FL,historic,1978-04-18,1979-03-14,True,False,MLLW,,,,False,True,True,False
8720274,LITTLE POTTSBURG CREEK,30.31,-81.61,NOAA CO-OPS,FL,historic,1978-06-14,1979-01-29,True,False,MLLW,,,,False,True,True,False
8720291,Jacksonville Beach,30.2833,-81.3867,NOAA CO-OPS,FL,historic,1977-09-07,1999-07-01,True,False,MLLW,,Mixed,,True,True,True,False
8720296,ORTEGA RIVER ENTRANCE,30.2783,-81.705,NOAA CO-OPS,FL,historic,1978-08-09,1979-02-13,True,False,MLLW,,,,False,True,True,False
8720305,OAK LANDING,30.2533,-81.43,NOAA CO-OPS,FL,historic,1978-07-18,1979-01-25,True,False,MLLW,,,,False,True,True,False
8720333,"PINEY POINT, ST. JOHNS RIVER",30.2283,-81.6633,NOAA CO-OPS,FL,historic,1978-03-10,1979-02-22,True,False,MLLW,,,,False,True,True,False
8720357,I-295 Buckman Bridge,30.192417,-81.68889,NOAA CO-OPS,FL,active,1995-04-25,,True,False,MLLW,PORTS,Mixed,BKBF1,True,True,True,False
8720374,"ORANGE PARK, ST. JOHNS RIVER",30.1683,-81.695,NOAA CO-OPS,FL,historic,1978-05-18,1978-11-22,True,False,MLLW,,,,False,True,True,False
8720398,Palm Valley ICWW,30.1333,-81.3867,NOAA CO-OPS,FL,historic,1978-06-13,2008-08-18,True,False,MLLW,FLDEP,,,True,True,True,False
8720406,"DOCTORS LAKE, PEORIA POINT",30.12,-81.7583,NOAA CO-OPS,FL,historic,1978-05-18,1978-11-29,True,False,MLLW,,,,False,True,True,False
8720409,JULINGTON CREEK,30.135,-81.63,NOAA CO-OPS,FL,historic,1978-04-12,1978-11-28,True,False,MLLW,,,,False,True,True,False
8720434,BLACK CREEK,30.08,-81.7617,NOAA CO-OPS,FL,historic,1978-06-15,2022-11-23,True,False,MLLW,,Mixed,,True,True,True,False
8720494,"TOLOMATO RIVER, ICWW",29.9944,-81.3295,NOAA CO-OPS,FL,historic,2008-02-21,,True,False,MLLW,FLDEP,Mixed,,True,True,True,False
8720496,"GREEN COVE SPRINGS, ST. JOHNS R.",29.99,-81.6633,NOAA CO-OPS,FL,historic,1978-03-09,1979-04-19,True,False,MLLW,,,,False,True,True,False
8720503,"Red Bay Point, St Johns River",29.981667,-81.63416,NOAA CO-OPS,FL,historic,1995-04-24,2017-10-07,True,False,MLLW,"PORTS,Hydro",Mixed,GCVF1,True,True,True,False
8720554,Vilano Beach ICWW,29.9167,-81.3,NOAA CO-OPS,FL,historic,1978-06-22,2008-08-18,True,False,MLLW,"Global,FLDEP",Mixed,,True,True,True,False
8720576,ST.  AUGUSTINE,29.8917,-81.31,NOAA CO-OPS,FL,historic,1974-01-05,1979-05-14,True,False,MLLW,,,,False,True,True,False
8720582,"State Road 312, Matanzas River",29.8667,-81.3067,NOAA CO-OPS,FL,historic,1998-11-07,2008-08-18,True,False,MLLW,"Global,FLDEP",Mixed,,True,True,True,False
8720587,St. Augustine Beach,29.8567,-81.2633,NOAA CO-OPS,FL,historic,1992-05-27,2004-08-23,True,False,MLLW,,Mixed,,True,True,True,False
8720596,"EAST TOCOI, ST. JOHNS RIVER",29.8583,-81.5533,NOAA CO-OPS,FL,historic,1978-08-09,1979-03-09,True,False,MLLW,,,,False,True,True,False
8720623,ANASTASIA ISLAND,29.7933,-81.2717,NOAA CO-OPS,FL,historic,1978-08-18,1979-03-15,True,False,MLLW,,,,False,True,True,False
8720625,"Racy Point, St Johns River",29.8017,-81.5483,NOAA CO-OPS,FL,historic,1995-04-26,2019-08-05,True,False,MLLW,"PORTS,Hydro",Mixed,RCYF1,True,True,True,False
8720651,"Crescent Beach, Matanzas River",29.7683,-81.2583,NOAA CO-OPS,FL,historic,1997-02-20,2008-08-18,True,False,MLLW,"Global,FLDEP",Mixed,,True,True,True,False
8720653,"PALMETTO BLUFF, ST. JOHNS RIVER",29.7633,-81.5617,NOAA CO-OPS,FL,historic,1978-08-10,1979-05-01,True,False,MLLW,,,,False,True,True,False
8720686,FORT MATANZAS,29.715,-81.2383,NOAA CO-OPS,FL,historic,1973-12-01,1979-03-22,True,False,MLLW,,,,False,True,True,False
8720692,State Road A1A Bridge,29.70453,-81.22785,NOAA CO-OPS,FL,historic,1998-12-31,2008-08-18,True,False,MLLW,"Global,FLDEP",Mixed,,True,True,True,False
8720757,"Bings Landing, Matanzas River",29.615,-81.205,NOAA CO-OPS,FL,historic,1998-12-16,,True,False,MLLW,FLDEP,Mixed,,True,True,True,False
8720767,"Buffalo Bluff, St Johns River",29.595,-81.6817,NOAA CO-OPS,FL,historic,1978-10-05,2008-08-18,True,False,MLLW,"Global,FLDEP",Mixed,BUFF1,True,True,True,False
8720774,"Palatka, St Johns River",29.6433,-81.6317,NOAA CO-OPS,FL,historic,1973-12-15,2008-08-18,True,False,MLLW,"Hydro,FLDEP",Mixed,PLQF1,True,True,True,False
8720782,Sutherlands Still,29.5717,-81.6067,NOAA CO-OPS,FL,historic,1978-09-25,1994-04-08,True,False,MLLW,,Mixed,,True,True,True,False
8720793,Piney Bluff Landing,29.5583,-81.5733,NOAA CO-OPS,FL,historic,1993-09-21,2024-07-30,True,False,MLLW,,Mixed,,True,True,True,False
8720805,Moccasin Landing,29.5383,-81.5567,NOAA CO-OPS,FL,historic,1993-09-21,1994-04-08,True,False,MLLW,,Mixed Diurnal,,True,True,True,False
8720832,Welaka,29.4767,-81.675,NOAA CO-OPS,FL,historic,1978-08-14,2008-08-18,True,False,MLLW,"Global,FLDEP",Mixed,,True,True,True,False
8720833,"SMITH CREEK, FLAGLER BEACH",29.4783,-81.1367,NOAA CO-OPS,FL,historic,1978-08-08,1979-04-12,True,False,MLLW,,,,False,True,True,False
8720841,"Shell bluff, Crescent Lake",29.4917,-81.4883,NOAA CO-OPS,FL,historic,1935-07-13,2024-07-19,False,False,STND,,Mixed,,True,True,True,False
8720855,Crescent City,29.43,-81.5067,NOAA CO-OPS,FL,historic,1993-09-21,1994-04-08,False,False,STND,,Mixed Diurnal,,True,True,True,False
8720954,"Ormond Beach, Halifax River",29.285,-81.0533,NOAA CO-OPS,FL,historic,1978-10-24,1979-05-02,True,False,MLLW,,,,False,True,True,False
8721020,DAYTONA BEACH (OCEAN),29.2283,-81.005,NOAA CO-OPS,FL,historic,1938-09-25,1950-09-30,True,False,MLLW,,,,False,True,True,False
8721120,DAYTONA BEACH SHORES,29.1467,-80.9633,NOAA CO-OPS,FL,historic,1966-02-11,1984-08-16,True,False,MLLW,,Mixed,,False,True,True,False
8721136,NORTH TURNBULL BAY,29.0833,-80.9667,NOAA CO-OPS,FL,historic,1978-10-12,1979-05-04,True,False,MLLW,,Mixed,,False,True,True,False
8721138,"HALIFAX RIVER, PONCE INLET",29.0817,-80.9367,NOAA CO-OPS,FL,historic,1974-01-21,1975-10-01,True,False,MLLW,,,,False,True,True,False
8721147,Ponce De Leon Inlet South,29.063334,-80.91583,NOAA CO-OPS,FL,historic,1973-12-12,,True,False,MLLW,FLDEP,Mixed,,True,True,True,False
8721164,New Smyrna Beach,29.0233,-80.9183,NOAA CO-OPS,FL,historic,1999-03-19,1999-07-26,True,False,MLLW,,Mixed,,True,True,True,False
8721191,"EDGEWATER, INDIAN RIVER",28.9883,-80.9,NOAA CO-OPS,FL,historic,1978-10-17,1979-04-26,True,False,MLLW,,Mixed,,False,True,True,False
8721222,PACKWOOD PLACE,28.94,-80.87,NOAA CO-OPS,FL,historic,1979-01-18,1979-04-24,True,False,MLLW,,Mixed,,False,True,True,False
8721223,TURTLE MOUND,28.9267,-80.825,NOAA CO-OPS,FL,historic,1978-11-21,1979-04-26,True,False,MLLW,,Mixed,,False,True,True,False
8721374,"ALLENHURST,HAULOVER CANAL",28.7333,-80.7567,NOAA CO-OPS,FL,historic,1966-02-11,1983-05-21,False,False,STND,,Mixed,,False,True,True,False
8721456,"TITUSVILLE, INDIAN RIVER",28.62,-80.8,NOAA CO-OPS,FL,historic,1976-02-13,1984-03-11,False,False,STND,,,,False,True,True,False
8721604,"Trident Pier, Port Canaveral",28.4158,-80.5931,NOAA CO-OPS,FL,active,1994-10-13,,True,False,MLLW,NWLON,Mixed,TRDF1,True,True,True,True
8721608,CANAVERAL HARBOR ENTRANCE,28.4083,-80.6017,NOAA CO-OPS,FL,historic,1965-04-19,1970-09-22,True,False,MLLW,,,,False,True,True,False
8721649,"COCOA BEACH, ATLANTIC OCEAN",28.3683,-80.6,NOAA CO-OPS,FL,historic,1994-10-06,1997-02-18,True,False,MLLW,,Semi Diurnal,,True,True,True,False
8721727,PATRICK AIR FORCE BASE,28.245,-80.6,NOAA CO-OPS,FL,historic,1959-10-12,1962-02-12,True,False,MLLW,,,,False,True,True,False
8721749,"PINEDA, INDIAN RIVER",28.2117,-80.6633,NOAA CO-OPS,FL,historic,1972-04-01,1981-04-21,False,False,STND,,Mixed,,False,True,True,False
8721804,CANOVA,28.1383,-80.5783,NOAA CO-OPS,FL,historic,1970-02-01,1971-04-22,True,False,MLLW,,,,False,True,True,False
8721832,"MELBOURNE, INDIAN RIVER",28.1,-80.6117,NOAA CO-OPS,FL,historic,1972-03-23,1972-05-22,True,False,MLLW,,,,False,True,True,False
8721843,Melbourne Causeway,28.0833,-80.5917,NOAA CO-OPS,FL,historic,2021-11-13,,True,False,MLLW,FLDEP,Mixed,,True,True,True,False
8721874,"PALM BAY, INDIAN RIVER",28.0417,-80.58,NOAA CO-OPS,FL,historic,1972-03-23,2023-01-13,True,False,MLLW,,Mixed,,True,True,True,False
8721994,"MICCO, INDIAN RIVER",27.8733,-80.4967,NOAA CO-OPS,FL,historic,1972-03-22,1972-05-23,True,False,MLLW,,,,False,True,True,False
8722004,SEBASTIAN INLET,27.86,-80.4483,NOAA CO-OPS,FL,historic,1969-06-12,1970-09-22,True,False,MLLW,,Mixed,,False,True,True,False
8722029,"SEBASTIAN, INDIAN RIVER",27.8117,-80.4633,NOAA CO-OPS,FL,historic,1969-06-16,1973-11-05,True,False,MLLW,,Mixed,,False,True,True,False
8722059,"WABASSO,INDIAN RIVER",27.755,-80.425,NOAA CO-OPS,FL,historic,1972-05-09,1972-09-13,True,False,MLLW,,Mixed,,False,True,True,False
8722125,Vero Beach,27.6317,-80.3717,NOAA CO-OPS,FL,historic,1972-05-09,1999-07-26,True,False,MLLW,,Mixed,,True,True,True,False
8722146,"OSLO,INDIAN RIVER",27.5933,-80.3567,NOAA CO-OPS,FL,historic,1972-05-10,1972-09-13,True,False,MLLW,,Mixed,,False,True,True,False
8722207,"ST. LUCIE,INDIAN RIVER",27.48,-80.3333,NOAA CO-OPS,FL,historic,1972-05-12,1972-10-16,True,False,MLLW,,Mixed,,False,True,True,False
8722208,North Beach Causeway,27.4717,-80.325,NOAA CO-OPS,FL,historic,2000-03-20,1999-07-26,True,False,MLLW,,Mixed,,True,True,True,False
8722212,"FORT PIERCE, SOUTH JETTY",27.47,-80.2883,NOAA CO-OPS,FL,historic,1972-05-18,1973-01-24,True,False,MLLW,,Mixed,,False,True,True,False
8722213,Binney Dock,27.4683,-80.3,NOAA CO-OPS,FL,historic,1969-06-17,,True,False,MLLW,FLDEP,Mixed,,True,True,True,False
8722219,South Beach Causeway,27.4567,-80.3233,NOAA CO-OPS,FL,historic,1969-06-16,2000-06-06,True,False,MLLW,,Mixed,,True,True,True,False
8722274,"Ankona, Indian river",27.355,-80.2733,NOAA CO-OPS,FL,historic,1972-06-28,,True,False,MLLW,FLDEP,Mixed,,True,True,True,False
8722312,"NETTLES ISLAND, INDIAN RIVER",27.2867,-80.2267,NOAA CO-OPS,FL,historic,1972-06-27,1972-10-16,True,False,MLLW,,,,False,True,True,False
8722329,Jensen Beach Causeway Park,27.2517,-80.2183,NOAA CO-OPS,FL,historic,1998-11-18,2022-09-01,True,False,MLLW,,Mixed,,True,True,True,False
8722334,"NORTH FORK, ST. LUCIE RIVER",27.2433,-80.3133,NOAA CO-OPS,FL,historic,1972-07-11,1973-01-15,True,False,MLLW,,Mixed,,False,True,True,False
8722338,"JENSEN BEACH, INDIAN RIVER",27.235,-80.21,NOAA CO-OPS,FL,historic,1972-06-28,1972-10-18,True,False,MLLW,,,,False,True,True,False
8722357,"STUART, ST. LUCIE RIVER",27.2,-80.2583,NOAA CO-OPS,FL,historic,1969-06-17,1970-09-21,True,False,MLLW,,Mixed,,False,True,True,False
8722366,SEMINOLE SHORES,27.1833,-80.1583,NOAA CO-OPS,FL,historic,1972-09-27,1973-04-05,True,False,MLLW,,,,False,True,True,False
8722371,SEWALL POINT. ST. LUCIE RIVER,27.175,-80.1883,NOAA CO-OPS,FL,historic,1969-05-13,2022-09-01,True,False,MLLW,,Mixed,,True,True,True,False
8722375,"South point, St Lucie Inlet",27.1583,-80.1567,NOAA CO-OPS,FL,historic,1999-01-26,,True,False,MLLW,FLDEP,Mixed,,True,True,True,False
8722376,"South Fork, St. Lucie River",27.165,-80.255,NOAA CO-OPS,FL,historic,1972-07-11,2026-06-18,True,False,MLLW,FLDEP,Mixed,,True,True,True,False
8722383,PORT SALERNO,27.1517,-80.195,NOAA CO-OPS,FL,historic,1972-07-10,1972-11-08,True,False,MLLW,,,,False,True,True,False
8722404,"PECK LAKE, ST. LUCIE INLET",27.1133,-80.145,NOAA CO-OPS,FL,historic,1972-09-20,1973-01-22,True,False,MLLW,,,,False,True,True,False
8722414,GOMEZ,27.0933,-80.1367,NOAA CO-OPS,FL,historic,1972-09-20,1973-05-09,True,False,MLLW,,,,False,True,True,False
8722429,"HOBE SOUND BRIDGE, HOBE SOUND",27.065,-80.1233,NOAA CO-OPS,FL,historic,1969-06-18,1973-05-09,True,False,MLLW,,,,False,True,True,False
8722445,"HOBE SOUND, STATE PARK",27.0367,-80.1067,NOAA CO-OPS,FL,historic,1972-10-24,1973-01-16,True,False,MLLW,,,,False,True,True,False
8722472,NORTH LOXAHATCHEE RIVER,26.9867,-80.1417,NOAA CO-OPS,FL,historic,1972-11-22,1973-02-23,True,False,MLLW,,,,False,True,True,False
8722478,"NORTH FORK, LOXAHATCHEE RIVER",26.975,-80.1133,NOAA CO-OPS,FL,historic,1972-12-01,1973-02-23,True,False,MLLW,,,,False,True,True,False
8722481,LOXAHATCHEE RIVER,26.97,-80.1267,NOAA CO-OPS,FL,historic,1972-11-22,1973-02-21,True,False,MLLW,,,,False,True,True,False
8722482,"NW FORK,LOXAHATCHEE RIVER",26.9667,-80.12,NOAA CO-OPS,FL,historic,1969-01-22,1969-02-28,True,False,MLLW,,,,False,True,True,False
8722486,"TEQUESTA, N.FORK,LOXAHATCHEE R.",26.96,-80.105,NOAA CO-OPS,FL,historic,1973-01-25,1973-03-13,True,False,MLLW,,,,False,True,True,False
8722487,"TEQUESTA, NORTH",26.9517,-80.1017,NOAA CO-OPS,FL,historic,1973-01-19,1973-03-13,True,False,MLLW,,,,False,True,True,False
8722488,"TEQUESTA, LOXAHATCHEE RIVER",26.9517,-80.1033,NOAA CO-OPS,FL,historic,1970-04-07,1973-02-23,True,False,MLLW,,,,False,True,True,False
8722491,"JUPITER SOUND, SOUTH END",26.9517,-80.08,NOAA CO-OPS,FL,historic,1972-10-24,1973-01-22,True,False,MLLW,,,,False,True,True,False
8722492,JUPITER WEST,26.9467,-80.09,NOAA CO-OPS,FL,historic,1973-01-19,1973-11-06,True,False,MLLW,,,,False,True,True,False
8722495,JUPITER INLET,26.9433,-80.0733,NOAA CO-OPS,FL,historic,1970-04-07,1973-04-17,True,False,MLLW,,,,False,True,True,False
8722496,LOXAHATCHEE RIVER LOCK,26.935,-80.1433,NOAA CO-OPS,FL,historic,1972-11-29,1973-02-21,True,False,MLLW,,,,False,True,True,False
8722499,"JUPITER, INTRACOASTAL WATERWAY",26.935,-80.085,NOAA CO-OPS,FL,historic,1972-10-25,1973-04-18,True,False,MLLW,,,,False,True,True,False
8722512,LAKE WORTH CREEK,26.9117,-80.08,NOAA CO-OPS,FL,historic,1973-02-05,1973-04-18,True,False,MLLW,,,,False,True,True,False
8722528,DONALD ROSS BRIDGE,26.8817,-80.07,NOAA CO-OPS,FL,historic,1973-01-31,1973-04-20,True,False,MLLW,,,,False,True,True,False
8722548,"PGA Boulevard Bridge, Palm Beach",26.8433,-80.0667,NOAA CO-OPS,FL,historic,1973-01-31,2010-10-13,True,False,MLLW,Hydro,Mixed,,True,True,True,False
8722557,North Palm Beach,26.8267,-80.055,NOAA CO-OPS,FL,historic,1970-04-16,1973-11-05,True,False,MLLW,,Mixed,,False,True,True,False
8722588,Port of West Palm Beach,26.77,-80.0517,NOAA CO-OPS,FL,historic,1967-05-01,2010-10-20,True,False,MLLW,Hydro,Mixed,,True,True,True,False
8722607,PALM BEACH,26.7333,-80.0417,NOAA CO-OPS,FL,historic,1970-04-16,1971-06-17,True,False,MLLW,,,,False,True,True,False
8722621,Palm Beach,26.705,-80.045,NOAA CO-OPS,FL,historic,1976-08-09,1986-12-02,True,False,MLLW,,Mixed,,False,True,True,False
8722654,WEST PALM BEACH,26.645,-80.045,NOAA CO-OPS,FL,historic,1970-08-20,1972-03-07,True,False,MLLW,,,,False,True,True,False
8722669,Lake Worth ICW,26.6133,-80.0467,NOAA CO-OPS,FL,historic,2008-01-24,2010-10-18,True,False,MLLW,Hydro,Mixed,,True,True,True,False
8722670,"Lake Worth Pier, Atlantic Ocean",26.612778,-80.034164,NOAA CO-OPS,FL,active,1970-04-14,,True,False,MLLW,NWLON,Mixed,LKWF1,True,True,True,True
8722706,BOYNTON BEACH,26.5483,-80.0533,NOAA CO-OPS,FL,historic,1970-04-15,1973-11-02,True,False,MLLW,,Mixed,,False,True,True,False
8722718,OCEAN RIDGE,26.5267,-80.0533,NOAA CO-OPS,FL,historic,1973-03-23,1973-05-08,True,False,MLLW,,Mixed,,False,True,True,False
8722746,DELRAY BEACH,26.4733,-80.0617,NOAA CO-OPS,FL,historic,1973-03-23,1973-06-08,True,False,MLLW,,,,False,True,True,False
8722761,SOUTH DELRAY BEACH,26.4467,-80.065,NOAA CO-OPS,FL,historic,1973-03-29,1973-05-08,True,False,MLLW,,,,False,True,True,False
8722784,YAMATO,26.4033,-80.07,NOAA CO-OPS,FL,historic,1973-03-28,1973-05-08,True,False,MLLW,,,,False,True,True,False
8722802,LAKE WYMAN,26.37,-80.07,NOAA CO-OPS,FL,historic,1973-03-23,1973-05-08,True,False,MLLW,,,,False,True,True,False
8722816,BOCA RATON,26.3433,-80.0767,NOAA CO-OPS,FL,historic,1970-04-15,1973-11-02,True,False,MLLW,,,,False,True,True,False
8722832,DEERFIELD BEACH,26.3133,-80.0817,NOAA CO-OPS,FL,historic,1973-04-25,2024-02-26,True,False,MLLW,,Mixed,,True,True,True,False
8722859,HILLSBORO,26.26,-80.085,NOAA CO-OPS,FL,historic,1973-04-23,1973-11-02,True,False,MLLW,,Mixed,,False,True,True,False
8722861,"HILLSBORO INLET, INSIDE",26.2583,-80.0817,NOAA CO-OPS,FL,historic,1970-04-14,1973-06-06,True,False,MLLW,,,,False,True,True,False
8722862,HILLSBORO INLET OCEAN,26.2567,-80.08,NOAA CO-OPS,FL,historic,1970-04-10,1973-06-15,True,False,MLLW,,,,False,True,True,False
8722899,LAUDERDALE-BY-THE-SEA,26.1883,-80.0933,NOAA CO-OPS,FL,historic,1978-10-06,1979-09-02,True,False,MLLW,,Mixed,,False,True,True,False
8722937,"FT. LAUDERDALE, ANDREWS AVENUE BRIDGE",26.1183,-80.145,NOAA CO-OPS,FL,historic,1970-04-20,2022-02-14,True,False,MLLW,,Mixed,,True,True,True,False
8722939,FT. LAUDERDALE BAHIA YACHT CLUB,26.1133,-80.1083,NOAA CO-OPS,FL,historic,1970-04-21,1971-06-16,True,False,MLLW,,,,False,True,True,False
8722951,"PORT EVERGLADES, LAKE MABEL",26.0917,-80.1233,NOAA CO-OPS,FL,historic,1970-04-17,1973-11-07,True,False,MLLW,,,,False,True,True,False
8722956,South Port Everglades,26.081667,-80.11667,NOAA CO-OPS,FL,active,1973-07-20,,True,False,MLLW,PORTS,Mixed,PEGF1,True,True,True,True
8722957,NORTH DANIA SOUND,26.08,-80.1117,NOAA CO-OPS,FL,historic,1973-07-19,1973-09-05,True,False,MLLW,,,,False,True,True,False
8722968,PORT LAUDANIA,26.06,-80.13,NOAA CO-OPS,FL,historic,1973-07-17,1973-09-06,True,False,MLLW,,,,False,True,True,False
8722971,"WHISKEY CREEK, SOUTH ENTRANCE",26.055,-80.1133,NOAA CO-OPS,FL,historic,1973-07-17,1973-09-05,True,False,MLLW,,,,False,True,True,False
8722977,"WEST LAKE, NORTH END",26.0433,-80.1267,NOAA CO-OPS,FL,historic,1973-07-19,1973-09-05,True,False,MLLW,,,,False,True,True,False
8722979,HOLLYWOOD BEACH,26.04,-80.115,NOAA CO-OPS,FL,historic,1973-07-20,1973-09-06,True,False,MLLW,,,,False,True,True,False
8722982,"WEST LAKE, SOUTH END",26.0333,-80.1233,NOAA CO-OPS,FL,historic,1973-07-16,1973-09-05,True,False,MLLW,,,,False,True,True,False
8723026,GOLDEN BEACH,25.9667,-80.125,NOAA CO-OPS,FL,historic,1973-07-16,1973-09-04,True,False,MLLW,,Mixed,,False,True,True,False
8723044,DUMFOUNDLING BAY,25.9417,-80.125,NOAA CO-OPS,FL,historic,1973-07-19,1973-09-06,True,False,MLLW,,Mixed,,False,True,True,False
8723050,NORTH MIAMI BEACH,25.93,-80.12,NOAA CO-OPS,FL,historic,1973-04-26,1976-05-26,True,False,MLLW,,Mixed,,False,True,True,False
8723073,HAULOVER INSIDE,25.9033,-80.125,NOAA CO-OPS,FL,historic,1973-07-20,1975-08-04,True,False,MLLW,,Diurnal,,False,True,True,False
8723080,"HAULOVER PIER, N. MIAMI BEACH",25.9033,-80.12,NOAA CO-OPS,FL,historic,1981-07-08,1992-09-24,True,False,MLLW,,Mixed,,True,True,True,False
8723089,"BISCAYNE CREEK, INTRACOASTAL WATERWAY",25.88,-80.1633,NOAA CO-OPS,FL,historic,1970-04-21,1973-09-06,True,False,MLLW,,Mixed,,False,True,True,False
8723155,MIAMI SHIP BASE,25.77,-80.1683,NOAA CO-OPS,FL,historic,1972-08-30,1974-12-12,True,False,MLLW,,Mixed,,False,True,True,False
8723165,"MIAMI, BISCAYNE BAY",25.7783,-80.185,NOAA CO-OPS,FL,historic,1971-10-27,1986-10-31,True,False,MLLW,,Mixed,,False,True,True,False
8723170,Miami Beach,25.7683,-80.1317,NOAA CO-OPS,FL,historic,1931-05-27,1981-07-29,True,False,MLLW,,Mixed,,False,True,True,False
8723178,"MIAMI BEACH, GOVERNMENT CUT",25.7633,-80.13,NOAA CO-OPS,FL,historic,1985-01-30,1986-12-01,True,False,MLLW,,Mixed,,False,True,True,False
8723205,"DINNER KEY MARINA,BISCAYNE BAY",25.7267,-80.2367,NOAA CO-OPS,FL,historic,1967-02-01,1967-04-07,True,False,MLLW,,Mixed,,False,True,True,False
8723214,Virginia Key,25.7314,-80.1618,NOAA CO-OPS,FL,active,1994-01-26,,True,False,MLLW,NWLORTS,Mixed,VAKF1,True,True,True,True
8723232,KEY BISCAYNE YACHT CLUB,25.6983,-80.17,NOAA CO-OPS,FL,historic,1980-12-01,1993-09-23,True,False,MLLW,,Mixed,,True,True,True,False
8723251,"CAPE FLORIDA, KEY BISCAYNE",25.6517,-80.16,NOAA CO-OPS,FL,historic,1980-12-01,1981-05-07,True,False,MLLW,,Mixed,,False,True,True,False
8723289,"CUTLER, BISCAYNE BAY",25.615,-80.305,NOAA CO-OPS,FL,historic,1970-04-22,1972-04-04,True,False,MLLW,,Mixed,,False,True,True,False
8723350,RAGGED KEY #3,25.5333,-80.1717,NOAA CO-OPS,FL,historic,1974-06-26,1981-05-06,True,False,MLLW,,Mixed,,False,True,True,False
8723355,"RAGGED KEY NO. 5, BISCAYNE BAY",25.5233,-80.175,NOAA CO-OPS,FL,historic,1930-11-03,1988-01-15,True,False,MLLW,,Mixed,,False,True,True,False
8723372,"SANDS KEY, ELLIOTT KEY",25.5067,-80.1883,NOAA CO-OPS,FL,historic,1974-06-26,1974-08-15,True,False,MLLW,,,,False,True,True,False
8723391,"COON POINT, ELLIOTT KEY",25.48,-80.1883,NOAA CO-OPS,FL,historic,1974-06-25,1974-08-15,True,False,MLLW,,,,False,True,True,False
8723393,ELLIOTT KEY (OUTSIDE),25.4767,-80.18,NOAA CO-OPS,FL,historic,1974-06-26,1974-08-14,True,False,MLLW,,,,False,True,True,False
8723409,"ELLIOTT KEY HARBOR, ELLIOTT KEY",25.4533,-80.1967,NOAA CO-OPS,FL,historic,1974-06-25,1988-01-15,True,False,MLLW,,Mixed Diurnal,,False,True,True,False
8723423,"TURKEY POINT, BISCAYNE BAY",25.4367,-80.33,NOAA CO-OPS,FL,historic,1970-04-23,1993-09-07,True,False,MLLW,,Mixed Diurnal,,True,True,True,False
8723439,"BILLY'S POINT, ELLIOTT KEY",25.415,-80.21,NOAA CO-OPS,FL,historic,1974-06-25,1974-08-14,True,False,MLLW,,,,False,True,True,False
8723453,ADAMS KEY,25.3967,-80.2333,NOAA CO-OPS,FL,historic,1974-06-24,1987-10-23,True,False,MLLW,,Mixed Diurnal,,False,True,True,False
8723457,"CHRISTMAS POINT, ELLIOTT KEY",25.3917,-80.23,NOAA CO-OPS,FL,historic,1974-06-24,1974-08-14,True,False,MLLW,,,,False,True,True,False
8723465,"EAST ARSENICKER, CARD SOUND",25.3733,-80.29,NOAA CO-OPS,FL,historic,1971-11-19,1972-02-28,True,False,MLLW,,,,False,True,True,False
8723467,"TOTTEN KEY, BISCAYNE BAY",25.3783,-80.2567,NOAA CO-OPS,FL,historic,1974-06-24,1974-08-14,True,False,MLLW,,,,False,True,True,False
8723506,"PUMPKIN KEY, CARD SOUND",25.325,-80.2933,NOAA CO-OPS,FL,historic,1975-07-17,1987-10-23,True,False,MLLW,,Mixed Diurnal,,False,True,True,False
8723518,"WEDNESDAY POINT, KEY LARGO",25.31,-80.2983,NOAA CO-OPS,FL,historic,1971-10-28,1972-04-12,True,False,MLLW,,,,False,True,True,False
8723519,"OCEAN REEF HARBOR, KEY LARGO",25.3083,-80.2767,NOAA CO-OPS,FL,historic,1970-11-19,1975-08-25,True,False,MLLW,,,,False,True,True,False
8723534,CARD SOUND BRIDGE,25.2883,-80.37,NOAA CO-OPS,FL,historic,1970-04-28,1975-08-26,True,False,MLLW,,Mixed,,False,True,True,False
8723574,"MANATEE CREEK, BARNES SOUND",25.235,-80.435,NOAA CO-OPS,FL,historic,1970-04-28,1975-08-26,False,False,STND,,,,False,True,True,False
8723582,"BASIN HILLS,KEY LARGO",25.2233,-80.3433,NOAA CO-OPS,FL,historic,1975-08-18,1975-10-01,True,False,MLLW,,,,False,True,True,False
8723583,CARYSFORT REEF LIGHTHOUSE,25.2217,-80.2117,NOAA CO-OPS,FL,historic,1975-06-06,1991-10-19,True,False,MLLW,,Mixed Diurnal,,True,True,True,False
8723613,"JEWFISH CREEK, BARNES SOUND",25.1833,-80.39,NOAA CO-OPS,FL,historic,1970-04-23,2022-02-15,False,False,STND,,Mixed,,True,True,True,False
8723644,Flamingo Visitors Center,25.1417,-80.9233,NOAA CO-OPS,FL,historic,1964-04-14,2021-01-02,True,False,MLLW,,Mixed Diurnal,,True,True,True,False
8723678,"SUNSET COVE, KEY LARGO",25.095,-80.4433,NOAA CO-OPS,FL,historic,1975-05-02,2024-10-23,True,False,MLLW,,Diurnal,,True,True,True,False
8723688,ROCK HARBOR INSIDE,25.0817,-80.445,NOAA CO-OPS,FL,historic,1975-01-15,1975-04-17,True,False,MLLW,,,,False,True,True,False
8723689,"POINT CHARLES, KEY LARGO",25.0817,-80.4467,NOAA CO-OPS,FL,historic,1975-04-29,1975-08-12,True,False,MLLW,,,,False,True,True,False
8723691,"PT. CHARLES, GAGE 'C', KEY LARGO",25.0817,-80.45,NOAA CO-OPS,FL,historic,1975-04-29,1975-08-12,True,False,MLLW,,,,False,True,True,False
8723692,"PT. CHARLES, GAGE 'D',KEY LARGO",25.08,-80.45,NOAA CO-OPS,FL,historic,1975-04-29,1975-08-12,True,False,MLLW,,,,False,True,True,False
8723693,"GAGE A, POINT CHARLES, KEY LARGO",25.0767,-80.455,NOAA CO-OPS,FL,historic,1975-04-30,1975-08-12,True,False,MLLW,,,,False,True,True,False
8723741,"TAVERNIER (INSIDE), FLORIDA BAY",25.015,-80.515,NOAA CO-OPS,FL,historic,1970-11-19,1975-08-28,False,False,STND,,,,False,True,True,False
8723746,CRANE KEY,25.005,-80.6183,NOAA CO-OPS,FL,historic,1975-05-30,1975-07-10,True,False,MLLW,,,,False,True,True,False
8723747,TAVERNIER HAWK CHANNEL,25.005,-80.5167,NOAA CO-OPS,FL,historic,1970-11-20,1975-08-28,True,False,MLLW,,,,False,True,True,False
8723752,"EAST KEY, FLORIDA BAY",24.9967,-80.61,NOAA CO-OPS,FL,historic,1975-05-30,1975-07-10,True,False,MLLW,,,,False,True,True,False
8723769,"PLANTATION KEY, ATLANTIC SIDE",24.9733,-80.55,NOAA CO-OPS,FL,historic,1975-06-17,1975-08-04,True,False,MLLW,,,,False,True,True,False
8723786,"USCG STA., ISLAMORADA, SNAKE CR",24.9533,-80.5867,NOAA CO-OPS,FL,historic,1975-04-22,1975-06-01,True,False,MLLW,,,,False,True,True,False
8723795,WHALE HARBOR MARINA,24.94,-80.6083,NOAA CO-OPS,FL,historic,1975-04-23,1975-06-13,True,False,MLLW,,,,False,True,True,False
8723797,"ISLAMORADA, WHALE HARBOR CHANNEL",24.9383,-80.61,NOAA CO-OPS,FL,historic,1971-08-08,1972-06-08,True,False,MLLW,,,,False,True,True,False
8723807,"SHELL KEY, N.W.SIDE",24.9233,-80.6717,NOAA CO-OPS,FL,historic,1975-05-22,1975-07-11,True,False,MLLW,,,,False,True,True,False
8723808,"UPPER MATECUMBE KEY,FLORIDA BAY",24.925,-80.6317,NOAA CO-OPS,FL,historic,1971-07-20,1973-03-14,True,False,MLLW,,,,False,True,True,False
8723812,SHELL KEY CHANNEL,24.9133,-80.66,NOAA CO-OPS,FL,historic,1975-05-27,1975-07-11,True,False,MLLW,,,,False,True,True,False
8723814,"UPPER MATECUMBE KEY,ATLAN. SIDE",24.915,-80.6317,NOAA CO-OPS,FL,historic,1975-05-30,1975-07-09,True,False,MLLW,,,,False,True,True,False
8723824,LIGNUMVITAE KEY EAST,24.9033,-80.695,NOAA CO-OPS,FL,historic,1975-05-13,1975-07-08,True,False,MLLW,,,,False,True,True,False
8723825,LIGNUMVITAE KEY WEST,24.9,-80.705,NOAA CO-OPS,FL,historic,1975-05-14,1975-07-08,True,False,MLLW,,,,False,True,True,False
8723828,"UPPER MATECUMBE KEY, WEST END",24.8967,-80.6583,NOAA CO-OPS,FL,historic,1975-06-02,1975-07-09,True,False,MLLW,,,,False,True,True,False
8723843,"INDIAN KEY, HAWK CHANNEL",24.8767,-80.6767,NOAA CO-OPS,FL,historic,1975-05-22,1975-07-08,True,False,MLLW,,,,False,True,True,False
8723851,LOWER MATECUMBE KEY HAWK CHANNEL,24.8683,-80.7033,NOAA CO-OPS,FL,historic,1970-12-02,1975-09-05,True,False,MLLW,,,,False,True,True,False
8723852,"LOWER MATECUMBE KEY, FLA. BAY",24.865,-80.7167,NOAA CO-OPS,FL,historic,1970-12-03,1975-08-21,True,False,MLLW,,,,False,True,True,False
8723861,ALLIGATOR REEF LIGHTHOUSE,24.85,-80.6183,NOAA CO-OPS,FL,historic,1970-12-02,1971-12-10,True,False,MLLW,,,,False,True,True,False
8723873,"LONG KEY, FLORIDA BAY",24.838306,-80.79831,NOAA CO-OPS,FL,historic,1975-03-20,2021-01-02,True,False,MLLW,,,,True,True,True,False
8723906,LONG KEY CHANNEL WEST,24.7917,-80.8833,NOAA CO-OPS,FL,historic,1975-01-17,1975-03-14,True,False,MLLW,,,,False,True,True,False
8723912,TOM'S HARBOR CUT,24.7833,-80.9067,NOAA CO-OPS,FL,historic,1975-01-16,1975-03-14,True,False,MLLW,,,,False,True,True,False
8723918,TOM'S HARBOR CHANNEL,24.7767,-80.9233,NOAA CO-OPS,FL,historic,1975-01-16,1975-03-14,True,False,MLLW,,,,False,True,True,False
8723921,"GRASSY KEY NORTH SIDE, FLORIDA BAY",24.7717,-80.94,NOAA CO-OPS,FL,historic,1970-12-04,1982-05-21,True,False,MLLW,,,,False,True,True,False
8723927,DUCK KEY,24.765,-80.9133,NOAA CO-OPS,FL,historic,1970-12-03,1975-08-21,True,False,MLLW,,,,False,True,True,False
8723933,"GRASSY KEY, ATLANTIC SIDE",24.755,-80.9583,NOAA CO-OPS,FL,historic,1975-05-08,1975-07-09,True,False,MLLW,,,,False,True,True,False
8723949,FAT DEER KEY,24.7333,-81.0167,NOAA CO-OPS,FL,historic,1975-04-18,1975-06-02,True,False,MLLW,,,,False,True,True,False
8723950,"MARTHON SHORES KEY, VACA CUT",24.73,-81.03,NOAA CO-OPS,FL,historic,1966-02-16,1977-08-18,True,False,MLLW,,,,False,True,True,False
8723962,Key Colony Beach,24.7183,-81.0167,NOAA CO-OPS,FL,historic,1976-06-16,2005-10-24,True,False,MLLW,,Mixed Diurnal,,True,True,True,False
8723970,"Vaca Key, Florida Bay",24.711,-81.1065,NOAA CO-OPS,FL,active,1970-12-04,,True,False,MLLW,NWLON,Diurnal,VCAF1,True,True,True,True
8723971,BOOT KEY HARBOR,24.7033,-81.105,NOAA CO-OPS,FL,historic,1975-03-20,1975-06-02,True,False,MLLW,,,,False,True,True,False
8723999,SOMBRERO KEY LIGHTHOUSE,24.6267,-81.1117,NOAA CO-OPS,FL,historic,1970-12-12,1971-12-07,True,False,MLLW,,,,False,True,True,False
8724008,KNIGHT KEY CHANNEL,24.7067,-81.125,NOAA CO-OPS,FL,historic,1975-01-22,1975-04-11,True,False,MLLW,,Mixed Diurnal,,False,True,True,False
8724032,PIGEON KEY ATLANTIC SIDE,24.7033,-81.155,NOAA CO-OPS,FL,historic,1975-03-06,1975-05-05,True,False,MLLW,,Mixed Diurnal,,False,True,True,False
8724033,PIGEON KEY (INSIDE),24.705,-81.1567,NOAA CO-OPS,FL,historic,1973-10-18,1974-01-21,True,False,MLLW,,Mixed Diurnal,,False,True,True,False
8724062,MOLASSES KEY,24.6833,-81.1917,NOAA CO-OPS,FL,historic,1974-05-29,1974-07-11,True,False,MLLW,,Mixed Diurnal,,False,True,True,False
8724082,MONEY KEY,24.6833,-81.2167,NOAA CO-OPS,FL,historic,1974-05-29,1974-07-11,True,False,MLLW,,Mixed Diurnal,,False,True,True,False
8724093,LITTLE DUCK KEY,24.6817,-81.2283,NOAA CO-OPS,FL,historic,1974-05-22,1974-07-09,True,False,MLLW,,Mixed Diurnal,,False,True,True,False
8724094,EAST BAHIA HONDA KEY,24.775,-81.2267,NOAA CO-OPS,FL,historic,1974-05-23,1974-07-12,True,False,MLLW,,Mixed Diurnal,,False,True,True,False
8724098,COCOANUT KEY,24.745,-81.2367,NOAA CO-OPS,FL,historic,1974-05-23,1974-07-12,True,False,MLLW,,Mixed Diurnal,,False,True,True,False
8724099,MISSOURI-LITTLE DUCK CHANNEL,24.68,-81.235,NOAA CO-OPS,FL,historic,1975-01-22,1975-03-10,True,False,MLLW,,Mixed Diurnal,,False,True,True,False
8724107,MISSOURI-OHIO CHANNEL,24.6733,-81.2433,NOAA CO-OPS,FL,historic,1975-02-28,1975-04-04,True,False,MLLW,,Mixed Diurnal,,False,True,True,False
8724112,OHIO-BAHIA HONDA CHANNEL,24.67,-81.2517,NOAA CO-OPS,FL,historic,1975-01-21,1975-03-10,True,False,MLLW,,Mixed Diurnal,,False,True,True,False
8724129,WEST BAHIA HONDA KEY,24.78,-81.2717,NOAA CO-OPS,FL,historic,1974-05-24,1974-07-15,True,False,MLLW,,Mixed Diurnal,,False,True,True,False
8724138,BAHIA HONDA KEY,24.655,-81.2817,NOAA CO-OPS,FL,historic,1970-12-08,1975-05-05,True,False,MLLW,,Mixed Diurnal,,False,True,True,False
8724139,HORESHOE KEYS,24.7667,-81.2833,NOAA CO-OPS,FL,historic,1974-05-24,1974-07-15,True,False,MLLW,,Mixed Diurnal,,False,True,True,False
8724153,JOHNSON KEYS SOUTH,24.7433,-81.3,NOAA CO-OPS,FL,historic,1974-07-24,1974-09-11,True,False,MLLW,,Mixed Diurnal,,False,True,True,False
8724154,LITTLE PINE KEY SOUTH,24.7133,-81.3033,NOAA CO-OPS,FL,historic,1974-07-24,1974-09-11,True,False,MLLW,,Mixed Diurnal,,False,True,True,False
8724168,NO NAME KEY,24.6983,-81.3183,NOAA CO-OPS,FL,historic,1973-10-16,1974-03-04,True,False,MLLW,,Mixed Diurnal,,False,True,True,False
8724172,JOHNSON KEYS NORTH,24.7667,-81.3233,NOAA CO-OPS,FL,historic,1974-07-24,1974-09-12,True,False,MLLW,,Mixed Diurnal,,False,True,True,False
8724177,LITTLE PINE KEY NORTH,24.75,-81.3283,NOAA CO-OPS,FL,historic,1974-07-25,1974-09-12,True,False,MLLW,,Mixed Diurnal,,False,True,True,False
8724178,"SPANISH HARBOR VIADUCT, BIG PINE KEY",24.6483,-81.33,NOAA CO-OPS,FL,historic,1974-05-22,1974-07-09,True,False,MLLW,,Mixed Diurnal,,False,True,True,False
8724189,"WATER KEY, BIG SPANISH CHANNEL",24.74,-81.3417,NOAA CO-OPS,FL,historic,1974-07-25,1974-09-11,True,False,MLLW,,Mixed Diurnal,,False,True,True,False
8724192,"BIG PINE KEY, COUPON BIGHT INSIDE",24.6517,-81.35,NOAA CO-OPS,FL,historic,1974-09-06,1974-10-30,True,False,MLLW,,Mixed Diurnal,,False,True,True,False
8724193,"BOGIE CHANNEL LANDING, BIG PINE KEY",24.6967,-81.3483,NOAA CO-OPS,FL,historic,1974-09-24,1974-11-21,True,False,MLLW,,Mixed Diurnal,,False,True,True,False
8724196,PORPOISE KEY,24.7183,-81.3517,NOAA CO-OPS,FL,historic,1974-07-17,1974-09-11,True,False,MLLW,,Mixed Diurnal,,False,True,True,False
8724199,"CRAWL KEY, BIG SPANISH CHANNEL",24.7567,-81.3583,NOAA CO-OPS,FL,historic,1974-07-18,1974-09-10,True,False,MLLW,,Mixed Diurnal,,False,True,True,False
8724201,DOCTORS ARM,24.69,-81.3567,NOAA CO-OPS,FL,historic,1974-09-25,1974-11-19,True,False,MLLW,,Mixed Diurnal,,False,True,True,False
8724205,MAYO KEY,24.7333,-81.3617,NOAA CO-OPS,FL,historic,1974-07-17,1974-09-10,True,False,MLLW,,Mixed Diurnal,,False,True,True,False
8724209,LITTLE SPANISH KEY ISLAND,24.7733,-81.3683,NOAA CO-OPS,FL,historic,1974-07-18,1974-09-10,True,False,MLLW,,Mixed Diurnal,,False,True,True,False
8724211,BIG PINE KEY VIADUCT,24.67,-81.3683,NOAA CO-OPS,FL,historic,1970-12-08,1975-03-27,True,False,MLLW,,Mixed Diurnal,,False,True,True,False
8724215,NEWFOUND HARBOR,24.6517,-81.375,NOAA CO-OPS,FL,historic,1974-11-20,1975-02-07,True,False,MLLW,,Mixed Diurnal,,False,True,True,False
8724224,LITTLE TORCH KEY,24.665,-81.3867,NOAA CO-OPS,FL,historic,1974-11-20,1975-01-07,True,False,MLLW,,Mixed Diurnal,,False,True,True,False
8724226,Big Pine Key NE,24.7283,-81.3867,NOAA CO-OPS,FL,historic,1974-09-24,1974-11-19,True,False,MLLW,,Mixed Diurnal,,False,True,True,False
8724227,"BIG PINE KEY, WEST SIDE",24.69,-81.3833,NOAA CO-OPS,FL,historic,1973-10-16,1974-03-04,True,False,MLLW,,Mixed Diurnal,,False,True,True,False
8724229,ANNETTE KEY,24.7583,-81.39,NOAA CO-OPS,FL,historic,1974-07-25,1974-09-10,True,False,MLLW,,Mixed Diurnal,,False,True,True,False
8724231,BIG PINE KEY NORTH END,24.745,-81.395,NOAA CO-OPS,FL,historic,1970-12-17,1975-03-28,True,False,MLLW,,Mixed Diurnal,,False,True,True,False
8724238,MUNSON KEY,24.6233,-81.4033,NOAA CO-OPS,FL,historic,1973-10-25,1974-01-16,True,False,MLLW,,,,False,True,True,False
8724239,RAMROD KEY SOUTHEAST,24.65,-81.4033,NOAA CO-OPS,FL,historic,1975-03-11,1975-05-01,True,False,MLLW,,,,False,True,True,False
8724243,HOWE KEY (OFF SOUTH END),24.725,-81.4067,NOAA CO-OPS,FL,historic,1973-10-23,1974-03-12,True,False,MLLW,,,,False,True,True,False
8724246,BIG SPANISH KEY,24.7883,-81.4117,NOAA CO-OPS,FL,historic,1973-10-11,1974-03-15,True,False,MLLW,,,,False,True,True,False
8724255,RAMROD KEY,24.66,-81.4233,NOAA CO-OPS,FL,historic,1973-12-05,1974-03-11,True,False,MLLW,,,,False,True,True,False
8724264,"BIG TORCH KEY, WEST SIDE",24.705,-81.4333,NOAA CO-OPS,FL,historic,1973-11-15,1974-03-07,True,False,MLLW,,,,False,True,True,False
8724266,SUMMERLAND KEY EAST,24.6517,-81.435,NOAA CO-OPS,FL,historic,1974-08-23,1974-10-04,True,False,MLLW,,,,False,True,True,False
8724273,WATER KEYS SOUTH END,24.7467,-81.45,NOAA CO-OPS,FL,historic,1973-10-23,1974-03-12,True,False,MLLW,,,,False,True,True,False
8724276,"SUMMERLAND KEY, WEST SIDE",24.65,-81.4467,NOAA CO-OPS,FL,historic,1975-03-12,1975-05-01,True,False,MLLW,,,,False,True,True,False
8724292,KEMP CHANNEL VIADUCT,24.6617,-81.4683,NOAA CO-OPS,FL,historic,1973-12-05,1974-03-11,True,False,MLLW,,Mixed Diurnal,,False,True,True,False
8724302,KNOCKEMDOWN KEY,24.715,-81.4783,NOAA CO-OPS,FL,historic,1974-08-23,1974-10-01,True,False,MLLW,,,,False,True,True,False
8724305,CUDJOE KEY EAST SIDE,24.6867,-81.4833,NOAA CO-OPS,FL,historic,1973-11-15,1974-03-18,True,False,MLLW,,Mixed Diurnal,,False,True,True,False
8724306,GOPHER KEY,24.6417,-81.485,NOAA CO-OPS,FL,historic,1974-09-27,1974-12-04,True,False,MLLW,,,,False,True,True,False
8724307,CONTENT KEY,24.79,-81.4833,NOAA CO-OPS,FL,historic,1970-12-18,1975-03-28,True,False,MLLW,,,,False,True,True,False
8724311,RACOON KEY,24.7417,-81.4833,NOAA CO-OPS,FL,historic,1974-08-22,1974-10-01,True,False,MLLW,,,,False,True,True,False
8724313,CUDJOE BAY,24.66,-81.4917,NOAA CO-OPS,FL,historic,1974-09-26,1974-11-21,True,False,MLLW,,,,False,True,True,False
8724327,TARPON CREEK (OUTSIDE),24.6283,-81.51,NOAA CO-OPS,FL,historic,1974-04-25,1974-06-14,True,False,MLLW,,,,False,True,True,False
8724328,CUDJOE KEY NO. POINT,24.7,-81.505,NOAA CO-OPS,FL,historic,1970-12-09,1975-03-27,True,False,MLLW,,,,False,True,True,False
8724332,CUDJOE KEY PIRATES COVE,24.6617,-81.515,NOAA CO-OPS,FL,historic,1970-12-08,1975-05-01,True,False,MLLW,,,,False,True,True,False
8724334,"TARPON CREEK, SUGARLOAF KEY",24.63,-81.5167,NOAA CO-OPS,FL,historic,1974-03-05,1974-05-21,True,False,MLLW,,,,False,True,True,False
8724347,SUGARLOAF KEY EAST SIDE,24.6717,-81.5333,NOAA CO-OPS,FL,historic,1974-04-25,1974-06-14,True,False,MLLW,,,,False,True,True,False
8724353,"PERKY LAKE, SUGERLOAF KEY",24.655,-81.54,NOAA CO-OPS,FL,historic,1973-12-05,1974-03-11,True,False,MLLW,,,,False,True,True,False
8724363,SUGARLOAF SHORES WEST,24.6333,-81.5517,NOAA CO-OPS,FL,historic,1974-04-29,1974-06-18,False,False,STND,,,,False,True,True,False
8724367,NORTH HARRIS CHANNEL,24.6533,-81.5533,NOAA CO-OPS,FL,historic,1975-01-14,1975-04-03,True,False,MLLW,,,,False,True,True,False
8724368,SUGARLOAF KEY (NORTH END),24.6933,-81.555,NOAA CO-OPS,FL,historic,1973-11-19,1974-03-22,True,False,MLLW,,,,False,True,True,False
8724369,SAWYER KEY (INSIDE),24.7583,-81.5617,NOAA CO-OPS,FL,historic,1973-11-20,1974-03-13,True,False,MLLW,,,,False,True,True,False
8724373,"PUMPKIN KEY, SUGARLOAF CHANNEL",24.7167,-81.5617,NOAA CO-OPS,FL,historic,1973-11-16,1974-03-22,True,False,MLLW,,,,False,True,True,False
8724375,SUGARLOAF BEACH (INSIDE),24.6067,-81.5667,NOAA CO-OPS,FL,historic,1974-04-26,1974-06-18,False,False,STND,,,,False,True,True,False
8724377,SUGARLOAF SHORES NORTH,24.64,-81.57,NOAA CO-OPS,FL,historic,1974-04-29,1974-06-18,False,False,STND,,,,False,True,True,False
8724378,"PERKY, SUGARLOAF SOUND",24.6483,-81.57,NOAA CO-OPS,FL,historic,1974-03-05,1974-06-10,True,False,MLLW,,,,False,True,True,False
8724397,JOHNSTON KEY,24.71,-81.5933,NOAA CO-OPS,FL,historic,1973-11-16,1974-03-22,True,False,MLLW,,,,False,True,True,False
8724405,SADDLEBUNCH CHANNEL NO. 3,24.6233,-81.6033,NOAA CO-OPS,FL,historic,1975-01-14,1975-03-07,True,False,MLLW,,,,False,True,True,False
8724409,INNER NARROWS,24.6583,-81.6083,NOAA CO-OPS,FL,historic,1974-08-29,1974-11-26,True,False,MLLW,,,,False,True,True,False
8724417,SADDLEBUNCH CHANNEL NO. 4,24.615,-81.6167,NOAA CO-OPS,FL,historic,1974-04-26,1974-06-17,True,False,MLLW,,,,False,True,True,False
8724422,SIMILAR SOUND,24.6,-81.6217,NOAA CO-OPS,FL,historic,1974-03-07,1974-06-17,True,False,MLLW,,,,False,True,True,False
8724423,SADDLEBUNCH CHANNEL NO. 5,24.6117,-81.6233,NOAA CO-OPS,FL,historic,1975-01-15,1975-03-07,True,False,MLLW,,,,False,True,True,False
8724427,MIDDLE NARROWS,24.6667,-81.63,NOAA CO-OPS,FL,historic,1974-12-09,1975-02-04,True,False,MLLW,,,,False,True,True,False
8724436,BIRD KEY,24.5883,-81.6383,NOAA CO-OPS,FL,historic,1974-03-08,1974-06-17,True,False,MLLW,,,,False,True,True,False
8724438,SHARK KEY,24.6033,-81.645,NOAA CO-OPS,FL,historic,1973-11-14,1975-10-24,True,False,MLLW,,,,False,True,True,False
8724441,"O'HARA KEY, NORTH POINT",24.6167,-81.645,NOAA CO-OPS,FL,historic,1974-12-10,1975-02-04,True,False,MLLW,,,,False,True,True,False
8724448,WALTZ KEY,24.6467,-81.6533,NOAA CO-OPS,FL,historic,1974-12-09,1975-02-04,True,False,MLLW,,,,False,True,True,False
8724463,"SNIPE POINT, SNIPE KEYS",24.6917,-81.6733,NOAA CO-OPS,FL,historic,1973-12-03,1974-03-13,True,False,MLLW,,,,False,True,True,False
8724474,DUCK KEY POINT,24.6233,-81.685,NOAA CO-OPS,FL,historic,1974-08-28,1974-11-26,True,False,MLLW,,,,False,True,True,False
8724485,"BOCA CHICA,LONG POINT",24.6033,-81.6983,NOAA CO-OPS,FL,historic,1970-12-14,1975-03-26,True,False,MLLW,,,,False,True,True,False
8724487,MUD KEYS,24.675,-81.7017,NOAA CO-OPS,FL,historic,1970-12-15,1974-05-15,True,False,MLLW,,,,False,True,True,False
8724489,BIG COPPITT KEY,24.6017,-81.655,NOAA CO-OPS,FL,historic,1974-03-08,1974-06-10,True,False,MLLW,,,,False,True,True,False
8724493,BOCA CHICA MARINA,24.575,-81.7083,NOAA CO-OPS,FL,historic,2000-02-02,2000-06-22,True,False,MLLW,,Mixed,,True,True,True,False
8724499,"BOCA CHICA, SOUTHWEST END",24.5633,-81.7133,NOAA CO-OPS,FL,historic,1970-12-09,1972-06-15,True,False,MLLW,,Mixed,,False,True,True,False
8724503,STOCK ISLAND,24.5767,-81.7217,NOAA CO-OPS,FL,historic,1973-12-07,1974-04-05,True,False,MLLW,,,,False,True,True,False
8724507,CHANNEL KEY,24.6033,-81.725,NOAA CO-OPS,FL,historic,1973-12-06,1974-05-15,True,False,MLLW,,Mixed,,False,True,True,False
8724517,KEY HAVEN WEST,24.58,-81.7383,NOAA CO-OPS,FL,historic,1974-12-10,1975-02-04,True,False,MLLW,,,,False,True,True,False
8724527,COW KEY CHANNEL,24.57,-81.75,NOAA CO-OPS,FL,historic,1975-01-15,1975-03-26,True,False,MLLW,,,,False,True,True,False
8724529,"RIVERIA CANAL, KEY WEST",24.565,-81.7517,NOAA CO-OPS,FL,historic,1974-10-16,1975-01-07,True,False,MLLW,,Mixed,,False,True,True,False
8724542,"SIGSBEE PARK, GARRISON BIGHT CHANNEL",24.585,-81.775,NOAA CO-OPS,FL,historic,1974-08-27,1974-10-04,True,False,MLLW,,,,False,True,True,False
8724557,"KEY WEST, WHITE STREET PIER",24.545,-81.7833,NOAA CO-OPS,FL,historic,1974-08-23,1974-10-03,True,False,MLLW,,,,False,True,True,False
8724571,Fleming Key,24.5917,-81.795,NOAA CO-OPS,FL,historic,2001-02-21,2001-06-13,True,False,MLLW,,Mixed,,True,True,True,False
8724580,Key West,24.5557,-81.8079,NOAA CO-OPS,FL,active,1913-01-18,,True,False,MLLW,NWLON,Mixed,KYWF1,True,True,True,True
8724635,SAND KEY LIGHTHOUSE,24.4533,-81.8783,NOAA CO-OPS,FL,historic,1970-12-11,2000-06-22,True,False,MLLW,,Mixed,,True,True,True,False
8724639,West Jetty Navaid,24.625,-81.895,NOAA CO-OPS,FL,historic,2000-02-10,2001-06-13,True,False,MLLW,,Mixed,,True,True,True,False
8724646,WESTERN DRY ROCKS,24.445,-81.9267,NOAA CO-OPS,FL,historic,1988-08-10,1988-11-06,True,False,MLLW,,Mixed Diurnal,,False,True,True,False
8724671,Smith Shoal Light,24.718277,-81.921524,NOAA CO-OPS,FL,historic,2010-05-20,2011-11-22,True,False,MLLW,Hydro,Mixed,,True,True,True,False
8724697,"GARDEN KEY, DRY TORTUGAS",24.6267,-82.8717,NOAA CO-OPS,FL,historic,1974-02-14,1974-05-01,True,False,MLLW,,,,False,True,True,False
8724698,Loggerhead Key,24.6317,-82.92,NOAA CO-OPS,FL,historic,1960-05-01,2005-02-14,True,False,MLLW,Hydro,Mixed,,True,True,True,False
8724919,Chokoloskee,25.8133,-81.3633,NOAA CO-OPS,FL,historic,1973-02-27,,True,False,MLLW,FLDEP,,,True,True,True,False
8724932,Indian Key,25.8,-81.4667,NOAA CO-OPS,,historic,1978-01-05,1978-08-03,True,False,MLLW,,,,False,True,True,False
8724947,CAPE ROMANO ISLAND,25.8533,-81.675,NOAA CO-OPS,FL,historic,1978-03-28,1980-12-11,True,False,MLLW,,,,False,True,True,False
8724948,EVERGLADES CITY,25.8583,-81.3867,NOAA CO-OPS,,historic,1977-12-14,1979-09-20,True,False,MLLW,,,,False,True,True,False
8724951,PANTHER KEY,25.8583,-81.5383,NOAA CO-OPS,FL,historic,1977-11-29,1978-06-01,True,False,MLLW,,,,False,True,True,False
8724962,FAKAHATCHEE RIVER ENTRANCE,25.89,-81.4767,NOAA CO-OPS,FL,historic,1977-12-21,1978-06-27,True,False,MLLW,,,,False,True,True,False
8724963,"DISMAL KEY, PUMPKIN BAY",25.895,-81.5583,NOAA CO-OPS,FL,historic,1977-12-09,1978-06-01,True,False,MLLW,,,,False,True,True,False
8724964,"COON KEY PASS, GULLIVAN BAY",25.8967,-81.6367,NOAA CO-OPS,FL,historic,1977-12-13,1980-12-12,True,False,MLLW,,,,False,True,True,False
8724967,"MARCO ISLAND, CAXAMBAS PASS",25.9083,-81.7283,NOAA CO-OPS,FL,historic,1976-01-15,1981-02-26,True,False,MLLW,,Mixed,,False,True,True,False
8724970,FAKA UNION BAY,25.9033,-81.5133,NOAA CO-OPS,FL,historic,1977-11-27,1978-06-01,True,False,MLLW,,,,False,True,True,False
8724971,"DAVID KEY, BARFIELD BAY",25.9167,-81.6867,NOAA CO-OPS,FL,historic,1978-03-23,1978-09-05,True,False,MLLW,,,,False,True,True,False
8724975,BLACKWATER RIVER ENTRANCE,25.9317,-81.5967,NOAA CO-OPS,FL,historic,1977-12-02,1978-06-01,True,False,MLLW,,,,False,True,True,False
8724979,"BIG MARCO RIVER, U.S. 92",25.9333,-81.655,NOAA CO-OPS,FL,historic,1977-11-30,1978-08-30,True,False,MLLW,,,,False,True,True,False
8724991,"MARCO, BIG MARCO RIVER",25.9717,-81.7283,NOAA CO-OPS,FL,historic,1930-04-16,1989-09-13,True,False,MLLW,,Mixed Diurnal,,False,True,True,False
8724992,ADDISON BAY,25.9633,-81.665,NOAA CO-OPS,FL,historic,1978-04-27,1978-11-16,True,False,MLLW,,,,False,True,True,False
8724996,MCILVAINE BAY,25.985,-81.7017,NOAA CO-OPS,FL,historic,1978-04-18,1979-02-08,True,False,MLLW,,Mixed,,False,True,True,False
8725019,"KEEWAYDIN ISLAND, INSIDE",26.025,-81.7683,NOAA CO-OPS,FL,historic,1978-04-20,1981-03-19,True,False,MLLW,,Mixed,,False,True,True,False
8725024,HENDERSON CREEK,26.0267,-81.73,NOAA CO-OPS,FL,historic,1978-04-18,1980-12-01,True,False,MLLW,,Mixed Diurnal,,False,True,True,False
8725079,"DOLLAR BAY, NORTH",26.0833,-81.785,NOAA CO-OPS,FL,historic,1978-04-20,1978-09-28,True,False,MLLW,,Mixed,,False,True,True,False
8725110,Naples,26.131666,-81.8075,NOAA CO-OPS,FL,historic,1965-03-04,2024-01-12,True,False,MLLW,NWLON,Mixed,NPSF1,True,True,True,False
8725114,"Naples Bay, North",26.1367,-81.7883,NOAA CO-OPS,FL,active,1978-03-13,,True,False,MLLW,NWLON,Mixed,NBNF1,True,True,True,False
8725171,OUTER CLAM BAY,26.2117,-81.8133,NOAA CO-OPS,FL,historic,1978-03-22,1978-09-28,True,False,MLLW,,Mixed,,False,True,True,False
8725222,WATER TURKEY BAY,26.2767,-81.825,NOAA CO-OPS,FL,historic,1978-03-23,1978-10-20,True,False,MLLW,,Mixed Diurnal,,False,True,True,False
8725228,"COCOHATCHEE RIVER, U.S. 41",26.2817,-81.8017,NOAA CO-OPS,FL,historic,1978-03-10,1979-04-03,True,False,MLLW,,Mixed Diurnal,,False,True,True,False
8725235,"WIGGINS PASS, INSIDE",26.29,-81.8183,NOAA CO-OPS,FL,historic,1977-06-15,1979-04-04,True,False,MLLW,,Mixed Diurnal,,False,True,True,False
8725259,LITTLE HICKORY BAY,26.33,-81.8383,NOAA CO-OPS,FL,historic,1978-02-08,1978-09-06,True,False,MLLW,,,,False,True,True,False
8725269,IMPERIAL RIVER ENTRANCE,26.3367,-81.83,NOAA CO-OPS,FL,historic,1978-03-28,1978-09-18,True,False,MLLW,,,,False,True,True,False
8725271,"IMPERIAL RIVER, HEADWATERS",26.3433,-81.78,NOAA CO-OPS,FL,historic,1978-02-09,1978-08-28,True,False,MLLW,,,,False,True,True,False
8725272,FISH TRAP BAY,26.3367,-81.845,NOAA CO-OPS,FL,historic,1978-03-28,1978-08-29,True,False,MLLW,,,,False,True,True,False
8725283,"LITTLE HICKORY IS., ESTERO B.",26.3533,-81.855,NOAA CO-OPS,FL,historic,1965-03-10,2022-10-26,True,False,MLLW,,Mixed,,True,True,True,False
8725319,"COCONUT POINT, ESTERO BAY",26.4,-81.8433,NOAA CO-OPS,FL,historic,1965-02-27,1973-07-09,True,False,MLLW,,Mixed,,False,True,True,False
8725325,"CARLOS POINT, ESTERO BAY",26.405,-81.885,NOAA CO-OPS,FL,historic,1973-05-15,2020-08-07,True,False,MLLW,,Mixed,,True,True,True,False
8725331,"OSTEGO BAY, ESTERO BAY",26.4133,-81.8983,NOAA CO-OPS,FL,historic,1973-05-16,1973-07-09,True,False,MLLW,,,,False,True,True,False
8725346,"ESTERO RIVER, ESTERO BAY",26.43,-81.8567,NOAA CO-OPS,FL,historic,1973-05-30,1989-10-31,True,False,MLLW,,Mixed Diurnal,,False,True,True,False
8725351,"ESTERO ISLAND, ESTERO BAY",26.4383,-81.9183,NOAA CO-OPS,FL,historic,1973-05-30,1973-07-11,True,False,MLLW,,Mixed,,False,True,True,False
8725362,TARPON BAY,26.4433,-82.0817,NOAA CO-OPS,FL,historic,1977-10-04,1978-04-04,True,False,MLLW,,Mixed,,False,True,True,False
8725368,"HURRICANE BAY, SAN CARLOS ISLAND",26.46,-81.94,NOAA CO-OPS,FL,historic,1973-05-29,1973-07-11,True,False,MLLW,,,,False,True,True,False
8725377,"HENDRY CREEK, ESTERO BAY",26.47,-81.8767,NOAA CO-OPS,FL,historic,1970-06-17,1973-07-10,True,False,MLLW,,Mixed,,False,True,True,False
8725383,CAPTIVA ISLAND (SO. END),26.4783,-82.1833,NOAA CO-OPS,FL,historic,1965-03-10,2024-02-16,True,False,MLLW,,Mixed,,True,True,True,False
8725391,"PUNTA RASSA, SAN CARLOS BAY",26.4883,-82.0133,NOAA CO-OPS,FL,historic,1977-06-17,2022-02-07,True,False,MLLW,,Mixed,,True,True,True,False
8725393,"ST. JAMES CITY,PINE ISLAND",26.4917,-82.0817,NOAA CO-OPS,FL,historic,1965-10-19,2022-09-29,True,False,MLLW,,Mixed,,True,True,True,False
8725411,"GALT ISLAND,PINE ISLAND SD.",26.5133,-82.1067,NOAA CO-OPS,FL,historic,1960-10-28,1961-01-06,True,False,MLLW,,,,False,True,True,False
8725418,"IONA SHORES, CALOOSAHATCHEE R.",26.5217,-81.965,NOAA CO-OPS,FL,historic,1965-02-17,1965-09-30,True,False,MLLW,,,,False,True,True,False
8725439,"TROPICAL HOMESITES,MATLACHA PASS",26.5483,-82.08,NOAA CO-OPS,FL,historic,1965-02-18,2024-08-30,True,False,MLLW,,,,True,True,True,False
8725441,"REDFISH PASS,CAPTIVA IS.(NO. END)",26.55,-82.1967,NOAA CO-OPS,FL,historic,1965-10-26,2024-02-13,True,False,MLLW,,Mixed,,True,True,True,False
8725451,"CAPE CORAL BR.,CALOOSAHATCHEE R.",26.5633,-81.9333,NOAA CO-OPS,FL,historic,1965-02-26,2021-03-12,True,False,MLLW,,Mixed,,True,True,True,False
8725488,NORTH CAPTIVA ISLAND,26.605,-82.2183,NOAA CO-OPS,FL,historic,1977-12-30,1989-09-09,True,False,MLLW,,Mixed Diurnal,,False,True,True,False
8725506,MATLACHA PASS (SWING BR.),26.6317,-82.0683,NOAA CO-OPS,FL,historic,1965-02-18,2022-02-09,True,False,MLLW,,Mixed,,True,True,True,False
8725520,Fort Myers,26.647778,-81.87111,NOAA CO-OPS,FL,active,1965-03-08,,True,False,MLLW,NWLON,Mixed,FMRF1,True,True,True,True
8725528,"Pine Island, Charlotte Harbor",26.66,-82.155,NOAA CO-OPS,FL,historic,1977-06-22,,True,False,MLLW,FLDEP,,,True,True,True,False
8725541,"BOKEELIA, CHARLOTTE HARBOR",26.7067,-82.1633,NOAA CO-OPS,FL,historic,1972-02-18,2024-08-30,True,False,MLLW,,Mixed Diurnal,,True,True,True,False
8725577,"PORT BOCA GRANDE, CHARLOTTE HBR.",26.72,-82.2583,NOAA CO-OPS,FL,historic,1977-09-13,1982-01-26,True,False,MLLW,,Mixed Diurnal,,False,True,True,False
8725586,Snook Haven,27.10064,-82.33314,NOAA CO-OPS,FL,historic,2022-08-19,2024-11-06,True,False,MLLW,FLDEP,Mixed,,True,True,True,False
8725649,TURTLE BAY,26.7967,-82.1833,NOAA CO-OPS,FL,historic,1977-08-30,1978-02-01,True,False,MLLW,,Mixed Diurnal,,False,True,True,False
8725665,LITTLE GASPARILLA ISLAND,26.8267,-82.285,NOAA CO-OPS,FL,historic,1977-08-30,1978-04-04,True,False,MLLW,,,,False,True,True,False
8725667,"PLACIDA, GASPARILLA SOUND",26.8333,-82.265,NOAA CO-OPS,FL,historic,1977-07-27,1978-01-12,True,False,MLLW,,,,False,True,True,False
8725685,CUTOFF SOUTH,26.855,-82.3033,NOAA CO-OPS,FL,historic,1977-08-10,1978-06-20,True,False,MLLW,,Mixed Diurnal,,False,True,True,False
8725691,SOUTH LEMON BAY,26.8717,-82.3133,NOAA CO-OPS,FL,historic,1977-08-09,1978-01-10,True,False,MLLW,,,,False,True,True,False
8725744,Punta Gorda,26.9283,-82.065,NOAA CO-OPS,FL,historic,1977-06-20,1981-12-22,True,False,MLLW,,Mixed Diurnal,,False,True,True,False
8725745,"LOCUST POINT, HOG ISLAND",26.93,-82.1367,NOAA CO-OPS,FL,historic,1977-09-12,1981-12-01,True,False,MLLW,,Mixed Diurnal,,False,True,True,False
8725747,"ENGLEWOOD, LEMON BAY",26.9333,-82.3533,NOAA CO-OPS,FL,historic,1973-03-31,1978-07-11,True,False,MLLW,,,,False,True,True,False
8725769,"EL JOBEAN, MYAKKA RIVER",26.9617,-82.21,NOAA CO-OPS,FL,historic,1977-07-21,1981-11-16,True,False,MLLW,,,,False,True,True,False
8725781,"SHELL CREEK, PEACE RIVER",26.98,-81.96,NOAA CO-OPS,FL,historic,1977-11-17,1978-08-31,True,False,MLLW,,,,False,True,True,False
8725782,"SHELL CREEK, SEABOARD RR",26.9783,-81.975,NOAA CO-OPS,FL,historic,1977-11-16,1981-12-21,True,False,MLLW,,Mixed Diurnal,,False,True,True,False
8725791,"HARBOUR HEIGHTS, PEACE RIVER",26.9883,-81.9933,NOAA CO-OPS,FL,historic,1977-11-10,1978-06-12,True,False,MLLW,,Mixed Diurnal,,False,True,True,False
8725809,MANASOTA,27.0117,-82.41,NOAA CO-OPS,FL,historic,1977-06-28,1978-02-22,True,False,MLLW,,Mixed Diurnal,,False,True,True,False
8725835,"LIVERRPOOL, PEACE RIVER",27.0433,-81.9867,NOAA CO-OPS,FL,historic,1977-11-15,1978-06-20,True,False,MLLW,,,,False,True,True,False
8725837,"MYAKKA RIVER, US 41",27.045,-82.2933,NOAA CO-OPS,FL,historic,1977-07-20,1978-01-09,True,False,MLLW,,Mixed Diurnal,,False,True,True,False
8725858,VENICE,27.0717,-82.4533,NOAA CO-OPS,FL,historic,1977-05-10,1990-11-01,True,False,MLLW,,Mixed Diurnal,VENF1,True,True,True,False
8725889,"VENICE, ROBERTS BAY",27.1117,-82.4633,NOAA CO-OPS,FL,historic,1977-05-19,1977-12-12,True,False,MLLW,,Mixed,,False,True,True,False
8725899,"NOKOMIS, VENICE INLET",27.123306,-82.47,NOAA CO-OPS,FL,historic,1955-01-01,2024-06-18,True,False,MLLW,,Mixed,,True,True,True,False
8725902,SHAKETT CREEK,27.1267,-82.4467,NOAA CO-OPS,FL,historic,1977-05-19,1978-01-09,True,False,MLLW,,,,False,True,True,False
8725916,CASEY KEY,27.1533,-82.4833,NOAA CO-OPS,FL,historic,1977-05-23,1978-01-09,True,False,MLLW,,,,False,True,True,False
8725943,BLACKBURN POINT,27.1783,-82.495,NOAA CO-OPS,FL,historic,1973-04-25,1978-01-27,True,False,MLLW,,,,False,True,True,False
8725985,SIESTA KEY,27.2217,-82.515,NOAA CO-OPS,FL,historic,1977-04-26,1978-01-09,True,False,MLLW,,,,False,True,True,False
8726034,"Siesta Key, Big Sarasota Pass",27.2839,-82.565,NOAA CO-OPS,FL,historic,2019-09-16,2020-08-04,True,False,MLLW,,Mixed,,True,True,True,False
8726045,HAYDEN ROBERTS BAY,27.2917,-82.5417,NOAA CO-OPS,FL,historic,1977-04-26,1977-11-07,True,False,MLLW,,Mixed Diurnal,,False,True,True,False
8726083,SARASOTA,27.3317,-82.545,NOAA CO-OPS,FL,historic,1977-04-25,1977-11-03,True,False,MLLW,,Mixed Diurnal,,False,True,True,False
8726089,LONGBOAT KEY,27.34,-82.59,NOAA CO-OPS,FL,historic,1973-04-24,1977-12-07,True,False,MLLW,,Mixed Diurnal,,False,True,True,False
8726159,"WHITFIELD ESTATES, SARASOTA BAY",27.4083,-82.58,NOAA CO-OPS,FL,historic,1977-04-25,1977-11-09,True,False,MLLW,,Mixed Diurnal,,False,True,True,False
8726217,CORTEZ,27.4667,-82.6867,NOAA CO-OPS,FL,historic,1977-04-25,1990-11-01,True,False,MLLW,,Mixed Diurnal,CTZF1,True,True,True,False
8726232,PERICO ISLAND,27.4867,-82.6867,NOAA CO-OPS,FL,historic,1977-03-31,1977-10-27,True,False,MLLW,,Mixed Diurnal,,False,True,True,False
8726233,"PALMA SOLA BAY, SOUTH",27.485,-82.645,NOAA CO-OPS,FL,historic,1977-04-04,1977-11-04,True,False,MLLW,,Mixed Diurnal,,False,True,True,False
8726243,ANNA MARIA  OUTSIDE,27.4967,-82.7133,NOAA CO-OPS,FL,historic,1975-10-02,1990-11-01,True,False,MLLW,,Mixed Diurnal,AMOF1,True,True,True,False
8726247,"Bradenton, Manatee River",27.5,-82.5733,NOAA CO-OPS,FL,historic,1975-10-06,,True,False,MLLW,FLDEP,,,True,True,True,False
8726249,PALMA SOLA BAY NORTH,27.5033,-82.6483,NOAA CO-OPS,FL,historic,1977-03-30,1977-11-04,True,False,MLLW,,,,False,True,True,False
8726254,PERICO BAYOU,27.4983,-82.6683,NOAA CO-OPS,FL,historic,1977-03-31,1977-10-07,True,False,MLLW,,,,False,True,True,False
8726265,"Ellenton, Manatee River",27.5149,-82.5338,NOAA CO-OPS,FL,historic,2019-09-16,2020-07-15,True,False,MLLW,,Mixed,,True,True,True,False
8726273,DESOTO POINT,27.5233,-82.65,NOAA CO-OPS,FL,historic,1977-03-30,1990-11-01,True,False,MLLW,,Mixed Diurnal,,True,True,True,False
8726277,FORT HAMER,27.525,-82.43,NOAA CO-OPS,FL,historic,1977-03-24,1979-04-16,True,False,MLLW,,,,False,True,True,False
8726278,"REDFISH POINT, MANATEE RIVER",27.5267,-82.4817,NOAA CO-OPS,FL,historic,1977-03-24,1977-10-20,True,False,MLLW,,,,False,True,True,False
8726282,"ANNA MARIA, CITY PIER",27.5333,-82.73,NOAA CO-OPS,FL,historic,1976-03-24,1976-10-04,True,False,MLLW,,,,False,True,True,False
8726347,"EGMONT KEY, TAMPA BAY",27.6017,-82.76,NOAA CO-OPS,FL,historic,1976-07-20,1991-06-05,True,False,MLLW,,Mixed Diurnal,EGMF1,True,True,True,False
8726353,BISHOP HARBOR,27.6017,-82.5533,NOAA CO-OPS,FL,historic,1977-03-23,1977-11-09,True,False,MLLW,,,,False,True,True,False
8726364,"MULLET KEY, TAMPA BAY",27.615,-82.7267,NOAA CO-OPS,FL,historic,1976-03-24,1991-09-03,True,False,MLLW,,Mixed Diurnal,MUQF1,True,True,True,False
8726384,Port Manatee,27.6387,-82.5621,NOAA CO-OPS,FL,active,1976-03-24,,True,False,MLLW,PORTS,Mixed,PMAF1,True,True,True,True
8726425,COCKROACH BAY,27.6783,-82.5033,NOAA CO-OPS,FL,historic,1977-04-19,1990-09-05,True,False,MLLW,,Mixed Diurnal,,True,True,True,False
8726428,TIERRA VERDE,27.6883,-82.7183,NOAA CO-OPS,FL,historic,1976-06-22,1990-11-01,True,False,MLLW,,Mixed Diurnal,TRVF1,True,True,True,False
8726430,ST PETERSBURG BEACH  SOUTH END,27.6833,-82.7383,NOAA CO-OPS,FL,historic,1976-06-24,1995-08-22,True,False,MLLW,,Mixed,,True,True,True,False
8726467,"MARSH BRANCH, RUSKIN",27.7183,-82.4533,NOAA CO-OPS,FL,historic,1977-01-13,1977-05-03,True,False,MLLW,,,,False,True,True,False
8726492,MANGROVE POINT INSIDE,27.7417,-82.4667,NOAA CO-OPS,FL,historic,1977-03-14,1977-10-26,True,False,MLLW,,,,False,True,True,False
8726520,St. Petersburg,27.7606,-82.6269,NOAA CO-OPS,FL,active,1946-12-14,,True,False,MLLW,NWLORTS,Mixed,SAPF1,True,True,True,True
8726522,"ST. PETERSBURG, (TEMP ADR)",27.76,-82.6267,NOAA CO-OPS,FL,historic,1991-02-28,1994-03-17,True,False,MLLW,,Mixed Diurnal,,True,True,True,False
8726533,JOHNS PASS,27.785,-82.7817,NOAA CO-OPS,FL,historic,1976-05-14,1976-08-06,True,False,MLLW,,,,False,True,True,False
8726537,"APOLLO BEACH, HILLSBOROUGH BAY",27.7867,-82.4267,NOAA CO-OPS,FL,historic,1976-03-24,1991-09-03,True,False,MLLW,,Mixed Diurnal,ALOF1,True,True,True,False
8726539,NEWMAN BRANCH,27.7833,-82.4067,NOAA CO-OPS,FL,historic,1977-03-08,1977-10-06,True,False,MLLW,,,,False,True,True,False
8726572,THE KITCHEN,27.82,-82.3867,NOAA CO-OPS,FL,historic,1977-03-07,1979-04-18,True,False,MLLW,,Mixed,,False,True,True,False
8726573,"GADSDEN POINT, TAMPA BAY",27.8217,-82.485,NOAA CO-OPS,FL,historic,1975-11-05,1976-01-06,True,False,MLLW,,,,False,True,True,False
8726574,BOCA CIEGA BAY,27.8083,-82.795,NOAA CO-OPS,FL,historic,1976-06-30,1990-09-11,True,False,MLLW,,Mixed Diurnal,,True,True,True,False
8726575,REDDINGTON LONG PIER,27.8217,-82.8317,NOAA CO-OPS,FL,historic,1993-04-29,1995-08-26,True,False,MLLW,,Mixed,,True,True,True,False
8726587,BULLFROG CREEK,27.8367,-82.3867,NOAA CO-OPS,FL,historic,1977-01-12,2024-06-20,True,False,MLLW,,Mixed,,True,True,True,False
8726601,INDIAN ROCKS BEACH,27.8733,-82.8517,NOAA CO-OPS,FL,historic,1972-11-25,1973-06-09,True,False,MLLW,,Mixed,,False,True,True,False
8726604,"LONG SHOAL, MACDILL AFB",27.855,-82.48,NOAA CO-OPS,FL,historic,1975-11-05,1976-01-06,True,False,MLLW,,,,False,True,True,False
8726607,Old Port Tampa,27.8578,-82.5528,NOAA CO-OPS,FL,active,1991-07-17,,True,False,MLLW,PORTS,Mixed,OPTF1,True,True,True,True
8726614,ALAFIA RIVER NORTH,27.87,-82.3283,NOAA CO-OPS,FL,historic,1976-12-09,1977-05-02,True,False,MLLW,,,,False,True,True,False
8726632,ARCHIE CREEK,27.8817,-82.3967,NOAA CO-OPS,FL,historic,1976-12-09,1977-05-02,True,False,MLLW,,,,False,True,True,False
8726639,"TAMPA, BALLAST POINT",27.89,-82.48,NOAA CO-OPS,FL,historic,1975-10-30,1996-10-25,True,False,MLLW,,Mixed,,True,True,True,False
8726641,"GANDY BRIDGE,  OLD TAMPA BAY",27.8933,-82.5383,NOAA CO-OPS,FL,historic,1975-10-01,1991-06-04,True,False,MLLW,,Mixed Diurnal,GNDF1,True,True,True,False
8726651,"PENDOLA POINT, HILLSBOROUGH BAY",27.8983,-82.4267,NOAA CO-OPS,FL,historic,1977-02-23,1990-09-07,True,False,MLLW,,Mixed Diurnal,,True,True,True,False
8726657,"DAVIS ISLAND, HILLSBOROUGH BAY",27.9083,-82.4517,NOAA CO-OPS,FL,historic,1976-11-30,1991-09-03,True,False,MLLW,,Mixed Diurnal,DVSF1,True,True,True,False
8726667,Mckay Bay Entrance,27.9133,-82.425,NOAA CO-OPS,FL,historic,1976-03-24,2020-05-20,True,False,MLLW,PORTS,Mixed,MCYF1,True,True,True,False
8726668,"TAMPA, HOOKER POINT, HILLSBOROUGH BAY",27.9183,-82.445,NOAA CO-OPS,FL,historic,1976-11-30,1979-04-17,True,False,MLLW,,,,False,True,True,False
8726671,Sparkman Channel Entrance,27.920528,-82.4452,NOAA CO-OPS,FL,active,2019-02-20,,True,False,,PORTS,,SKCF1,False,False,False,True
8726674,East Bay,27.9231,-82.4214,NOAA CO-OPS,FL,active,2019-09-09,,True,False,MLLW,PORTS,Mixed,EBEF1,True,True,True,True
8726685,TWENTY-SECOND ST. CAUSEWAY,27.9383,-82.4317,NOAA CO-OPS,FL,historic,1977-01-14,1978-01-18,True,False,MLLW,,,,False,True,True,False
8726689,"BAY ARISTOCRAT VILLAGE, OLD TAMPA BAY",27.9417,-82.72,NOAA CO-OPS,FL,historic,1975-10-30,1991-09-03,True,False,MLLW,,Mixed Diurnal,BAVF1,True,True,True,False
8726693,HILLSBOROUGH RIVER ENTRANCE,27.9467,-82.4617,NOAA CO-OPS,FL,historic,1976-10-29,1990-09-20,True,False,MLLW,,Mixed Diurnal,,True,True,True,False
8726696,PALM RIVER ENTRANCE,27.9467,-82.4017,NOAA CO-OPS,FL,historic,1976-12-06,1977-04-06,True,False,MLLW,,,,False,True,True,False
8726699,PALM RIVER,27.9483,-82.385,NOAA CO-OPS,FL,historic,1976-12-06,1977-04-06,True,False,MLLW,,,,False,True,True,False
8726706,"CLEARWATER, CLEARWATER HARBOR",27.955,-82.8067,NOAA CO-OPS,FL,historic,1975-10-07,1977-12-06,True,False,MLLW,,,,False,True,True,False
8726711,"WEST TAMPA, HILLSBOROUGH RIVER",27.96,-82.4683,NOAA CO-OPS,FL,historic,1976-10-29,1977-02-09,True,False,MLLW,,,,False,True,True,False
8726724,Clearwater Beach,27.9783,-82.8317,NOAA CO-OPS,FL,active,1973-04-19,,True,False,MLLW,NWLON,Mixed,CWBF1,True,True,True,True
8726738,"SAFETY HARBOR, OLD TAMPA BAY",27.9883,-82.685,NOAA CO-OPS,FL,historic,1975-12-19,1991-06-04,True,False,MLLW,,Mixed Diurnal,SFHF1,True,True,True,False
8726739,DICK CREEK,27.9883,-82.6083,NOAA CO-OPS,FL,historic,1977-02-10,1977-08-01,True,False,MLLW,,,,False,True,True,False
8726761,DUNEDIN CITY DOCK,28.0133,-82.7933,NOAA CO-OPS,FL,historic,1973-04-20,1976-11-08,True,False,MLLW,,,,False,True,True,False
8726768,DOUBLE BRANCH,28.0283,-82.6333,NOAA CO-OPS,FL,historic,1976-09-30,1977-02-08,True,False,MLLW,,,,False,True,True,False
8726769,MOBBLY BAYOU,28.0217,-82.655,NOAA CO-OPS,FL,historic,1976-10-18,1990-09-06,True,False,MLLW,,Mixed Diurnal,,True,True,True,False
8726774,"CALADESI ISLAND, INSIDE",28.0317,-82.82,NOAA CO-OPS,FL,historic,1976-02-27,1976-04-14,True,False,MLLW,,,,False,True,True,False
8726808,"HONEYMOON ISLAND, SOUTH",28.0583,-82.81,NOAA CO-OPS,FL,historic,1975-05-14,1975-09-15,True,False,MLLW,,,,False,True,True,False
8726809,"HONEYMOON ISLAND, INSIDE",28.0617,-82.8133,NOAA CO-OPS,FL,historic,1975-05-14,1975-09-12,True,False,MLLW,,,,False,True,True,False
8726819,OZONA,28.07,-82.7817,NOAA CO-OPS,FL,historic,1975-10-14,1975-12-03,True,False,MLLW,,,,False,True,True,False
8726833,"SUTHERLAND BAYOU, PALM HARBOR",28.085,-82.7717,NOAA CO-OPS,FL,historic,1976-02-24,1976-04-14,True,False,MLLW,,,,False,True,True,False
8726834,"HONEYMOON ISLAND, NORTH POINT",28.0833,-82.8283,NOAA CO-OPS,FL,historic,1975-05-14,1975-09-15,True,False,MLLW,,,,False,True,True,False
8726853,INDIAN BLUFF ISLAND,28.1033,-82.7783,NOAA CO-OPS,FL,historic,1975-10-31,1975-12-03,True,False,MLLW,,,,False,True,True,False
8726892,"SPRING BAYOU, TARPON SPRINGS",28.1467,-82.7583,NOAA CO-OPS,FL,historic,1975-12-17,1976-02-11,True,False,MLLW,,,,False,True,True,False
8726899,KREAMER BAYOU,28.15,-82.7717,NOAA CO-OPS,FL,historic,1975-12-11,1976-02-10,True,False,MLLW,,,,False,True,True,False
8726904,HOWARD PARK,28.1533,-82.8017,NOAA CO-OPS,FL,historic,1975-10-10,1975-12-10,True,False,MLLW,,,,False,True,True,False
8726905,"TARPON SPRINGS, ANCLOTE RIVER",28.16,-82.7683,NOAA CO-OPS,FL,historic,1975-09-29,1975-11-06,True,False,MLLW,,,,False,True,True,False
8726906,"RIVER VILLAGE, ANCLOTE RIVER",28.1567,-82.7467,NOAA CO-OPS,FL,historic,1975-12-05,1976-02-11,True,False,MLLW,,,,False,True,True,False
8726908,"NORTH FORK, ANCLOTE RIVER",28.1583,-82.7567,NOAA CO-OPS,FL,historic,1975-12-05,1976-02-10,True,False,MLLW,,,,False,True,True,False
8726917,"ANCLOTE LIGHTHOUSE, ANCLOTE KEY",28.165,-82.8433,NOAA CO-OPS,FL,historic,1976-02-17,1976-04-19,True,False,MLLW,,,,False,True,True,False
8726924,ANCLOTE RIVER,28.1717,-82.785,NOAA CO-OPS,FL,historic,1973-04-11,1977-07-06,True,False,MLLW,,,,False,True,True,False
8726942,NORTH ANCLOTE KEY,28.21,-82.84,NOAA CO-OPS,FL,historic,1976-02-13,1976-04-19,True,False,MLLW,,,,False,True,True,False
8726976,BAILEYS BLUFF INSIDE,28.2017,-82.78,NOAA CO-OPS,FL,historic,1976-01-28,1976-04-13,True,False,MLLW,,,,False,True,True,False
8726978,BAILEYS BLUFF GULFSIDE,28.205,-82.7833,NOAA CO-OPS,FL,historic,1976-01-27,1976-04-13,True,False,MLLW,,,,False,True,True,False
8726988,"FILLMANS CREEK, NEW PORT RICHEY",28.23,-82.7533,NOAA CO-OPS,FL,historic,1976-02-24,1976-04-13,True,False,MLLW,,,,False,True,True,False
8726996,"CROSS BAYOU, NEW PORT RICHEY",28.2467,-82.735,NOAA CO-OPS,FL,historic,1976-02-19,1976-04-22,True,False,MLLW,,,,False,True,True,False
8727001,MIDDLE PITHLACHASCOTEE RIVER,28.2483,-82.7233,NOAA CO-OPS,FL,historic,1976-02-13,1976-04-22,True,False,MLLW,,Mixed Diurnal,,False,True,True,False
8727003,OYSTER CREEK  NEW PORT RICHEY,28.2567,-82.735,NOAA CO-OPS,FL,historic,1976-02-12,1976-04-22,True,False,MLLW,,Mixed,,False,True,True,False
8727012,PITHLACHASCOTEE RIVER,28.2683,-82.7267,NOAA CO-OPS,FL,historic,1976-01-22,1977-07-06,True,False,MLLW,,Mixed,,False,True,True,False
8727021,SALT SPRINGS RUN  PORT RICHEY,28.2917,-82.7267,NOAA CO-OPS,FL,historic,1976-02-10,1976-04-22,True,False,MLLW,,Mixed,,False,True,True,False
8727061,"HUDSON, HUDSON CREEK",28.3617,-82.71,NOAA CO-OPS,FL,historic,1978-05-18,1978-12-12,True,False,MLLW,,Mixed Diurnal,,False,True,True,False
8727086,FILLMANS BAYOU,28.4133,-82.6767,NOAA CO-OPS,FL,historic,1978-05-18,1978-12-12,True,False,MLLW,,Mixed Diurnal,,False,True,True,False
8727097,ARIPEKA,28.4333,-82.6683,NOAA CO-OPS,FL,historic,1977-02-15,1979-04-02,True,False,MLLW,,Mixed,,False,True,True,False
8727122,"ROCKY CR.,LITTLE PINE IS. BAY,",28.4867,-82.6617,NOAA CO-OPS,FL,historic,1975-05-28,1976-10-01,True,False,MLLW,,Mixed Diurnal,,False,True,True,False
8727151,BAYPORT,28.5333,-82.65,NOAA CO-OPS,FL,historic,1978-05-18,1979-04-02,True,False,MLLW,,Mixed Diurnal,,False,True,True,False
8727188,RACCOON POINT,28.6067,-82.6633,NOAA CO-OPS,FL,historic,1978-06-03,1979-03-13,True,False,MLLW,,Mixed Diurnal,,False,True,True,False
8727235,"JOHNS ISLAND, CHASSAHOWITZKA BAY",28.6917,-82.6383,NOAA CO-OPS,FL,historic,1978-06-05,1978-12-20,True,False,MLLW,,Mixed Diurnal,,False,True,True,False
8727246,CHASSAHOWITZKA RIVER,28.715,-82.5767,NOAA CO-OPS,FL,historic,1978-05-26,1978-11-16,True,False,MLLW,,,,False,True,True,False
8727274,"MASON CREEK, HOMOSASSA BAY",28.7617,-82.6383,NOAA CO-OPS,FL,historic,1973-05-02,1979-03-14,True,False,MLLW,,,,False,True,True,False
8727277,"TUCKERS ISLAND, HOMOSASSA RIVER",28.7717,-82.695,NOAA CO-OPS,FL,historic,1978-06-07,1978-12-21,True,False,MLLW,,,,False,True,True,False
8727293,"HALLS RIVER BRIDGE, HALLS RIVER",28.8,-82.6033,NOAA CO-OPS,FL,historic,1978-05-26,1979-01-11,True,False,MLLW,,,,False,True,True,False
8727306,OZELLO,28.825,-82.6583,NOAA CO-OPS,FL,historic,1978-05-22,1979-01-09,True,False,MLLW,,,,False,True,True,False
8727328,OZELLO NORTH,28.8633,-82.6667,NOAA CO-OPS,FL,historic,1978-05-22,1979-01-10,True,False,MLLW,,,,False,True,True,False
8727333,Mangrove Point,28.87,-82.7233,NOAA CO-OPS,FL,historic,1978-05-25,1979-01-31,True,False,MLLW,,,,False,True,True,False
8727336,DIXIE BAY,28.8817,-82.635,NOAA CO-OPS,FL,historic,1978-05-23,1979-01-08,True,False,MLLW,,,,False,True,True,False
8727343,"CRYSTAL RIVER, KINGS BAY",28.8983,-82.5983,NOAA CO-OPS,FL,historic,1978-05-23,1979-01-08,True,False,MLLW,,,,False,True,True,False
8727348,Twin Rivers Marina,28.905,-82.6383,NOAA CO-OPS,FL,historic,1973-05-10,1979-02-05,True,False,MLLW,,,,False,True,True,False
8727359,"SHELL ISLAND, CRYSTAL RIVER",28.9233,-82.6917,NOAA CO-OPS,FL,historic,1978-05-25,1979-01-23,True,False,MLLW,,,,False,True,True,False
8727395,"PORT INGLIS, WITHLACOOCHEE RIVER",29.0017,-82.7583,NOAA CO-OPS,FL,historic,1978-05-24,1979-01-09,True,False,MLLW,,,,False,True,True,False
8727411,"YANKEETOWN, WITHLACOOCHEE RIVER",29.03,-82.7133,NOAA CO-OPS,FL,historic,1978-05-24,1979-01-17,True,False,MLLW,,,,False,True,True,False
8727433,LOWS BAY,29.0767,-82.8117,NOAA CO-OPS,FL,historic,1978-06-21,1979-01-29,True,False,MLLW,,,,False,True,True,False
8727471,WACCASASSA RIVER,29.165,-82.8083,NOAA CO-OPS,FL,historic,1978-06-20,1979-01-29,True,False,MLLW,,,,False,True,True,False
8727512,"FOWLER BLUFF, SUWANNEE  RIVER",29.3983,-83.0233,NOAA CO-OPS,FL,historic,1978-07-13,1979-01-25,True,False,MLLW,,,,False,True,True,False
8727520,Cedar Key,29.135,-83.0317,NOAA CO-OPS,FL,active,1914-03-12,,True,False,MLLW,NWLON,Mixed,CKYF1,True,True,True,True
8727535,Shell Mound,29.2064,-83.0697,NOAA CO-OPS,FL,historic,2022-02-15,2022-06-19,True,False,MLLW,,Mixed,,True,True,True,False
8727558,SUWANNEE RIVER ENTRANCE,29.325,-83.1417,NOAA CO-OPS,FL,historic,1978-08-14,1979-03-05,True,False,MLLW,,,,False,True,True,False
8727577,SUWANNEE,29.3283,-83.1517,NOAA CO-OPS,FL,historic,1973-02-18,1979-03-12,True,False,MLLW,,,,False,True,True,False
8727604,SHIRED ISLAND,29.3983,-83.2067,NOAA CO-OPS,FL,historic,1978-06-26,1979-01-15,True,False,MLLW,,,,False,True,True,False
8727648,HORSESHOE POINT,29.4367,-83.2933,NOAA CO-OPS,FL,historic,1978-06-26,1979-01-15,True,False,MLLW,,,,False,True,True,False
8727695,STEINHATCHEE,29.6717,-83.39,NOAA CO-OPS,FL,historic,1973-05-01,1979-04-12,True,False,MLLW,,Mixed,,False,True,True,False
8727705,SINK CREEK,29.5567,-83.4017,NOAA CO-OPS,FL,historic,1978-08-10,1979-04-10,True,False,MLLW,,,,False,True,True,False
8727751,DALLUS CREEK,29.7133,-83.5017,NOAA CO-OPS,FL,historic,1978-08-09,1979-04-11,True,False,MLLW,,,,False,True,True,False
8727792,Hagens Cove,29.7967,-83.5838,NOAA CO-OPS,FL,historic,2022-02-17,2022-06-12,True,False,MLLW,,Mixed,,True,True,True,False
8727809,DEKLE BEACH,29.845,-83.6217,NOAA CO-OPS,FL,historic,1978-08-07,1979-04-10,True,False,MLLW,,,,False,True,True,False
8727843,SPRING WARRIOR CREEK,29.92,-83.6717,NOAA CO-OPS,FL,historic,1978-05-30,1978-12-14,True,False,MLLW,,Mixed,,False,True,True,False
8727892,FENHOLLOWAY RIVER,29.98,-83.7833,NOAA CO-OPS,FL,historic,1978-04-27,1979-01-05,True,False,MLLW,,,,False,True,True,False
8727956,"ECONFINA RIVER, INSIDE",30.0533,-83.91,NOAA CO-OPS,FL,historic,1977-01-31,2023-11-06,True,False,MLLW,,Mixed,,True,True,True,False
8727976,Snipe Island,30.0619,-83.9527,NOAA CO-OPS,FL,historic,2023-01-20,2023-05-05,True,False,MLLW,,Mixed Diurnal,,True,True,True,False
8727989,"MANDALAY, AUCILLA RIVER",30.1267,-83.975,NOAA CO-OPS,FL,historic,1975-01-30,1976-05-12,True,False,MLLW,,,,False,True,True,False
8728104,Port Leon,30.1244,-84.149,NOAA CO-OPS,FL,historic,2022-02-11,2022-06-20,True,False,MLLW,,Mixed,,True,True,True,False
8728130,"ST. MARKS LHTSE., APALACHEE BAY",30.0783,-84.1783,NOAA CO-OPS,FL,historic,1970-01-01,1977-04-21,True,False,MLLW,,,,False,True,True,False
8728151,ST. MARKS CITY,30.155,-84.2033,NOAA CO-OPS,FL,historic,1977-02-22,1977-08-04,True,False,MLLW,,,,False,True,True,False
8728152,"St Marks, Wakulla River",30.1589,-84.2186,NOAA CO-OPS,FL,historic,2022-02-22,2022-06-11,True,False,MLLW,,Mixed,,True,True,True,False
8728171,WAKULLA RIVER,30.1767,-84.2467,NOAA CO-OPS,FL,historic,1977-02-21,1977-07-21,True,False,MLLW,,Mixed Diurnal,,False,True,True,False
8728229,"SHELL POINT, WALKER CREEK",30.058332,-84.29056,NOAA CO-OPS,FL,historic,1973-04-27,,True,False,MLLW,FLDEP,Mixed,,True,True,True,False
8728237,"BALD POINT,  OCHLOCKONEE BAY",29.9483,-84.3417,NOAA CO-OPS,FL,historic,1976-05-13,2023-09-29,True,False,MLLW,,Mixed,,True,True,True,False
8728255,ALLIGATOR HARBOR,29.9117,-84.365,NOAA CO-OPS,FL,historic,1976-03-18,1976-09-22,True,False,MLLW,,,,False,True,True,False
8728258,FIDDLERS POINT,30.015,-84.3683,NOAA CO-OPS,FL,historic,1976-05-26,1977-04-01,True,False,MLLW,,,,False,True,True,False
8728261,"ALLIGATOR POINT, SW CAPE",29.895,-84.3883,NOAA CO-OPS,FL,historic,1976-12-01,1977-10-18,True,False,MLLW,,,,False,True,True,False
8728262,Ochlockonee Bay,29.9802,-84.3959,NOAA CO-OPS,FL,historic,1975-11-07,2023-05-04,True,False,MLLW,,Mixed,,True,True,True,False
8728269,"PANACEA, DICKERSON BAY",30.0283,-84.3867,NOAA CO-OPS,FL,historic,1975-09-29,2024-01-24,True,False,MLLW,,Mixed,,True,True,True,False
8728288,ALLIGATOR POINT,29.9033,-84.4133,NOAA CO-OPS,FL,historic,1975-06-15,1975-12-03,True,False,MLLW,,,,False,True,True,False
8728311,ST. TERESA BEACH,29.9283,-84.4467,NOAA CO-OPS,FL,historic,1976-02-24,1976-06-09,True,False,MLLW,,,,False,True,True,False
8728351,OCHLOCKONEE RIVER STATE PARK,30.005,-84.4717,NOAA CO-OPS,FL,historic,1978-04-10,1978-12-08,True,False,MLLW,,,,False,True,True,False
8728360,TURKEY POINT,29.915,-84.5117,NOAA CO-OPS,FL,historic,1973-05-01,2025-06-16,True,False,MLLW,,Mixed Diurnal,,True,True,True,False
8728366,"MCINTYRE, OCHLOCKONEE RIVER",29.9817,-84.5267,NOAA CO-OPS,FL,historic,1978-06-23,1978-12-08,True,False,MLLW,,,,False,True,True,False
8728408,"DOG ISLAND, EAST END",29.81,-84.585,NOAA CO-OPS,FL,historic,1978-10-16,1979-04-02,True,False,MLLW,,Diurnal,,False,True,True,False
8728412,"LANARK, ST. GEORGES SOUND",29.8783,-84.595,NOAA CO-OPS,FL,historic,1976-12-16,1977-05-12,True,False,MLLW,,Diurnal,,False,True,True,False
8728464,"CARRABELLE RIVER, ST. GEORGE SOUND",29.85,-84.665,NOAA CO-OPS,FL,historic,1977-10-27,1978-03-27,True,False,MLLW,,Diurnal,,False,True,True,False
8728486,"NE END, ST. GEORGE ISLAND",29.7667,-84.7,NOAA CO-OPS,FL,historic,1983-07-28,2023-11-12,True,False,MLLW,,Diurnal,,True,True,True,False
8728488,SOUTH CARRABELLE BEACH,29.8017,-84.7367,NOAA CO-OPS,FL,historic,1977-11-03,1978-06-08,True,False,MLLW,,,,False,True,True,False
8728548,"ST. GEORGE ISLAND,EAST END",29.6867,-84.7867,NOAA CO-OPS,FL,historic,1972-08-31,1977-09-09,True,False,MLLW,FLDEP,Mixed,,False,True,True,False
8728552,"ST. GEORGE IS.,RATTLESNAKE COVE",29.6917,-84.7917,NOAA CO-OPS,FL,historic,1972-05-26,2023-11-11,True,False,MLLW,,,,True,True,True,False
8728593,East Bayou,29.8189,-84.8503,NOAA CO-OPS,FL,historic,2022-03-21,2022-07-09,True,False,MLLW,,Diurnal,,True,True,True,False
8728619,"CAT POINT, APALACHICOLA BAY",29.7233,-84.8867,NOAA CO-OPS,FL,historic,1977-03-24,2021-09-28,True,False,MLLW,,Diurnal,,True,True,True,False
8728626,"ST. GEORGE ISLAND, BAYSIDE",29.6533,-84.8967,NOAA CO-OPS,FL,historic,1973-01-07,1973-03-31,True,False,MLLW,,Diurnal,,False,True,True,False
8728669,"SIKES CUT, ST. GEORGE ISLAND",29.6133,-84.9583,NOAA CO-OPS,FL,historic,1975-10-01,1984-04-24,True,False,MLLW,,Diurnal,,False,True,True,False
8728690,Apalachicola,29.724445,-84.98055,NOAA CO-OPS,FL,active,1967-05-01,,True,False,MLLW,NWLON,Diurnal,APCF1,True,True,True,True
8728694,"WHITE BEACH, EAST BAY",29.785,-84.8983,NOAA CO-OPS,FL,historic,1978-09-14,1984-04-25,True,False,MLLW,,Diurnal,,False,True,True,False
8728706,Apalachicola River North Bloody Bluff Rd,29.873192,-85.01135,NOAA CO-OPS,FL,historic,2022-01-20,2023-04-30,False,False,STND,,Diurnal,,True,True,True,False
8728711,APALACHICOLA RIVER,29.7633,-85.0333,NOAA CO-OPS,FL,historic,1978-01-25,1982-12-02,True,False,MLLW,,Diurnal,,False,True,True,False
8728715,"APALACHICOLA RIVER, NORTH",29.8417,-85.0283,NOAA CO-OPS,FL,historic,1974-09-25,1974-11-18,True,False,MLLW,,,,False,True,True,False
8728728,Little St George Island,29.6036,-85.0428,NOAA CO-OPS,FL,historic,2022-03-28,2022-07-27,True,False,MLLW,,Diurnal,,True,True,True,False
8728757,"HUCKLEBERRY LANDING, JACKSON RIVER",29.77,-85.085,NOAA CO-OPS,FL,historic,1977-04-12,1977-10-28,True,False,MLLW,,Diurnal,,False,True,True,False
8728786,"ELEVEN MILE, ST. VINCENT SOUND",29.7067,-85.1533,NOAA CO-OPS,FL,historic,1977-11-17,1978-06-06,True,False,MLLW,,Diurnal,,False,True,True,False
8728819,Lake Wimico,29.8214,-85.1733,NOAA CO-OPS,FL,historic,2022-12-17,2023-05-02,True,False,MLLW,,Diurnal,,True,True,True,False
8728852,Indian Pass,29.6851,-85.2213,NOAA CO-OPS,FL,historic,2022-03-24,2022-07-10,True,False,MLLW,,Mixed Diurnal,,True,True,True,False
8728853,"White City, ICWW",29.8807,-85.2214,NOAA CO-OPS,FL,historic,1977-11-15,2011-03-10,True,False,MLLW,Hydro,Diurnal,,True,True,True,False
8728886,"White City, Gulf County Canal",29.8668,-85.2706,NOAA CO-OPS,FL,historic,2023-01-21,2023-05-01,True,False,MLLW,,Diurnal,,True,True,True,False
8728912,Port St. Joe,29.815,-85.3133,NOAA CO-OPS,FL,historic,1975-12-10,1982-04-05,True,False,MLLW,,Diurnal,,False,True,True,False
8728941,"NORTH PRONG, WETAPPO CREEK",30.0033,-85.3483,NOAA CO-OPS,FL,historic,1976-04-08,1976-06-04,True,False,MLLW,,,,False,True,True,False
8728942,CAPE SAN BLAS,29.6683,-85.36,NOAA CO-OPS,FL,historic,1977-09-27,1978-10-26,True,False,MLLW,,,,False,True,True,False
8728949,"Richardson Hammock, St. Joseph Bay",29.69,-85.3633,NOAA CO-OPS,FL,historic,1976-05-19,,True,False,MLLW,FLDEP,Diurnal,,True,True,True,False
8728957,OVERSTREET,29.9967,-85.37,NOAA CO-OPS,FL,historic,1976-04-13,1976-06-04,True,False,MLLW,,Diurnal,,False,True,True,False
8728958,"ST. JOSEPH POINT, ST. JOSEPH BAY",29.8733,-85.39,NOAA CO-OPS,FL,historic,1976-05-18,1976-08-10,True,False,MLLW,,Diurnal,,False,True,True,False
8728973,"WETAPPO CREEK, EAST BAY",30.0383,-85.3933,NOAA CO-OPS,FL,historic,1976-04-15,1976-06-04,True,False,MLLW,,,,False,True,True,False
8728978,"Cape San Blas, Western Cape",29.7644,-85.4025,NOAA CO-OPS,FL,historic,2022-02-19,2022-07-12,True,False,MLLW,,Diurnal,,True,True,True,False
8728995,MEXICO BEACH,29.9483,-85.425,NOAA CO-OPS,FL,historic,1973-02-13,1983-04-05,True,False,MLLW,,Diurnal,,False,True,True,False
8729015,"ALLANTON, EAST BAY",30.03,-85.465,NOAA CO-OPS,FL,historic,1976-01-13,1991-10-29,True,False,MLLW,,Diurnal,,True,True,True,False
8729017,"FARMDALE, EAST BAY, ST. ANDREW BAY",30.0167,-85.47,NOAA CO-OPS,FL,historic,1934-12-17,1991-10-30,True,False,MLLW,,Diurnal,,True,True,True,False
8729022,"ST. ANDREW SOUND, EAST END",29.97,-85.48,NOAA CO-OPS,FL,historic,1976-05-20,1976-09-08,True,False,MLLW,,Diurnal,,False,True,True,False
8729026,"East Bay, Goose Point",30.0612,-85.4886,NOAA CO-OPS,FL,historic,2022-01-09,2022-06-17,True,False,MLLW,,Diurnal,,True,True,True,False
8729039,"PARKER BRANCH, LAIRD BAYOU, EAST BAY",30.1367,-85.5167,NOAA CO-OPS,FL,historic,1976-06-30,1976-10-20,True,False,MLLW,,Diurnal,,False,True,True,False
8729045,"LAIRD BAYOU, EAST BAY",30.1217,-85.5283,NOAA CO-OPS,FL,historic,1976-07-13,1991-10-29,True,False,MLLW,,Diurnal,,True,True,True,False
8729052,ST ANDREW SOUND,30.025,-85.5417,NOAA CO-OPS,FL,historic,1976-05-20,1976-10-04,True,False,MLLW,,Diurnal,,False,True,True,False
8729063,"CALLAWAY BAYOU, EAST BAY",30.1367,-85.5717,NOAA CO-OPS,FL,historic,1976-06-30,1976-10-20,True,False,MLLW,,Diurnal,,False,True,True,False
8729071,"MILL BAYOU, NORTH BAY",30.245,-85.605,NOAA CO-OPS,FL,historic,1976-09-30,1977-02-04,True,False,MLLW,,Diurnal,,False,True,True,False
8729082,Deer Point Lake,30.2696,-85.6079,NOAA CO-OPS,FL,historic,2021-11-26,2022-06-15,True,False,MLLW,,Diurnal,,True,True,True,False
8729083,"DUPONT BRIDGE, EAST BAY",30.1,-85.6117,NOAA CO-OPS,FL,historic,1976-06-11,1989-02-01,True,False,MLLW,,Diurnal,,False,True,True,False
8729084,"PARKER, EAST BAY",30.1267,-85.6117,NOAA CO-OPS,FL,historic,1976-10-22,1977-02-02,True,False,MLLW,,Diurnal,,False,True,True,False
8729085,"PEARL BAYOU, EAST BAY",30.0983,-85.6133,NOAA CO-OPS,FL,historic,1976-06-11,1976-09-17,True,False,MLLW,,Diurnal,,False,True,True,False
8729101,"SOUTHPORT, NORTH BAY",30.2833,-85.6467,NOAA CO-OPS,FL,historic,1976-09-13,1977-02-04,True,False,MLLW,,Diurnal,,False,True,True,False
8729102,"LYNN HAVEN, NORTH BAY",30.255,-85.6483,NOAA CO-OPS,FL,historic,1975-11-22,1987-05-08,True,False,MLLW,,Diurnal,,False,True,True,False
8729105,"BEACON BEACH, ST ANDREW BAY",30.0917,-85.6483,NOAA CO-OPS,FL,historic,1976-06-11,1985-05-09,True,False,MLLW,,Diurnal,,False,True,True,False
8729107,"MASSALINA BAYOU, ST. ANDREW BAY",30.1517,-85.66,NOAA CO-OPS,FL,historic,1976-09-16,1977-02-04,True,False,MLLW,,Diurnal,,False,True,True,False
8729108,Panama City,30.149723,-85.664444,NOAA CO-OPS,FL,active,1973-02-11,,True,False,MLLW,NWLON,Diurnal,PACF1,True,True,True,True
8729117,"SOUTH OF DAVIS POINT, ST. ANDREW BAY",30.1133,-85.68,NOAA CO-OPS,FL,historic,1976-06-11,1976-09-20,True,False,MLLW,,Diurnal,,False,True,True,False
8729119,"SHELL ISLAND, ST. ANDREWS BAY",30.095,-85.685,NOAA CO-OPS,FL,historic,1976-10-27,1977-03-16,True,False,MLLW,,Diurnal,,False,True,True,False
8729132,"Courtney Point, St Andrew Bay",30.1517,-85.6667,NOAA CO-OPS,FL,historic,2021-02-03,2021-08-19,True,False,MLLW,,Diurnal,,True,True,True,False
8729136,"NEW ENTRANCE CHANNEL, ST. ANDREW BAY",30.125,-85.73,NOAA CO-OPS,FL,historic,1941-08-25,1991-10-28,True,False,MLLW,,Diurnal,,True,True,True,False
8729141,"ST. ANDREWS STATE PARK, GRAND LAGOON",30.1333,-85.7317,NOAA CO-OPS,FL,historic,1976-09-16,1977-02-04,True,False,MLLW,,Diurnal,,False,True,True,False
8729142,"Sulphur Point, Port of Panama City",30.183,-85.7328,NOAA CO-OPS,FL,historic,2021-11-26,2022-07-13,True,False,MLLW,,Diurnal,,True,True,True,False
8729149,ST. ANDREW STATE PARK,30.13,-85.7433,NOAA CO-OPS,FL,historic,1978-11-13,1980-12-23,True,False,MLLW,,Diurnal,,False,True,True,False
8729152,"ALLIGATOR BAYOU, PANAMA CITY",30.17,-85.755,NOAA CO-OPS,FL,historic,1956-03-21,1991-10-31,True,False,MLLW,,Diurnal,,True,True,True,False
8729154,"BURNT MILL CREEK, WEST BAY",30.3283,-85.7633,NOAA CO-OPS,FL,historic,1976-09-14,1977-02-04,True,False,MLLW,,Diurnal,,False,True,True,False
8729155,"GRAND LAGOON, WEST END",30.1583,-85.7683,NOAA CO-OPS,FL,historic,1976-09-28,1977-02-04,True,False,MLLW,,Diurnal,,False,True,True,False
8729169,"SHELL POINT, WEST BAY",30.215,-85.74,NOAA CO-OPS,FL,historic,1976-09-30,1977-02-18,True,False,MLLW,,Diurnal,,False,True,True,False
8729179,"CROOKED CREEK, WEST BAY",30.3083,-85.8117,NOAA CO-OPS,FL,historic,1976-09-14,1977-02-04,True,False,MLLW,,Diurnal,,False,True,True,False
8729189,PANAMA CITY BEACH,30.1867,-85.8333,NOAA CO-OPS,FL,historic,1976-11-18,1978-03-22,True,False,MLLW,,Diurnal,,False,True,True,False
8729197,WEST BAY CREEK  WEST BAY,30.2933,-85.8583,NOAA CO-OPS,FL,historic,1975-11-21,2021-08-19,True,False,MLLW,,Diurnal,,True,True,True,False
8729210,Panama City Beach,30.21375,-85.878586,NOAA CO-OPS,FL,active,1989-09-20,,True,False,MLLW,NWLON,Diurnal,PCBF1,True,True,True,True
8729329,CHOCTAWHATCHEE RIVER,30.3967,-86.0883,NOAA CO-OPS,FL,historic,1977-06-30,1977-12-22,True,False,MLLW,,,,False,True,True,False
8729332,"JOLLY BAY, CHOCTAWHATCHEE BAY",30.4283,-86.1367,NOAA CO-OPS,FL,historic,1977-04-06,1993-04-30,True,False,MLLW,,Diurnal,,True,True,True,False
8729333,LAGRANGE BAYOU,30.4683,-86.1383,NOAA CO-OPS,FL,historic,1977-06-23,2025-09-10,True,False,MLLW,FLDEP,Diurnal,,True,True,True,False
8729364,ALLAQUAY BAYOU,30.4883,-86.205,NOAA CO-OPS,FL,historic,1977-06-22,1977-12-27,True,False,MLLW,,,,False,True,True,False
8729376,SANTA ROSA HOGTOWN BAYOU,30.4,-86.2283,NOAA CO-OPS,FL,historic,1977-03-30,2021-09-13,True,False,MLLW,,Diurnal,,True,True,True,False
8729381,BASIN CREEK,30.4967,-86.24,NOAA CO-OPS,FL,historic,1977-06-28,1977-12-28,True,False,MLLW,,,,False,True,True,False
8729387,"BASIN BAYOU, CHOCTAWHATCHEE BAY",30.4867,-86.2533,NOAA CO-OPS,FL,historic,1977-06-22,1977-12-28,True,False,MLLW,,,,False,True,True,False
8729425,"Driftwood Point, Choctawhatcheee Bay",30.3894,-86.3288,NOAA CO-OPS,FL,historic,,2021-08-20,True,False,MLLW,,Diurnal,,True,True,True,False
8729435,"BIG HAMMOCK PT, CHOCTAWHATCHEE BAY",30.466944,-86.34944,NOAA CO-OPS,FL,historic,1988-12-01,2024-10-11,True,False,MLLW,,Diurnal,,True,True,True,False
8729479,ROCKY BAYOU,30.5067,-86.4467,NOAA CO-OPS,FL,historic,1977-04-28,2021-08-14,True,False,MLLW,,Diurnal,,True,True,True,False
8729501,Valparaiso,30.5033,-86.4933,NOAA CO-OPS,FL,historic,1977-03-29,2011-03-14,True,False,MLLW,Hydro,Diurnal,,True,True,True,False
8729505,OLD PASS LAGOON,30.3933,-86.505,NOAA CO-OPS,FL,historic,1977-04-27,1977-09-14,True,False,MLLW,,,,False,True,True,False
8729511,"DESTIN, EAST PASS",30.395,-86.5133,NOAA CO-OPS,FL,historic,1977-04-27,1993-04-28,True,False,MLLW,,Diurnal,,True,True,True,False
8729538,"GARNIER BAYOU, SHALIMAR",30.435,-86.5867,NOAA CO-OPS,FL,historic,1973-02-07,1992-11-13,True,False,MLLW,,Diurnal,,True,True,True,False
8729547,Okaloosa Island,30.3914,-86.5932,NOAA CO-OPS,FL,historic,2021-11-11,2022-03-23,True,False,MLLW,,Mixed,,True,True,True,False
8729548,CAMP PINCHOT,30.47,-86.59331,NOAA CO-OPS,FL,historic,1977-04-28,2024-10-14,True,False,MLLW,,Diurnal,,True,True,True,False
8729554,"FORT WALTON BEACH, SANTA ROSA SOUND",30.4017,-86.61,NOAA CO-OPS,FL,historic,1977-04-26,1986-05-14,True,False,MLLW,,Diurnal,,False,True,True,False
8729567,Cinco Bayou,30.430277,-86.63306,NOAA CO-OPS,FL,historic,1977-04-28,,True,False,MLLW,FLDEP,,,True,True,True,False
8729572,Mary Esther,30.4065,-86.6505,NOAA CO-OPS,FL,historic,2021-03-31,2021-10-07,True,False,MLLW,,Diurnal,,True,True,True,False
8729598,HULBERT FIELD,30.4067,-86.7,NOAA CO-OPS,FL,historic,1977-05-31,1977-12-21,True,False,MLLW,,,,False,True,True,False
8729613,"HARRIS, SANTA ROSA SOUND",30.4083,-86.7317,NOAA CO-OPS,FL,historic,1977-04-19,1977-09-13,True,False,MLLW,,,,False,True,True,False
8729678,NAVARRE BEACH,30.3767,-86.865,NOAA CO-OPS,FL,historic,1978-01-18,1989-11-11,True,False,MLLW,,Diurnal,,False,True,True,False
8729679,"SANTA ROSA SOUND, EAST END",30.385,-86.8633,NOAA CO-OPS,FL,historic,1977-04-06,1986-05-13,True,False,MLLW,,Diurnal,,False,True,True,False
8729681,NAVARRE BEACH,30.3767,-85.865,NOAA CO-OPS,FL,historic,1987-11-17,1989-11-07,True,False,MLLW,,Diurnal,,False,True,True,False
8729702,"EAST BAY, HOLLEY",30.45,-86.9183,NOAA CO-OPS,FL,historic,1977-04-18,1993-11-01,True,False,MLLW,,Diurnal,,True,True,True,False
8729717,"Navarre, North Side",30.4431,-86.9514,NOAA CO-OPS,FL,historic,2022-01-13,2022-07-28,True,False,MLLW,,Diurnal,,True,True,True,False
8729736,WOODLAWN BEACH,30.3867,-86.9917,NOAA CO-OPS,FL,historic,1977-04-29,1986-05-12,True,False,MLLW,,Diurnal,,False,True,True,False
8729738,UPPER BLACKWATER RIVER,30.6583,-86.9883,NOAA CO-OPS,FL,historic,1977-06-21,1978-01-17,True,False,MLLW,,Diurnal,,False,True,True,False
8729747,"SHIELD POINT, BLACKWATER RIVER",30.5817,-87.015,NOAA CO-OPS,FL,historic,1976-03-09,1993-11-02,True,False,MLLW,,Diurnal,,True,True,True,False
8729753,BLACKWATER RIVER,30.6367,-87.0283,NOAA CO-OPS,FL,historic,1976-03-09,1993-11-02,True,False,MLLW,,Diurnal,,True,True,True,False
8729757,MILTON,30.6267,-87.0367,NOAA CO-OPS,FL,historic,1977-04-18,1977-12-19,True,False,MLLW,,,,False,True,True,False
8729791,HERNANDEZ POINT NORTH,30.455,-87.1,NOAA CO-OPS,FL,historic,1977-03-14,1977-08-02,True,False,MLLW,,Diurnal,,False,True,True,False
8729793,MULLATTO BAYOU,30.545,-87.1033,NOAA CO-OPS,FL,historic,1977-03-14,1977-08-02,True,False,MLLW,,,,False,True,True,False
8729806,"FISHING BEND, SANTA ROSA SOUND",30.3367,-87.14,NOAA CO-OPS,FL,historic,1977-01-20,1985-07-02,True,False,MLLW,,Diurnal,,False,True,True,False
8729807,Pensacola Beach Pier,30.3275,-87.141945,NOAA CO-OPS,FL,historic,2021-03-18,2021-08-06,True,False,MLLW,,Diurnal,,True,True,True,False
8729808,LITTLE SABINE BAY,30.3367,-87.1467,NOAA CO-OPS,FL,historic,1977-01-12,1977-06-16,True,False,MLLW,,,,False,True,True,False
8729816,"LORA POINT, ESCAMBIA BAY",30.515,-87.1617,NOAA CO-OPS,FL,historic,1977-03-16,1993-11-03,True,False,MLLW,,Diurnal,,True,True,True,False
8729824,"FLORIDATOWN, ESCAMBIA BAY",30.5817,-87.18,NOAA CO-OPS,FL,historic,1977-03-17,1977-08-02,True,False,MLLW,,Diurnal,,False,True,True,False
8729840,Pensacola,30.4044,-87.2112,NOAA CO-OPS,FL,active,1923-04-30,,True,False,MLLW,NWLON,Diurnal,PCLF1,True,True,True,True
8729849,BAYOU CHICO,30.4017,-87.2517,NOAA CO-OPS,FL,historic,1977-01-28,1983-06-14,True,False,MLLW,,,,False,True,True,False
8729851,CHEMSTRAND PIER,30.5983,-87.2467,NOAA CO-OPS,FL,historic,1977-03-16,1977-11-01,True,False,MLLW,,,,False,True,True,False
8729868,"PENSACOLA, NAVAL AIR STATION",30.345,-87.2733,NOAA CO-OPS,FL,historic,1977-02-01,1977-07-26,True,False,MLLW,,,,False,True,True,False
8729871,"WARRINGTON, BAYOU GRANDE",30.375,-87.2767,NOAA CO-OPS,FL,historic,1977-01-21,1977-07-27,True,False,MLLW,,,,False,True,True,False
8729882,"FORT PICKENS, PENSACOLA BAY",30.33,-87.2917,NOAA CO-OPS,FL,historic,1977-01-21,1983-06-23,True,False,MLLW,,,,False,True,True,False
8729889,HEAD OF BAYOU GRANDE,30.37,-87.3183,NOAA CO-OPS,FL,historic,1977-01-31,1983-02-11,True,False,MLLW,,,,False,True,True,False
8729905,"Millview, Perdido Bay",30.4183,-87.3567,NOAA CO-OPS,FL,historic,1977-06-01,2007-02-02,True,False,MLLW,Hydro,Diurnal,,True,True,True,False
8729909,BIG LAGOON,30.3267,-87.3567,NOAA CO-OPS,FL,historic,1977-01-20,1994-03-31,True,False,MLLW,,Diurnal,,True,True,True,False
8729938,TARKLIN BAY,30.35,-87.415,NOAA CO-OPS,FL,historic,1977-01-31,1977-06-01,True,False,MLLW,,Diurnal,,False,True,True,False
8729941,Blue Angels Park,30.386944,-87.4288,NOAA CO-OPS,FL,historic,2008-10-18,2011-03-16,True,False,MLLW,Hydro,Diurnal,,True,True,True,False
8729943,"HURST HAMMOCK, PERDIDO RIVER",30.4583,-87.4083,NOAA CO-OPS,FL,historic,1977-03-17,1977-08-03,True,False,MLLW,,Diurnal,,False,True,True,False
8729949,NORTH PERDIDO RIVER,30.5233,-87.4433,NOAA CO-OPS,FL,historic,1977-03-17,1994-01-04,True,False,MLLW,,Diurnal,,True,True,True,False
8729962,"NIX POINT, PERDIDO BAY",30.3933,-87.425,NOAA CO-OPS,FL,historic,1973-01-31,1994-03-31,True,False,MLLW,,Diurnal,,True,True,True,False
8729974,"PERDIDO KEY, OLD  RIVER",30.3,-87.4483,NOAA CO-OPS,FL,historic,1977-01-20,1994-04-01,True,False,MLLW,,Diurnal,,True,True,True,False
8730561,"Arnica Bay, Mill Point",30.3102,-87.5193,NOAA CO-OPS,AL,historic,2021-03-14,2021-08-11,True,False,MLLW,,Diurnal,,True,True,True,False
8730667,Alabama Point,30.27861,-87.555,NOAA CO-OPS,AL,historic,1993-11-18,2007-03-26,True,False,MLLW,Hydro,Diurnal,,True,True,True,False
8730849,Wolf Bay,30.355,-87.6,NOAA CO-OPS,AL,historic,1994-01-04,2021-08-11,True,False,MLLW,,Diurnal,,True,True,True,False
8731269,Gulf State Park Pier,30.2483,-87.6683,NOAA CO-OPS,AL,historic,1980-03-28,2021-08-12,True,False,MLLW,,Diurnal,,True,True,True,False
8731439,"Gulf Shores, ICWW",30.279888,-87.68428,NOAA CO-OPS,AL,historic,2008-10-17,2011-03-17,True,False,MLLW,Hydro,Diurnal,,True,True,True,False
8731952,BON SECOUR,30.3033,-87.735,NOAA CO-OPS,AL,historic,1980-03-14,1986-12-11,True,False,MLLW,,Diurnal,,False,True,True,False
8732828,"Weeks Bay, Mobile Bay",30.4169,-87.8254,NOAA CO-OPS,AL,historic,2007-08-23,2022-04-07,True,False,MLLW,COASTAL,Diurnal,WBYA1,True,True,True,False
8733502,"Fly Creek, Mobile Bay",30.5428,-87.901,NOAA CO-OPS,AL,historic,,2021-08-12,True,False,MLLW,,Diurnal,,True,True,True,False
8733821,"Point Clear, Mobile Bay",30.486639,-87.934525,NOAA CO-OPS,AL,historic,2010-11-01,2011-02-05,True,False,MLLW,Global,Diurnal,PTCA1,True,True,True,False
8733839,"Meaher State Park, Mobile Bay",30.667166,-87.93645,NOAA CO-OPS,AL,historic,2010-11-03,2011-02-10,True,False,MLLW,Global,Diurnal,MSPA1,True,True,True,False
8735180,Dauphin Island,30.25,-88.075,NOAA CO-OPS,AL,active,1966-03-30,,True,False,MLLW,NWLORTS,Diurnal,DILA1,True,True,True,True
8735181,Dauphin Island Hydro,30.25132,-88.07948,NOAA CO-OPS,AL,historic,1978-03-15,2010-11-16,True,False,MLLW,Hydro,Diurnal,,True,True,True,False
8735184,DAUPHIN ISLAND (TEMP),30.2517,-88.08,NOAA CO-OPS,AL,historic,1979-10-30,1981-04-16,True,False,MLLW,,Diurnal,,False,True,True,False
8735391,Dog River Bridge,30.5652,-88.088,NOAA CO-OPS,AL,active,2010-09-08,,True,False,MLLW,PORTS,Diurnal,BYSA1,True,True,True,False
8735523,East Fowl River Bridge,30.4437,-88.1139,NOAA CO-OPS,AL,active,1980-03-24,,True,False,MLLW,PORTS,Diurnal,EFRA1,True,True,True,False
8735587,"NORTH POINT, DAUPHIN ISLAND",30.2583,-88.1133,NOAA CO-OPS,AL,historic,1980-04-05,1981-01-07,True,False,MLLW,,Diurnal,,False,True,True,False
8736897,Coast Guard Sector Mobile,30.6495,-88.05811,NOAA CO-OPS,AL,active,2007-08-03,,True,False,MLLW,PORTS,Diurnal,MCGA1,True,True,True,True
8737048,Mobile State Docks,30.70461,-88.03961,NOAA CO-OPS,AL,active,1980-03-24,,True,False,MLLW,NWLORTS,Diurnal,OBLA1,True,True,True,True
8737138,Chickasaw Creek,30.7819,-88.0736,NOAA CO-OPS,AL,active,2011-04-22,,True,False,MLLW,PORTS,Diurnal,CIKA1,True,True,True,False
8737373,Lower Bryant Landing,30.9783,-87.8733,NOAA CO-OPS,AL,historic,2004-06-22,2007-08-20,True,False,MLLW,COASTAL,Diurnal,,True,True,True,False
8738043,West Fowl River Bridge,30.3766,-88.1586,NOAA CO-OPS,AL,active,2011-04-22,,True,False,MLLW,PORTS,Diurnal,WFRA1,True,True,True,False
8739803,Bayou La Batre Bridge,30.4057,-88.2477,NOAA CO-OPS,AL,active,2011-04-22,,True,False,MLLW,PORTS,Diurnal,BLBA1,True,True,True,False
8740166,"Grand Bay NERR, Mississippi Sound",30.413195,-88.402885,NOAA CO-OPS,MS,historic,2010-05-10,2022-04-07,True,False,MLLW,COASTAL,Diurnal,GBRM6,True,True,True,False
8740175,"B.H. FISH CAMP, BAYOU HERON",30.4083,-88.4017,NOAA CO-OPS,MS,historic,1980-10-30,1981-11-19,True,False,MLLW,,Diurnal,,False,True,True,False
8740405,"PETIT BOIS ISLAND, MISS. SOUND",30.2033,-88.4417,NOAA CO-OPS,MS,historic,1980-03-25,1980-12-18,True,False,MLLW,,Diurnal,,False,True,True,False
8740448,"POINT OF PINES, BAYOU CUMBEST",30.3867,-88.44,NOAA CO-OPS,MS,historic,1980-10-30,1984-12-03,True,False,MLLW,,Diurnal,,False,True,True,False
8740965,"MS CHEMICAL CO., BAYOU CASOTTE",30.3633,-88.5567,NOAA CO-OPS,MS,historic,1981-03-27,1981-07-13,True,False,MLLW,,Diurnal,,False,True,True,False
8740993,"Pascagoula, South Side",30.3222,-88.508,NOAA CO-OPS,MS,historic,,2022-07-31,True,False,MLLW,,Diurnal,,True,True,True,False
8741041,"Dock E, Port of Pascagoula",30.347778,-88.50584,NOAA CO-OPS,MS,historic,2008-01-22,2018-02-13,True,False,MLLW,PORTS,Diurnal,ULAM6,True,True,True,False
8741196,Pascagoula Point,30.34,-88.5333,NOAA CO-OPS,MS,historic,1980-03-24,2005-08-11,True,False,MLLW,Hydro,Diurnal,,True,True,True,False
8741414,"ESCATAWPA, PASCAGOULA R.",30.44,-88.5567,NOAA CO-OPS,MS,historic,1981-06-30,1981-10-05,True,False,MLLW,,Diurnal,,False,True,True,False
8741429,"L&N BRIDGE, PASCAGOULA RIVER",30.3667,-88.5633,NOAA CO-OPS,MS,historic,1981-03-27,1981-07-14,True,False,MLLW,,Diurnal,,False,True,True,False
8741533,Pascagoula NOAA Lab,30.367777,-88.56306,NOAA CO-OPS,MS,active,2005-09-13,,True,False,MLLW,NWLORTS,Diurnal,PNLM6,True,True,True,True
8741798,Gautier,30.3833,-88.61,NOAA CO-OPS,MS,historic,1980-10-08,1986-12-09,True,False,MLLW,,Diurnal,,False,True,True,False
8742205,GRAVELINE BAYOU ENTRANCE,30.3617,-88.6633,NOAA CO-OPS,MS,historic,1980-10-30,1981-11-20,True,False,MLLW,,Diurnal,,False,True,True,False
8742221,Horn Island,30.2383,-88.6667,NOAA CO-OPS,MS,historic,1980-04-16,2005-08-29,True,False,MLLW,Hydro,Diurnal,,True,True,True,False
8742523,North Shore,30.3733,-88.705,NOAA CO-OPS,MS,historic,1981-03-30,1981-07-13,True,False,MLLW,,Diurnal,,False,True,True,False
8742947,EASTERN OLD FORT BAYOU,30.44,-88.7267,NOAA CO-OPS,MS,historic,1980-01-31,1980-05-01,True,False,MLLW,,Diurnal,,False,True,True,False
8743081,"HOLLINGSWORTH POINT, DAVIS BAYOU",30.3867,-88.7733,NOAA CO-OPS,MS,historic,1979-06-29,1980-12-17,True,False,MLLW,,Diurnal,,False,True,True,False
8743181,"Old Fort Bayou, Ocean Springs Marina",30.4217,-88.7883,NOAA CO-OPS,MS,historic,1980-01-31,1980-05-01,True,False,MLLW,,Diurnal,,False,True,True,False
8743281,Ocean Springs,30.3917,-88.7983,NOAA CO-OPS,MS,historic,2005-04-29,2005-08-29,True,False,MLLW,,Diurnal,,True,True,True,False
8743301,"BAYOU TALLA, BACK BAY OF BILOXI",30.43,-88.8,NOAA CO-OPS,MS,historic,1980-01-31,1980-05-01,True,False,MLLW,,Diurnal,,False,True,True,False
8743495,"OCEAN SPRINGS, OLD FORT BAYOU",30.42,-88.8283,NOAA CO-OPS,MS,historic,1979-06-29,1980-12-17,True,False,MLLW,,Diurnal,,False,True,True,False
8743639,"BAYOU POITO, BACK BAY OF BILOXI",30.4383,-88.845,NOAA CO-OPS,MS,historic,1980-01-31,1980-05-01,True,False,MLLW,,Diurnal,,False,True,True,False
8743735,Biloxi (Cadet Point),30.39,-88.8567,NOAA CO-OPS,MS,historic,1979-06-11,1989-11-10,True,False,MLLW,,Diurnal,,False,True,True,False
8743812,Deer Island,30.3833,-88.8667,NOAA CO-OPS,MS,historic,1979-07-27,1979-11-09,True,False,MLLW,,Diurnal,,False,True,True,False
8743838,Langley Point,30.425,-88.87,NOAA CO-OPS,MS,historic,1980-01-18,1980-05-01,True,False,MLLW,,Diurnal,,False,True,True,False
8744117,Biloxi,30.4117,-88.9033,NOAA CO-OPS,MS,historic,2004-06-24,2005-08-29,True,False,MLLW,COASTAL,Diurnal,,True,True,True,False
8744284,"KEESLER AFB, BACK BAY OF BILOXI",30.4183,-88.925,NOAA CO-OPS,MS,historic,1979-07-28,1979-11-07,True,False,MLLW,,Diurnal,,False,True,True,False
8744391,"CEDAR LAKE,TCHOUTACABOUFFA RIVER",30.46,-88.9383,NOAA CO-OPS,MS,historic,1979-06-29,1980-07-01,True,False,MLLW,,Diurnal,,False,True,True,False
8744663,Tchoutacabouffa River Entrance,30.4417,-88.9733,NOAA CO-OPS,MS,historic,1979-07-26,1979-11-06,True,False,MLLW,,Diurnal,,False,True,True,False
8744671,"POPPS FERRY, BACK BAY OF BILOXI",30.4133,-88.975,NOAA CO-OPS,MS,historic,1979-06-29,1984-12-06,True,False,MLLW,,Diurnal,,False,True,True,False
8744756,"Ship Island, Mississippi Sound",30.2133,-88.9717,NOAA CO-OPS,MS,historic,1979-08-17,2011-11-30,True,False,MLLW,Hydro,Diurnal,,True,True,True,False
8744934,"BILOXI RIVER, LOWER END",30.435,-89.0083,NOAA CO-OPS,MS,historic,1979-07-31,1979-11-01,True,False,MLLW,,Diurnal,,False,True,True,False
8745101,"HANDSBORO BRIDGE, BERNARD BAYOU",30.4067,-89.0267,NOAA CO-OPS,MS,historic,1979-07-31,1979-11-01,True,False,MLLW,,Diurnal,,False,True,True,False
8745375,"TURKEY CREEK, BERNARD BAYOU",30.4267,-89.0533,NOAA CO-OPS,MS,historic,1979-06-29,1980-07-01,True,False,MLLW,,Diurnal,,False,True,True,False
8745555,Landon,30.4317,-89.0817,NOAA CO-OPS,MS,historic,1979-06-21,1980-07-02,True,False,MLLW,,Diurnal,,False,True,True,False
8745557,Gulfport Harbor,30.36,-89.0817,NOAA CO-OPS,MS,historic,1979-07-31,2011-03-18,True,False,MLLW,Hydro,Diurnal,GHBM6,True,True,True,False
8745799,"CAT ISLAND, MISSISSIPPI SOUND",30.2317,-89.1167,NOAA CO-OPS,MS,historic,1979-07-31,1980-02-01,True,False,MLLW,,Diurnal,,False,True,True,False
8746487,EASTERN WOLF RIVER,30.3967,-89.2,NOAA CO-OPS,MS,historic,1978-10-31,1979-02-01,True,False,MLLW,,,,False,True,True,False
8746724,JOHNSON BAYOU,30.3367,-89.225,NOAA CO-OPS,MS,historic,1978-10-31,1979-02-01,True,False,MLLW,,,,False,True,True,False
8746737,"CUEVAS, EASTERN BAYOU PORTAGE",30.36,-89.225,NOAA CO-OPS,MS,historic,1978-10-31,1979-02-01,True,False,MLLW,,,,False,True,True,False
8746819,"PASS CHRISTIAN YACHT CLUB, MISS. SOUND",30.31,-89.245,NOAA CO-OPS,MS,historic,1979-06-29,1980-12-17,True,False,MLLW,,Diurnal,,False,True,True,False
8746908,"DELISLE, DELISLE BAYOU",30.38,-89.2533,NOAA CO-OPS,MS,historic,1978-10-31,1979-02-01,True,False,MLLW,,,,False,True,True,False
8746943,"HENDERSON AVENUE BRIDGE, BAYOU PORTAGE",30.3417,-89.265,NOAA CO-OPS,MS,historic,1978-10-31,1979-02-01,True,False,MLLW,,,,False,True,True,False
8747038,"HENDERSON AVENUE BRIDGE, WOLF RIVER",30.3583,-89.2733,NOAA CO-OPS,MS,historic,1978-05-31,1979-06-01,True,False,MLLW,,,,False,True,True,False
8747131,MALLINI BAYOU NORTH,30.3267,-89.2883,NOAA CO-OPS,MS,historic,1978-10-31,1979-02-01,True,False,MLLW,,,,False,True,True,False
8747145,MALLINI BAYOU SOUTH,30.3117,-89.2867,NOAA CO-OPS,MS,historic,1978-10-31,1979-02-01,True,False,MLLW,,,,False,True,True,False
8747398,"NORTH SHORE, BAY OF ST. LOUIS",30.3733,-89.3217,NOAA CO-OPS,MS,historic,1978-10-31,1979-02-01,True,False,MLLW,,,,False,True,True,False
8747437,Bay Waveland Yacht Club,30.326342,-89.3258,NOAA CO-OPS,MS,active,1978-05-31,,True,False,MLLW,NWLON,Diurnal,WYCM6,True,True,True,True
8747739,JOURDAN RIVER ENTRANCE,30.3367,-89.3667,NOAA CO-OPS,MS,historic,1978-10-31,1979-02-01,True,False,MLLW,,,,False,True,True,False
8747766,Waveland,30.2817,-89.3667,NOAA CO-OPS,MS,historic,1996-10-24,2005-08-29,True,False,MLLW,,Diurnal,WAVM6,True,True,True,False
8747819,"WATTS BAYOU, JOURDAN RIVER",30.3283,-89.3733,NOAA CO-OPS,MS,historic,1978-10-31,1979-02-01,True,False,MLLW,,,,False,True,True,False
8747934,CUTOFF BAYOU,30.3517,-89.3883,NOAA CO-OPS,MS,historic,1979-02-27,1979-06-01,True,False,MLLW,,,,False,True,True,False
8747961,ROTTEN BAYOU,30.3983,-89.385,NOAA CO-OPS,MS,historic,1978-05-31,1979-06-01,True,False,MLLW,,,,False,True,True,False
8748005,"BREATH BAYOU, JOURDAN RIVER",30.3167,-89.4017,NOAA CO-OPS,MS,historic,1978-10-31,1979-02-01,True,False,MLLW,,,,False,True,True,False
8748087,LOWER JOURDAN RIVER,30.375,-89.4067,NOAA CO-OPS,MS,historic,1978-05-31,1979-06-01,True,False,MLLW,,,,False,True,True,False
8748145,BAYOU LA CROIX,30.3333,-89.4167,NOAA CO-OPS,MS,historic,1978-05-31,1979-06-01,True,False,MLLW,,,,False,True,True,False
8748318,BAYOU PHILLIP,30.3117,-89.435,NOAA CO-OPS,MS,historic,1979-02-27,1979-06-01,True,False,MLLW,,,,False,True,True,False
8748371,JOURDAN RIVER,30.395,-89.4317,NOAA CO-OPS,MS,historic,1978-05-31,1979-06-01,True,False,MLLW,,,,False,True,True,False
8748469,BAYOU LA CROIX WEST,30.3217,-89.4533,NOAA CO-OPS,MS,historic,1979-02-27,1979-06-01,True,False,MLLW,,,,False,True,True,False
8748568,JOURDAN RIVER WEST,30.3917,-89.47,NOAA CO-OPS,MS,historic,1979-02-27,1979-06-01,True,False,MLLW,,,,False,True,True,False
8749704,"PEARLINGTON, PEARL RIVER",30.24,-89.615,NOAA CO-OPS,MS,historic,1978-05-31,1984-12-06,True,False,MLLW,,Diurnal,,False,True,True,False
8760412,North Pass,29.205,-89.0367,NOAA CO-OPS,LA,historic,1980-03-20,1982-01-17,True,False,MLLW,,Diurnal,,False,True,True,False
8760417,Devon Energy Facility,29.20075,-89.044464,NOAA CO-OPS,LA,historic,2008-04-04,2009-02-10,True,False,MLLW,Hydro,Diurnal,,True,True,True,False
8760550,SOUTH PASS,28.9917,-89.14,NOAA CO-OPS,LA,historic,1981-03-08,1984-10-15,True,False,MLLW,,Diurnal,,False,True,True,False
8760551,South Pass,28.99,-89.14,NOAA CO-OPS,LA,historic,1977-11-08,2000-09-26,True,False,MLLW,,Diurnal,SPSL1,True,True,True,False
8760595,BRETON ISLAND,29.4933,-89.1733,NOAA CO-OPS,LA,historic,1980-03-17,1982-01-18,True,False,MLLW,,Diurnal,,False,True,True,False
8760668,GRAND PASS,30.1267,-89.2217,NOAA CO-OPS,LA,historic,1980-12-10,1996-04-03,True,False,MLLW,,Diurnal,,True,True,True,False
8760721,Pilottown,29.179306,-89.258835,NOAA CO-OPS,LA,active,1980-12-19,,True,False,MLLW,PORTS,Diurnal,PILL1,True,True,True,True
8760742,COMFORT ISLAND,29.8233,-89.27,NOAA CO-OPS,LA,historic,1980-03-18,1982-03-03,True,False,MLLW,,Diurnal,,False,True,True,False
8760781,"SHELL OIL, EAST BAY",29.0533,-89.305,NOAA CO-OPS,LA,historic,1985-01-08,1986-02-20,True,False,MLLW,,Diurnal,,False,True,True,False
8760783,SOUTHWEST PASS,29.0567,-89.3083,NOAA CO-OPS,LA,historic,1985-01-06,1986-02-20,True,False,MLLW,,Diurnal,,False,True,True,False
8760849,"VENICE, GRAND PASS",29.2733,-89.3517,NOAA CO-OPS,LA,historic,1985-07-09,1999-01-19,True,False,MLLW,,Diurnal,,True,True,True,False
8760889,"Olga Compressor Station, Grand Bay",29.386555,-89.38014,NOAA CO-OPS,LA,historic,1985-07-12,2009-02-01,True,False,MLLW,Hydro,Diurnal,,True,True,True,False
8760922,"Pilots Station East, S.W. Pass",28.9322,-89.4075,NOAA CO-OPS,LA,active,2004-03-08,,True,False,MLLW,NWLORTS,Diurnal,PSTL1,True,True,True,True
8760943,SW Pass,28.925,-89.4183,NOAA CO-OPS,LA,historic,1996-05-27,2004-03-08,True,False,MLLW,StChas,Diurnal,,True,True,True,False
8761108,BAY GARDENE,29.5983,-89.6183,NOAA CO-OPS,LA,historic,1980-12-16,1988-07-12,True,False,MLLW,,Diurnal,,False,True,True,False
8761115,Bay Pomme D'or,29.3506,-89.5399,NOAA CO-OPS,LA,historic,2024-01-24,2024-05-02,True,False,MLLW,,Diurnal,,True,True,True,False
8761193,"EMPIRE, MISSISSIPPI RIVER",29.39,-89.595,NOAA CO-OPS,LA,historic,1996-05-15,1999-01-19,True,False,MLLW,,Diurnal,,True,True,True,False
8761198,"CHEVRON STATION 289, PELICAN ISLAND",29.2667,-89.5983,NOAA CO-OPS,LA,historic,1985-07-09,1986-09-03,True,False,MLLW,,Diurnal,,False,True,True,False
8761207,"EMPIRE, DOULLUT CANAL",29.375,-89.6017,NOAA CO-OPS,LA,historic,1985-07-23,1991-01-02,True,False,MLLW,,Diurnal,,True,True,True,False
8761305,Shell Beach,29.86811,-89.67325,NOAA CO-OPS,LA,active,1979-11-07,,True,False,MLLW,NWLON,Diurnal,SHBL1,True,True,True,True
8761385,VICINITY OF UNO CHEF MENTEUR,30.06875,-89.802086,NOAA CO-OPS,LA,historic,2014-09-26,2014-11-21,True,False,MLLW,,Diurnal,,True,True,True,False
8761402,The Rigolets,30.1667,-89.7367,NOAA CO-OPS,LA,historic,1980-12-04,2014-11-22,True,False,MLLW,,Diurnal,,True,True,True,False
8761414,"BILLET BAY COMMUNITY, BILLET BAY",29.3717,-89.7517,NOAA CO-OPS,LA,historic,1985-07-20,1986-11-04,True,False,MLLW,,Diurnal,,False,True,True,False
8761426,"GREENS DITCH, LAKE ST. CATHERINE",30.1117,-89.76,NOAA CO-OPS,LA,historic,1982-11-25,1983-12-20,True,False,MLLW,,Diurnal,,False,True,True,False
8761431,Rat Bayou,29.566694,-89.76336,NOAA CO-OPS,LA,historic,2024-01-30,2024-05-02,True,False,MLLW,,Diurnal,,True,True,True,False
8761432,Bayou Chene,29.5127,-89.7645,NOAA CO-OPS,LA,historic,2024-01-18,2024-05-02,True,False,MLLW,,Diurnal,,True,True,True,False
8761473,"RT. 433, BAYOU BONFOUCA",30.2717,-89.7933,NOAA CO-OPS,LA,historic,1982-11-22,1988-06-09,True,False,MLLW,,Diurnal,,False,True,True,False
8761484,"LEASE VB #4, BAYOU DULAC",29.4567,-89.8,NOAA CO-OPS,LA,historic,1985-07-11,1986-11-04,True,False,MLLW,,Diurnal,,False,True,True,False
8761487,"CHEF MENTEUR, CHEF MENTEUR PASS",30.065,-89.8,NOAA CO-OPS,LA,historic,1982-11-25,1991-01-02,True,False,MLLW,,Diurnal,,True,True,True,False
8761494,"WEST POINT A LA HACHE, MISS. RIVER",29.5733,-89.805,NOAA CO-OPS,LA,historic,1996-05-15,1999-01-19,True,False,MLLW,,Diurnal,,True,True,True,False
8761529,"MARTELLO CASTLE, LAKE BORGNE",29.945,-89.835,NOAA CO-OPS,LA,historic,1982-11-23,2007-06-06,True,False,MLLW,Hydro,Diurnal,,True,True,True,False
8761534,"BIG POINT, LAKE PONTCHARTRAIN",30.2283,-89.8533,NOAA CO-OPS,LA,historic,1982-11-22,1983-12-19,True,False,MLLW,,Diurnal,,False,True,True,False
8761602,"LAKE JUDGE PEREZ, HERMITAGE BAYO",29.5583,-89.8833,NOAA CO-OPS,LA,historic,1985-06-29,1986-10-01,True,False,MLLW,,Diurnal,,False,True,True,False
8761678,"MICHOUD SUBSTATION, ICWW",30.0067,-89.9367,NOAA CO-OPS,LA,historic,1982-11-25,1997-06-01,True,False,MLLW,,Diurnal,,True,True,True,False
8761679,"ST. MARYS POINT, BARATARIA BAY",29.4317,-89.9383,NOAA CO-OPS,LA,historic,1985-07-18,1987-01-06,True,False,MLLW,,Diurnal,,False,True,True,False
8761699,"S.N.G. CO., LACOMBE BAYOU",30.28,-89.9533,NOAA CO-OPS,LA,historic,1982-11-22,1984-01-06,True,False,MLLW,,Diurnal,,False,True,True,False
8761720,GRAND ISLE,29.255,-89.9683,NOAA CO-OPS,LA,historic,1947-08-02,1980-05-14,True,False,MLLW,,Diurnal,,False,True,True,False
8761724,Grand Isle,29.2633,-89.9567,NOAA CO-OPS,LA,active,1979-11-09,,True,False,MLLW,NWLON,Diurnal,GISL1,True,True,True,True
8761727,"ALLIANCE, MISSISSIPPI RIVER",29.69,-89.9733,NOAA CO-OPS,LA,historic,1996-05-15,1999-01-19,True,False,MLLW,,Diurnal,,True,True,True,False
8761742,"MENDICANT ISLAND, BARATARIA BAY",29.3183,-89.98,NOAA CO-OPS,LA,historic,1985-07-19,1986-09-04,True,False,MLLW,,Diurnal,,False,True,True,False
8761799,"M.V. PETROLEUM DOCK, BAYOU ST DENIS",29.4967,-90.025,NOAA CO-OPS,LA,historic,1985-07-17,1986-09-04,True,False,MLLW,,Diurnal,,False,True,True,False
8761819,"TEXACO DOCK, HACKBERRY BAY",29.4017,-90.0383,NOAA CO-OPS,LA,historic,1986-10-28,1987-11-13,True,False,MLLW,,Diurnal,,False,True,True,False
8761826,"CHENIERE CAMINADA, CAMINADA PASS",29.21,-90.04,NOAA CO-OPS,LA,historic,1986-10-27,1988-02-02,True,False,MLLW,,Diurnal,,False,True,True,False
8761899,"LAFITTE, BARATARIA WATERWAY",29.6667,-90.1117,NOAA CO-OPS,LA,historic,1985-06-29,1991-01-02,True,False,MLLW,,Diurnal,,True,True,True,False
8761927,New Canal Station,30.027222,-90.113335,NOAA CO-OPS,LA,active,1982-11-21,,True,False,MLLW,NWLON,Diurnal,NWCL1,True,True,True,True
8761955,Carrollton,29.932888,-90.135475,NOAA CO-OPS,LA,active,1996-05-15,,False,False,STND,PORTS,Diurnal,CARL1,True,True,True,True
8761959,"EQUITABLE PETROLEUM DOCK, TURTLE BAY",29.52,-90.1383,NOAA CO-OPS,LA,historic,1986-10-29,1987-06-13,True,False,MLLW,,Diurnal,,False,True,True,False
8761962,"TEXACO GAS EXPLORATION DOCK, BAY RAMBO",29.3617,-90.14,NOAA CO-OPS,LA,historic,1986-10-29,1988-02-08,True,False,MLLW,,Diurnal,,False,True,True,False
8761993,"TCHEFUNCTA RIVER, LAKE PONT",30.3783,-90.16,NOAA CO-OPS,LA,historic,1982-11-21,1988-06-08,True,False,MLLW,,Diurnal,,False,True,True,False
8762075,"Port Fourchon, Belle Pass",29.1142,-90.1993,NOAA CO-OPS,LA,active,2003-07-19,,True,False,MLLW,PORTS,Diurnal,PTFL1,True,True,True,False
8762079,FOURCHON (LUMCON),29.1133,-90.185,NOAA CO-OPS,LA,historic,1986-10-10,1988-06-06,True,False,MLLW,,Diurnal,,False,True,True,False
8762084,"LEEVILLE, BAYOU LAFOURCHE",29.2483,-90.2117,NOAA CO-OPS,LA,historic,1934-04-23,1991-01-08,True,False,MLLW,,Diurnal,,True,True,True,False
8762184,"GOLDEN MEADOW, PLAISANCE CANAL",29.3733,-90.265,NOAA CO-OPS,LA,historic,1986-10-27,1987-11-02,True,False,MLLW,,Diurnal,,False,True,True,False
8762223,"EAST TIMBALIER ISLAND, TIMBALIER BAY",29.0767,-90.285,NOAA CO-OPS,LA,historic,1986-10-28,1988-01-06,True,False,MLLW,,Diurnal,,False,True,True,False
8762231,"SALVADOR WMA, LAKE SALVADOR",29.7717,-90.29,NOAA CO-OPS,LA,historic,1985-07-15,1986-11-06,False,False,STND,,Diurnal,,False,True,True,False
8762273,"EAST END, PASS MANCHAC",30.2967,-90.3117,NOAA CO-OPS,LA,historic,1982-11-23,1988-06-07,True,False,MLLW,,Diurnal,,False,True,True,False
8762329,Bayou Faleau,29.470388,-90.342224,NOAA CO-OPS,LA,historic,2024-01-31,2024-05-04,True,False,MLLW,,Diurnal,,True,True,True,False
8762372,"East Bank 1, Norco, B. LaBranche",30.050333,-90.368,NOAA CO-OPS,LA,historic,1982-11-30,2012-11-05,True,False,MLLW,"Global,StChas",Diurnal,LABL1,True,True,True,False
8762419,"U.S. HIGHWAY 51, PASS MANCHAC",30.285,-90.4017,NOAA CO-OPS,LA,historic,1982-11-21,1991-01-02,True,False,MLLW,,Diurnal,,True,True,True,False
8762482,"West Bank 1, Bayou Gauche",29.78861,-90.42028,NOAA CO-OPS,LA,active,2003-05-02,,False,False,STND,"NWLON,Global,COASTAL,StChas",Diurnal,BYGL1,True,True,True,True
8762483,I-10 Bonnet Carre Floodway,30.0679,-90.39,NOAA CO-OPS,LA,historic,2015-04-27,2022-05-17,True,False,MLLW,,Diurnal,BCFL1,True,True,True,False
8762525,"Pointe Au Chien, Cut Off Canal",29.4167,-90.4467,NOAA CO-OPS,LA,historic,1987-04-30,1988-08-02,True,False,MLLW,,Diurnal,,False,True,True,False
8762571,"PT. AU CHIEN WMA, ST LOUIS CANAL",29.4567,-90.4717,NOAA CO-OPS,LA,historic,1986-10-07,1988-03-02,True,False,MLLW,,Diurnal,,False,True,True,False
8762582,"TIMBALIER ISLAND, TIMBALIER BAY",29.0667,-90.4767,NOAA CO-OPS,LA,historic,1986-10-29,1988-03-01,True,False,MLLW,,Diurnal,,False,True,True,False
8762731,"POINT BARRE, HUMBLE CANAL",29.4283,-90.5567,NOAA CO-OPS,LA,historic,1986-10-25,1987-11-03,True,False,MLLW,,Diurnal,,False,True,True,False
8762788,"CARTHAGE BLUFF LDG, AMITE RIVER",30.3083,-90.5867,NOAA CO-OPS,LA,historic,1982-11-21,1983-12-16,True,False,MLLW,,Diurnal,,False,True,True,False
8762888,"E. ISLE DERNIERES, LAKE PELTO",29.0717,-90.64,NOAA CO-OPS,LA,historic,1986-10-30,1993-09-09,True,False,MLLW,,Diurnal,,True,True,True,False
8762928,Cocodrie,29.245,-90.6617,NOAA CO-OPS,LA,historic,1934-03-26,2000-01-01,True,False,MLLW,,Diurnal,,True,True,True,False
8762938,"TEXACO TB#3, BAYOU PETIT CAILLOU",29.1867,-90.6667,NOAA CO-OPS,LA,historic,1986-10-22,1988-04-07,True,False,MLLW,,Diurnal,,False,True,True,False
8763027,"LA HIGHWAY 57, BAYOU DULAC",29.3733,-90.7117,NOAA CO-OPS,LA,historic,1986-10-25,1987-11-03,True,False,MLLW,,Diurnal,,False,True,True,False
8763153,"SUPERIOR OIL, FOUR ISLAND BAYOU",29.235,-90.78,NOAA CO-OPS,LA,historic,1986-10-30,1987-11-19,True,False,MLLW,,Diurnal,,False,True,True,False
8763506,"RACCOON POINT, ISLE DERNIERES",29.0633,-90.9617,NOAA CO-OPS,LA,historic,1934-06-24,1979-05-10,True,False,MLLW,,,,False,True,True,False
8763535,"Texas Gas Platform, Caillou Bay",29.174778,-90.97645,NOAA CO-OPS,LA,historic,2008-10-11,2012-12-18,True,False,MLLW,Hydro,Diurnal,,True,True,True,False
8763843,Fourleague Bay,29.3418,-91.1355,NOAA CO-OPS,LA,historic,2019-09-16,2020-07-11,True,False,MLLW,,Diurnal,,True,True,True,False
8763921,Doiron Landing,29.764029,-91.17589,NOAA CO-OPS,LA,historic,2019-09-16,2020-07-12,True,False,MLLW,,Diurnal,,True,True,True,False
8763986,MORGAN CITY,29.6933,-91.21,NOAA CO-OPS,LA,historic,1934-11-01,1979-03-01,True,False,MLLW,,,,False,True,True,False
8764025,Stouts Pass at Six Mile Lake,29.7433,-91.23,NOAA CO-OPS,LA,historic,2006-02-09,2007-03-20,True,False,MLLW,Hydro,Diurnal,,True,True,True,False
8764044,"Berwick, Atchafalaya River",29.6675,-91.23761,NOAA CO-OPS,LA,active,2003-07-24,,True,False,MLLW,NWLORTS,Diurnal,TESL1,True,True,True,True
8764101,DEER ISLAND,29.4733,-91.2667,NOAA CO-OPS,LA,historic,1978-03-18,1978-11-24,True,False,MLLW,,Diurnal,,False,True,True,False
8764165,"SHELL ISLAND,ATCHAFALAYA BAY",29.4733,-91.305,NOAA CO-OPS,LA,historic,1960-06-01,1961-06-01,True,False,MLLW,,Diurnal,,False,True,True,False
8764227,"LAWMA, Amerada Pass",29.4496,-91.3381,NOAA CO-OPS,LA,active,2005-11-01,,True,False,MLLW,NWLORTS,Diurnal,AMRL1,True,True,True,True
8764256,POINT AU FER,29.3333,-91.3533,NOAA CO-OPS,LA,historic,1960-06-01,1978-11-17,True,False,MLLW,,,,False,True,True,False
8764311,Eugene Island,29.3717,-91.385,NOAA CO-OPS,LA,historic,1934-04-01,2005-08-16,True,False,MLLW,Hydro,Diurnal,UGIL1,True,True,True,False
8764314,"Eugene Island, North of, Atchafalaya Bay",29.3675,-91.3839,NOAA CO-OPS,LA,active,2014-11-15,,True,False,MLLW,PORTS,Diurnal,EINL1,True,True,True,True
8764361,WAX LAKE OUTLET,29.5733,-91.42,NOAA CO-OPS,LA,historic,1978-04-04,1978-11-24,True,False,MLLW,,,,False,True,True,False
8764632,SALT POINT,29.5733,-91.5367,NOAA CO-OPS,LA,historic,1978-05-15,1978-07-11,True,False,MLLW,,,,False,True,True,False
8765026,"MARSH IS., ATCHAFALAYA BAY",29.485,-91.7633,NOAA CO-OPS,LA,historic,1960-06-01,1978-10-27,True,False,MLLW,,Diurnal,,False,True,True,False
8765148,Weeks Bay,29.837223,-91.8375,NOAA CO-OPS,LA,historic,2001-08-19,2001-09-19,True,False,MLLW,,Diurnal,,True,True,True,False
8765171,New Iberia,29.9483,-91.8383,NOAA CO-OPS,LA,historic,2001-08-20,2002-10-28,True,False,MLLW,,Diurnal,,True,True,True,False
8765251,Cypremort Point,29.713362,-91.88,NOAA CO-OPS,LA,historic,2005-08-08,2010-11-11,True,False,MLLW,Hydro,Diurnal,CYPL1,True,True,True,False
8765258,CYPREMORT POINT,29.7117,-91.8783,NOAA CO-OPS,LA,historic,1978-04-10,1978-11-16,True,False,MLLW,,,,False,True,True,False
8765746,"Bayou Fearman, Vermillion Bay",29.6744,-92.1352,NOAA CO-OPS,LA,historic,2019-09-16,2020-02-21,True,False,MLLW,,Diurnal,,True,True,True,False
8765785,Intracoastal City,29.783,-92.1556,NOAA CO-OPS,LA,historic,2019-09-16,2020-02-21,True,False,MLLW,,Diurnal,,True,True,True,False
8765969,Freshwater Bayou,29.6554,-92.2507,NOAA CO-OPS,LA,historic,2019-09-16,2020-07-09,True,False,MLLW,,Diurnal,,True,True,True,False
8765994,Schooner Bayou,29.7581,-92.2638,NOAA CO-OPS,LA,historic,2019-09-16,2020-02-22,True,False,MLLW,,Diurnal,,True,True,True,False
8766072,Freshwater Canal Locks,29.551695,-92.30519,NOAA CO-OPS,LA,active,2005-08-03,,True,False,MLLW,NWLON,Diurnal,FRWL1,True,True,True,True
8766503,Rollover Bayou,29.576666,-92.535,NOAA CO-OPS,LA,historic,2019-09-16,2020-07-02,True,False,MLLW,,Diurnal,,True,True,True,False
8766769,Lake Arthur,30.0735,-92.6768,NOAA CO-OPS,LA,historic,2019-09-17,2020-06-27,True,False,MLLW,,Diurnal,,True,True,True,False
8766941,Joseph Harbor,29.6375,-92.7672,NOAA CO-OPS,LA,historic,2019-09-17,2020-08-27,True,False,MLLW,,Diurnal,,True,True,True,False
8767095,Catfish Point,29.8629,-92.8489,NOAA CO-OPS,LA,historic,2019-09-17,2020-07-02,True,False,MLLW,,Mixed Diurnal,,True,True,True,False
8767403,"MERMENTAU RIVER, GRAND CHENIER",29.775,-93.0083,NOAA CO-OPS,LA,historic,1989-10-20,2020-07-07,True,False,MLLW,,Diurnal,,True,True,True,False
8767816,Lake Charles,30.223612,-93.221664,NOAA CO-OPS,LA,active,1932-03-01,,True,False,MLLW,NWLORTS,Diurnal,LCLL1,True,True,True,True
8767911,East Calcasieu Lake,29.9939,-93.2705,NOAA CO-OPS,LA,historic,2019-09-17,2020-06-26,True,False,MLLW,,Diurnal,,True,True,True,False
8767961,Bulk Terminal,30.1903,-93.3007,NOAA CO-OPS,LA,active,2009-02-10,,True,False,MLLW,PORTS,Diurnal,BKTL1,True,True,True,True
8768094,Calcasieu Pass,29.768167,-93.34289,NOAA CO-OPS,LA,active,1933-02-21,,True,False,MLLW,"NWLORTS,COASTAL",Diurnal,CAPL1,True,True,True,True
8768772,"Gum Cove, ICWW",30.0587,-93.5226,NOAA CO-OPS,LA,historic,2019-09-17,2020-06-29,True,False,MLLW,,Diurnal,,True,True,True,False
8769858,East Sabine Lake,29.8127,-93.8621,NOAA CO-OPS,LA,historic,2019-09-17,2020-07-06,True,False,MLLW,,Diurnal,,True,True,True,False
8770475,Port Arthur,29.8667,-93.93,NOAA CO-OPS,TX,active,1996-04-01,,True,False,MLLW,"PORTS,TCOON",Diurnal,PORT2,True,True,True,True
8770501,"ANNIE'S LANDING, SAN JACINTO RIVER",29.8183,-95.0783,NOAA CO-OPS,TX,historic,1995-05-26,1995-09-13,True,False,MLLW,,Diurnal,,True,True,True,False
8770520,Rainbow Bridge,29.98,-93.8817,NOAA CO-OPS,TX,active,1993-08-04,,True,False,MLLW,TCOON,Diurnal,RBBT2,True,True,True,False
8770542,Buffalo Bayou,29.7619,-95.3443,NOAA CO-OPS,TX,historic,2019-09-20,2020-11-12,True,False,MLLW,,Diurnal,,True,True,True,False
8770570,Sabine Pass North,29.7284,-93.8701,NOAA CO-OPS,TX,historic,1985-01-28,2021-01-18,True,False,MLLW,,Diurnal,SBPT2,True,True,True,False
8770590,SABINE PASS,29.705,-93.8533,NOAA CO-OPS,TX,historic,1958-05-07,1985-11-23,True,False,MLLW,,Diurnal,,False,True,True,False
8770597,Orange,30.0983,-93.7217,NOAA CO-OPS,TX,historic,1988-11-01,2003-01-02,True,False,MLLW,TCOON,Diurnal,,True,True,True,False
8770613,"Morgans Point, Barbours Cut",29.681667,-94.985,NOAA CO-OPS,TX,active,1973-06-18,,True,False,MLLW,"PORTS,TCOON",Diurnal,MGPT2,True,True,True,True
8770625,"UMBRELLA POINT, TRINITY BAY",29.68,-94.8683,NOAA CO-OPS,TX,historic,1994-11-03,1996-06-14,True,False,MLLW,,Diurnal,,True,True,True,False
8770653,"CYPRESS, SAN JACINTO RIVER",29.8467,-95.0883,NOAA CO-OPS,TX,historic,1983-10-23,2020-03-30,True,False,MLLW,,Diurnal,,True,True,True,False
8770733,Lynchburg Landing (TCOON),29.765,-95.0783,NOAA CO-OPS,TX,active,1983-10-18,,True,False,MLLW,TCOON,Diurnal,LYBT2,True,True,True,True
8770743,Battleship Texas State Park,29.7567,-95.09,NOAA CO-OPS,TX,historic,2002-05-05,2008-12-31,True,False,MLLW,TCOON,Diurnal,BTLT2,True,True,True,False
8770752,COX WC-53 Platform,29.624,-93.75,NOAA CO-OPS,TX,historic,2020-01-01,,True,False,MLLW,USACE,Diurnal,,True,True,True,False
8770777,Manchester,29.7263,-95.2658,NOAA CO-OPS,TX,active,1995-01-01,,True,False,MLLW,"PORTS,TCOON",Diurnal,NCHT2,True,True,True,True
8770808,High Island,29.5947,-94.3903,NOAA CO-OPS,TX,active,2012-11-25,,True,False,MLLW,TCOON,Diurnal,HIST2,True,True,True,True
8770822,"Texas Point, Sabine Pass",29.6893,-93.8418,NOAA CO-OPS,TX,active,2011-06-28,,True,False,MLLW,"NWLORTS,TCOON",Diurnal,TXPT2,True,True,True,True
8770931,"SMITH POINT, GALVESTON BAY",29.535,-94.7817,NOAA CO-OPS,TX,historic,1995-05-09,2020-06-16,True,False,MLLW,,Diurnal,,True,True,True,False
8770933,Clear Lake,29.5633,-95.0667,NOAA CO-OPS,TX,historic,1990-10-04,2008-12-31,True,False,MLLW,TCOON,Diurnal,CLLT2,True,True,True,False
8770971,Rollover Pass,29.515,-94.5133,NOAA CO-OPS,TX,active,2004-02-24,,True,False,MLLW,TCOON,Diurnal,RLOT2,True,True,True,True
8771013,"Eagle Point, Galveston Bay",29.481306,-94.91725,NOAA CO-OPS,TX,active,1973-06-14,,True,False,MLLW,"PORTS,TCOON",Diurnal,EPTT2,True,True,True,True
8771021,TRINITY RIVER CHANNEL PLATFORM,29.515,-94.8483,NOAA CO-OPS,TX,historic,1995-05-08,1995-08-16,True,False,MLLW,,Diurnal,,True,True,True,False
8771050,Renaissance SA-13 Platform,29.479,-93.64,NOAA CO-OPS,TX,historic,2020-01-01,,True,False,MLLW,USACE,Diurnal,,True,True,True,False
8771074,Fieldwood WC-289 Platform,29.347,-93.635,NOAA CO-OPS,TX,historic,2020-01-01,,True,False,MLLW,USACE,Diurnal,,True,True,True,False
8771081,Sabine Offshore,29.4983,-93.64,NOAA CO-OPS,TX,historic,1996-01-11,2001-08-24,True,False,MLLW,,Diurnal,,True,True,True,False
8771165,Goat Island,29.4311,-94.7104,NOAA CO-OPS,TX,historic,2019-09-20,2020-03-26,True,False,MLLW,,Diurnal,,True,True,True,False
8771262,Texas City,29.3906,-94.8849,NOAA CO-OPS,TX,historic,2019-09-20,2020-03-28,True,False,MLLW,,Diurnal,,True,True,True,False
8771328,Port Bolivar,29.365,-94.78,NOAA CO-OPS,TX,historic,1994-06-01,2001-05-29,True,False,MLLW,,Diurnal,,True,True,True,False
8771341,"Galveston Bay Entrance, North Jetty",29.357462,-94.724724,NOAA CO-OPS,TX,active,2000-04-17,,True,False,MLLW,NWLORTS,Diurnal,GNJT2,True,True,True,True
8771367,Sabine Offshore Light,29.469,-93.72,NOAA CO-OPS,TX,active,2020-01-01,,True,False,MLLW,"PORTS,TCOON",Mixed Diurnal,SFLT2,True,True,True,False
8771416,"Galveston Bay Entrance, South Jetty",29.3267,-94.6933,NOAA CO-OPS,TX,historic,1925-05-02,2003-07-15,True,False,MLLW,,Diurnal,GSJT2,True,True,True,False
8771450,Galveston Pier 21,29.31,-94.7933,NOAA CO-OPS,TX,active,1904-01-01,,True,False,MLLW,NWLORTS,Diurnal,GTOT2,True,True,True,True
8771486,Galveston Railroad Bridge,29.3026,-94.8971,NOAA CO-OPS,TX,active,2012-09-01,,True,False,MLLW,TCOON,Diurnal,GRRT2,True,True,True,True
8771510,Galveston Pleasure Pier,29.2853,-94.7894,NOAA CO-OPS,TX,historic,1957-01-01,2011-07-20,True,False,MLLW,PORTS,Diurnal,GPST2,True,True,True,False
8771722,Jamaica Beach,29.1986,-94.9883,NOAA CO-OPS,TX,historic,2019-09-20,2020-03-25,True,False,MLLW,,Diurnal,,True,True,True,False
8771801,"ALLIGATOR POINT, WEST BAY",29.1667,-95.125,NOAA CO-OPS,TX,historic,1993-01-01,1993-06-30,True,False,MLLW,,,,True,True,True,False
8771904,GALVESTON OFFSHORE,29.1233,-94.5083,NOAA CO-OPS,TX,historic,1995-08-19,1998-08-10,True,False,MLLW,,Diurnal,,True,True,True,False
8771972,San Luis Pass,29.095,-95.1133,NOAA CO-OPS,TX,active,1998-01-29,,True,False,MLLW,TCOON,Diurnal,LUIT2,True,True,True,True
8772132,CHRISTMAS BAY,29.0417,-95.175,NOAA CO-OPS,TX,historic,1990-10-04,1995-08-22,True,False,MLLW,,Diurnal,,True,True,True,False
8772391,Old Brazos River Freeport,28.9611,-95.3674,NOAA CO-OPS,TX,historic,2019-09-20,2020-06-14,True,False,MLLW,,Diurnal,,True,True,True,False
8772440,Freeport,28.9483,-95.3083,NOAA CO-OPS,TX,historic,1954-04-08,2008-03-19,True,False,MLLW,,Diurnal,FPTT2,True,True,True,False
8772447,Freeport,28.943306,-95.3025,NOAA CO-OPS,TX,historic,2006-09-20,2020-05-24,True,False,MLLW,,Diurnal,FCGT2,True,True,True,False
8772471,Freeport Harbor,28.9357,-95.2942,NOAA CO-OPS,TX,active,2016-06-24,,True,False,MLLW,NWLORTS,Diurnal,FPST2,True,True,True,True
8772479,Freeport Entrance Jetty,28.9303,-95.3059,NOAA CO-OPS,TX,historic,1977-10-20,2020-06-15,True,False,MLLW,,Diurnal,,True,True,True,False
8772985,Sargent,28.771639,-95.61684,NOAA CO-OPS,TX,active,2012-11-08,,True,False,MLLW,TCOON,Diurnal,SGNT2,True,True,True,False
8773037,Seadrift,28.4069,-96.7124,NOAA CO-OPS,TX,active,2004-02-09,,True,False,MLLW,TCOON,Diurnal,SDRT2,True,True,True,True
8773146,Matagorda City,28.71,-95.9139,NOAA CO-OPS,TX,active,2012-10-11,,True,False,MLLW,TCOON,Diurnal,EMAT2,True,True,True,True
8773156,PALACIOS,28.6933,-96.225,NOAA CO-OPS,TX,historic,1991-04-24,1995-04-27,True,False,MLLW,,Diurnal,,True,True,True,False
8773259,Port Lavaca,28.6406,-96.6098,NOAA CO-OPS,TX,active,1989-01-28,,True,False,MLLW,"PORTS,TCOON",Diurnal,VCAT2,True,True,True,True
8773385,Matagorda Peninsula,28.612072,-95.97544,NOAA CO-OPS,TX,historic,2019-09-20,2020-06-24,True,False,MLLW,,Diurnal,,True,True,True,False
8773701,Port O'Connor,28.4517,-96.3883,NOAA CO-OPS,TX,active,1989-01-28,,True,False,MLLW,"PORTS,TCOON",Diurnal,PCNT2,True,True,True,True
8773767,Matagorda Bay Entrance Channel,28.4269,-96.3301,NOAA CO-OPS,TX,active,2014-09-18,,True,False,MLLW,NWLORTS,Diurnal,MBET2,True,True,True,True
8773808,Barroom Bay,28.403,-96.4808,NOAA CO-OPS,TX,historic,2019-09-20,2020-06-23,True,False,MLLW,,Diurnal,,True,True,True,False
8773896,Shoalwater Flats,28.3645,-96.5803,NOAA CO-OPS,TX,historic,2019-09-20,2020-06-22,True,False,MLLW,,Diurnal,,True,True,True,False
8773963,NORTH MATAGORDA,28.3333,-96.4617,NOAA CO-OPS,TX,historic,1991-02-14,1994-03-09,True,False,MLLW,,Diurnal,,True,True,True,False
8774230,Aransas Wildlife Refuge,28.2283,-96.795,NOAA CO-OPS,TX,active,2012-10-09,,True,False,MLLW,TCOON,Diurnal,AWRT2,True,True,True,True
8774513,Copano Bay,28.118305,-97.0217,NOAA CO-OPS,TX,active,2004-01-08,,True,False,MLLW,TCOON,Diurnal,CPNT2,True,True,True,True
8774652,"BAYSIDE, COPANO BAY",28.0683,-97.1956,NOAA CO-OPS,TX,historic,1992-09-13,2020-03-22,True,False,MLLW,,Diurnal,,True,True,True,False
8774770,Rockport,28.021667,-97.04667,NOAA CO-OPS,TX,active,1937-02-25,,True,False,MLLW,NWLON,Diurnal,RCPT2,True,True,True,True
8775083,"ARANSAS PASS, REDFISH BAY",27.9081,-97.1353,NOAA CO-OPS,TX,historic,1989-10-30,2020-03-22,True,False,MLLW,,Diurnal,,True,True,True,False
8775131,Portland,27.8828,-97.3431,NOAA CO-OPS,TX,historic,2019-09-20,2020-06-20,True,False,MLLW,,Diurnal,,True,True,True,False
8775132,La Quinta Channel North,27.8804,-97.2735,NOAA CO-OPS,TX,active,2020-04-27,,True,False,MLLW,PORTS,Diurnal,LQAT2,True,True,True,True
8775222,Viola Turning Basin,27.8461,-97.5207,NOAA CO-OPS,TX,active,2007-04-18,,True,False,MLLW,PORTS,Diurnal,VTBT2,True,True,True,True
8775237,Port Aransas,27.8397,-97.0725,NOAA CO-OPS,TX,active,1990-05-25,,True,False,MLLW,"PORTS,TCOON",Diurnal,RTAT2,True,True,True,True
8775238,PORT ARANSAS (SPECIAL PROJECT),27.8383,-97.0517,NOAA CO-OPS,TX,historic,1989-10-27,1991-03-01,True,False,MLLW,,Diurnal,,True,True,True,False
8775241,"Aransas, Aransas Pass",27.8366,-97.0391,NOAA CO-OPS,TX,active,2016-08-01,,True,False,MLLW,"PORTS,TCOON",Diurnal,ANPT2,True,True,True,True
8775244,Nueces Bay,27.8328,-97.4859,NOAA CO-OPS,TX,historic,2010-01-25,2024-08-26,True,False,MLLW,PORTS,Diurnal,NUET2,True,True,True,False
8775270,"PORT ARANSAS, H. CALDWELL PIER",27.8267,-97.05,NOAA CO-OPS,TX,historic,1958-05-15,1984-09-03,True,False,MLLW,,Diurnal,,False,True,True,False
8775283,"Enbridge, Ingleside",27.818611,-97.20895,NOAA CO-OPS,TX,active,1989-11-07,,True,False,MLLW,PORTS,Diurnal,MHBT2,True,True,True,True
8775296,"USS Lexington, Corpus Christi Bay",27.8149,-97.3892,NOAA CO-OPS,TX,active,2004-01-08,,True,False,MLLW,"PORTS,TCOON",Diurnal,TAQT2,True,True,True,True
8775351,CORPUS CHRISTI,27.7933,-97.39,NOAA CO-OPS,TX,historic,1988-12-31,1991-04-04,True,False,MLLW,,Diurnal,,True,True,True,False
8775421,Naval Air Station,27.705,-97.28,NOAA CO-OPS,TX,historic,2003-04-04,2004-07-29,True,False,MLLW,TCOON,Diurnal,,True,True,True,False
8775792,Packery Channel,27.6333,-97.2367,NOAA CO-OPS,TX,active,1988-11-30,,True,False,MLLW,TCOON,Diurnal,PACT2,True,True,True,True
8775870,"Bob Hall Pier, Corpus Christi",27.58,-97.2167,NOAA CO-OPS,TX,active,1983-05-09,,True,False,MLLW,NWLON,Diurnal,MQTT2,True,True,True,True
8776139,S. Bird Island,27.484362,-97.31811,NOAA CO-OPS,TX,active,2003-12-17,,False,False,STND,TCOON,Diurnal,IRDT2,True,True,True,True
8776604,Baffin Bay,27.297,-97.40517,NOAA CO-OPS,TX,active,1998-11-17,,False,False,STND,TCOON,Diurnal,BABT2,True,True,True,True
8776639,"RIVIERA BEACH, BAFFIN BAY",27.288305,-97.6617,NOAA CO-OPS,TX,historic,1990-07-24,2020-03-20,True,False,MLLW,,Diurnal,,True,True,True,False
8776687,YARBROUGH PASS,27.1667,-97.4333,NOAA CO-OPS,TX,historic,1990-03-13,1996-02-24,False,False,STND,,Diurnal,,True,True,True,False
8777562,EL TORO,26.9417,-97.4583,NOAA CO-OPS,TX,historic,1990-03-04,1997-09-18,True,False,MLLW,,Diurnal,,True,True,True,False
8777812,Rincon Del San Jose,26.801195,-97.47056,NOAA CO-OPS,TX,active,1990-03-04,,False,False,STND,TCOON,Diurnal,RSJT2,True,True,True,True
8778485,"Padre Island, Port Mansfield Channel Ent",26.5642,-97.2765,NOAA CO-OPS,TX,historic,2019-09-20,2020-06-18,True,False,MLLW,,Diurnal,,True,True,True,False
8778490,Port Mansfield,26.557638,-97.42572,NOAA CO-OPS,TX,active,1962-08-11,,False,False,STND,TCOON,Diurnal,PMNT2,True,True,True,True
8779040,"GREEN IS #1, WEST SIDE",26.3617,-97.3183,NOAA CO-OPS,TX,historic,1976-12-01,1980-04-17,True,False,MLLW,,Diurnal,,False,True,True,False
8779280,Realitos Peninsula,26.2624,-97.2853,NOAA CO-OPS,TX,active,2009-02-23,,True,False,MLLW,TCOON,Diurnal,RLIT2,True,True,True,True
8779571,CAMERON CO. FISHING PIER,26.14,-97.1667,NOAA CO-OPS,TX,historic,1978-08-16,1983-05-28,True,False,MLLW,,Diurnal,,False,True,True,False
8779724,Queen Isabella Causeway,26.0783,-97.17,NOAA CO-OPS,TX,historic,1976-12-14,1978-04-27,True,False,MLLW,,Diurnal,,False,True,True,False
8779739,"W QUEEN ISABELLA CAUSEWAY, PORT ISABEL",26.0717,-97.1917,NOAA CO-OPS,TX,historic,1973-10-02,1978-05-02,True,False,MLLW,,Diurnal,,False,True,True,False
8779748,South Padre Island CG Station,26.0731,-97.1675,NOAA CO-OPS,TX,active,1993-04-15,,True,False,MLLW,TCOON,Diurnal,PCGT2,True,True,True,True
8779749,SPI Brazos Santiago,26.0675,-97.1548,NOAA CO-OPS,TX,active,2016-08-01,,True,False,MLLW,TCOON,Diurnal,BZST2,True,True,True,True
8779750,"South Padre Island, Brazos Santiago Pass",26.0683,-97.1567,NOAA CO-OPS,TX,historic,1958-06-01,1994-05-05,True,False,MLLW,,Diurnal,,True,True,True,False
8779751,"PADRE ISLAND, SOUTH END",26.0683,-97.1517,NOAA CO-OPS,TX,historic,1978-09-01,1994-05-05,True,False,MLLW,,Diurnal,,True,True,True,False
8779753,"SOUTH PADRE IS., (MODIFIED BULB)",26.0683,-97.15,NOAA CO-OPS,TX,historic,1988-03-09,1993-03-23,True,False,MLLW,,Diurnal,,True,True,True,False
8779768,SOUTH BAY,26.0517,-97.1817,NOAA CO-OPS,TX,historic,1991-02-12,1993-01-12,True,False,MLLW,TCOON,Diurnal,,True,True,True,False
8779770,Port Isabel,26.061167,-97.21553,NOAA CO-OPS,TX,active,1944-03-31,,True,False,MLLW,NWLON,Diurnal,PTIT2,True,True,True,True
8779911,San Martin Lake Channel,26.0018,-97.2986,NOAA CO-OPS,TX,historic,2019-09-20,2020-06-16,True,False,MLLW,,Diurnal,,True,True,True,False
8779977,Brownsville,25.9517,-97.4017,NOAA CO-OPS,TX,historic,2002-06-19,2003-01-02,True,False,MLLW,Hydro,Diurnal,,True,True,True,False
9014070,Algonac,42.621113,-82.526665,NOAA CO-OPS,MI,active,1926-07-01,,False,True,IGLD,NWLON,Great Lakes,AGCM4,True,True,True,True
9014080,St. Clair State Police,42.81222,-82.48556,NOAA CO-OPS,MI,active,1971-01-01,,False,True,IGLD,NWLON,Great Lakes,SCRM4,True,True,True,False
9014081,St. Clair,42.804165,-82.46528,NOAA CO-OPS,MI,historic,1910-05-01,1985-12-31,False,True,IGLD,,,,False,True,True,False
9014084,Marysville,42.9067,-82.4667,NOAA CO-OPS,MI,historic,1924-11-01,2000-09-30,False,True,IGLD,,Great Lakes,,True,True,True,False
9014087,Dry Dock,42.94528,-82.44334,NOAA CO-OPS,MI,active,1899-03-01,,False,True,IGLD,NWLON,Great Lakes,PHXM4,True,True,True,False
9014090,Mouth of the Black River,42.9738,-82.4204,NOAA CO-OPS,MI,active,1900-01-01,,False,True,IGLD,NWLON,Great Lakes,MBRM4,True,True,True,False
9014091,Mouth of the Black River,42.974667,-82.41881,NOAA CO-OPS,MI,historic,2008-10-20,2009-12-15,False,True,IGLD,,Great Lakes,MBRM4,True,True,True,False
9014095,"Port Huron, North of Blue Water Bridge",43.00211,-82.42289,NOAA CO-OPS,MI,historic,2023-01-06,2024-06-29,False,True,IGLD,,Great Lakes,PBWM4,True,True,True,False
9014096,Dunn Paper,43.0033,-82.4217,NOAA CO-OPS,MI,historic,1955-02-01,2023-10-30,False,True,IGLD,,Great Lakes,DUPM4,True,True,True,False
9014098,Fort Gratiot,43.0069,-82.4225,NOAA CO-OPS,MI,active,1970-01-01,,False,True,IGLD,NWLON,Great Lakes,FTGM4,True,True,True,False
9014099,Fort Gratiot,43.005554,-82.422226,NOAA CO-OPS,MI,historic,1899-11-01,1985-12-31,False,True,IGLD,,,,False,True,True,False
9034051,Grosse Pointe YC,42.435,-82.8717,NOAA CO-OPS,MI,historic,1898-01-01,1970-04-30,False,True,IGLD,,Great Lakes,,False,True,True,False
9034052,St Clair Shores,42.47322,-82.87925,NOAA CO-OPS,MI,active,1968-03-01,,False,True,IGLD,NWLON,Great Lakes,SCSM4,True,True,True,False
9034055,Point Huron,42.59325,-82.772446,NOAA CO-OPS,MI,historic,2018-03-27,2018-10-25,False,True,IGLD,,Great Lakes,,True,True,True,False
9034057,"New Baltimore, Lake St. Clair",42.677776,-82.73389,NOAA CO-OPS,MI,historic,2008-06-11,2018-10-23,False,True,IGLD,Hydro,Great Lakes,,True,True,True,False
9034058,MINNICH DOCK,42.575,-82.655,NOAA CO-OPS,MI,historic,1970-03-01,1975-12-31,False,True,IGLD,,,,False,True,True,False
9044020,Gibraltar,42.090862,-83.186,NOAA CO-OPS,MI,active,1989-11-08,,False,True,IGLD,NWLON,Great Lakes,GRTM4,True,True,True,False
9044030,Wyandotte,42.202305,-83.1475,NOAA CO-OPS,MI,active,1930-05-01,,False,True,IGLD,NWLON,Great Lakes,WDTM4,True,True,True,False
9044035,Fort Wayne,42.298054,-83.09278,NOAA CO-OPS,MI,historic,1901-06-01,1985-12-31,False,True,IGLD,,Great Lakes,,False,True,True,False
9044036,Fort Wayne,42.298912,-83.092636,NOAA CO-OPS,MI,active,1970-01-01,,False,True,IGLD,NWLON,Great Lakes,FWNM4,True,True,True,False
9044049,Windmill Point,42.357777,-82.92995,NOAA CO-OPS,MI,active,1897-06-01,,False,True,IGLD,NWLON,Great Lakes,WMPM4,True,True,True,False
9052000,Cape Vincent,44.13028,-76.33222,NOAA CO-OPS,NY,active,1916-01-01,,False,True,IGLD,NWLON,Great Lakes,CAVN6,True,True,True,True
9052001,TIBBETTS POINT,44.100304,-76.37033,NOAA CO-OPS,NY,historic,1899-08-01,1915-12-31,False,True,IGLD,,,,False,True,True,False
9052012,SACKETS HARBOR,43.95028,-76.120415,NOAA CO-OPS,NY,historic,,2021-10-21,False,True,IGLD,,Great Lakes,,True,True,True,False
9052015,Stony Island,43.881,-76.35303,NOAA CO-OPS,NY,historic,2019-03-01,2019-11-07,False,True,IGLD,,Great Lakes,,True,True,True,False
9052025,"Port Ontario, Lake Ontario",43.573612,-76.20194,NOAA CO-OPS,NY,historic,1948-06-01,2018-11-05,False,True,IGLD,,Great Lakes,,True,True,True,False
9052030,Oswego,43.46417,-76.51183,NOAA CO-OPS,NY,active,1860-01-01,,False,True,IGLD,NWLON,Great Lakes,OSGN6,True,True,True,False
9052043,"Little Sodus Bay, Lake Ontario",43.34528,-76.70722,NOAA CO-OPS,NY,historic,,2021-10-20,False,True,IGLD,,Great Lakes,,True,True,True,False
9052058,Rochester,43.26903,-77.62575,NOAA CO-OPS,NY,active,1860-01-01,,False,True,IGLD,NWLON,Great Lakes,RCRN6,True,True,True,False
9052069,Entrance to Sandy Creek,43.351112,-77.89222,NOAA CO-OPS,NY,historic,2021-04-22,2021-10-19,False,True,IGLD,,Great Lakes,,True,True,True,False
9052076,Olcott,43.33839,-78.72733,NOAA CO-OPS,NY,active,1967-01-01,,False,True,IGLD,NWLON,Great Lakes,OCTN6,True,True,True,False
9052090,Fort Niagara,43.26389,-79.06416,NOAA CO-OPS,NY,historic,1815-03-01,2018-11-03,False,True,IGLD,,Great Lakes,,True,True,True,False
9063007,Ashland Ave,43.09992,-79.05991,NOAA CO-OPS,NY,active,1957-06-01,,False,True,IGLD,NWLON,Great Lakes,NGAN6,True,True,True,False
9063009,American Falls,43.08106,-79.06136,NOAA CO-OPS,NY,active,1900-01-01,,False,True,IGLD,NWLON,Great Lakes,AMFN6,True,True,True,False
9063010,American Falls,43.081944,-79.0625,NOAA CO-OPS,NY,historic,1955-05-14,1987-02-28,False,True,IGLD,,,,False,True,True,False
9063012,Niagara Intake,43.07689,-79.01403,NOAA CO-OPS,NY,active,1963-01-01,,False,True,IGLD,NWLON,Great Lakes,NIAN6,True,True,True,False
9063013,LA SALLE YACHT CLUB,43.073307,-78.98497,NOAA CO-OPS,NY,historic,1965-02-01,1976-01-31,False,True,IGLD,,,,False,True,True,False
9063015,"Beaver Island State Park, Niagara River",42.95811,-78.95411,NOAA CO-OPS,NY,historic,2018-03-14,2018-11-02,False,True,IGLD,,Great Lakes,,True,True,True,False
9063016,HUNTLEY STATION,42.971195,-78.93,NOAA CO-OPS,NY,historic,1967-05-08,1975-12-23,False,True,IGLD,,,,False,True,True,False
9063017,Black Rock Canal,42.933887,-78.9075,NOAA CO-OPS,NY,historic,1932-05-01,1975-11-04,False,True,IGLD,,,,False,True,True,False
9063018,TONAWANDA ISLAND,43.028305,-78.886696,NOAA CO-OPS,NY,historic,1968-01-01,1975-12-31,False,True,IGLD,,,,False,True,True,False
9063019,PEACE BRIDGE,42.906696,-78.903305,NOAA CO-OPS,NY,historic,1967-05-20,1974-11-30,False,True,IGLD,,,,False,True,True,False
9063020,Buffalo,42.877445,-78.89047,NOAA CO-OPS,NY,active,1860-04-01,,False,True,IGLD,NWLON,Great Lakes,BUFN6,True,True,True,True
9063028,Sturgeon Point,42.691307,-79.04733,NOAA CO-OPS,NY,active,1989-12-05,,False,True,IGLD,NWLON,Great Lakes,PSTN6,True,True,True,False
9063029,Dunkirk,42.488693,-79.33628,NOAA CO-OPS,NY,historic,1935-05-01,2018-10-31,False,True,IGLD,,Great Lakes,,True,True,True,False
9063032,Barcelona,42.342777,-79.59361,NOAA CO-OPS,NY,historic,1960-09-01,2019-10-20,False,True,IGLD,,Great Lakes,,True,True,True,False
9063038,"Erie, Lake Erie",42.15389,-80.075836,NOAA CO-OPS,PA,active,1959-04-01,,False,True,IGLD,NWLON,Great Lakes,EREP1,True,True,True,False
9063043,CONNEAUT,41.963306,-80.54833,NOAA CO-OPS,OH,historic,1893-07-01,1979-09-30,False,True,IGLD,,,,False,True,True,False
9063048,Ashtabula,41.900444,-80.79806,NOAA CO-OPS,NY,historic,1872-09-01,2018-10-29,False,True,IGLD,,Great Lakes,,True,True,True,False
9063053,Fairport,41.75975,-81.28106,NOAA CO-OPS,OH,active,1935-05-04,,False,True,IGLD,NWLON,Great Lakes,FAIO1,True,True,True,True
9063063,Cleveland,41.54086,-81.635475,NOAA CO-OPS,OH,active,1859-12-31,,False,True,IGLD,NWLORTS,Great Lakes,CNDO1,True,True,True,True
9063069,Lorain,41.469334,-82.17528,NOAA CO-OPS,OH,historic,1902-04-01,2018-10-28,False,True,IGLD,,Great Lakes,,True,True,True,False
9063074,HURON,41.39997,-82.555,NOAA CO-OPS,OH,historic,1935-05-01,1979-09-30,False,True,IGLD,,,,False,True,True,False
9063075,Old Woman Creek NERRS,41.382553,-82.514366,NOAA CO-OPS,OH,historic,2014-04-01,2014-10-27,False,True,IGLD,,Great Lakes,,True,True,True,False
9063079,Marblehead,41.54364,-82.73139,NOAA CO-OPS,OH,active,1959-05-01,,False,True,IGLD,NWLON,Great Lakes,MRHO1,True,True,True,True
9063083,PORT CLINTON,41.514305,-82.940414,NOAA CO-OPS,OH,historic,1935-05-01,1935-09-30,False,True,IGLD,,,,False,True,True,False
9063085,Toledo,41.693554,-83.472275,NOAA CO-OPS,OH,active,1904-08-01,,False,True,IGLD,NWLORTS,Great Lakes,THRO1,True,True,True,True
9063087,MONROE,41.8983,-83.3617,NOAA CO-OPS,MI,historic,1975-09-09,1988-11-30,False,True,IGLD,,Great Lakes,,False,True,True,False
9063090,Fermi Power Plant,41.96,-83.25667,NOAA CO-OPS,MI,active,1963-09-01,,False,True,IGLD,NWLON,Great Lakes,FPPM4,True,True,True,False
9063091,"Cooley Creek, Lake Erie",41.673332,-83.284164,NOAA CO-OPS,OH,historic,2017-05-11,2017-10-11,False,True,IGLD,,Great Lakes,,True,True,True,False
9063097,PUT IN BAY,41.65861,-82.826385,NOAA CO-OPS,OH,historic,1935-05-20,2019-10-18,False,True,IGLD,,Great Lakes,,True,True,True,False
9063112,"Conners Island, Niagara River",43.073032,-78.97762,NOAA CO-OPS,NY,historic,1950-01-01,1958-12-31,False,True,IGLD,,,,False,True,True,False
9063117,ONTARIO STREET,42.943306,-78.90997,NOAA CO-OPS,NY,historic,1969-07-07,1982-06-15,False,True,IGLD,,,,False,True,True,False
9075002,Lakeport,43.141693,-82.49331,NOAA CO-OPS,MI,active,1955-09-01,,False,True,IGLD,NWLON,Great Lakes,LKPM4,True,True,True,False
9075011,PORT SANILAC,43.43111,-82.53861,NOAA CO-OPS,MI,historic,2019-03-01,2019-10-17,False,True,IGLD,,Great Lakes,,True,True,True,False
9075014,Harbor Beach,43.84639,-82.64306,NOAA CO-OPS,MI,active,1860-01-01,,False,True,IGLD,NWLON,Great Lakes,HRBM4,True,True,True,True
9075024,Port Austin,44.049446,-82.994446,NOAA CO-OPS,MI,historic,2018-03-13,2018-10-21,False,True,IGLD,,Great Lakes,,True,True,True,False
9075031,"Sebewaing, Lake Huron",43.735,-83.45861,NOAA CO-OPS,MI,historic,2017-05-23,2017-10-10,False,True,IGLD,,Great Lakes,,True,True,True,False
9075034,ESSEXVILLE,43.6417,-83.8467,NOAA CO-OPS,MI,historic,1953-01-01,1978-12-31,False,True,IGLD,,Great Lakes,,False,True,True,False
9075035,Essexville,43.6404,-83.8468,NOAA CO-OPS,MI,active,1977-08-01,,False,True,IGLD,NWLON,Great Lakes,ESVM4,True,True,True,False
9075041,Great Lakes Shores Marina,43.953888,-83.88194,NOAA CO-OPS,MI,historic,2018-03-13,2019-10-15,False,True,IGLD,,Great Lakes,,True,True,True,False
9075045,Point Lookout,44.04989,-83.6573,NOAA CO-OPS,MI,historic,2018-03-14,2018-10-22,False,True,IGLD,,Great Lakes,,True,True,True,False
9075056,"Oscoda, Lake Huron",44.406387,-83.32222,NOAA CO-OPS,MI,historic,2018-03-16,2018-10-15,False,True,IGLD,,Great Lakes,,True,True,True,False
9075057,BLACK RIVER,44.815834,-83.30556,NOAA CO-OPS,MI,historic,2019-03-04,2019-10-14,False,True,IGLD,,Great Lakes,,True,True,True,False
9075059,HARRISVILLE,44.6593,-83.2863,NOAA CO-OPS,MI,historic,1961-10-01,2008-11-05,False,True,IGLD,,Great Lakes,HSVM4,True,True,True,False
9075065,Alpena,45.063,-83.4286,NOAA CO-OPS,MI,active,2006-04-26,,False,True,IGLD,NWLON,Great Lakes,LPNM4,True,True,True,True
9075073,Rogers City,45.42278,-83.81028,NOAA CO-OPS,MI,historic,2018-03-16,2018-10-13,False,True,IGLD,,Great Lakes,,True,True,True,False
9075076,CHEBOYGAN,45.647778,-84.47195,NOAA CO-OPS,MI,historic,,2021-10-16,False,True,IGLD,,Great Lakes,,True,True,True,False
9075079,Mackinaw City,45.77789,-84.725334,NOAA CO-OPS,MI,historic,2008-12-08,2009-12-15,False,True,IGLD,,Great Lakes,MACM4,True,True,True,False
9075080,Mackinaw City,45.77722,-84.72111,NOAA CO-OPS,MI,active,1900-01-01,,False,True,IGLD,NWLON,Great Lakes,MACM4,True,True,True,True
9075092,CEDARVILLE,45.995834,-84.361664,NOAA CO-OPS,MI,historic,2019-03-04,2019-10-04,False,True,IGLD,,Great Lakes,,True,True,True,False
9075098,Detour on Lake Huron,46.0167,-83.92,NOAA CO-OPS,MI,historic,1901-07-01,1999-01-01,False,True,IGLD,,Great Lakes,,True,True,True,False
9075099,De Tour Village,45.9925,-83.8982,NOAA CO-OPS,MI,active,1977-11-01,,False,True,IGLD,"NWLON,NWLORTS",Great Lakes,DTLM4,True,True,True,True
9075199,Point Aux Frenes,46.086082,-84.06022,NOAA CO-OPS,MI,historic,2019-03-04,2019-10-03,False,False,STND,,Great Lakes,,True,True,True,False
9076024,Rock Cut,46.264805,-84.19119,NOAA CO-OPS,MI,active,2001-10-26,,False,True,IGLD,"NWLON,NWLORTS",Great Lakes,RCKM4,True,True,True,True
9076027,West Neebish Island,46.28469,-84.20981,NOAA CO-OPS,MI,active,2006-10-19,,False,True,IGLD,NWLORTS,Great Lakes,WNEM4,True,True,True,True
9076028,Lookout Station #4,46.284363,-84.2123,NOAA CO-OPS,MI,historic,2002-10-08,2009-01-10,False,True,IGLD,PORTS,Great Lakes,,True,True,True,False
9076032,Little Rapids,46.4847,-84.301,NOAA CO-OPS,MI,historic,2004-06-11,2011-02-11,False,True,IGLD,PORTS,Great Lakes,,True,True,True,False
9076033,Little Rapids,46.485832,-84.30167,NOAA CO-OPS,MI,active,2008-12-17,,False,True,IGLD,NWLORTS,Great Lakes,LTRM4,True,True,True,True
9076050,FRECHETTE POINT,46.461082,-84.28609,NOAA CO-OPS,MI,historic,1969-01-01,1985-03-31,False,True,IGLD,,,,False,True,True,False
9076060,U.S. Slip,46.500805,-84.34036,NOAA CO-OPS,MI,active,1903-04-01,,False,True,IGLD,PORTS,Great Lakes,USSM4,True,True,True,False
9076070,"S.W. Pier, St. Marys River",46.50111,-84.37261,NOAA CO-OPS,MI,active,1860-05-01,,False,True,IGLD,PORTS,Great Lakes,SWPM4,True,True,True,True
9087005,"PETOSKEY, LAKE MICHIGAN",45.3775,-84.95917,NOAA CO-OPS,MI,historic,2019-03-04,2019-10-05,False,True,IGLD,,Great Lakes,,True,True,True,False
9087010,Traverse City,44.766693,-85.625,NOAA CO-OPS,MI,historic,2015-04-17,2016-01-02,False,True,IGLD,,Great Lakes,,True,True,True,False
9087012,NORTHPORT,45.128334,-85.611946,NOAA CO-OPS,MI,historic,,2021-10-17,False,True,IGLD,,Great Lakes,,True,True,True,False
9087018,Frankfort,44.62989,-86.246414,NOAA CO-OPS,MI,historic,2018-03-16,2018-10-19,False,True,IGLD,,Great Lakes,,True,True,True,False
9087023,Ludington,43.94736,-86.4415,NOAA CO-OPS,MI,active,1895-11-01,,False,True,IGLD,NWLON,Great Lakes,LDTM4,True,True,True,False
9087028,Muskegon,43.2275,-86.23805,NOAA CO-OPS,MI,historic,1977-06-02,2014-10-23,False,True,IGLD,,Great Lakes,,True,True,True,False
9087031,Holland,42.773335,-86.212776,NOAA CO-OPS,MI,active,1894-06-01,,False,True,IGLD,NWLON,Great Lakes,HLNM4,True,True,True,True
9087036,St. Joseph,42.112835,-86.4805,NOAA CO-OPS,MI,historic,1991-05-01,2018-10-26,False,True,IGLD,,Great Lakes,,True,True,True,False
9087038,Michigan City,41.725,-86.90833,NOAA CO-OPS,IN,historic,1992-05-19,2016-01-02,False,True,IGLD,,Great Lakes,,True,True,True,False
9087042,INDIANA HARBOR,41.654026,-87.433334,NOAA CO-OPS,IN,historic,2017-05-17,2017-10-05,False,True,IGLD,,Great Lakes,,True,True,True,False
9087044,Calumet Harbor,41.72972,-87.53833,NOAA CO-OPS,IL,active,1905-02-01,,False,True,IGLD,NWLON,Great Lakes,CMTI2,True,True,True,False
9087050,WAUKEGAN,42.360832,-87.82333,NOAA CO-OPS,IL,historic,2017-05-11,2017-10-07,False,True,IGLD,,Great Lakes,,True,True,True,False
9087057,Milwaukee,43.001972,-87.88764,NOAA CO-OPS,WI,active,1989-09-01,,False,True,IGLD,NWLON,Great Lakes,MLQW3,True,True,True,False
9087058,"Milwaukee, Lake Michigan",43.002,-87.88761,NOAA CO-OPS,WI,historic,1860-01-01,1977-12-31,False,True,IGLD,,,,False,True,True,False
9087064,Manitowoc,44.089344,-87.64825,NOAA CO-OPS,WI,historic,2014-04-01,2014-10-21,False,True,IGLD,,Great Lakes,,True,True,True,False
9087068,"Kewaunee, Lake Michigan",44.46389,-87.50103,NOAA CO-OPS,WI,active,1974-01-01,,False,True,IGLD,NWLON,Great Lakes,KWNW3,True,True,True,False
9087072,Sturgeon Bay Canal,44.794693,-87.31392,NOAA CO-OPS,WI,active,1905-01-01,,False,True,IGLD,NWLON,Great Lakes,SBCW3,True,True,True,False
9087077,Green Bay East,44.539024,-88.00106,NOAA CO-OPS,WI,active,2009-05-27,,False,True,IGLD,NWLON,Great Lakes,GBWW3,True,True,True,False
9087078,GREEN BAY,44.54,-88.0083,NOAA CO-OPS,WI,historic,1953-07-01,1981-10-31,False,True,IGLD,,Great Lakes,,False,True,True,False
9087079,Green Bay,44.54111,-88.007225,NOAA CO-OPS,WI,historic,1980-01-01,2020-10-28,False,True,IGLD,NWLON,Great Lakes,GBWW3,True,True,True,False
9087088,Menominee,45.09589,-87.58994,NOAA CO-OPS,MI,active,2005-08-19,,False,True,IGLD,NWLON,Great Lakes,MNMM4,True,True,True,True
9087089,CEDAR RIVER,45.41,-87.351944,NOAA CO-OPS,MI,historic,,2021-10-14,False,True,IGLD,,Great Lakes,,True,True,True,False
9087090,ESCANABA,45.743332,-87.04195,NOAA CO-OPS,MI,historic,2019-03-04,2019-10-07,False,True,IGLD,,Great Lakes,,True,True,True,False
9087091,Anderson Point,45.61861,-86.65945,NOAA CO-OPS,MI,historic,2018-05-01,2018-10-09,False,True,IGLD,,Great Lakes,,True,True,True,False
9087094,MANISTIQUE,45.95222,-86.24722,NOAA CO-OPS,MI,historic,2017-05-11,2017-10-08,False,True,IGLD,,Great Lakes,,True,True,True,False
9087096,Port Inland,45.96989,-85.8715,NOAA CO-OPS,MI,active,1964-12-01,,False,True,IGLD,NWLON,Great Lakes,PNLM4,True,True,True,True
9087175,"Fish Creek Harbor, Lake Michigan",44.747223,-87.69889,NOAA CO-OPS,WI,historic,2018-05-04,2018-10-07,False,True,IGLD,,Great Lakes,,True,True,True,False
9099004,Point Iroquois,46.484444,-84.63084,NOAA CO-OPS,MI,active,1930-11-01,,False,True,IGLD,"NWLON,NWLORTS",Great Lakes,PTIM4,True,True,True,False
9099007,"Whitefish Point, Lake Superior",46.760555,-84.964165,NOAA CO-OPS,MI,historic,1966-01-01,2018-10-11,False,True,IGLD,,Great Lakes,,True,True,True,False
9099010,GRAND MARAIS,46.675278,-85.97111,NOAA CO-OPS,MI,historic,2021-05-16,2021-10-12,False,True,IGLD,,Great Lakes,,True,True,True,False
9099013,Munising,46.416695,-86.655,NOAA CO-OPS,MI,historic,2015-04-17,2016-01-02,False,True,IGLD,,Great Lakes,,True,True,True,False
9099016,Marquette,46.5417,-87.39,NOAA CO-OPS,MI,historic,1860-01-01,1980-12-31,False,True,IGLD,,Great Lakes,,False,True,True,False
9099018,Marquette C.G.,46.545555,-87.37861,NOAA CO-OPS,MI,active,1991-09-23,,False,True,IGLD,NWLON,Great Lakes,MCGM4,True,True,True,False
9099020,BIG BAY,46.826946,-87.72667,NOAA CO-OPS,MI,historic,,2021-10-11,False,True,IGLD,,Great Lakes,,True,True,True,False
9099025,KEWEENAW [LE],46.975555,-88.43278,NOAA CO-OPS,MI,historic,1950-01-01,2019-10-09,False,True,IGLD,,Great Lakes,,True,True,True,False
9099039,Eagle Harbor,47.45861,-88.14917,NOAA CO-OPS,MI,historic,2018-03-20,2018-10-05,False,True,IGLD,,Great Lakes,,True,True,True,False
9099041,KEWEENAW [UE],47.2325,-88.62361,NOAA CO-OPS,MI,historic,2019-03-04,2019-10-10,False,True,IGLD,,Great Lakes,,True,True,True,False
9099044,Ontonagon,46.874443,-89.324165,NOAA CO-OPS,MI,active,1959-08-01,,False,True,IGLD,NWLON,Great Lakes,OGOM4,True,True,True,False
9099047,"Black River, Lake Superior",46.66722,-90.049164,NOAA CO-OPS,MI,historic,,2021-10-09,False,True,IGLD,,Great Lakes,,True,True,True,False
9099050,Ashland,46.595554,-90.888336,NOAA CO-OPS,MI,historic,2018-03-12,2018-10-04,False,True,IGLD,,Great Lakes,,True,True,True,False
9099055,CORNUCOPIA,46.859722,-91.103615,NOAA CO-OPS,MI,historic,,2021-10-08,False,True,IGLD,,Great Lakes,,True,True,True,False
9099062,Superior NERRS,46.704445,-92.01664,NOAA CO-OPS,WI,historic,2014-04-01,2014-10-18,False,True,IGLD,,Great Lakes,,True,True,True,False
9099064,Duluth,46.77575,-92.092026,NOAA CO-OPS,MN,active,1860-04-01,,False,True,IGLD,NWLON,Great Lakes,DULM5,True,True,True,True
9099070,TWO HARBOR,47.0167,-91.675,NOAA CO-OPS,MN,historic,1887-06-01,1988-07-31,False,True,IGLD,,Great Lakes,,False,True,True,False
9099075,Beaver Bay,47.270557,-91.27583,NOAA CO-OPS,MN,historic,2018-03-12,2018-10-02,False,True,IGLD,,Great Lakes,,True,True,True,False
9099090,"Grand Marais, Lake Superior",47.748554,-90.34128,NOAA CO-OPS,MN,active,1966-01-01,,False,True,IGLD,NWLON,Great Lakes,GDMM5,True,True,True,True
9410025,"ONEONTA SLOUGH,TIJUANA EST.",32.5717,-117.12,NOAA CO-OPS,CA,historic,1978-02-21,1979-12-11,True,False,MLLW,,,,False,True,True,False
9410032,"WILSON COVE, SAN CLEMENTE IS.",33.005,-118.557,NOAA CO-OPS,CA,historic,1957-07-17,2018-06-20,True,False,MLLW,,Mixed,,True,True,True,False
9410079,"AVALON, SANTA CATALINA ISLAND",33.345,-118.325,NOAA CO-OPS,CA,historic,1975-02-25,2017-05-05,True,False,MLLW,,Mixed,,True,True,True,False
9410120,"IMPERIAL BEACH, PACIFIC OCEAN",32.5783,-117.135,NOAA CO-OPS,CA,historic,1976-05-01,1979-12-10,True,False,MLLW,,Mixed,,False,True,True,False
9410135,South San Diego Bay,32.6291,-117.1078,NOAA CO-OPS,CA,historic,2017-01-23,2017-05-08,True,False,MLLW,,Mixed,,True,True,True,False
9410155,Ballast Point,32.6867,-117.233,NOAA CO-OPS,CA,historic,1983-08-15,1983-09-29,True,False,MLLW,,Mixed,,False,True,True,False
9410170,San Diego,32.715557,-117.17667,NOAA CO-OPS,CA,active,1906-01-26,,True,False,MLLW,NWLON,Mixed,SDBC1,True,True,True,True
9410179,"Ocean Beach, Point Loma",32.7483,-117.255,NOAA CO-OPS,CA,historic,1994-04-20,1994-08-01,True,False,MLLW,,Mixed,,True,True,True,False
9410196,Mission Bay,32.7937,-117.2238,NOAA CO-OPS,CA,historic,2017-01-21,2017-05-07,True,False,MLLW,,Mixed,,True,True,True,False
9410230,La Jolla,32.86689,-117.25714,NOAA CO-OPS,CA,active,1924-08-01,,True,False,MLLW,NWLON,Mixed,LJAC1,True,True,True,True
9410302,SAN ELIJO LAGOON,33.0133,-117.277,NOAA CO-OPS,CA,historic,1979-05-27,1980-06-02,True,False,MLLW,,Mixed Diurnal,,False,True,True,False
9410396,OCEANSIDE HARBOR,33.21,-117.395,NOAA CO-OPS,CA,historic,1979-09-18,1980-06-02,True,False,MLLW,,,,False,True,True,False
9410580,"NEWPORT BEACH, NEWPORT BAY ENTRANCE",33.6033,-117.883,NOAA CO-OPS,CA,historic,1955-08-02,1994-01-27,True,False,MLLW,,Mixed Diurnal,,True,True,True,False
9410650,CABRILLO BEACH,33.7067,-118.273,NOAA CO-OPS,CA,historic,1973-05-09,1981-01-19,True,False,MLLW,,Mixed,,False,True,True,False
9410660,Los Angeles,33.72,-118.272,NOAA CO-OPS,CA,active,1923-11-28,,True,False,MLLW,NWLORTS,Mixed,OHBC1,True,True,True,True
9410678,Long Beach Fire Boat Pier,33.7478,-118.2158,NOAA CO-OPS,CA,active,,,True,False,MLLW,PORTS,Mixed,LBFC1,True,True,True,False
9410680,"LONG BEACH, TERMINAL ISLAND",33.7517,-118.227,NOAA CO-OPS,CA,historic,1963-11-08,1990-02-01,True,False,MLLW,,Mixed Diurnal,,True,True,True,False
9410738,"KING HARBOR, SANTA MONICA BAY",33.8467,-118.398,NOAA CO-OPS,CA,historic,1975-09-20,1975-11-01,True,False,MLLW,,,,False,True,True,False
9410840,Santa Monica,34.0083,-118.5,NOAA CO-OPS,CA,active,1932-10-01,,True,False,MLLW,NWLON,Mixed,ICAC1,True,True,True,True
9410962,"BECHERS BAY, SANTA ROSA ISLAND",34.0083,-120.047,NOAA CO-OPS,CA,historic,1977-08-17,1978-09-28,True,False,MLLW,,,,False,True,True,False
9410971,"PRISONERS HARBOR, SANTA CRUZ IS.",34.02,-119.683,NOAA CO-OPS,CA,historic,1977-08-13,1978-09-24,True,False,MLLW,,,,False,True,True,False
9411013,MUGU LAGOON BRIDGE,34.1017,-119.098,NOAA CO-OPS,CA,historic,1977-09-08,1979-12-04,True,False,MLLW,,,,False,True,True,False
9411270,"RINCON ISLAND, PACIFIC OCEAN",34.3483,-119.443,NOAA CO-OPS,CA,historic,1962-03-08,1990-12-01,True,False,MLLW,,Mixed Diurnal,,True,True,True,False
9411340,Santa Barbara,34.40459,-119.6925,NOAA CO-OPS,CA,active,1974-02-26,,True,False,MLLW,NWLON,Mixed,NTBC1,True,True,True,False
9411399,"Gaviota State Park, Pacific Ocean",34.469387,-120.2283,NOAA CO-OPS,CA,historic,2012-10-31,2013-03-09,True,False,MLLW,VDatum,Mixed,,True,True,True,False
9411406,Oil Platform Harvest,34.469166,-120.681946,NOAA CO-OPS,CA,historic,1992-05-13,2023-11-08,True,False,MLLW,"Global,TOPEX",Mixed,HRVC1,True,True,True,False
9412110,Port San Luis,35.168888,-120.754166,NOAA CO-OPS,CA,active,1933-10-01,,True,False,MLLW,NWLON,Mixed,PSLC1,True,True,True,True
9412553,SAN SIMEON,35.6417,-121.188,NOAA CO-OPS,CA,historic,1977-08-21,1978-10-01,True,False,MLLW,,,,False,True,True,False
9412802,Mansfield Cone,35.949528,-121.48194,NOAA CO-OPS,CA,historic,2012-10-31,2013-07-24,True,False,MLLW,VDatum,Mixed,,True,True,True,False
9413450,Monterey,36.60889,-121.89139,NOAA CO-OPS,CA,active,1973-11-04,,True,False,MLLW,NWLON,Mixed,MEYC1,True,True,True,True
9413616,Moss Landing,36.8017,-121.79,NOAA CO-OPS,CA,historic,1976-05-09,1978-01-31,True,False,MLLW,,Mixed,,False,True,True,False
9413623,"ELKHORN SLOUGH, ENTRANCE BRIDGE",36.81,-121.785,NOAA CO-OPS,CA,historic,1976-04-16,1978-01-17,True,False,MLLW,,Mixed,,False,True,True,False
9413631,Elkhorn Slough at Elkhorn,36.8183,-121.747,NOAA CO-OPS,CA,historic,1976-05-09,2007-10-16,True,False,MLLW,COASTAL,Mixed,,True,True,True,False
9413643,"Tidal Creek, Elkhorn Slough",36.8333,-121.745,NOAA CO-OPS,CA,historic,2008-02-26,2008-10-14,True,False,MLLW,COASTAL,Mixed,,True,True,True,False
9413651,"Kirby Park, Elkhorn Slough",36.8413,-121.7453,NOAA CO-OPS,CA,historic,1977-01-29,2008-10-14,True,False,MLLW,COASTAL,Mixed,,True,True,True,False
9413663,Elkhorn Slough Railroad Bridge,36.85667,-121.755,NOAA CO-OPS,CA,historic,1976-06-02,2008-03-01,True,False,MLLW,COASTAL,Mixed,,True,True,True,False
9414131,Pillar Point Harbor,37.5025,-122.48217,NOAA CO-OPS,CA,historic,2010-10-22,2011-10-19,True,False,MLLW,USACE,Mixed,,True,True,True,False
9414290,San Francisco,37.806305,-122.46589,NOAA CO-OPS,CA,active,1854-06-29,,True,False,MLLW,NWLORTS,Mixed,FTPC1,True,True,True,True
9414305,"NORTH POINT, PIER 41, S.F.BAY",37.81,-122.413,NOAA CO-OPS,CA,historic,1974-08-07,2000-01-01,True,False,MLLW,,Mixed,NPCF1,True,True,True,False
9414317,"PIER 22 1/2, SAN FRANCISCO",37.79,-122.387,NOAA CO-OPS,CA,historic,1974-09-06,1981-04-16,True,False,MLLW,,Mixed,,False,True,True,False
9414358,"HUNTERS POINT, S.F. BAY",37.73,-122.357,NOAA CO-OPS,CA,historic,1974-10-21,1981-05-01,True,False,MLLW,,Mixed,HPFC1,False,True,True,False
9414392,"OYSTER POINT MARINA, SAN FRANCISCO BAY",37.665,-122.377,NOAA CO-OPS,CA,historic,1974-10-01,1983-05-09,True,False,MLLW,,Mixed,OPFC1,False,True,True,False
9414458,San Mateo Bridge,37.58,-122.253,NOAA CO-OPS,CA,historic,1974-05-01,2005-04-05,True,False,MLLW,,Mixed,ZSMC1,True,True,True,False
9414501,"REDWOOD CREEK,C.M. NO. 8,S.F.BAY",37.5333,-122.193,NOAA CO-OPS,CA,historic,1974-10-09,1977-04-13,True,False,MLLW,,Mixed,RXRC1,False,True,True,False
9414506,"NEWARK SLOUGH,S.F.BAY",37.5133,-122.08,NOAA CO-OPS,CA,historic,1976-12-15,1984-11-01,True,False,MLLW,,Mixed,,False,True,True,False
9414509,Dumbarton Bridge,37.5067,-122.115,NOAA CO-OPS,CA,historic,1974-05-03,2011-07-14,True,False,MLLW,COASTAL,Mixed,DBPC1,True,True,True,False
9414510,DUMBARTON RAILROAD BRIDGE,37.5,-122.1,NOAA CO-OPS,CA,historic,1983-05-11,1985-05-09,True,False,MLLW,,Mixed,,False,True,True,False
9414519,"MOWRY SLOUGH, SAN FRANCISCO BAY",37.4933,-122.042,NOAA CO-OPS,CA,historic,1976-11-16,1985-01-11,True,False,MLLW,,Mixed,,False,True,True,False
9414523,Redwood City,37.506813,-122.21191,NOAA CO-OPS,CA,active,1974-10-09,,True,False,MLLW,PORTS,Mixed,RTYC1,True,True,True,True
9414525,"PALO ALTO YACHT HARBOR, S. F. BAY",37.4583,-122.105,NOAA CO-OPS,CA,historic,1976-11-12,1985-01-14,True,False,MLLW,,Mixed,,False,True,True,False
9414537,"PALO ALTO, CHANNEL  MARKER 8, S. F. BAY",37.4567,-122.11,NOAA CO-OPS,CA,historic,1974-10-24,1977-05-20,True,False,MLLW,,,,False,True,True,False
9414551,"GOLD STREET BRIDGE, ALVISO SLOUGH",37.4233,-121.975,NOAA CO-OPS,CA,historic,1974-08-24,1977-04-19,True,False,MLLW,,,,False,True,True,False
9414561,"COYOTE CREEK, TRIBUTARY #1, S. F. BAY",37.4467,-121.963,NOAA CO-OPS,CA,historic,1976-10-28,1977-04-19,True,False,MLLW,,,,False,True,True,False
9414575,Coyote Creek,37.465,-122.023,NOAA CO-OPS,CA,historic,1974-11-12,2018-10-31,True,False,MLLW,COASTAL,Mixed,RYAC1,True,True,True,False
9414585,"UPPER COYOTE CREEK, TRIBUTARY 3",37.4617,-121.953,NOAA CO-OPS,CA,historic,1977-04-19,1978-04-18,True,False,MLLW,,,,False,True,True,False
9414589,"COYOTE CREEK, TRIBUTARY 2, S. F. BAY",37.46,-121.953,NOAA CO-OPS,CA,historic,1976-10-30,1978-05-03,True,False,MLLW,,,,False,True,True,False
9414609,"SOUTH BAY WRECK,S.F.BAY",37.5517,-122.162,NOAA CO-OPS,CA,historic,1976-12-02,1978-04-13,True,False,MLLW,,,,False,True,True,False
9414621,"COYOTE HILLS SLOUGH,S.F.BAY",37.5633,-122.128,NOAA CO-OPS,CA,historic,1976-12-01,1977-04-13,True,False,MLLW,,Mixed,,False,True,True,False
9414632,"ALAMEDA CREEK, SAN FRANCISCO BAY",37.595,-122.145,NOAA CO-OPS,CA,historic,1976-11-30,1977-04-14,True,False,MLLW,,Mixed,,False,True,True,False
9414637,"SAN MATEO BRIDGE,EAST END",37.6083,-122.182,NOAA CO-OPS,CA,historic,1976-12-16,1977-04-14,True,False,MLLW,,Mixed,,False,True,True,False
9414688,San Leandro Marina,37.695,-122.192,NOAA CO-OPS,CA,historic,1974-10-01,2005-04-05,True,False,MLLW,,Mixed,NNLC1,True,True,True,False
9414711,"OAKLAND AIRPORT, SAN FRANCISCO BAY",37.7317,-122.208,NOAA CO-OPS,CA,historic,1977-01-26,1977-06-18,True,False,MLLW,,,,False,True,True,False
9414746,PARK STREET BRIDGE,37.7717,-122.235,NOAA CO-OPS,CA,historic,1977-01-06,2011-05-06,True,False,MLLW,USACE,Mixed,,True,True,True,False
9414750,Alameda,37.771954,-122.30026,NOAA CO-OPS,CA,active,1939-03-08,,True,False,MLLW,NWLORTS,Mixed,AAMC1,True,True,True,True
9414759,"HOLLY SUGAR REF.,TOM PAINE SL.",37.775,-121.42,NOAA CO-OPS,CA,historic,1979-04-18,1979-10-23,True,False,MLLW,,,,False,True,True,False
9414764,Oakland Inner Harbor,37.795,-122.282,NOAA CO-OPS,CA,historic,1976-11-30,2011-05-05,True,False,MLLW,"PORTS,USACE",Mixed,,True,True,True,False
9414767,"ALAMEDA NAS, NAVY FUEL PIER",37.7933,-122.315,NOAA CO-OPS,CA,historic,1994-07-29,1994-09-08,True,False,MLLW,,Mixed,,True,True,True,False
9414768,"MOSSDALE,SAN JOAQUIN RIVER",37.7867,-121.313,NOAA CO-OPS,CA,historic,1977-12-16,1980-01-03,True,False,MLLW,,Mixed,,False,True,True,False
9414777,"OAKLAND MIDDLE HARBOR, PIER 40",37.805,-122.338,NOAA CO-OPS,CA,historic,1994-07-29,1994-09-08,True,False,MLLW,,Mixed,,True,True,True,False
9414778,"NAGLEE BRIDGE,OLD RIVER",37.8033,-121.448,NOAA CO-OPS,CA,historic,1979-04-12,1979-10-02,True,False,MLLW,,,,False,True,True,False
9414779,"OAKLAND,MATSON WHARF,S.F.BAY",37.81,-122.327,NOAA CO-OPS,CA,historic,1974-10-15,1978-02-09,True,False,MLLW,,Mixed,,False,True,True,False
9414782,"YERBA BUENA ISLAND, SAN FRANCISCO BAY",37.81,-122.36,NOAA CO-OPS,CA,historic,1977-01-12,1993-09-21,True,False,MLLW,,Mixed,,True,True,True,False
9414785,"GRANT LINE CANAL BRDG.,OLD RIVER",37.82,-121.447,NOAA CO-OPS,CA,historic,1979-04-24,1979-10-02,True,False,MLLW,,,,False,True,True,False
9414794,"CLIFTON COURT FERRY,OLD RIVER",37.835,-121.552,NOAA CO-OPS,CA,historic,1977-11-10,1979-05-14,True,False,MLLW,,,,False,True,True,False
9414796,"GPS Buoy, San Francisco Bay",37.8333,-122.397,NOAA CO-OPS,CA,historic,,,True,False,MLLW,"Global,TOPEX,GPSBuoy",Mixed,,True,True,True,False
9414806,"SAUSALITO, SAN FRANCISCO BAY",37.8467,-122.477,NOAA CO-OPS,CA,historic,1977-02-25,1979-11-02,True,False,MLLW,,Mixed,,False,True,True,False
9414811,Bradmoor Island,38.1833,-121.923,NOAA CO-OPS,CA,historic,1978-11-06,2006-03-31,True,False,MLLW,COASTAL,Mixed,RSFC1,True,True,True,False
9414816,"BERKELEY,S.F.BAY",37.865,-122.307,NOAA CO-OPS,CA,historic,1979-02-07,1979-10-31,True,False,MLLW,,Mixed,RKAC1,False,True,True,False
9414818,"ANGEL ISLAND, EAST GARRISON, S.F. BAY",37.8633,-122.42,NOAA CO-OPS,CA,historic,1980-04-07,1980-12-02,True,False,MLLW,,Mixed,AILC1,False,True,True,False
9414819,"SAUSALITO, COE DOCK, S.F. BAY",37.865,-122.493,NOAA CO-OPS,CA,historic,1978-08-29,1979-05-24,True,False,MLLW,,Mixed,,False,True,True,False
9414835,"BORDEN HIGHWAY BRIDGE, MIDDLE RIVER",37.8917,-121.488,NOAA CO-OPS,CA,historic,1977-04-06,1979-12-18,True,False,MLLW,,,,False,True,True,False
9414836,"BORDEN HWY BRIDGE,OLD RIVER",37.8833,-121.577,NOAA CO-OPS,CA,historic,1979-07-05,1979-12-06,True,False,MLLW,,,,False,True,True,False
9414837,"POINT CHAUNCEY, RICHARDSON BAY",37.8917,-122.443,NOAA CO-OPS,CA,historic,1977-01-27,1993-08-10,True,False,MLLW,,Mixed,,True,True,True,False
9414849,"RICHMOND INNER HARBOR, SAN FRANCISCO BAY",37.91,-122.358,NOAA CO-OPS,CA,historic,1977-01-28,1995-02-24,True,False,MLLW,,Mixed Diurnal,,True,True,True,False
9414863,Richmond,37.9283,-122.4,NOAA CO-OPS,CA,active,1947-07-15,,True,False,MLLW,PORTS,Mixed,RCMC1,True,True,True,True
9414866,"HOLT, WHISKEY SLOUGH",37.935,-121.435,NOAA CO-OPS,CA,historic,1977-05-20,1978-09-20,True,False,MLLW,,,,False,True,True,False
9414867,"BORDEN HIGHWAY BRIDGE, SAN JOAQUIN RIVER",37.9367,-121.333,NOAA CO-OPS,CA,historic,1978-08-04,1979-12-14,True,False,MLLW,,,,False,True,True,False
9414868,"ORWOOD,OLD RIVER",37.9383,-121.56,NOAA CO-OPS,CA,historic,1978-05-23,1979-07-10,True,False,MLLW,,,,False,True,True,False
9414873,"POINT SAN QUENTIN, SAN FRANCISCO BAY",37.945,-122.475,NOAA CO-OPS,CA,historic,1977-02-11,1979-10-30,True,False,MLLW,,Mixed,,False,True,True,False
9414874,CORTE MADERA CREEK,37.9433,-122.513,NOAA CO-OPS,CA,historic,1977-05-11,1978-12-11,True,False,MLLW,,Mixed,,False,True,True,False
9414881,POINT ORIENT,37.9583,-122.425,NOAA CO-OPS,CA,historic,1977-02-14,1993-08-12,True,False,MLLW,,Mixed,,True,True,True,False
9414883,"STOCKTON,SAN JOAQUIN RIVER",37.9583,-121.29,NOAA CO-OPS,CA,historic,1977-11-29,1982-04-19,True,False,MLLW,,Mixed,,False,True,True,False
9414958,"Bolinas, Bolinas Lagoon",37.908,-122.6785,NOAA CO-OPS,CA,historic,1979-05-04,2019-12-01,True,False,MLLW,COASTAL,Mixed,BLZC1,True,True,True,False
9415004,"ELDORADO PUMP, SAN JOAQUIN RIVER",37.985,-121.392,NOAA CO-OPS,CA,historic,1979-06-21,1979-12-11,True,False,MLLW,,,,False,True,True,False
9415009,"POINT SAN PEDRO, SAN FRANCISCO BAY",37.9933,-122.447,NOAA CO-OPS,CA,historic,1979-03-14,1980-12-02,True,False,MLLW,,Mixed,,False,True,True,False
9415020,Point Reyes,37.994167,-122.97361,NOAA CO-OPS,CA,active,1975-01-10,,True,False,MLLW,NWLON,Mixed,PRYC1,True,True,True,True
9415021,"BLACKSLOUGH LANDING, SAN JOAQUIN RIVER",37.995,-121.42,NOAA CO-OPS,CA,historic,1977-06-30,2015-04-01,True,False,MLLW,,Mixed,,True,True,True,False
9415027,"BACON ISLAND,MIDDLE RIVER",38.0033,-121.523,NOAA CO-OPS,CA,historic,1979-08-28,1992-03-27,True,False,MLLW,,Mixed,,True,True,True,False
9415052,"GALLINAS, GALLINAS CREEK",38.015,-122.503,NOAA CO-OPS,CA,historic,1979-06-28,1979-11-21,True,False,MLLW,,Mixed,,False,True,True,False
9415053,DUTCH SLOUGH,38.0117,-121.638,NOAA CO-OPS,CA,historic,1978-03-10,1992-03-31,True,False,MLLW,,Mixed,,True,True,True,False
9415056,"Pinole Point, San Pablo Bay",38.015,-122.363,NOAA CO-OPS,CA,historic,1976-09-17,2011-05-07,True,False,MLLW,USACE,Mixed,PNLC1,True,True,True,False
9415064,"ANTIOCH, SAN JOAQUIN RIVER",38.02,-121.815,NOAA CO-OPS,CA,historic,1977-03-25,1997-03-03,True,False,MLLW,,Mixed,NCHC1,True,True,True,False
9415074,HERCULES WHARF,38.0233,-122.292,NOAA CO-OPS,CA,historic,1976-09-27,1987-02-05,True,False,MLLW,,Mixed,,False,True,True,False
9415096,"PITTSBURG, NEW YORK SLOUGH, SUISUN BAY",38.0367,-121.88,NOAA CO-OPS,CA,historic,1979-03-30,1979-09-04,True,False,MLLW,,,,False,True,True,False
9415102,Martinez-Amorco Pier,38.0346,-122.1252,NOAA CO-OPS,CA,active,2009-03-01,,True,False,MLLW,PORTS,Mixed,MZXC1,True,True,True,True
9415105,"WARDS ISLAND, SAN JOAQUIN RIVER",38.05,-121.497,NOAA CO-OPS,CA,historic,1977-07-07,2015-04-01,True,False,MLLW,,Mixed,,True,True,True,False
9415111,"BENICIA, CARQUINEZ STRAIT",38.0433,-122.13,NOAA CO-OPS,CA,historic,1976-09-27,1989-12-08,True,False,MLLW,,Mixed,,False,True,True,False
9415112,"MALLARD ISLAND, SUISUN BAY",38.0433,-121.918,NOAA CO-OPS,CA,historic,1977-06-23,1991-03-13,True,False,MLLW,,Mixed,MLRC1,True,True,True,False
9415117,"BISHOP CUT, DISSAPOINTMENT SLOUGH",38.045,-121.42,NOAA CO-OPS,CA,historic,1979-06-20,1979-12-01,True,False,MLLW,,,,False,True,True,False
9415124,Hamilton AFB (Outside),38.0483,-122.498,NOAA CO-OPS,CA,historic,2000-01-27,2001-02-22,True,False,MLLW,,Mixed,,True,True,True,False
9415126,Hamilton AFB (Inside),38.0483,-122.498,NOAA CO-OPS,CA,historic,2000-01-27,2001-02-22,True,False,MLLW,,Mixed,,True,True,True,False
9415143,"CROCKETT, CARQUINEZ STRAIT",38.0583,-122.223,NOAA CO-OPS,CA,historic,1977-04-22,1988-09-01,True,False,MLLW,,Mixed,OKEC1,False,True,True,False
9415144,Port Chicago,38.056,-122.0395,NOAA CO-OPS,CA,active,1976-06-28,,True,False,MLLW,NWLORTS,Mixed,PCOC1,True,True,True,True
9415145,"JERSEY ISLAND, FALSE RIVER",38.055,-121.657,NOAA CO-OPS,CA,historic,1977-08-19,1992-03-27,True,False,MLLW,,Mixed,,True,True,True,False
9415149,"PRISONERS POINT, SAN JOAQUIN RIVER",38.0617,-121.555,NOAA CO-OPS,CA,historic,1977-06-30,1979-12-20,True,False,MLLW,,,,False,True,True,False
9415151,"VENICE ISLAND, VENICE CUT",38.0567,-121.53,NOAA CO-OPS,CA,historic,1992-01-28,1992-07-01,True,False,MLLW,,Mixed,,True,True,True,False
9415165,MARE ISLAND STRAIT,38.1117,-122.273,NOAA CO-OPS,CA,historic,1977-04-05,1978-10-17,True,False,MLLW,,Mixed,,False,True,True,False
9415176,"COLLINSVILLE,SACRAMENTO RIVER",38.0733,-121.848,NOAA CO-OPS,CA,historic,1977-06-06,1991-09-27,True,False,MLLW,,Mixed,LLIC1,True,True,True,False
9415187,SAN PABLO BAY,38.08,-122.462,NOAA CO-OPS,CA,historic,1985-06-06,1986-02-04,True,False,MLLW,,Mixed,,False,True,True,False
9415193,"THREE MILE SLOUGH,SAN JOAQUIN R.",38.0867,-121.685,NOAA CO-OPS,CA,historic,1978-06-01,1992-09-21,True,False,MLLW,,Mixed,,True,True,True,False
9415198,"POTATO PT,VENICE IS,SN JQN R",38.08,-121.568,NOAA CO-OPS,CA,historic,1979-05-18,1979-12-20,True,False,MLLW,,Mixed,,False,True,True,False
9415205,"MONTEZUMA SLOUGH, SUISUN BAY",38.0767,-121.885,NOAA CO-OPS,CA,historic,1977-06-08,1979-02-15,True,False,MLLW,,Mixed,,False,True,True,False
9415218,Mare Island,38.07,-122.25,NOAA CO-OPS,CA,historic,1976-09-29,2012-10-28,True,False,MLLW,Hydro,Mixed,MLYC1,True,True,True,False
9415228,"INVERNESS, TOMALES BAY",38.1133,-122.868,NOAA CO-OPS,CA,historic,1979-04-25,1994-02-17,True,False,MLLW,,Mixed,,True,True,True,False
9415229,"KORTHS HBR, SAN JOAQUIN RIVER",38.0976,-121.5684,NOAA CO-OPS,CA,historic,1991-12-16,2015-04-01,True,False,MLLW,,Mixed,,True,True,True,False
9415236,"THREE MILE SLOUGH,SACRAMENTO R.",38.1067,-121.7,NOAA CO-OPS,CA,historic,1977-06-02,1992-12-18,True,False,MLLW,,Mixed,,True,True,True,False
9415252,PETALUMA RIVER ENTRANCE,38.115307,-122.50567,NOAA CO-OPS,CA,historic,1977-05-10,2014-07-10,True,False,MLLW,,Mixed,,True,True,True,False
9415257,"TERMINOUS,MOKELUMNE RIVER",38.11,-121.498,NOAA CO-OPS,CA,historic,1977-07-26,1979-02-21,True,False,MLLW,,,,False,True,True,False
9415265,SUISUN SLOUGH ENTRANCE,38.1283,-122.073,NOAA CO-OPS,CA,historic,1977-08-02,1989-07-18,True,False,MLLW,,Mixed,SUIC1,False,True,True,False
9415266,"PIERCE HARBOR,GOODYEAR SLOUGH",38.1267,-122.1,NOAA CO-OPS,CA,historic,1977-04-21,1978-07-26,True,False,MLLW,,,,False,True,True,False
9415287,"GEORGIANA SLOUGH, MOKELUMNE RIVER",38.125,-121.578,NOAA CO-OPS,CA,historic,1977-08-24,1979-02-21,True,False,MLLW,,,,False,True,True,False
9415307,"MEINS LANDING, MONTEZUMA SLOUGH",38.1367,-121.907,NOAA CO-OPS,CA,historic,1977-05-09,1979-02-23,True,False,MLLW,,,,False,True,True,False
9415316,Rio Vista,38.145,-121.692,NOAA CO-OPS,CA,historic,1978-05-11,1997-03-04,True,False,MLLW,,Mixed,RVXC1,True,True,True,False
9415320,"REYNOLDS, TOMALES BAY",38.1467,-122.883,NOAA CO-OPS,CA,historic,1994-03-08,1994-06-02,True,False,MLLW,,Mixed,,True,True,True,False
9415338,Sonoma Creek Entrance,38.1567,-122.407,NOAA CO-OPS,CA,historic,1976-09-30,2013-03-02,True,False,MLLW,VDatum,Mixed,NRNC1,True,True,True,False
9415344,"HOG IS.,SAN ANTONIO CREEK",38.1617,-122.55,NOAA CO-OPS,CA,historic,1979-09-07,1980-01-02,True,False,MLLW,,,,False,True,True,False
9415352,"ISLETON,SACRAMENTO RIVER",38.1633,-121.608,NOAA CO-OPS,CA,historic,1978-05-18,1980-06-06,True,False,MLLW,,,,False,True,True,False
9415379,"JOICE ISLAND, SUISUN SLOUGH",38.18,-122.045,NOAA CO-OPS,CA,historic,1977-10-19,1989-07-17,True,False,MLLW,,Mixed,,False,True,True,False
9415396,"BLAKE LANDING,TOMALES BAY",38.19,-122.917,NOAA CO-OPS,CA,historic,1979-06-01,1979-12-07,True,False,MLLW,,,,False,True,True,False
9415402,MONTEZUMA SLOUGH BRIDGE,38.1867,-121.98,NOAA CO-OPS,CA,historic,1977-04-20,1989-07-10,True,False,MLLW,,Mixed,,False,True,True,False
9415414,STEAMBOAT SLOUGH,38.1833,-121.655,NOAA CO-OPS,CA,historic,1978-10-12,1992-12-08,True,False,MLLW,,Mixed,,True,True,True,False
9415415,"EDGERLEY ISLAND, NAPA RIVER",38.1917,-122.312,NOAA CO-OPS,CA,historic,1979-06-13,1979-12-01,True,False,MLLW,,,,False,True,True,False
9415423,"LAKEVILLE, PETALUMA RIVER",38.1983,-122.547,NOAA CO-OPS,CA,historic,1977-03-24,2014-07-09,True,False,MLLW,,Mixed,,True,True,True,False
9415438,"SKAGGS ISLAND, HUDEMAN SLOUGH",38.205,-122.373,NOAA CO-OPS,CA,historic,1985-12-06,1986-03-17,True,False,MLLW,,Mixed,,False,True,True,False
9415446,"BRAZOS DRAWBRIDGE,NAPA RIVER",38.21,-122.307,NOAA CO-OPS,CA,historic,1978-03-16,1986-07-23,True,False,MLLW,,Mixed,,False,True,True,False
9415447,"WINGO, SONOMA CREEK",38.21,-122.427,NOAA CO-OPS,CA,historic,1979-07-13,1985-12-17,True,False,MLLW,,Mixed,,False,True,True,False
9415477,"SAND POINT, TOMALES BAY",38.2317,-122.968,NOAA CO-OPS,CA,historic,1957-03-01,1994-02-17,True,False,MLLW,,Mixed,,True,True,True,False
9415478,"NEW HOPE BRIDGE, MOKELUMNE RIVER",38.2267,-121.49,NOAA CO-OPS,CA,historic,1977-07-28,1979-11-19,True,False,MLLW,,,,False,True,True,False
9415479,"RYER ISLAND, CACHE SLOUGH",38.2267,-121.673,NOAA CO-OPS,CA,historic,1978-10-13,1992-12-18,True,False,MLLW,,Mixed,,True,True,True,False
9415489,"WALNUT GROVE,SACRAMENTO RIVER",38.24,-121.522,NOAA CO-OPS,CA,historic,1977-07-13,1980-06-09,True,False,MLLW,,Mixed,,False,True,True,False
9415498,"SUISUN CITY, SUISUN SLOUGH",38.2367,-122.03,NOAA CO-OPS,CA,historic,1977-03-16,1989-07-17,True,False,MLLW,,Mixed,,False,True,True,False
9415522,"BENSON FERRY BRIDGE,MOKELUMNE R.",38.2567,-121.438,NOAA CO-OPS,CA,historic,1978-04-27,1979-12-17,True,False,MLLW,,Mixed,,False,True,True,False
9415565,SNODGRASS SLOUGH,38.2767,-121.495,NOAA CO-OPS,CA,historic,1977-11-17,1979-07-02,True,False,MLLW,,,,False,True,True,False
9415584,"Petaluma River, Upper Drawbridge",38.2283,-122.613,NOAA CO-OPS,CA,historic,1977-03-03,2014-11-10,True,False,MLLW,,Mixed,,True,True,True,False
9415623,"NAPA, NAPA RIVER",38.2983,-122.28,NOAA CO-OPS,CA,historic,1978-05-10,1979-12-03,True,False,MLLW,,,,False,True,True,False
9415846,"CLARKSBURG,SACRAMENTO RIVER",38.4167,-121.523,NOAA CO-OPS,CA,historic,1977-07-14,1980-06-08,True,False,MLLW,,Mixed,,False,True,True,False
9416131,"Port of West Sacramento, Washington Lake",38.56225,-121.5463,NOAA CO-OPS,CA,active,2024-12-17,,True,False,MLLW,PORTS,Mixed,PWTC1,True,True,True,False
9416174,"SACRAMENTO, SACRAMENTO RIVER",38.58,-121.507,NOAA CO-OPS,CA,historic,1978-10-26,1987-10-18,True,False,MLLW,,Mixed Diurnal,,False,True,True,False
9416409,Green Cove,38.704334,-123.44939,NOAA CO-OPS,CA,historic,2012-10-31,2013-03-07,True,False,MLLW,Hydro,Mixed,,True,True,True,False
9416841,Arena Cove,38.914555,-123.71108,NOAA CO-OPS,CA,active,1978-04-09,,True,False,MLLW,NWLON,Mixed,ANVC1,True,True,True,True
9417426,NOYO HARBOR,39.425777,-123.805115,NOAA CO-OPS,CA,historic,2010-10-22,2011-10-19,True,False,MLLW,USACE,Mixed,,True,True,True,False
9418024,SHELTER COVE,40.025,-124.058,NOAA CO-OPS,CA,historic,2016-04-06,2016-08-02,True,False,MLLW,,Mixed,,True,True,True,False
9418637,Cockrobin Island Bridge,40.6372,-124.2822,NOAA CO-OPS,CA,historic,2017-03-28,2017-10-19,True,False,MLLW,,Mixed,,True,True,True,False
9418686,"HOOKTON SLOUGH,HUMBOLDT BAY",40.6867,-124.222,NOAA CO-OPS,CA,historic,1977-09-17,1979-06-26,True,False,MLLW,,,,False,True,True,False
9418723,"FIELDS LANDING, HUMBOLDT BAY",40.7233,-124.222,NOAA CO-OPS,CA,historic,1979-06-26,2011-05-28,True,False,MLLW,USACE,Mixed,,True,True,True,False
9418739,"RED BLUFF, HUMBOLDT BAY",40.74,-124.212,NOAA CO-OPS,CA,historic,1978-04-02,2010-12-01,True,False,MLLW,USACE,,,True,True,True,False
9418767,North Spit,40.766907,-124.21735,NOAA CO-OPS,CA,active,1977-08-16,,True,False,MLLW,NWLORTS,Mixed,HBYC1,True,True,True,True
9418778,"BUCKSPORT, HUMBOLDT BAY",40.7783,-124.197,NOAA CO-OPS,CA,historic,1977-08-18,1980-02-12,True,False,MLLW,,,,False,True,True,False
9418799,"FRESHWATER SLOUGH, HUMBOLDT BAY",40.7983,-124.12,NOAA CO-OPS,CA,historic,1978-04-01,1979-01-16,True,False,MLLW,,,,False,True,True,False
9418801,Eureka,40.8067,-124.167,NOAA CO-OPS,CA,historic,1977-08-17,1980-03-06,True,False,MLLW,,Mixed,,False,True,True,False
9418802,"EUREKA SLOUGH, HUMBOLDT BAY",40.8067,-124.142,NOAA CO-OPS,CA,historic,1978-04-01,1979-02-22,True,False,MLLW,,,,False,True,True,False
9418817,"Samoa, Humboldt Bay",40.8267,-124.18,NOAA CO-OPS,CA,historic,1978-04-03,2011-05-28,True,False,MLLW,USACE,Mixed,,True,True,True,False
9418865,"MAD RIVER SLOUGH, ARCATA BAY",40.865,-124.148,NOAA CO-OPS,CA,historic,1977-09-14,1980-02-13,True,False,MLLW,,Mixed,,False,True,True,False
9418983,UPPER MAD RIVER SLOUGH,40.8983,-124.135,NOAA CO-OPS,CA,historic,1978-07-22,1979-01-16,True,False,MLLW,,,,False,True,True,False
9419059,TRINIDAD HARBOR,41.0567,-124.147,NOAA CO-OPS,CA,historic,1972-04-14,1987-09-30,True,False,MLLW,,Mixed,,False,True,True,False
9419551,Requa Dock,41.545,-124.07,NOAA CO-OPS,CA,historic,2017-06-22,2017-12-06,True,False,MLLW,,Mixed,,True,True,True,False
9419750,Crescent City,41.74561,-124.18439,NOAA CO-OPS,CA,active,1933-04-10,,True,False,MLLW,NWLON,Mixed,CECC1,True,True,True,True
9419945,Pyramid Point,41.94525,-124.20092,NOAA CO-OPS,CA,historic,2012-10-31,2013-03-04,True,False,MLLW,VDatum,Mixed,,True,True,True,False
9431011,Gold Beach,42.42164,-124.418724,NOAA CO-OPS,OR,historic,2013-05-09,2013-10-12,True,False,MLLW,VDatum,Mixed,,True,True,True,False
9431647,Port Orford,42.739,-124.4983,NOAA CO-OPS,OR,active,1924-08-07,,True,False,MLLW,NWLON,Mixed,PORO3,True,True,True,True
9432373,"BANDON, COQUILLE RIVER",43.12,-124.413,NOAA CO-OPS,OR,historic,1916-05-22,1977-11-29,True,False,MLLW,,,,False,True,True,False
9432436,Coquille River,43.1579,-124.1818,NOAA CO-OPS,OR,historic,2017-06-14,2017-10-18,True,False,MLLW,,Mixed,,True,True,True,False
9432771,CAPE ARAGO LIGHTHOUSE,43.3417,-124.367,NOAA CO-OPS,OR,historic,1972-04-16,1977-01-03,True,False,MLLW,,,,False,True,True,False
9432780,Charleston,43.345,-124.322,NOAA CO-OPS,OR,active,1964-08-27,,True,False,MLLW,NWLON,Mixed,CHAO3,True,True,True,True
9432796,"ISTHMUS SLOUGH, COOS BAY",43.3517,-124.192,NOAA CO-OPS,OR,historic,1982-08-24,1982-10-12,True,False,MLLW,,Mixed,,False,True,True,False
9432879,"SITKA DOCK, COOS BAY",43.3767,-124.297,NOAA CO-OPS,OR,historic,1976-10-15,1982-10-13,True,False,MLLW,,Mixed,,False,True,True,False
9432895,"NORTH BEND, COOS BAY",43.41,-124.218,NOAA CO-OPS,OR,historic,1865-08-01,1982-10-13,True,False,MLLW,,Mixed,,False,True,True,False
9433445,Half Moon Bay,43.675,-124.192,NOAA CO-OPS,OR,historic,1972-08-24,2013-10-13,True,False,MLLW,VDatum,Mixed,,True,True,True,False
9433501,REEDSPORT,43.7083,-124.098,NOAA CO-OPS,OR,historic,1934-01-30,2017-10-17,True,False,MLLW,,Mixed,,True,True,True,False
9434068,Cushman,43.985,-124.045,NOAA CO-OPS,OR,historic,1974-08-23,2018-04-05,True,False,MLLW,,Mixed,,True,True,True,False
9434098,"Florence USCG Pier, Siuslaw River",44.0021,-124.123,NOAA CO-OPS,OR,historic,2013-05-09,2013-10-14,True,False,MLLW,VDatum,Mixed,,True,True,True,False
9434938,"DRIFT CREEK, ALSEA RIVER",44.4133,-123.99,NOAA CO-OPS,OR,historic,1976-10-13,1978-02-06,True,False,MLLW,,,,False,True,True,False
9434939,Waldport,44.43436,-124.05808,NOAA CO-OPS,OR,historic,1933-03-14,2013-10-13,True,False,MLLW,VDatum,Mixed,,True,True,True,False
9435308,"WEISER POINT, YAQUINA RIVER",44.5933,-124.008,NOAA CO-OPS,OR,historic,1982-10-19,1982-12-06,True,False,MLLW,,Mixed,,False,True,True,False
9435362,TOLEDO,44.6167,-123.937,NOAA CO-OPS,OR,historic,1933-08-16,1982-12-08,True,False,MLLW,,Mixed,,False,True,True,False
9435380,South Beach,44.625446,-124.044945,NOAA CO-OPS,OR,active,1967-01-28,,True,False,MLLW,NWLON,Mixed,SBEO3,True,True,True,True
9435385,"YAQUINA USCG STA, NEWPORT",44.6267,-124.055,NOAA CO-OPS,OR,historic,1982-10-25,1982-12-07,True,False,MLLW,,Mixed,,False,True,True,False
9435827,DEPOE BAY,44.81,-124.058,NOAA CO-OPS,OR,historic,1952-04-01,1984-09-12,True,False,MLLW,,Mixed,,False,True,True,False
9435992,Chinook Bend,44.88,-123.9636,NOAA CO-OPS,OR,historic,2017-06-13,2017-10-16,True,False,MLLW,,Mixed,,True,True,True,False
9436031,"KERNVILLE, SILETZ RIVER",44.8967,-124.0,NOAA CO-OPS,OR,historic,1934-04-17,1979-07-31,True,False,MLLW,,,,False,True,True,False
9436381,"Cascade Head, Salmon River",45.047943,-124.00731,NOAA CO-OPS,OR,historic,2013-05-28,2013-10-07,True,False,MLLW,VDatum,Mixed,,True,True,True,False
9436641,Nestucca Bay,45.16111,-123.937775,NOAA CO-OPS,OR,historic,2017-06-12,2017-10-16,True,False,MLLW,,Mixed,,True,True,True,False
9437262,"NETARTS, NETARTS BAY",45.43,-123.945,NOAA CO-OPS,OR,historic,1977-07-16,1980-02-01,True,False,MLLW,,Mixed,,False,True,True,False
9437381,Dick Point,45.4817,-123.902,NOAA CO-OPS,OR,historic,1957-09-12,2013-10-09,True,False,MLLW,VDatum,Mixed,,True,True,True,False
9437540,Garibaldi,45.55453,-123.918945,NOAA CO-OPS,OR,active,1866-08-11,,True,False,MLLW,NWLON,Mixed,TLBO3,True,True,True,False
9437585,"NORTH JETTY, TILLAMOOK BAY",45.57,-123.965,NOAA CO-OPS,OR,historic,1970-05-21,2016-09-16,True,False,MLLW,,Mixed,,True,True,True,False
9437954,North Fork,45.7338,-123.8764,NOAA CO-OPS,OR,historic,2017-06-11,2017-10-17,True,False,MLLW,,Mixed,,True,True,True,False
9438125,Multnomah Channel,45.8117,-122.827,NOAA CO-OPS,OR,historic,2003-10-29,2003-12-03,True,False,MLLW,,Mixed,,True,True,True,False
9438478,Seaside,46.0,-123.922,NOAA CO-OPS,OR,historic,1971-10-31,2013-10-09,True,False,MLLW,VDatum,Mixed,,True,True,True,False
9438772,Cathcart Landing,46.12425,-123.80434,NOAA CO-OPS,OR,historic,2013-05-30,2013-10-10,True,False,MLLW,Hydro,Mixed,,True,True,True,False
9439008,FORT STEVENS,46.2067,-123.95,NOAA CO-OPS,OR,historic,1926-07-12,1981-12-10,True,False,MLLW,,Mixed,,False,True,True,False
9439011,Hammond,46.2017,-123.945,NOAA CO-OPS,OR,historic,1982-05-11,2014-08-13,True,False,MLLW,PORTS,Mixed,HMDO3,True,True,True,False
9439026,"ASTORIA, YOUNGS BAY",46.1717,-123.842,NOAA CO-OPS,OR,historic,1931-03-23,1981-08-24,True,False,MLLW,,Mixed,,False,True,True,False
9439040,Astoria,46.207306,-123.7683,NOAA CO-OPS,OR,active,1853-07-09,,True,False,MLLW,NWLORTS,Mixed,ASTO3,True,True,True,True
9439069,KNAPPA,46.1867,-123.588,NOAA CO-OPS,OR,historic,1935-05-20,1981-12-09,True,False,MLLW,,Mixed,,False,True,True,False
9439099,Wauna,46.16,-123.405,NOAA CO-OPS,OR,active,1940-11-05,,True,False,MLLW,PORTS,Mixed,WAUO3,True,True,True,False
9439135,BEAVER,46.1817,-123.18,NOAA CO-OPS,OR,historic,1981-04-28,1981-12-07,True,False,MLLW,,Mixed,,False,True,True,False
9439189,Rocky Point,45.6967,-122.868,NOAA CO-OPS,OR,historic,1938-11-04,2006-12-05,True,False,MLLW,Hydro,Mixed,,True,True,True,False
9439201,St Helens,45.865,-122.797,NOAA CO-OPS,OR,active,1877-09-10,,True,False,MLLW,PORTS,Mixed,SHNO3,True,True,True,False
9439221,Portland Morrison Street Bridge,45.51,-122.673,NOAA CO-OPS,OR,historic,1940-10-16,2009-01-28,True,False,MLLW,Hydro,Mixed,,True,True,True,False
9440047,"WASHOUGAL, COLUMBIA RIVER",45.5783,-122.382,NOAA CO-OPS,WA,historic,1940-10-10,2016-12-06,True,False,MLLW,,Mixed,,True,True,True,False
9440079,Beacon Rock State Park,45.6203,-122.0203,NOAA CO-OPS,WA,historic,2016-07-28,2016-11-06,True,False,MLLW,,Mixed,,True,True,True,False
9440083,Vancouver,45.631172,-122.69577,NOAA CO-OPS,WA,active,1938-09-14,,True,False,MLLW,PORTS,Mixed,VAPW1,True,True,True,False
9440171,"KNAPP(THORNES)LNDG, WILLOW BAR",45.7417,-122.755,NOAA CO-OPS,WA,historic,1938-07-21,2016-11-04,True,False,MLLW,,Mixed,,True,True,True,False
9440357,TEMCO Kalama Terminal,45.9867,-122.8367,NOAA CO-OPS,WA,active,2016-07-19,,True,False,MLLW,PORTS,Mixed,KLMW1,True,True,True,False
9440372,"KALAMA, COLUMBIA RIVER",46.0167,-122.855,NOAA CO-OPS,WA,historic,1981-07-13,1981-10-01,True,False,MLLW,,Mixed,,False,True,True,False
9440422,Longview,46.1061,-122.9542,NOAA CO-OPS,WA,active,1985-03-23,,True,False,MLLW,"NWLON,NWLORTS,PORTS",Mixed,LOPW1,True,True,True,True
9440482,"CAPE HORN, COLUMBIA RIVER",46.1517,-123.29,NOAA CO-OPS,WA,historic,1937-08-16,2016-11-07,True,False,MLLW,,Mixed,,True,True,True,False
9440483,Barlow Point,46.1522,-123.0392,NOAA CO-OPS,WA,historic,2016-07-17,2016-11-09,True,False,MLLW,,Mixed,,True,True,True,False
9440521,"CATHLAMET, COLUMBIA RIVER",46.2017,-123.385,NOAA CO-OPS,WA,historic,1981-05-14,1981-09-15,True,False,MLLW,,Mixed,,False,True,True,False
9440569,Skamokawa,46.270306,-123.4565,NOAA CO-OPS,WA,active,1981-07-01,,True,False,MLLW,PORTS,Mixed,SKAW1,True,True,True,False
9440571,"ALTOONA, COLUMBIA RIVER",46.265,-123.653,NOAA CO-OPS,WA,historic,1981-05-11,1981-12-07,True,False,MLLW,,Mixed,ALTW1,False,True,True,False
9440572,"JETTY A, COLUMBIA RIVER",46.2683,-124.037,NOAA CO-OPS,WA,historic,1981-04-27,1997-04-11,True,False,MLLW,,Mixed,ILWW1,True,True,True,False
9440574,NORTH JETTY,46.2733,-124.072,NOAA CO-OPS,WA,historic,1982-05-11,1983-11-30,True,False,MLLW,,Mixed,NJYW1,False,True,True,False
9440575,KNAPPTON,46.2683,-123.827,NOAA CO-OPS,WA,historic,1981-05-01,1981-12-11,True,False,MLLW,,Mixed,,False,True,True,False
9440581,Cape Disappointment,46.28103,-124.04628,NOAA CO-OPS,WA,active,2015-04-07,,True,False,MLLW,PORTS,Mixed,CPTW1,True,True,True,False
9440650,Greenhead Slough,46.3722,-123.9503,NOAA CO-OPS,WA,historic,2016-04-06,2016-08-04,True,False,MLLW,,Mixed,,True,True,True,False
9440846,"BAY CENTER, PALIX RIVER, WILLAPA BAY",46.6233,-123.945,NOAA CO-OPS,WA,historic,1922-02-01,1982-07-19,True,False,MLLW,,Mixed,,False,True,True,False
9440875,SOUTH BEND,46.6633,-123.798,NOAA CO-OPS,WA,historic,1982-05-14,1982-07-20,True,False,MLLW,,Mixed,,False,True,True,False
9440910,Toke Point,46.7075,-123.96694,NOAA CO-OPS,WA,active,1922-02-20,,True,False,MLLW,NWLON,Mixed,TOKW1,True,True,True,True
9441102,Westport,46.90431,-124.10508,NOAA CO-OPS,WA,active,1982-06-07,,True,False,MLLW,NWLON,Mixed,WPTW1,True,True,True,True
9441156,POINT BROWN,46.95,-124.128,NOAA CO-OPS,WA,historic,1982-05-19,1982-07-26,True,False,MLLW,,Mixed,,False,True,True,False
9441187,Aberdeen,46.9683,-123.853,NOAA CO-OPS,WA,historic,1982-05-27,2005-12-15,True,False,MLLW,Hydro,Mixed,,True,True,True,False
9441644,Taholah,47.348167,-124.28475,NOAA CO-OPS,WA,historic,2015-02-12,2015-11-17,True,False,MLLW,,Mixed,,True,True,True,False
9442396,"La Push, Quillayute River",47.912838,-124.63574,NOAA CO-OPS,WA,active,1924-12-19,,True,False,MLLW,NWLON,Mixed,LAPW1,True,True,True,True
9442705,"Tskawahyah Island, Cape Alava",48.1711,-124.7369,NOAA CO-OPS,WA,historic,2016-05-03,2016-09-02,True,False,MLLW,,Mixed,,True,True,True,False
9442861,MAKAH BAY,48.2967,-124.672,NOAA CO-OPS,WA,historic,1978-10-25,1979-12-12,True,False,MLLW,,Mixed,,False,True,True,False
9443090,Neah Bay,48.370724,-124.601585,NOAA CO-OPS,WA,active,1934-07-23,,True,False,MLLW,NWLON,Mixed,NEAW1,True,True,True,True
9443361,"SEKIU, CLALLAM BAY",48.2633,-124.297,NOAA CO-OPS,WA,historic,1978-09-18,1978-10-30,True,False,MLLW,,Mixed,,False,True,True,False
9443551,Jim Creek,48.1872,-124.0625,NOAA CO-OPS,WA,historic,2016-05-05,2016-09-04,True,False,MLLW,,Mixed,,True,True,True,False
9443826,CRESCENT BAY,48.1617,-123.725,NOAA CO-OPS,WA,historic,1978-09-19,1978-11-01,True,False,MLLW,,,,False,True,True,False
9444090,Port Angeles,48.125,-123.44,NOAA CO-OPS,WA,active,1975-08-30,,True,False,MLLW,NWLON,Mixed,PTAW1,True,True,True,True
9444122,Ediz Hook,48.14,-123.413,NOAA CO-OPS,WA,historic,1975-08-29,1978-05-10,True,False,MLLW,,Mixed,,False,True,True,False
9444900,Port Townsend,48.11122,-122.759674,NOAA CO-OPS,WA,active,1971-12-31,,True,False,MLLW,NWLON,Mixed,PTWW1,True,True,True,True
9445016,Foulweather Bluff,47.9267,-122.617,NOAA CO-OPS,WA,historic,1977-01-18,2012-06-05,True,False,MLLW,Hydro,Mixed,,True,True,True,False
9445088,LOFALL,47.815,-122.657,NOAA CO-OPS,WA,historic,1978-01-24,1983-03-23,True,False,MLLW,,,,False,True,True,False
9445133,Bangor,47.7483,-122.727,NOAA CO-OPS,WA,historic,1977-01-19,2003-04-02,True,False,MLLW,,Mixed,,True,True,True,False
9445246,WHITNEY POINT,47.7617,-122.85,NOAA CO-OPS,WA,historic,1978-01-20,1978-03-02,True,False,MLLW,,,,False,True,True,False
9445272,"QUILCENE, DABOB BAY, HOOD CANAL",47.8,-122.858,NOAA CO-OPS,WA,historic,1995-06-20,1995-12-01,True,False,MLLW,,Mixed,,True,True,True,False
9445296,"SEABECK, HOOD CANAL",47.6417,-122.828,NOAA CO-OPS,WA,historic,1935-03-15,1978-03-02,True,False,MLLW,,,,False,True,True,False
9445441,LYNCH COVE DOCK,47.4183,-122.9,NOAA CO-OPS,WA,historic,1978-01-18,1978-03-01,True,False,MLLW,,,,False,True,True,False
9445478,"UNION, HOOD CANAL",47.3583,-123.098,NOAA CO-OPS,WA,historic,1973-02-28,1978-03-30,True,False,MLLW,,Mixed,,False,True,True,False
9445526,HANSVILLE,47.9183,-122.545,NOAA CO-OPS,WA,historic,1977-01-17,1978-03-02,True,False,MLLW,,,,False,True,True,False
9445719,POULSBO,47.725,-122.638,NOAA CO-OPS,WA,historic,1972-05-04,1981-06-04,True,False,MLLW,,,,False,True,True,False
9445832,BROWNSVILLE,47.6517,-122.615,NOAA CO-OPS,WA,historic,1980-01-24,1980-03-17,True,False,MLLW,,,,False,True,True,False
9445938,CLAM BAY,47.5733,-122.543,NOAA CO-OPS,WA,historic,1974-04-26,1977-11-10,True,False,MLLW,,Mixed,,False,True,True,False
9445958,Bremerton,47.5617,-122.623,NOAA CO-OPS,WA,active,1977-04-06,,True,False,MLLW,PORTS,Mixed,BMTW1,True,True,True,False
9446281,ALLYN,47.3833,-122.823,NOAA CO-OPS,WA,historic,1977-03-30,1978-04-06,True,False,MLLW,,,,False,True,True,False
9446291,Wauna,47.3783,-122.634,NOAA CO-OPS,WA,historic,1917-05-23,2015-12-04,True,False,MLLW,,Mixed,,True,True,True,False
9446451,GREEN POINT,47.3017,-122.682,NOAA CO-OPS,WA,historic,1978-02-23,1978-04-04,True,False,MLLW,,,,False,True,True,False
9446484,Tacoma,47.2667,-122.4133,NOAA CO-OPS,WA,active,1996-07-22,,True,False,MLLW,"PORTS,Global",Mixed,TCNW1,True,True,True,True
9446491,ARLETTA,47.28,-122.652,NOAA CO-OPS,WA,historic,1978-02-23,1978-04-10,True,False,MLLW,,,,False,True,True,False
9446500,"HOME, PUGET SOUND",47.275,-122.758,NOAA CO-OPS,WA,historic,1973-11-01,1973-11-30,True,False,MLLW,,,,False,True,True,False
9446545,TACOMA,47.255,-122.432,NOAA CO-OPS,WA,historic,1977-03-10,1978-04-03,True,False,MLLW,,,,False,True,True,False
9446705,"YOMAN POINT, ANDERSON ISLAND",47.18,-122.675,NOAA CO-OPS,WA,historic,1978-02-23,1996-11-13,True,False,MLLW,,Mixed,,True,True,True,False
9446742,"BARRON POINT, LITTLE SKOOKUM INLET ENT",47.1567,-123.008,NOAA CO-OPS,WA,historic,1988-09-14,1989-03-22,True,False,MLLW,,Mixed Diurnal,,False,True,True,False
9446804,"SANDY POINT ANDERSON ISLAND, PUGET SOUND",47.153,-122.6751,NOAA CO-OPS,WA,historic,2015-02-12,2015-11-18,True,False,MLLW,,Mixed,,True,True,True,False
9446807,"BUDD INLET, SOUTH OF GULL HARBOR",47.0983,-122.895,NOAA CO-OPS,WA,historic,1996-03-01,1996-12-05,True,False,MLLW,,Mixed,,True,True,True,False
9446969,"OLYMPIA, BUD INLET, PUGET SOUND",47.06,-122.903,NOAA CO-OPS,WA,historic,1977-03-30,1978-04-06,True,False,MLLW,,,,False,True,True,False
9447110,LOCKHEED SHIPYARD,47.585,-122.362,NOAA CO-OPS,WA,historic,1975-03-04,1981-02-24,True,False,MLLW,,Mixed,,False,True,True,False
9447111,LOCKHEED SHIPYARD TEST SITE,47.585,-122.36,NOAA CO-OPS,WA,historic,1975-03-04,1977-08-05,True,False,MLLW,,,,False,True,True,False
9447112,"LOCKHEED SHIPYRD, 6 IN TEST WELL",47.585,-122.36,NOAA CO-OPS,WA,historic,1976-06-01,1976-07-31,True,False,MLLW,,,,False,True,True,False
9447113,"LOCKHEED SHIPYARD,4 IN TEST WELL",47.585,-122.36,NOAA CO-OPS,WA,historic,1976-06-01,1976-07-31,True,False,MLLW,,,,False,True,True,False
9447114,LOCKHEED SHIPYARD (BACKUP),47.585,-122.36,NOAA CO-OPS,WA,historic,1976-01-01,1977-02-28,True,False,MLLW,,Mixed,,False,True,True,False
9447115,LOCKHEED SHIPYARD,47.58,-122.357,NOAA CO-OPS,WA,historic,1977-02-01,1977-03-31,True,False,MLLW,,Mixed,,False,True,True,False
9447130,Seattle,47.60264,-122.3393,NOAA CO-OPS,WA,active,1899-01-01,,True,False,MLLW,NWLON,Mixed,EBSW1,True,True,True,True
9447239,Sand Point,47.6883,-122.258,NOAA CO-OPS,WA,historic,2004-02-25,2011-02-28,True,False,MLLW,Hydro,Mixed,,True,True,True,False
9447427,EDMONDS,47.8133,-122.383,NOAA CO-OPS,WA,historic,1978-03-01,1978-06-01,True,False,MLLW,,,,False,True,True,False
9447659,EVERETT,47.98,-122.223,NOAA CO-OPS,WA,historic,1976-12-01,1996-02-20,True,False,MLLW,,Mixed,,True,True,True,False
9447717,Priest Point,48.034943,-122.227196,NOAA CO-OPS,WA,historic,2014-05-12,2014-10-01,True,False,MLLW,,Mixed,,True,True,True,False
9447729,Marysville,48.04,-122.168,NOAA CO-OPS,WA,historic,2000-11-01,2002-05-01,True,False,MLLW,,Mixed,,True,True,True,False
9447773,"Tulalip, Tulalip Bay",48.065,-122.288,NOAA CO-OPS,WA,historic,1935-04-08,2013-12-19,True,False,MLLW,COASTAL,Mixed,,True,True,True,False
9447855,HOLLY HARBOR FARMS,48.0267,-122.535,NOAA CO-OPS,WA,historic,1977-02-01,1977-04-13,True,False,MLLW,,,,False,True,True,False
9447883,Green Bank,48.105,-122.57,NOAA CO-OPS,WA,historic,1960-09-10,2016-01-31,True,False,MLLW,,Mixed,,True,True,True,False
9447973,NAS Whidbey Island,48.3428,-122.6858,NOAA CO-OPS,WA,historic,2016-05-03,2016-09-14,True,False,MLLW,,Mixed,,True,True,True,False
9448009,Spee-Bi-Dah,48.08825,-122.322334,NOAA CO-OPS,WA,historic,2014-05-07,2014-10-01,True,False,MLLW,,Mixed,,True,True,True,False
9448043,"Tulare Beach, Port Susan",48.106804,-122.347275,NOAA CO-OPS,WA,historic,2013-05-20,2013-09-05,True,False,MLLW,,Mixed,,True,True,True,False
9448094,"KAYAK PT, PORT SUSAN",48.1367,-122.367,NOAA CO-OPS,WA,historic,1977-02-02,1977-04-11,True,False,MLLW,,,,False,True,True,False
9448233,"MADRONNA BEACH, CAMANO ISLAND",48.2117,-122.537,NOAA CO-OPS,WA,historic,1977-02-23,1977-04-12,True,False,MLLW,,Mixed,,False,True,True,False
9448558,"LA CONNER, SWINOMISH SLOUGH",48.3917,-122.497,NOAA CO-OPS,WA,historic,1935-06-25,1973-02-01,True,False,MLLW,,,,False,True,True,False
9448576,Sneeoosh Point,48.4,-122.548,NOAA CO-OPS,WA,historic,2000-05-03,2000-08-29,True,False,MLLW,,Mixed,,True,True,True,False
9448601,YOKEKO POINT,48.4133,-122.615,NOAA CO-OPS,WA,historic,1973-11-10,1976-04-12,True,False,MLLW,,Mixed,,False,True,True,False
9448614,"BOWMAN BAY, FIDALGO ISLAND",48.415,-122.652,NOAA CO-OPS,WA,historic,1973-10-26,1976-07-20,True,False,MLLW,,Mixed,,False,True,True,False
9448657,Turner Bay,48.445,-122.555,NOAA CO-OPS,WA,historic,2000-05-03,2000-08-29,True,False,MLLW,,Mixed,,True,True,True,False
9448682,Swinomish,48.4583,-122.513,NOAA CO-OPS,WA,historic,1939-09-13,2016-09-05,True,False,MLLW,,Mixed,,True,True,True,False
9448794,"ANACORTES, FIDALGO ISLAND",48.5183,-122.62,NOAA CO-OPS,WA,historic,1973-10-21,1995-05-17,True,False,MLLW,,Mixed Diurnal,,True,True,True,False
9449161,"VILLAGE POINT, LUMMI ISLAND",48.7167,-122.708,NOAA CO-OPS,WA,historic,1972-04-19,1975-06-14,True,False,MLLW,,Mixed,,False,True,True,False
9449211,BELLINGHAM,48.745,-122.495,NOAA CO-OPS,WA,historic,1973-03-30,1975-07-21,True,False,MLLW,,Mixed,,False,True,True,False
9449292,"SANDY POINT, LUMMI BAY",48.79,-122.708,NOAA CO-OPS,WA,historic,1974-04-09,1975-04-11,True,False,MLLW,,,,False,True,True,False
9449424,Cherry Point,48.862717,-122.75858,NOAA CO-OPS,WA,active,1971-11-07,,True,False,MLLW,NWLORTS,Mixed,CHYW1,True,True,True,True
9449639,Point Roberts,48.975,-123.083,NOAA CO-OPS,WA,historic,1975-01-29,2015-11-06,True,False,MLLW,,Mixed,,True,True,True,False
9449679,"Blaine, Drayton Harbor",48.9917,-122.765,NOAA CO-OPS,WA,historic,1973-10-15,2011-06-13,True,False,MLLW,Hydro,Mixed,,True,True,True,False
9449712,"ECHO BAY, SUCIA ISLANDS",48.7567,-122.897,NOAA CO-OPS,WA,historic,1975-03-01,1975-03-31,True,False,MLLW,,,,False,True,True,False
9449746,Waldron Island,48.6868,-123.0376,NOAA CO-OPS,WA,historic,2015-07-22,2016-01-31,True,False,MLLW,,Mixed,,True,True,True,False
9449747,"POINT DISNEY, WALDRON ISLAND",48.675,-123.04,NOAA CO-OPS,WA,historic,1976-09-21,1976-11-03,True,False,MLLW,,,,False,True,True,False
9449771,"Rosario, Orcas Island",48.6467,-122.87,NOAA CO-OPS,WA,historic,1973-10-19,2015-11-10,True,False,MLLW,,Mixed,,True,True,True,False
9449808,JOHNS ISLAND,48.6667,-123.163,NOAA CO-OPS,WA,historic,1976-09-16,1976-11-03,True,False,MLLW,,,,False,True,True,False
9449828,"HANBURY POINT, SAN JUAN ISLAND",48.5817,-123.17,NOAA CO-OPS,WA,historic,1973-10-10,1976-11-05,True,False,MLLW,,,,False,True,True,False
9449856,"Kanaka Bay, San Juan Island",48.485,-123.083,NOAA CO-OPS,WA,historic,1976-09-02,2016-01-31,True,False,MLLW,,Mixed,,True,True,True,False
9449880,Friday Harbor,48.545277,-123.0125,NOAA CO-OPS,WA,active,1932-01-25,,True,False,MLLW,NWLON,Mixed,FRDW1,True,True,True,True
9449896,FISH CREEK,48.4633,-122.967,NOAA CO-OPS,WA,historic,1974-09-01,1974-10-31,True,False,MLLW,,,,False,True,True,False
9449911,Upright Head,48.5717,-122.885,NOAA CO-OPS,WA,historic,1947-01-09,2015-11-15,True,False,MLLW,,Mixed,,True,True,True,False
9449932,Armitage Island,48.535,-122.797,NOAA CO-OPS,WA,historic,1972-05-10,2000-06-28,True,False,MLLW,,Mixed,,True,True,True,False
9449982,Richardson,48.4467,-122.9,NOAA CO-OPS,WA,historic,1942-12-05,2000-05-05,True,False,MLLW,,Mixed,,True,True,True,False
9449988,Telegraph Bay,48.4433,-122.805,NOAA CO-OPS,WA,historic,1974-02-08,2016-01-31,True,False,MLLW,,Mixed,,True,True,True,False
9449995,"POINT COLVILLE, LOPEZ ISLAND",48.4217,-122.812,NOAA CO-OPS,WA,historic,1975-09-16,1975-11-12,True,False,MLLW,,,,False,True,True,False
9450192,"HIDDEN INLET ENTRANCE, PEARSE INLET",54.9437,-130.3358,NOAA CO-OPS,AK,historic,2025-05-29,2025-09-11,True,False,MLLW,VDatum,Mixed,,True,True,True,False
9450251,Entrance to Windy Cove,55.035446,-133.02377,NOAA CO-OPS,AK,historic,2016-05-05,2016-06-17,True,False,MLLW,,Mixed,,True,True,True,False
9450286,Dunbar Inlet GPS Tide Buoy,55.08789,-132.81583,NOAA CO-OPS,AK,historic,2016-05-05,2016-06-10,True,False,MLLW,,,,True,True,True,False
9450296,"Custom House Cove, Mary Island",55.1,-131.217,NOAA CO-OPS,AK,historic,2010-04-12,2010-05-23,True,False,MLLW,Hydro,Mixed,,True,True,True,False
9450314,"Metlakatla, Port Chester, AK",55.1283,-131.567,NOAA CO-OPS,AK,historic,1883-08-11,2009-12-17,True,False,MLLW,USACE,Mixed,,True,True,True,False
9450364,"Hydaburg, Sukkwan Strait",55.2017,-132.823,NOAA CO-OPS,AK,historic,1955-08-24,2008-11-10,True,False,MLLW,Hydro,Mixed,,True,True,True,False
9450460,Ketchikan,55.331944,-131.62611,NOAA CO-OPS,AK,active,1918-10-01,,True,False,MLLW,NWLON,Mixed,KECA2,True,True,True,True
9450463,Trocadero Bay,55.351665,-132.93805,NOAA CO-OPS,AK,historic,2009-04-24,2009-06-09,True,False,MLLW,Hydro,Mixed,,True,True,True,False
9450466,Mckenzie Inlet,55.3583,-132.368,NOAA CO-OPS,AK,historic,2003-08-18,2003-08-27,True,False,MLLW,,Mixed,,True,True,True,False
9450467,Polk Inlet,55.3583,-132.485,NOAA CO-OPS,AK,historic,1959-04-24,2003-08-17,True,False,MLLW,,Mixed,,True,True,True,False
9450495,Saltery Cove,55.4017,-132.328,NOAA CO-OPS,AK,historic,1921-10-08,2003-09-04,True,False,MLLW,,Mixed,,True,True,True,False
9450544,"Hollis Anchorage, Kasaan Bay",55.48,-132.645,NOAA CO-OPS,AK,historic,1905-08-02,2003-09-02,True,False,MLLW,,Mixed,,True,True,True,False
9450551,CRAIG,55.4883,-133.142,NOAA CO-OPS,AK,historic,2007-04-17,2007-07-03,True,False,MLLW,Hydro,Mixed,,True,True,True,False
9450578,Steamboat Bay,55.5333,-133.637,NOAA CO-OPS,AK,historic,1921-05-17,2006-05-09,True,False,MLLW,Hydro,Mixed,,True,True,True,False
9450581,Kasaan Bay,55.535,-132.397,NOAA CO-OPS,AK,historic,1924-05-22,2002-09-05,True,False,MLLW,,Mixed,,True,True,True,False
9450618,Shinaku Inlet,55.5929,-133.152,NOAA CO-OPS,AK,historic,2008-10-08,2008-11-09,True,False,MLLW,Hydro,Mixed,,True,True,True,False
9450623,Big Salt Lake,55.6,-132.95,NOAA CO-OPS,AK,historic,2008-05-16,2008-06-15,True,False,MLLW,Hydro,Mixed,,True,True,True,False
9450625,Lindeman Cove,55.6017,-132.512,NOAA CO-OPS,AK,historic,2002-08-08,2002-09-08,True,False,MLLW,,Mixed,,True,True,True,False
9450642,Northern Carroll Inlet GPS Tide Buoy,55.628887,-131.3627,NOAA CO-OPS,AK,historic,2016-05-11,2016-06-18,True,False,MLLW,,Mixed,,True,True,True,False
9450651,Rudyerd Bay,55.6417,-130.645,NOAA CO-OPS,AK,historic,1931-08-17,2004-11-03,True,False,MLLW,,Mixed,,True,True,True,False
9450695,"HUT POINT, BEHM CANAL",55.7127,-130.9041,NOAA CO-OPS,AK,historic,1984-04-27,2025-09-26,True,False,MLLW,,Mixed,,True,True,True,False
9450711,Nossuk Bay,55.72167,-133.35,NOAA CO-OPS,AK,historic,2007-05-05,2007-07-28,True,False,MLLW,Hydro,Mixed,,True,True,True,False
9450753,"Magnetic Point, Union Bay, Earnest Sound",55.788284,-132.19089,NOAA CO-OPS,AK,historic,2009-04-30,2009-06-02,True,False,MLLW,Hydro,Mixed,,True,True,True,False
9450761,"Vixen Harbor, Earnest Sound",55.79977,-132.16597,NOAA CO-OPS,AK,historic,2009-05-25,2009-06-02,True,False,MLLW,Hydro,Mixed,,True,True,True,False
9450815,Ratz Harbor,55.88,-132.595,NOAA CO-OPS,AK,historic,1971-04-29,2001-05-15,True,False,MLLW,,Mixed,,True,True,True,False
9450831,Hyder,55.9045,-130.0108,NOAA CO-OPS,AK,historic,2022-05-01,2022-10-12,True,False,MLLW,,Mixed,,True,True,True,False
9450906,"BECK ISLAND, CLARENCE STRAIT",56.0467,-132.862,NOAA CO-OPS,AK,historic,1978-05-03,2002-09-18,True,False,MLLW,,Mixed,,True,True,True,False
9450913,"Kuiu Island, Affleck Canal",56.0369,-134.115,NOAA CO-OPS,AK,historic,2005-04-22,2005-05-31,True,False,MLLW,Hydro,Mixed,,True,True,True,False
9450914,"Burrough Bay, Behm Canal",56.0383,-131.095,NOAA CO-OPS,AK,historic,1931-05-14,2013-06-18,True,False,MLLW,Hydro,Mixed,,True,True,True,False
9450938,Thorne Island,56.0583,-132.968,NOAA CO-OPS,AK,historic,1967-04-27,2001-05-15,True,False,MLLW,,Mixed,,True,True,True,False
9450949,"BURNETTE INLET, ETOLIN ISLAND",56.0733,-132.478,NOAA CO-OPS,AK,historic,1973-09-13,2000-05-10,True,False,MLLW,,Mixed,,True,True,True,False
9450970,Thoms Point,56.1183,-132.078,NOAA CO-OPS,AK,historic,2001-04-06,2007-05-22,True,False,MLLW,Hydro,Mixed,,True,True,True,False
9450973,Blashke Island,56.1267,-132.895,NOAA CO-OPS,AK,historic,2002-08-25,2002-09-17,True,False,MLLW,,Mixed,,True,True,True,False
9450982,SHAKAN BAY ENTRANCE,56.14,-133.61,NOAA CO-OPS,AK,historic,1955-04-29,1998-06-12,True,False,MLLW,,Mixed,,True,True,True,False
9450987,SHAKAN STRAIT (NORTHEAST END),56.1483,-133.46,NOAA CO-OPS,AK,historic,1955-05-23,1998-06-11,True,False,MLLW,,Mixed,,True,True,True,False
9450997,EL Capitan Passage,56.1633,-133.33,NOAA CO-OPS,AK,historic,1922-11-20,2012-08-01,True,False,MLLW,,Mixed,,True,True,True,False
9450998,"Dry Pass, EL Capitan Passage",56.1633,-133.413,NOAA CO-OPS,AK,historic,1957-04-15,2012-08-01,True,False,MLLW,,Mixed,,True,True,True,False
9451005,"POINT HARRINGTON, CLARENCE STRAIT",56.1783,-132.697,NOAA CO-OPS,AK,historic,1976-10-16,2000-05-10,True,False,MLLW,,Mixed,,True,True,True,False
9451012,Bradfield Canal,56.1833,-131.572,NOAA CO-OPS,AK,historic,2005-10-07,2025-09-23,True,False,MLLW,VDatum,Mixed,,True,True,True,False
9451037,Village Rock,56.22,-132.297,NOAA CO-OPS,AK,historic,2001-04-06,2001-05-16,True,False,MLLW,,Mixed,,True,True,True,False
9451054,Port Alexander,56.2467,-134.647,NOAA CO-OPS,AK,active,1924-04-10,,True,False,MLLW,NWLON,Mixed,PLXA2,True,True,True,True
9451074,"BUSHY ISLAND, SNOW PASSAGE",56.2767,-132.985,NOAA CO-OPS,AK,historic,1916-08-01,2000-05-10,True,False,MLLW,,Mixed,,True,True,True,False
9451124,"REEF POINT, STIKINE STRAIT",56.3533,-132.553,NOAA CO-OPS,AK,historic,2000-03-24,2000-04-27,True,False,MLLW,Hydro,Mixed,,True,True,True,False
9451152,Madan Bay,56.3922,-132.169,NOAA CO-OPS,AK,historic,2005-03-15,2005-04-25,True,False,MLLW,Hydro,Mixed,,True,True,True,False
9451204,Wrangell,56.47,-132.387,NOAA CO-OPS,AK,historic,1882-10-10,2001-05-16,True,False,MLLW,,Mixed,,True,True,True,False
9451247,Monte Carlo Island,56.535,-133.767,NOAA CO-OPS,AK,historic,1927-08-03,2007-09-12,True,False,MLLW,Hydro,Mixed,,True,True,True,False
9451263,Point Lockwood,56.5583,-132.963,NOAA CO-OPS,AK,historic,1925-08-08,2003-09-08,True,False,MLLW,Hydro,Mixed,,True,True,True,False
9451281,Blaquiere Point,56.584694,-132.54219,NOAA CO-OPS,AK,historic,2024-05-05,2024-09-19,True,False,MLLW,,Mixed,,True,True,True,False
9451287,Beecher Pass,56.595,-132.987,NOAA CO-OPS,AK,historic,1977-09-30,2003-09-07,True,False,MLLW,Hydro,Mixed,,True,True,True,False
9451317,Anchor Point,56.6383,-132.927,NOAA CO-OPS,AK,historic,1978-09-28,2005-05-21,True,False,MLLW,Hydro,Mixed,,True,True,True,False
9451321,"Castle Islands, Duncan Canal",56.643307,-133.152,NOAA CO-OPS,AK,historic,1972-10-05,2024-08-31,True,False,MLLW,,Mixed,,True,True,True,False
9451335,COSMOS POINT,56.6633,-132.617,NOAA CO-OPS,AK,historic,1962-07-16,1997-05-29,True,False,MLLW,,Mixed,,True,True,True,False
9451346,Papke's Landing,56.6767,-132.933,NOAA CO-OPS,AK,historic,1978-10-05,2003-09-08,True,False,MLLW,Hydro,Mixed,,True,True,True,False
9451349,The Summit,56.682423,-133.73691,NOAA CO-OPS,AK,historic,1929-07-29,2009-05-26,True,False,MLLW,Hydro,Mixed,,True,True,True,False
9451376,Dorothy Cove,56.7217,-135.075,NOAA CO-OPS,AK,historic,1924-10-02,2007-07-22,True,False,MLLW,Hydro,Mixed,,True,True,True,False
9451421,Golf Island,56.7867,-135.393,NOAA CO-OPS,AK,historic,1942-06-16,2003-06-27,True,False,MLLW,Hydro,Mixed,,True,True,True,False
9451422,LECONTE BAY,56.7883,-132.502,NOAA CO-OPS,AK,historic,1997-05-19,1997-06-29,True,False,MLLW,,Mixed,,True,True,True,False
9451434,Turn Point,56.8,-132.98,NOAA CO-OPS,AK,historic,1978-09-21,2006-05-27,True,False,MLLW,Hydro,Mixed,,True,True,True,False
9451438,Entrance Island,56.8117,-133.787,NOAA CO-OPS,AK,historic,1929-04-16,2006-06-08,True,False,MLLW,Hydro,Mixed,,True,True,True,False
9451454,Security Bay GPS Buoy,56.83764,-134.32712,NOAA CO-OPS,AK,historic,2015-01-28,2015-03-11,True,False,MLLW,,Mixed,,True,True,True,False
9451467,"Red Bluff Bay, Baranof Island",56.8567,-134.723,NOAA CO-OPS,AK,historic,1926-06-16,2013-06-29,True,False,MLLW,Hydro,Mixed,,True,True,True,False
9451497,"Saginaw Bay, Kuiu Island",56.90333,-134.30305,NOAA CO-OPS,AK,historic,1967-05-10,1996-05-02,True,False,MLLW,,Mixed,,True,True,True,False
9451528,"Kake Harbor, Keku Strait",56.948307,-133.89473,NOAA CO-OPS,AK,historic,2009-11-07,2009-12-14,True,False,MLLW,USACE,Mixed,,True,True,True,False
9451561,Thomas Bay,56.996693,-132.785,NOAA CO-OPS,AK,historic,1923-10-10,2024-09-21,True,False,MLLW,,Mixed,,True,True,True,False
9451600,Sitka,57.051056,-135.34412,NOAA CO-OPS,AK,active,1938-05-19,,True,False,MLLW,NWLON,Mixed,ITKA2,True,True,True,True
9451625,"Baranof,  Warm Spring Bay",57.088333,-134.825,NOAA CO-OPS,AK,historic,1926-06-24,2007-09-17,True,False,MLLW,Hydro,Mixed,,True,True,True,False
9451634,"HERRING BAY, FREDERICK SOUND",57.1133,-134.38,NOAA CO-OPS,AK,historic,1996-04-09,1996-05-02,True,False,MLLW,,Mixed,,True,True,True,False
9451706,"ELIZA HARBOR, FREDERICK SOUND",57.1883,-134.287,NOAA CO-OPS,AK,historic,1996-04-14,1996-05-01,True,False,MLLW,,Mixed,,True,True,True,False
9451741,"WHITESTONE NARROWS, Neva Strait",57.25,-135.567,NOAA CO-OPS,AK,historic,2013-05-01,2013-06-20,True,False,MLLW,,Mixed,,True,True,True,False
9451781,"CANNERY COVE, PYBUS BAY",57.3067,-134.133,NOAA CO-OPS,AK,historic,1925-10-09,1996-04-27,True,False,MLLW,,Mixed,,True,True,True,False
9451785,"THE BROTHERS, STEPHENS PASSAGE",57.295,-133.797,NOAA CO-OPS,AK,historic,1982-10-19,1996-05-22,True,False,MLLW,,Mixed,,True,True,True,False
9451798,"PORT HOUGHTON (INSIDE), STEPHENS PASSAGE",57.325,-133.183,NOAA CO-OPS,AK,historic,1993-03-23,2024-09-24,True,False,MLLW,,Mixed,,True,True,True,False
9451805,Scraggy Island,57.34,-135.707,NOAA CO-OPS,AK,historic,2002-04-02,2004-06-10,True,False,MLLW,Hydro,Mixed,,True,True,True,False
9451853,Sergius Narrows,57.41,-135.627,NOAA CO-OPS,AK,historic,1976-05-21,2002-05-26,True,False,MLLW,,Mixed,,True,True,True,False
9451936,Provorotni Island,57.515,-135.555,NOAA CO-OPS,AK,historic,1952-05-15,2002-05-22,True,False,MLLW,,Mixed,,True,True,True,False
9451953,"Target Island, Mitchell Bay",57.5333,-134.417,NOAA CO-OPS,AK,historic,2007-08-03,2007-09-16,True,False,MLLW,Hydro,Mixed,,True,True,True,False
9452005,North Shore Upper Endicott Arm,57.5217,-133.055,NOAA CO-OPS,AK,historic,2007-10-19,2025-08-24,True,False,MLLW,,Mixed,,True,True,True,False
9452017,"FORD'S TERROR, STEPHEN'S PASS",57.6876,-133.1425,NOAA CO-OPS,AK,historic,,2025-08-30,True,False,MLLW,,Mixed,,True,True,True,False
9452022,"Sawyer Island, Tracy Arm, Holkham Bay",57.8783,-133.19,NOAA CO-OPS,AK,historic,1974-08-01,2008-10-20,True,False,MLLW,,Mixed,,True,True,True,False
9452046,"WINDHAM BAY EAST, STEPHENS PASSAGE",57.5883,-133.407,NOAA CO-OPS,AK,historic,1995-04-10,1995-04-26,True,False,MLLW,,Mixed,,True,True,True,False
9452067,"HOLKHAM BAY, STEPHENS PASSAGE",57.76,-133.603,NOAA CO-OPS,AK,historic,1973-09-12,1997-06-25,True,False,MLLW,,Mixed,,True,True,True,False
9452069,"TRACY ARM, HOLKHAM BAY",57.8067,-133.63,NOAA CO-OPS,AK,historic,1973-09-15,1999-10-29,True,False,MLLW,,Mixed,,True,True,True,False
9452081,"Port Snettisham, Speel River Arm",58.116695,-133.69,NOAA CO-OPS,AK,historic,1928-05-28,2024-08-21,True,False,MLLW,,Mixed,,True,True,True,False
9452082,"CRIB POINT, PORT SNETTISHAM, STEPHENS PA",58.0967,-133.742,NOAA CO-OPS,AK,historic,1997-06-04,1997-06-20,True,False,MLLW,,Mixed,,True,True,True,False
9452089,"Sharp Point, Speel Arm",58.022335,-133.80728,NOAA CO-OPS,AK,historic,2024-04-23,2024-08-20,True,False,MLLW,,Mixed,,True,True,True,False
9452123,TAKU HARBOR,58.0683,-134.012,NOAA CO-OPS,AK,historic,1921-04-10,1998-06-15,True,False,MLLW,,Mixed,,True,True,True,False
9452124,TAKU POINT,58.40867,-134.00613,NOAA CO-OPS,AK,historic,1937-04-15,2024-09-04,True,False,MLLW,,Mixed,,True,True,True,False
9452131,"TAKU INLET (MIDDLE), TAKU RIVER ENTRANCE",58.3667,-134.052,NOAA CO-OPS,AK,historic,1997-04-25,1997-05-16,True,False,MLLW,,Mixed,,True,True,True,False
9452141,ANNEX CREEK ENTRANCE,58.3167,-134.1,NOAA CO-OPS,AK,historic,1984-05-07,1997-05-05,True,False,MLLW,,Mixed,,True,True,True,False
9452184,"OLIVER INLET, PORTAGE",58.1083,-134.31,NOAA CO-OPS,AK,historic,1997-04-11,1997-04-18,True,False,MLLW,,Mixed,,True,True,True,False
9452210,Juneau,58.2988,-134.4106,NOAA CO-OPS,AK,active,1936-05-14,,True,False,MLLW,NWLON,Mixed,JNEA2,True,True,True,True
9452249,YOUNG BAY,58.1833,-134.587,NOAA CO-OPS,AK,historic,1997-03-19,1997-05-15,True,False,MLLW,,Mixed,,True,True,True,False
9452292,HAWK INLET,58.1267,-134.758,NOAA CO-OPS,AK,historic,1917-05-15,1997-05-08,True,False,MLLW,,Mixed,,True,True,True,False
9452294,Hawk Inlet,58.085,-134.777,NOAA CO-OPS,AK,historic,1983-05-10,1999-06-11,True,False,MLLW,,Mixed,,True,True,True,False
9452318,Barlow Cove,58.3217,-134.878,NOAA CO-OPS,AK,historic,1999-04-05,1999-06-07,True,False,MLLW,,Mixed,,True,True,True,False
9452321,"FUNTER, MANSFIELD PENINSULA",58.255,-134.895,NOAA CO-OPS,AK,historic,1922-07-25,1999-05-10,True,False,MLLW,,Mixed,,True,True,True,False
9452328,"False Bay, Chatham Strait",57.9667,-134.935,NOAA CO-OPS,AK,historic,1984-05-03,2007-09-14,True,False,MLLW,Hydro,Mixed,,True,True,True,False
9452336,"LINCOLN ISLAND, FAVORITE CHANNEL",58.4983,-134.965,NOAA CO-OPS,AK,historic,1996-05-06,1996-05-22,True,False,MLLW,,Mixed,,True,True,True,False
9452346,Cove Point,58.7517,-135.028,NOAA CO-OPS,AK,historic,1998-04-20,1999-05-25,True,False,MLLW,,Mixed,,True,True,True,False
9452368,SWANSON HARBOR,58.215,-135.127,NOAA CO-OPS,AK,historic,1901-07-12,1987-10-30,True,False,MLLW,,Mixed,,False,True,True,False
9452377,St. James Bay,58.615,-135.163,NOAA CO-OPS,AK,historic,1999-04-07,1999-04-29,True,False,MLLW,,Mixed,,True,True,True,False
9452378,Boat Harbor,58.6283,-135.165,NOAA CO-OPS,AK,historic,1999-04-22,1999-05-03,True,False,MLLW,,Mixed,,True,True,True,False
9452386,TENAKEE,57.779305,-135.21947,NOAA CO-OPS,AK,historic,1980-04-09,2024-09-06,True,False,MLLW,,Mixed,,True,True,True,False
9452391,WILLIAM HENRY BAY,58.7133,-135.232,NOAA CO-OPS,AK,historic,1922-04-26,1984-06-20,True,False,MLLW,,Mixed,,False,True,True,False
9452400,"Skagway, Taiya Inlet",59.4508,-135.328,NOAA CO-OPS,AK,active,1943-08-16,,True,False,MLLW,NWLON,Mixed,SKTA2,True,True,True,True
9452421,CHILKAT INLET,59.17,-135.4,NOAA CO-OPS,AK,historic,1998-05-08,1998-06-21,True,False,MLLW,,Mixed,,True,True,True,False
9452434,TAIYASANKA HARBOR,59.3017,-135.428,NOAA CO-OPS,AK,historic,1998-04-21,1998-05-28,True,False,MLLW,,Mixed,,True,True,True,False
9452437,EXCURSION INLET (SOUTH END),58.4167,-135.447,NOAA CO-OPS,AK,historic,1923-06-14,1999-06-08,True,False,MLLW,,Mixed,,True,True,True,False
9452438,"Hoonah, Port Fredrick",58.107555,-135.4442,NOAA CO-OPS,AK,historic,2009-10-31,2009-12-06,True,False,MLLW,USACE,Mixed,,True,True,True,False
9452516,POINT ADOLPHUS,58.2867,-135.803,NOAA CO-OPS,AK,historic,1976-08-01,1990-05-17,True,False,MLLW,,Mixed,,True,True,True,False
9452534,"BARTLETT COVE, GLACIER BAY",58.456696,-135.883,NOAA CO-OPS,AK,active,1979-08-21,,True,False,MLLW,,Mixed,,True,True,True,True
9452542,Port Gustavus,58.3817,-135.918,NOAA CO-OPS,AK,historic,1976-08-10,1999-06-08,True,False,MLLW,,Mixed,,True,True,True,False
9452569,LEMESURIER ISLAND (BACKUP),58.3133,-136.037,NOAA CO-OPS,AK,historic,1990-03-28,1990-10-25,True,False,MLLW,,Mixed,,True,True,True,False
9452584,"Muir Inlet, Glacier Bay",58.9133,-136.108,NOAA CO-OPS,AK,historic,1940-07-12,2009-11-07,True,False,MLLW,Hydro,Mixed,,True,True,True,False
9452611,"Pelican Harbor, Lisianski Inlet, AK",57.95778,-136.22678,NOAA CO-OPS,AK,historic,1989-10-09,2009-12-08,True,False,MLLW,USACE,Mixed,,True,True,True,False
9452632,"Wachusett Inlet, Glacier Bay",58.9467,-136.333,NOAA CO-OPS,AK,historic,1972-08-29,2009-11-09,True,False,MLLW,Hydro,Mixed,,True,True,True,False
9452634,Elfin Cove,58.19472,-136.34694,NOAA CO-OPS,AK,active,1938-05-13,,True,False,MLLW,NWLON,Mixed,ELFA2,True,True,True,True
9452635,"ELFIN COVE, PORT ALTHORP (BACKUP)",58.1933,-136.343,NOAA CO-OPS,AK,historic,1991-04-01,1992-04-30,True,False,MLLW,,,,True,True,True,False
9452682,"Composite Island, Glacier Bay",58.8883,-136.573,NOAA CO-OPS,AK,historic,1959-07-27,2009-11-06,True,False,MLLW,Hydro,Mixed,,True,True,True,False
9452749,"Tarr Inlet, Glacier Bay",58.96478,-136.87758,NOAA CO-OPS,AK,historic,2009-10-08,2009-11-08,True,False,MLLW,Hydro,Mixed,,True,True,True,False
9453178,RUSSELL FIORD,59.9369,-139.4001,NOAA CO-OPS,AK,historic,1999-06-14,2025-09-07,True,False,MLLW,,Mixed,,True,True,True,False
9453196,DISENCHANTMENT BAY,60.0467,-139.555,NOAA CO-OPS,AK,historic,1999-06-14,1999-06-20,True,False,MLLW,,Mixed,,True,True,True,False
9453208,"REDFIELD COVE, YAKUTAT BAY",59.6117,-139.58,NOAA CO-OPS,AK,historic,1978-07-07,1978-09-15,True,False,MLLW,,Mixed,,False,True,True,False
9453210,"POINT LATOUCHE, YAKUTAT BAY",59.9033,-139.627,NOAA CO-OPS,AK,historic,1978-07-13,1978-09-13,True,False,MLLW,,Mixed,,False,True,True,False
9453215,JOHNSTONE PASSAGE,59.5817,-139.702,NOAA CO-OPS,AK,historic,1977-06-14,1977-09-23,True,False,MLLW,,Mixed,,False,True,True,False
9453220,"Yakutat, Yakutat Bay",59.5485,-139.7334,NOAA CO-OPS,AK,active,1940-04-24,,True,False,MLLW,NWLON,Mixed,YATA2,True,True,True,True
9453431,"TYNDALL GLACIER, ICY BAY",60.0783,-141.275,NOAA CO-OPS,AK,historic,1976-08-06,2023-09-15,True,False,MLLW,,Mixed,,True,True,True,False
9453443,Moraine Bay,59.93,-141.363,NOAA CO-OPS,AK,historic,1979-07-09,2002-07-15,True,False,MLLW,,Mixed,,True,True,True,False
9453444,Kichyatt Point,60.0267,-141.367,NOAA CO-OPS,AK,historic,1979-07-10,2000-09-12,True,False,MLLW,,Mixed,,True,True,True,False
9453456,Riou Bay,59.885,-141.457,NOAA CO-OPS,AK,historic,1976-06-30,2000-09-12,True,False,MLLW,,Mixed,,True,True,True,False
9453471,"ICY BAY ENTRANCE, ZONING GAUGE B",59.8583,-141.655,NOAA CO-OPS,AK,historic,2002-05-24,2002-07-01,True,False,MLLW,,Mixed,,True,True,True,False
9453472,"ICY BAY ENTRANCE, ZONING GAUGE A",59.8583,-141.663,NOAA CO-OPS,AK,historic,2002-05-24,2002-07-01,True,False,MLLW,,Mixed,,True,True,True,False
9454050,Cordova,60.5583,-145.753,NOAA CO-OPS,AK,active,1949-05-14,,True,False,MLLW,NWLON,Mixed,CRVA2,True,True,True,True
9454124,Sheep Bay,60.67189,-145.99217,NOAA CO-OPS,AK,historic,2024-05-01,2024-10-21,True,False,MLLW,,Mixed,,True,True,True,False
9454153,GRAVINA RIVER,60.7667,-146.0846,NOAA CO-OPS,AK,historic,1976-06-23,2022-08-12,True,False,MLLW,Hydro,Mixed,,True,True,True,False
9454240,Valdez,61.125,-146.362,NOAA CO-OPS,AK,active,1964-08-15,,True,False,MLLW,NWLORTS,Mixed,VDZA2,True,True,True,True
9454328,"VALDEZ NARROWS, T-19",61.0817,-146.668,NOAA CO-OPS,AK,historic,1977-05-27,1977-08-26,True,False,MLLW,,,,False,True,True,False
9454329,Cape Hichinbrook,60.2383,-146.648,NOAA CO-OPS,AK,historic,1979-06-14,2003-06-12,True,False,MLLW,,Mixed,,True,True,True,False
9454363,"ROCKY PT, T-17",60.9467,-146.755,NOAA CO-OPS,AK,historic,1977-06-14,1977-08-16,True,False,MLLW,,,,False,True,True,False
9454374,Busby Island,60.8983,-146.782,NOAA CO-OPS,AK,historic,2004-08-23,2004-09-13,True,False,MLLW,,Mixed,,True,True,True,False
9454381,"BLIGH ISLAND, T-16",60.8067,-146.798,NOAA CO-OPS,AK,historic,1977-06-06,1977-08-08,True,False,MLLW,,,,False,True,True,False
9454411,Zaikof Point,60.3083,-146.943,NOAA CO-OPS,AK,historic,1978-05-17,1999-10-14,True,False,MLLW,,Mixed,,True,True,True,False
9454460,Columbia Glacier,61.0233,-147.085,NOAA CO-OPS,AK,historic,2005-09-01,2005-10-03,True,False,MLLW,,Mixed,,True,True,True,False
9454511,Port Chalmers,60.2418,-147.249,NOAA CO-OPS,AK,historic,1998-09-24,1999-10-20,True,False,MLLW,,Mixed,,True,True,True,False
9454533,"SMITH IS, NE END",60.5317,-147.343,NOAA CO-OPS,AK,historic,1978-06-01,1978-07-12,True,False,MLLW,,,,False,True,True,False
9454561,Perch Point,60.1267,-147.395,NOAA CO-OPS,AK,historic,2000-09-12,2000-10-26,True,False,MLLW,,Mixed,,True,True,True,False
9454562,Wooded Island,59.875,-147.403,NOAA CO-OPS,AK,historic,2003-07-30,2003-10-04,True,False,MLLW,,Mixed,,True,True,True,False
9454564,SEAL ISLAND,60.425,-147.41,NOAA CO-OPS,AK,historic,1998-08-12,1998-10-30,True,False,MLLW,,Mixed,,True,True,True,False
9454616,Montague Island,60.025,-147.592,NOAA CO-OPS,AK,historic,1999-08-31,1999-10-20,True,False,MLLW,,Mixed,,True,True,True,False
9454642,LOUIS BAY,60.4617,-147.672,NOAA CO-OPS,AK,historic,1978-06-08,1998-10-25,True,False,MLLW,,Mixed,,True,True,True,False
9454652,"SOUTH ARM, KNIGHT ISLAND, BAY OF ISLES",60.3667,-147.7,NOAA CO-OPS,AK,historic,1998-08-06,1998-10-22,True,False,MLLW,,Mixed,,True,True,True,False
9454662,Snug Harbor,60.25,-147.717,NOAA CO-OPS,AK,historic,1998-08-12,1999-10-20,True,False,MLLW,,Mixed,,True,True,True,False
9454671,"POINT HELEN, KNIGHT ISLAND",60.1533,-147.767,NOAA CO-OPS,AK,historic,1996-09-04,1996-11-22,True,False,MLLW,,Mixed,,True,True,True,False
9454672,COLLEGE FIORD,61.2058,-147.7614,NOAA CO-OPS,AK,historic,1992-08-14,2022-08-14,True,False,MLLW,,Mixed,,True,True,True,False
9454673,PORT AUDREY,60.3433,-147.768,NOAA CO-OPS,AK,historic,1978-05-31,1998-09-16,True,False,MLLW,,Mixed,,True,True,True,False
9454674,Macleod Harbor,59.89,-147.795,NOAA CO-OPS,AK,historic,1978-05-07,2000-10-27,True,False,MLLW,,Mixed,,True,True,True,False
9454691,"HERRING POINT, KNIGHT ISLAND, PR WIL SND",60.475,-147.792,NOAA CO-OPS,AK,historic,1978-06-08,1998-10-16,True,False,MLLW,,Mixed,,True,True,True,False
9454713,Latouche,60.0533,-147.907,NOAA CO-OPS,AK,historic,1978-07-05,2002-09-12,True,False,MLLW,Hydro,Mixed,,True,True,True,False
9454721,PERRY ISLAND (SOUTH BAY),60.6717,-147.932,NOAA CO-OPS,AK,historic,1966-06-06,1995-11-02,True,False,MLLW,,Mixed,,True,True,True,False
9454729,"PT. PERRY, PERRY ISLAND",60.7533,-147.958,NOAA CO-OPS,AK,historic,1966-06-02,1997-10-31,True,False,MLLW,,Mixed,,True,True,True,False
9454751,Guguak,60.1,-148.038,NOAA CO-OPS,AK,historic,1978-07-14,2002-09-12,True,False,MLLW,Hydro,Mixed,,True,True,True,False
9454755,Bainbridge Point,60.1967,-148.042,NOAA CO-OPS,AK,historic,1978-06-14,2002-09-09,True,False,MLLW,Hydro,Mixed,,True,True,True,False
9454757,"ESHAMY LAGOON, KNIGHT ISLAND PASSAGE",60.4617,-148.045,NOAA CO-OPS,AK,historic,1996-10-24,1996-11-02,True,False,MLLW,,Mixed,,True,True,True,False
9454777,CHENEGA ISLAND (S.W. END),60.2833,-148.113,NOAA CO-OPS,AK,historic,1957-06-26,1996-11-01,True,False,MLLW,,Mixed,,True,True,True,False
9454794,Applegate Island,60.6233,-148.165,NOAA CO-OPS,AK,historic,1978-05-10,1997-10-30,True,False,MLLW,,Mixed,,True,True,True,False
9454806,GRANITE MINE,60.95,-148.212,NOAA CO-OPS,AK,historic,1978-05-11,1992-10-29,True,False,MLLW,,Mixed,,True,True,True,False
9454807,GRANITE MINE (BACKUP),60.95,-148.212,NOAA CO-OPS,AK,historic,1992-08-13,1992-10-29,True,False,MLLW,,,,True,True,True,False
9454814,"Point Erlington, Erlington Island",59.9383,-148.227,NOAA CO-OPS,AK,historic,2000-09-21,2002-09-11,True,False,MLLW,Hydro,Mixed,,True,True,True,False
9454818,"BLUE FjORD, PORT NELLIE JUAN",60.4917,-148.242,NOAA CO-OPS,AK,historic,1961-06-06,1997-10-31,True,False,MLLW,,Mixed,,True,True,True,False
9454824,HARRIMAN FIORD,61.035,-148.313,NOAA CO-OPS,AK,historic,1992-09-11,1992-10-15,True,False,MLLW,,Mixed,,True,True,True,False
9454825,"LONG BAY ENTR, CULROSS PASSAGE",60.6917,-148.263,NOAA CO-OPS,AK,historic,1961-07-31,1995-09-19,True,False,MLLW,,Mixed,,True,True,True,False
9454851,"COCHRANE BAY, PR. WILLIAM SOUND",60.6633,-148.357,NOAA CO-OPS,AK,historic,1995-08-22,1995-10-21,True,False,MLLW,,Mixed,,True,True,True,False
9454907,"BLACKSTONE BAY, PR. WILLIAM SOUND",60.765,-148.523,NOAA CO-OPS,AK,historic,1995-09-08,1995-10-12,True,False,MLLW,,Mixed,,True,True,True,False
9454948,WHITTIER (BACKUP),60.7783,-148.665,NOAA CO-OPS,AK,historic,1992-08-15,1992-10-29,True,False,MLLW,,,,True,True,True,False
9454949,Whittier,60.7783,-148.665,NOAA CO-OPS,AK,historic,1978-05-11,2008-02-06,True,False,MLLW,Hydro,Mixed,,True,True,True,False
9454951,"KINGS BAY INSIDE, PRINCE WILLIAM SOUND",60.4567,-148.665,NOAA CO-OPS,AK,historic,1997-09-10,1997-10-22,True,False,MLLW,,Mixed,,True,True,True,False
9454952,SOUTHERN BLACKSTON BAY (INSIDE),60.6833,-148.673,NOAA CO-OPS,AK,historic,1995-09-08,1995-10-12,True,False,MLLW,,Mixed,,True,True,True,False
9455090,Seward,60.1193,-149.42812,NOAA CO-OPS,AK,active,1925-05-01,,True,False,MLLW,NWLON,Mixed,SWLA2,True,True,True,False
9455120,AGNES COVE,59.7733,-149.588,NOAA CO-OPS,AK,historic,2001-08-15,2001-09-20,True,False,MLLW,,Mixed,,True,True,True,False
9455128,"BEAR COVE, AIALIK PENINSULA, KENAI PENIN",59.8017,-149.615,NOAA CO-OPS,AK,historic,2000-06-25,2000-11-15,True,False,MLLW,,Mixed,,True,True,True,False
9455145,"AIALIK BAY, NORTH END",59.9533,-149.715,NOAA CO-OPS,AK,historic,2000-06-29,2000-08-26,True,False,MLLW,,Mixed,,True,True,True,False
9455146,"AIALIK SILL, AIALIK BAY",59.885,-149.718,NOAA CO-OPS,AK,historic,2000-06-29,2000-11-11,True,False,MLLW,,Mixed,,True,True,True,False
9455151,"CAMP COVE, HARRIS PENNINSULA",59.6933,-149.748,NOAA CO-OPS,AK,historic,2000-08-29,2000-11-11,True,False,MLLW,,Mixed,,True,True,True,False
9455159,"CRATER BAY, HARRIS BAY",59.7133,-149.787,NOAA CO-OPS,AK,historic,2000-07-11,2000-11-14,True,False,MLLW,,Mixed,,True,True,True,False
9455178,Northwest Passage,59.7483,-149.9,NOAA CO-OPS,AK,historic,2000-07-10,2000-11-14,True,False,MLLW,,Mixed,,True,True,True,False
9455204,UPPER NORTHWESTERN FIORD,59.79,-150.032,NOAA CO-OPS,AK,historic,2000-07-12,2000-09-19,True,False,MLLW,,Mixed,,True,True,True,False
9455258,McCarty Fiord,59.5116,-150.3552,NOAA CO-OPS,AK,historic,2022-04-09,2022-08-10,True,False,MLLW,,Mixed,,True,True,True,False
9455427,PERL ISLAND,59.13,-151.697,NOAA CO-OPS,AK,historic,1982-07-11,1984-08-31,True,False,MLLW,,Mixed,,False,True,True,False
9455428,PORT CHATHAM,59.2133,-151.728,NOAA CO-OPS,AK,historic,1982-07-08,1982-07-30,True,False,MLLW,,Mixed,,False,True,True,False
9455437,Port Graham,59.35,-151.82666,NOAA CO-OPS,AK,historic,1980-05-08,2009-09-01,True,False,MLLW,,Mixed,,True,True,True,False
9455500,Seldovia,59.4405,-151.7199,NOAA CO-OPS,AK,active,1964-05-24,,True,False,MLLW,NWLON,Mixed,OVIA2,True,True,True,True
9455517,"Kasitsna Bay, Kachemak Bay",59.468304,-151.565,NOAA CO-OPS,AK,historic,1980-06-25,2008-09-02,True,False,MLLW,Hydro,Mixed,,True,True,True,False
9455557,HOMER,59.6033,-151.42,NOAA CO-OPS,AK,historic,1910-09-24,1975-08-01,True,False,MLLW,,Mixed,,False,True,True,False
9455558,COAL POINT,59.6014,-151.4106,NOAA CO-OPS,AK,historic,1979-08-03,2018-12-11,True,False,MLLW,,Mixed,,True,True,True,False
9455595,"Bear Cove, Kachemak Bay",59.725,-151.023,NOAA CO-OPS,AK,historic,1980-05-05,2009-09-18,True,False,MLLW,Hydro,Mixed,,True,True,True,False
9455606,"Anchor Point, Cook Inlet",59.771973,-151.86703,NOAA CO-OPS,AK,historic,1979-07-12,2009-11-03,True,False,MLLW,Hydro,Mixed,,True,True,True,False
9455653,"Ninilchik, Cook Inlet",60.055,-151.682,NOAA CO-OPS,AK,historic,1979-06-13,2011-10-03,True,False,MLLW,,Mixed,,True,True,True,False
9455711,Cape Kasilof,60.3367,-151.38,NOAA CO-OPS,AK,historic,1978-07-16,1999-08-27,True,False,MLLW,,Mixed,,True,True,True,False
9455732,"KALIGAN ISLAND (NORTH END),  COOK INLET",60.5117,-151.952,NOAA CO-OPS,AK,historic,1911-06-23,1999-08-21,True,False,MLLW,,Mixed,,True,True,True,False
9455735,"CHINULNA POINT, COOK INLET",60.5033,-151.283,NOAA CO-OPS,AK,historic,1974-08-22,1995-07-21,True,False,MLLW,,Mixed,,True,True,True,False
9455760,Nikiski,60.6833,-151.398,NOAA CO-OPS,AK,active,1971-05-21,,True,False,MLLW,NWLON,Mixed,NKTA2,True,True,True,True
9455768,WEST FORELAND,60.7133,-151.727,NOAA CO-OPS,AK,historic,1976-06-02,1976-09-08,True,False,MLLW,,,,False,True,True,False
9455777,BOULDER POINT,60.7767,-151.245,NOAA CO-OPS,AK,historic,1998-09-19,2000-07-04,True,False,MLLW,,Mixed,,True,True,True,False
9455824,MOOSE POINT,60.9633,-150.673,NOAA CO-OPS,AK,historic,1977-06-03,1999-08-27,True,False,MLLW,,Mixed,,True,True,True,False
9455866,Point Possession,61.0367,-150.413,NOAA CO-OPS,AK,historic,1974-06-19,2008-09-04,True,False,MLLW,Hydro,Mixed,,True,True,True,False
9455869,North Foreland,61.043304,-151.163,NOAA CO-OPS,AK,historic,1977-06-02,2008-09-14,True,False,MLLW,,Mixed,,True,True,True,False
9455912,"Fire Island, Cook Inlet",61.1733,-150.213,NOAA CO-OPS,AK,historic,1978-06-05,2013-08-01,True,False,MLLW,Hydro,Mixed,,True,True,True,False
9455914,FIRE ISLAND (BACKUP),61.1733,-150.205,NOAA CO-OPS,AK,historic,1992-06-15,1992-08-03,True,False,MLLW,,,,True,True,True,False
9455920,Anchorage,61.2375,-149.8904,NOAA CO-OPS,AK,active,1964-04-24,,True,False,MLLW,NWLON,Mixed,ANTA2,True,True,True,True
9455921,ANCHORAGE (BACKUP ADR),61.2383,-149.888,NOAA CO-OPS,AK,historic,1977-08-31,1995-07-01,True,False,MLLW,,Mixed,,True,True,True,False
9455934,Port Mackenzie,61.2683,-149.917,NOAA CO-OPS,AK,historic,2001-05-22,2002-08-23,True,False,MLLW,,Mixed,,True,True,True,False
9455963,"Goose Creek, Cook Inlet",61.3933,-149.847,NOAA CO-OPS,AK,historic,1974-06-20,2013-08-06,True,False,MLLW,Hydro,Mixed,,True,True,True,False
9455982,Eklutna,61.470554,-149.35916,NOAA CO-OPS,AK,historic,1973-06-24,2023-10-06,True,False,MLLW,,Mixed,,True,True,True,False
9455983,Knik River,61.50414,-149.03264,NOAA CO-OPS,AK,historic,2022-05-15,2022-09-28,False,False,STND,,Mixed,,True,True,True,False
9456173,SNUG HARBOR,60.1075,-152.5817,NOAA CO-OPS,AK,historic,1979-05-30,2024-09-21,True,False,MLLW,,Mixed,,True,True,True,False
9456525,SW Iniskin Bay,59.6517,-153.4681,NOAA CO-OPS,AK,historic,2022-04-20,2022-09-11,True,False,MLLW,,Mixed,,True,True,True,False
9456717,"NUKSHAK ISLAND, SHELIKOF STRAIT",58.3917,-153.958,NOAA CO-OPS,AK,historic,1971-04-19,2000-06-30,True,False,MLLW,,Mixed,,True,True,True,False
9456901,"AGUCHIK ISLAND, KUKAK BAY",58.29,-154.27,NOAA CO-OPS,AK,historic,2000-05-23,2000-06-26,True,False,MLLW,,Mixed,,True,True,True,False
9456992,"TAKLI ISLAND, SHELIKOF STRAIT",58.0633,-154.477,NOAA CO-OPS,AK,historic,1980-05-21,1981-08-24,True,False,MLLW,,Mixed,,False,True,True,False
9456993,"TAKLI ISLAND, GAGE B",58.0633,-154.477,NOAA CO-OPS,AK,historic,1980-05-21,1980-09-14,True,False,MLLW,,,,False,True,True,False
9457152,"TONKI BAY, AFOGNAK ISLAND",58.3167,-152.067,NOAA CO-OPS,AK,historic,1932-08-18,1965-08-08,True,False,MLLW,,Mixed,,False,True,True,False
9457258,NEAR ISLAND,57.775,-152.403,NOAA CO-OPS,AK,historic,1999-08-02,1999-08-09,True,False,MLLW,,Mixed,,True,True,True,False
9457261,PORT OF KODIAK,57.7833,-152.428,NOAA CO-OPS,AK,historic,1975-06-17,1976-06-03,True,False,MLLW,,Mixed,,False,True,True,False
9457283,"KODIAK, ST PAULS HARBOR",57.745,-152.483,NOAA CO-OPS,AK,historic,1919-07-18,1984-10-16,True,False,MLLW,,Mixed,,False,True,True,False
9457287,"Ouzinkie, Spruce Island",57.9217,-152.498,NOAA CO-OPS,AK,historic,1981-08-04,2009-08-10,True,False,MLLW,Hydro,Mixed,,True,True,True,False
9457292,Kodiak Island,57.7317,-152.512,NOAA CO-OPS,AK,active,1984-07-10,,True,False,MLLW,NWLON,Mixed,KDAA2,True,True,True,True
9457313,"PORT WILLIAM, SHUYAK ISLAND",58.490223,-152.58377,NOAA CO-OPS,AK,historic,1971-05-23,2024-09-11,True,False,MLLW,,Mixed,,True,True,True,False
9457376,Uzkosti Point,57.9283,-152.812,NOAA CO-OPS,AK,historic,1981-06-13,2014-07-10,True,False,MLLW,Hydro,Mixed,,True,True,True,False
9457391,"Port Lions, AK",57.873474,-152.86711,NOAA CO-OPS,AK,historic,2009-07-04,2009-08-08,True,False,MLLW,Hydro,Mixed,,True,True,True,False
9457393,"Dovolno Point, Kizhuyak Bay",57.739445,-152.87473,NOAA CO-OPS,AK,historic,2012-09-19,2012-10-25,True,False,MLLW,Hydro,Mixed,,True,True,True,False
9457407,Nachalni Island,57.9783,-152.925,NOAA CO-OPS,AK,historic,1981-06-15,2014-07-10,True,False,MLLW,Hydro,Mixed,,True,True,True,False
9457493,SW Terror Bay,57.744026,-153.19547,NOAA CO-OPS,AK,historic,2014-08-29,2014-10-17,True,False,MLLW,,Mixed,,True,True,True,False
9457512,Sitkalidak Island GPS Tide Buoy,56.96572,-153.2522,NOAA CO-OPS,AK,historic,2016-06-24,2016-07-28,True,False,MLLW,,Mixed,,True,True,True,False
9457527,"OLD HARBOR, KODIAK ISLAND",57.202778,-153.3039,NOAA CO-OPS,AK,historic,2009-08-21,2009-09-21,True,False,MLLW,Hydro,Mixed,,True,True,True,False
9457535,West Raspberry Island,58.107166,-153.34012,NOAA CO-OPS,AK,historic,2014-04-29,2014-10-12,True,False,MLLW,Hydro,Mixed,,True,True,True,False
9457634,"Japanese Bay, Kodiak Island",56.96,-153.687,NOAA CO-OPS,AK,historic,1931-06-17,2014-08-14,True,False,MLLW,Hydro,Mixed,,True,True,True,False
9457724,"Larsen Bay, Kodiak Island, AK",57.5333,-153.99,NOAA CO-OPS,AK,historic,1995-05-08,2009-09-19,True,False,MLLW,Hydro,Mixed,,True,True,True,False
9457726,Geese Island GPS Tide Buoy,56.594696,-153.99603,NOAA CO-OPS,AK,historic,2016-06-24,2016-07-31,True,False,MLLW,,Mixed,,True,True,True,False
9457728,Uyak,57.635,-154.007,NOAA CO-OPS,AK,historic,1923-05-17,2000-07-20,True,False,MLLW,,Mixed,,True,True,True,False
9457804,Alitak,56.89739,-154.248,NOAA CO-OPS,AK,active,1929-05-31,,True,False,MLLW,NWLON,Mixed,ALIA2,True,True,True,True
9458209,Puale Bay,57.7067,-155.393,NOAA CO-OPS,AK,historic,1981-08-25,2001-07-10,True,False,MLLW,,Mixed,,True,True,True,False
9458293,Chirikof Island,55.8083,-155.74,NOAA CO-OPS,AK,historic,2006-05-14,2006-09-05,True,False,MLLW,Hydro,Mixed,,True,True,True,False
9458365,"KANATAK LAGOON, PORTAGE BAY",57.52,-156.052,NOAA CO-OPS,AK,historic,1923-06-05,1984-08-02,True,False,MLLW,,Mixed,,False,True,True,False
9458471,Poltava Island,57.0133,-156.483,NOAA CO-OPS,AK,historic,1986-08-23,2000-07-25,True,False,MLLW,,Mixed,,True,True,True,False
9458519,Chowiet island,56.0517,-156.698,NOAA CO-OPS,AK,historic,1925-06-04,2001-08-20,True,False,MLLW,,Mixed,,True,True,True,False
9458553,UQAIUSHAK ISLAND,56.7967,-156.848,NOAA CO-OPS,AK,historic,1988-08-02,1989-09-10,True,False,MLLW,,Mixed Diurnal,,False,True,True,False
9458705,KUMLIK ISLAND (BACKUP),56.6167,-157.492,NOAA CO-OPS,AK,historic,1993-06-27,1993-07-31,True,False,MLLW,,Mixed Diurnal,,True,True,True,False
9458716,ANIAKCHAK BAY,56.7561,-157.493,NOAA CO-OPS,AK,historic,1925-09-09,2025-09-10,True,False,MLLW,,Mixed,,True,True,True,False
9458762,UNAVIKSHAK ISLAND,56.4917,-157.74,NOAA CO-OPS,AK,historic,1997-07-09,1997-08-27,True,False,MLLW,,Mixed,,True,True,True,False
9458779,"NAKCHAMIK ISLAND, CHIGNIK BAY",56.3517,-157.812,NOAA CO-OPS,AK,historic,1996-05-29,1996-08-02,True,False,MLLW,,Mixed,,True,True,True,False
9458819,KUJULIK BAY (NORTH SHORE),56.6133,-157.983,NOAA CO-OPS,AK,historic,1925-07-23,1996-08-01,True,False,MLLW,,Mixed,,True,True,True,False
9458849,Chankliut Island,56.1467,-158.107,NOAA CO-OPS,AK,historic,1997-07-15,2002-07-30,True,False,MLLW,Hydro,Mixed,,True,True,True,False
9458907,Castle Bay,56.2317,-158.347,NOAA CO-OPS,AK,historic,2001-06-01,2003-06-07,True,False,MLLW,,Mixed,,True,True,True,False
9458917,"CHIGNIK, ANCHORAGE BAY",56.2967,-158.4,NOAA CO-OPS,AK,historic,1924-05-21,1997-08-26,True,False,MLLW,,Mixed,,True,True,True,False
9458945,CHIGNIK LAGOON MAIN CHANNEL,56.3233,-158.515,NOAA CO-OPS,AK,historic,1997-08-01,1997-08-24,True,False,MLLW,,Mixed,,True,True,True,False
9458964,"Hump Island, Kuiukta Bay",56.1133,-158.598,NOAA CO-OPS,AK,historic,2003-07-09,2003-08-12,True,False,MLLW,,Mixed,,True,True,True,False
9459016,Mitrofania Island,55.89,-158.82,NOAA CO-OPS,AK,historic,2004-04-20,2006-07-29,True,False,MLLW,Hydro,Mixed,,True,True,True,False
9459163,"Herendeen Island, Shumagin Islands",55.065556,-159.41867,NOAA CO-OPS,AK,historic,2009-06-09,2009-08-11,True,False,MLLW,Hydro,Mixed,,True,True,True,False
9459181,IVANOF BAY,55.900112,-159.49126,NOAA CO-OPS,AK,historic,1952-05-16,2024-09-04,True,False,MLLW,,Mixed,,True,True,True,False
9459251,"Bird Island, Shumagin Bank",54.83522,-159.75955,NOAA CO-OPS,AK,historic,2013-07-10,2013-09-11,True,False,MLLW,Hydro,Mixed,,True,True,True,False
9459450,Sand Point,55.331722,-160.50433,NOAA CO-OPS,AK,active,1972-09-10,,True,False,MLLW,NWLON,Mixed,SNDA2,True,True,True,True
9459465,"ZACHARY BAY, UNGA IS (N. SIDE)",55.335,-160.617,NOAA CO-OPS,AK,historic,1954-05-11,2017-09-15,True,False,MLLW,,Mixed,,True,True,True,False
9459758,"Dolgoi Harbor, Dolgoi Island",55.1217,-161.792,NOAA CO-OPS,AK,historic,2005-04-30,2005-08-12,True,False,MLLW,Hydro,Mixed,,True,True,True,False
9459881,King Cove,55.05989,-162.32611,NOAA CO-OPS,AK,active,1917-08-14,,True,False,MLLW,NWLON,Mixed,KGCA2,True,True,True,True
9459949,Cold Bay,55.2083,-162.698,NOAA CO-OPS,AK,historic,1969-06-19,2013-09-25,True,False,MLLW,Hydro,Mixed,,True,True,True,False
9461380,Adak Island,51.860638,-176.63759,NOAA CO-OPS,AK,active,1943-08-21,,True,False,MLLW,NWLON,Diurnal,ADKA2,True,True,True,True
9461710,Atka,52.231945,-174.1725,NOAA CO-OPS,AK,active,2006-08-01,,True,False,MLLW,NWLON,Diurnal,ATKA2,True,True,True,True
9462450,Nikolski,52.94061,-168.8713,NOAA CO-OPS,AK,active,2006-06-28,,True,False,MLLW,NWLON,Mixed Diurnal,OLSA2,True,True,True,False
9462620,Unalaska,53.879196,-166.5403,NOAA CO-OPS,AK,active,1955-05-07,,True,False,MLLW,NWLON,Mixed Diurnal,UNLA2,True,True,True,True
9462621,UNALASKA (BACKUP),53.88,-166.542,NOAA CO-OPS,AK,historic,1975-06-27,1993-07-03,True,False,MLLW,,Mixed Diurnal,,True,True,True,False
9462645,"Biorka Village, Biverly Inlet",53.82892,-166.21625,NOAA CO-OPS,AK,historic,1934-10-08,2007-08-11,True,False,MLLW,Hydro,Mixed Diurnal,,True,True,True,False
9462662,Reef Bight,54.130722,-166.09933,NOAA CO-OPS,AK,historic,2007-05-28,2007-08-08,True,False,MLLW,Hydro,Mixed Diurnal,,True,True,True,False
9462676,Broad Bight,54.064583,-165.93706,NOAA CO-OPS,AK,historic,2013-05-28,2013-08-18,True,False,MLLW,Hydro,Mixed,,True,True,True,False
9462694,"Akutan, Alaska",54.133278,-165.7773,NOAA CO-OPS,AK,historic,2009-03-07,2009-05-01,True,False,MLLW,Hydro,Mixed Diurnal,,True,True,True,False
9462705,Green Bight,54.11028,-165.66139,NOAA CO-OPS,AK,historic,2013-06-02,2013-08-21,True,False,MLLW,Hydro,Mixed,,True,True,True,False
9462711,"Surf Bay, Akutan Bay",54.150833,-165.615,NOAA CO-OPS,AK,historic,2008-07-15,2011-09-18,True,False,MLLW,Hydro,Mixed Diurnal,,True,True,True,False
9462719,"Akun Cove, Akun Island",54.2333,-165.533,NOAA CO-OPS,AK,historic,2009-04-10,2011-09-21,True,False,MLLW,PORTS,Mixed Diurnal,,True,True,True,False
9462721,"Trident Bay, Akun Island",54.14,-165.527,NOAA CO-OPS,AK,historic,1934-06-30,2012-08-11,True,False,MLLW,Hydro,Mixed Diurnal,,True,True,True,False
9462723,Rootok Island,54.052223,-165.51416,NOAA CO-OPS,AK,historic,2012-06-08,2012-08-07,True,False,MLLW,Hydro,Mixed,,True,True,True,False
9462782,"Tigalda Bay, Tigalda Island",54.12,-164.977,NOAA CO-OPS,AK,historic,1934-08-18,2012-08-09,True,False,MLLW,Hydro,Mixed Diurnal,,True,True,True,False
9462786,"SE Tigalda Island, Pacific Ocean",54.101807,-164.94159,NOAA CO-OPS,AK,historic,2013-05-22,2013-08-16,True,False,MLLW,Hydro,Mixed,,True,True,True,False
9462787,"Cape Sarichef, Unimak Island",54.6,-164.928,NOAA CO-OPS,AK,historic,1939-05-24,2007-08-10,True,False,MLLW,Hydro,Mixed,,True,True,True,False
9462808,"Scotch Cap, Unimak Island, AK",54.39364,-164.74573,NOAA CO-OPS,AK,historic,1917-08-11,2009-09-04,True,False,MLLW,Hydro,Mixed,,True,True,True,False
9462941,"Cape Chunak, AK",55.064278,-163.53416,NOAA CO-OPS,AK,historic,2014-05-18,2014-09-06,True,False,MLLW,,Mixed,,True,True,True,False
9462948,NEUMANS COVE,54.9667,-163.44,NOAA CO-OPS,AK,historic,1923-05-22,2014-09-05,True,False,MLLW,,Mixed Diurnal,,True,True,True,False
9462955,"False Pass, Unimak Island",54.8583,-163.407,NOAA CO-OPS,AK,historic,2013-05-17,2014-09-05,True,False,MLLW,,Mixed Diurnal,,True,True,True,False
9462961,ISANOTSKI STRAIT ENTRANCE,54.778446,-163.36427,NOAA CO-OPS,AK,historic,2014-05-19,2014-09-07,True,False,MLLW,,Mixed,,True,True,True,False
9463502,Port Moller,55.985832,-160.57361,NOAA CO-OPS,AK,active,1960-09-11,,True,False,MLLW,NWLON,Mixed,PMOA2,True,True,True,True
9463885,"ZAPADNI BAY, ST. GEORGE ISLAND",56.5667,-169.6667,NOAA CO-OPS,AK,historic,1982-11-21,2022-10-17,True,False,MLLW,,Mixed Diurnal,,True,True,True,False
9463888,"St. George, St. George Island",56.60328,-169.54956,NOAA CO-OPS,AK,historic,2024-01-01,2024-09-19,True,False,MLLW,,Mixed Diurnal,,True,True,True,False
9464075,"Meshik, Port Heiden",56.9083,-158.6849,NOAA CO-OPS,AK,historic,2013-09-10,2013-10-13,True,False,MLLW,,Mixed,,True,True,True,False
9464212,"Village Cove, St Paul Island",57.1253,-170.2852,NOAA CO-OPS,AK,active,1977-06-08,,True,False,MLLW,NWLON,Mixed Diurnal,VCVA2,True,True,True,True
9464512,"Dago Creek Mouth, Ugashik Bay",57.6148,-157.6007,NOAA CO-OPS,AK,historic,2021-06-01,2021-11-08,True,False,MLLW,,Mixed,,True,True,True,False
9464874,"EGEGIK, EGEGIK R, BRISTOL BAY",58.2167,-157.375,NOAA CO-OPS,AK,historic,1946-08-12,2021-11-06,True,False,MLLW,,Mixed,,True,True,True,False
9464961,"CAPE CONSTANTINE, NUSHAGAK PENINSULA",58.5217,-159.152,NOAA CO-OPS,AK,historic,1985-06-24,1986-08-24,True,False,MLLW,,Mixed Diurnal,,False,True,True,False
9465056,"PROTECTION POINT, NUSHAGAK BAY",58.5,-158.712,NOAA CO-OPS,AK,historic,1950-06-01,2012-08-22,True,False,MLLW,Hydro,Mixed,,True,True,True,False
9465116,"TWIN ISLAND, BRISTOL BAY",58.5983,-160.307,NOAA CO-OPS,AK,historic,1988-07-30,1988-08-19,True,False,MLLW,,Mixed Diurnal,,False,True,True,False
9465123,"PYRITE POINT, BRISTOL BAY",58.62,-161.542,NOAA CO-OPS,AK,historic,1991-06-11,1991-07-27,True,False,MLLW,,Mixed Diurnal,,True,True,True,False
9465137,"CAPE PEIRCE, WEST SIDE",58.6267,-161.837,NOAA CO-OPS,AK,historic,1991-07-20,2019-09-25,True,False,MLLW,,Mixed,,True,True,True,False
9465149,"King Salmon Air Base, Naknek River",58.671696,-156.657,NOAA CO-OPS,AK,historic,1947-07-19,2024-11-03,True,False,MLLW,,Mixed,,True,True,True,False
9465173,"HIGH ISLAND, BRISTOL BAY",58.7217,-160.427,NOAA CO-OPS,AK,historic,1988-06-02,1990-08-30,True,False,MLLW,,Mixed Diurnal,,True,True,True,False
9465182,"BLACK ROCK, WALRUS IS BRISTOL B",58.7083,-160.188,NOAA CO-OPS,AK,historic,1948-06-23,1986-09-09,True,False,MLLW,,Mixed Diurnal,,False,True,True,False
9465203,Naknek,58.7321,-156.9833,NOAA CO-OPS,AK,historic,2019-07-11,2019-10-20,True,False,MLLW,,Mixed,,True,True,True,False
9465261,"CLARKS POINT, NUSHAGAK BAY",58.8483,-158.552,NOAA CO-OPS,AK,historic,1947-06-12,2012-08-23,True,False,MLLW,Hydro,Mixed,,True,True,True,False
9465265,KULUKAK POINT,58.84,-159.647,NOAA CO-OPS,AK,historic,1985-06-11,2019-09-26,True,False,MLLW,,Mixed Diurnal,,True,True,True,False
9465283,"NE SIDE SUMMIT ISLAND, TOGIAK BAY A",58.8467,-160.21,NOAA CO-OPS,AK,historic,1986-07-18,1988-08-14,True,False,MLLW,,Mixed Diurnal,,False,True,True,False
9465358,"WEST SIDE, TOGIAK BAY (BACKUP)",58.9867,-160.625,NOAA CO-OPS,AK,historic,1987-06-22,1987-09-02,True,False,MLLW,,Mixed Diurnal,,False,True,True,False
9465374,"Snag Point, Dillingham",59.04,-158.447,NOAA CO-OPS,AK,historic,1948-07-01,2012-08-25,True,False,MLLW,,Mixed,,True,True,True,False
9465396,Platinum,59.0467,-161.818,NOAA CO-OPS,AK,historic,2007-05-25,2007-10-01,True,False,MLLW,,Mixed,,True,True,True,False
9465406,Togiak,59.06167,-160.36833,NOAA CO-OPS,AK,historic,2022-07-05,2022-09-30,True,False,MLLW,,Mixed,,True,True,True,False
9465419,"LEVELOCK, KVICHAK RIVER",59.1133,-156.832,NOAA CO-OPS,AK,historic,1947-06-26,2019-10-19,True,False,MLLW,,Mixed,,True,True,True,False
9465438,Goodnews Bay,59.1144,-161.5844,NOAA CO-OPS,AK,historic,2022-07-05,2022-10-01,True,False,MLLW,,Mixed,,True,True,True,False
9465601,"Carter Bay, Kuskokwim Bay",59.378017,-162.02933,NOAA CO-OPS,AK,historic,2011-05-27,2011-10-05,True,False,MLLW,Hydro,Mixed,,True,True,True,False
9465831,"Quinhagak (Kwinak), Kushkokwin River",59.750553,-161.91544,NOAA CO-OPS,AK,historic,2010-05-27,2011-10-04,True,False,MLLW,Hydro,Mixed,,True,True,True,False
9465911,Kwigillingok,59.87975,-163.16637,NOAA CO-OPS,AK,historic,2019-05-05,2019-09-14,True,False,MLLW,,Mixed,,True,True,True,False
9465951,"Kipnuk, Kugkaktlik River",59.9432,-164.0434,NOAA CO-OPS,AK,historic,2021-06-02,2021-10-07,True,False,MLLW,,Mixed,,True,True,True,False
9465953,Kinak Bay,59.94753,-164.21066,NOAA CO-OPS,AK,historic,2016-06-10,2016-09-29,True,False,MLLW,,Mixed,,True,True,True,False
9465988,Cape Corwin GPS Tide Buoy,60.00464,-165.59097,NOAA CO-OPS,AK,historic,,2019-09-28,True,False,MLLW,,Mixed,,True,True,True,False
9466012,Eastern Nunivak Island,60.042946,-165.68059,NOAA CO-OPS,AK,historic,2016-06-08,2016-09-28,True,False,MLLW,,Mixed,,True,True,True,False
9466057,"Popokamute (Kokokamute), Kuskokwim River",60.12328,-162.50037,NOAA CO-OPS,AK,historic,2010-06-24,2011-09-24,True,False,MLLW,Hydro,Mixed,,True,True,True,False
9466084,Chefornak,60.1594,-164.2726,NOAA CO-OPS,AK,historic,2021-06-01,2021-10-04,True,False,MLLW,,Mixed,,True,True,True,False
9466153,Helmick Point,60.2703,-162.4102,NOAA CO-OPS,AK,historic,2010-06-04,2010-09-13,True,False,MLLW,Hydro,Mixed,,True,True,True,False
9466197,Tuntutuliak,60.3415,-162.686,NOAA CO-OPS,AK,historic,2021-06-01,2021-09-19,True,False,MLLW,,Mixed,,True,True,True,False
9466217,"Mekoryuk, Mekoryuk River Entrance",60.4167,-166.167,NOAA CO-OPS,AK,historic,1951-06-24,2010-10-08,True,False,MLLW,Hydro,Mixed,,True,True,True,False
9466229,Offshore St Matthew Island GNSS Buoy,60.3942,-172.4862,NOAA CO-OPS,AK,historic,2025-07-28,2025-09-02,True,False,MLLW,Hydro,Mixed Diurnal,,True,True,True,False
9466298,"Nelson Island, Tooksook Bay",60.5167,-165.133,NOAA CO-OPS,AK,historic,1951-07-01,2016-09-09,True,False,MLLW,Hydro,Mixed,,True,True,True,False
9466328,Lomavik,60.5543,-162.2971,NOAA CO-OPS,AK,historic,2010-06-01,2010-09-11,True,False,MLLW,Hydro,Mixed,,True,True,True,False
9466477,"Bethel, Kuskokwim River, AK",60.8,-161.75,NOAA CO-OPS,AK,historic,1970-06-27,2010-10-10,True,False,MLLW,Hydro,Mixed Diurnal,,True,True,True,False
9466563,Newtok,60.9345,-164.6387,NOAA CO-OPS,AK,historic,2021-06-05,2021-09-17,True,False,MLLW,,Mixed,,True,True,True,False
9466931,Dall Point,61.5317,-166.148,NOAA CO-OPS,AK,historic,2007-06-06,2007-09-09,True,False,MLLW,,Mixed,,True,True,True,False
9467124,Kun River,61.8417,-165.567,NOAA CO-OPS,AK,historic,1952-09-05,2020-10-23,True,False,MLLW,,Mixed,,True,True,True,False
9467274,Mountain Village,62.08642,-163.75795,NOAA CO-OPS,AK,historic,2023-05-16,2023-10-13,False,False,STND,,Mixed,,True,True,True,False
9467551,Nunam Iqua (Sheldon Point),62.532944,-164.84528,NOAA CO-OPS,AK,historic,2011-06-07,2011-10-02,True,False,MLLW,Hydro,Mixed,,True,True,True,False
9467645,"Alakanuk, Yukon River",62.6872,-164.6669,NOAA CO-OPS,AK,historic,2021-06-18,2021-09-25,True,False,MLLW,,Mixed,,True,True,True,False
9467701,Emmonak,62.7775,-164.5469,NOAA CO-OPS,AK,historic,2019-06-02,2019-09-07,True,False,MLLW,,Mixed,,True,True,True,False
9467861,"Kotlik, AK",63.0379,-163.5265,NOAA CO-OPS,AK,historic,2020-06-01,2020-10-20,True,False,MLLW,,Mixed,,True,True,True,False
9468039,"Northeast Cape, St. Lawrence Island",63.3167,-168.967,NOAA CO-OPS,AK,historic,1951-07-12,2011-10-05,True,False,MLLW,Hydro,Mixed,,True,True,True,False
9468132,"ST. MICHAEL, NORTON SOUND",63.475,-162.027,NOAA CO-OPS,AK,historic,,2025-10-11,True,False,MLLW,Hydro,Diurnal,,True,True,True,False
9468151,"STEBBINS, NORTON SOUND, EAST",63.525,-162.293,NOAA CO-OPS,AK,historic,1982-02-12,2020-09-26,True,False,MLLW,,Mixed Diurnal,,True,True,True,False
9468258,Savoonga,63.679085,-170.53711,NOAA CO-OPS,AK,historic,2011-06-23,2011-10-08,True,False,MLLW,,Mixed,,True,True,True,False
9468261,"Kavalghak Bay, AK",63.68286,-171.7502,NOAA CO-OPS,AK,historic,2019-06-17,2019-09-20,True,False,MLLW,,Mixed,,True,True,True,False
9468283,"Akeftapak, St. Lawrence Island",63.7185,-171.64467,NOAA CO-OPS,AK,historic,2011-06-13,2011-10-07,True,False,MLLW,Hydro,Mixed,,True,True,True,False
9468333,Unalakleet,63.875,-160.788,NOAA CO-OPS,AK,active,1977-06-30,,True,False,MLLW,NWLON,Diurnal,ULRA2,True,True,True,True
9468691,Shaktoolik,64.38022,-161.23514,NOAA CO-OPS,AK,historic,2010-07-14,2010-08-23,True,False,MLLW,Hydro,Diurnal,,True,True,True,False
9468756,"Nome, Norton Sound",64.49461,-165.43964,NOAA CO-OPS,AK,active,1944-06-30,,True,False,MLLW,NWLON,Mixed,NMTA2,True,True,True,True
9468793,"Golovin, Golovnin Lagoon Entrance",64.5463,-163.0317,NOAA CO-OPS,AK,historic,1900-08-22,2023-10-02,True,False,MLLW,,Diurnal,,True,True,True,False
9468841,Upper Golovnin Lagoon,64.6208,-163.149,NOAA CO-OPS,AK,historic,2023-06-20,2023-10-05,True,False,MLLW,,Diurnal,,True,True,True,False
9468863,"ELIM, NORTON BAY",64.6167,-162.248,NOAA CO-OPS,AK,historic,1984-08-23,2012-10-10,True,False,MLLW,,Diurnal,,True,True,True,False
9468877,"White Mountain, AK",64.68114,-163.41191,NOAA CO-OPS,AK,historic,2024-06-23,2024-10-11,True,False,MLLW,,Mixed,,True,True,True,False
9469031,Koyuk,64.9312,-161.1508,NOAA CO-OPS,AK,historic,2020-08-01,2020-09-24,True,False,MLLW,,Diurnal,,True,True,True,False
9469146,Imuruk Basin,65.1184,-165.4721,NOAA CO-OPS,AK,historic,2023-05-16,2023-10-04,True,False,MLLW,,Mixed,,True,True,True,False
9469237,"Point Spencer, Port Clarence",65.2567,-166.847,NOAA CO-OPS,AK,historic,1950-08-01,2010-09-02,True,False,MLLW,Hydro,Mixed,,True,True,True,False
9469239,"TELLER, PORT CLARENCE",65.2667,-166.353,NOAA CO-OPS,AK,historic,1943-09-16,2010-07-18,True,False,MLLW,,Mixed,,True,True,True,False
9469338,"LOST RIVER, SEWARD PENINSULA",65.39,-167.145,NOAA CO-OPS,AK,historic,1973-06-29,2005-08-31,True,False,MLLW,,Mixed,,True,True,True,False
9469439,"Tin City, Bering Sea",65.558334,-167.975,NOAA CO-OPS,AK,historic,1960-08-01,2010-08-30,True,False,MLLW,,Mixed,,True,True,True,False
9469460,Lopp Lagoon West,65.625,-168.025,NOAA CO-OPS,AK,historic,2003-09-09,2003-09-18,True,False,MLLW,,Mixed,,True,True,True,False
9469515,Outside Lopp Lagoon,65.728806,-168.03214,NOAA CO-OPS,AK,historic,2015-06-26,2015-07-31,True,False,MLLW,,Mixed,,True,True,True,False
9469541,Little Diomede Island,65.75706,-168.94954,NOAA CO-OPS,AK,historic,2010-07-27,2010-08-29,True,False,MLLW,Hydro,Mixed,,True,True,True,False
9469626,Ikpek Lagoon,65.8933,-167.273,NOAA CO-OPS,AK,historic,2003-09-16,2003-10-03,True,False,MLLW,,Mixed,,True,True,True,False
9469677,Buckland,65.9755,-161.125,NOAA CO-OPS,AK,historic,2023-05-16,2023-10-01,True,False,MLLW,,Mixed,,True,True,True,False
9469751,Deering,66.09717,-162.74048,NOAA CO-OPS,AK,historic,2011-06-07,2011-10-15,True,False,MLLW,Hydro,Mixed,,True,True,True,False
9469804,Shishmaref Inlet Inside,66.17,-166.207,NOAA CO-OPS,AK,historic,2003-09-12,2003-09-20,True,False,MLLW,,Mixed,,True,True,True,False
9469833,Goodhope Bay,66.2303,-163.9041,NOAA CO-OPS,AK,historic,2015-06-20,2015-10-07,True,False,MLLW,,Mixed,,True,True,True,False
9469854,Shishmaref Inlet 2,66.2633,-166.02,NOAA CO-OPS,AK,historic,2003-08-29,2004-08-12,True,False,MLLW,,Mixed,,True,True,True,False
9469982,Lagoon at 165 West,66.4617,-165.055,NOAA CO-OPS,AK,historic,2003-09-14,2003-09-21,True,False,MLLW,,Mixed,,True,True,True,False
9490096,"Cape Espenberg, Kotzebue Sound",66.58569,-164.25084,NOAA CO-OPS,AK,historic,2015-06-23,2015-12-01,True,False,MLLW,,Mixed,,True,True,True,False
9490103,Selawik,66.60111,-160.00206,NOAA CO-OPS,AK,historic,2024-06-18,2024-10-04,False,False,STND,,Mixed,,True,True,True,False
9490286,"Riley Channel, AK",66.781364,-161.78758,NOAA CO-OPS,AK,historic,2024-06-19,2024-10-02,False,False,STND,,Mixed,,True,True,True,False
9490424,Kotzebue,66.9017,-162.582,NOAA CO-OPS,AK,historic,1950-07-19,2015-10-03,True,False,MLLW,Hydro,Mixed,,True,True,True,False
9490571,Cape Krusenstern,67.05419,-163.32127,NOAA CO-OPS,AK,historic,2011-06-07,2011-10-12,True,False,MLLW,Hydro,Mixed Diurnal,,True,True,True,False
9490592,North Hotham Inlet,67.04364,-161.79236,NOAA CO-OPS,AK,historic,2022-06-01,2022-10-02,False,False,STND,,Mixed,,True,True,True,False
9491094,Red Dog Dock,67.575806,-164.06439,NOAA CO-OPS,AK,active,2003-08-21,,True,False,MLLW,NWLON,Mixed,RDDA2,True,True,True,True
9491247,Kivalina Lagoon,67.7267,-164.532,NOAA CO-OPS,AK,historic,2003-09-06,2003-09-27,False,False,STND,,Diurnal,,True,True,True,False
9491253,Kivalina,67.7267,-164.592,NOAA CO-OPS,AK,historic,1950-07-21,2003-10-05,True,False,MLLW,Hydro,Mixed,,True,True,True,False
9491873,Point Hope,68.3417,-166.808,NOAA CO-OPS,AK,historic,2003-09-25,2004-09-28,True,False,MLLW,Hydro,Mixed,,True,True,True,False
9493291,Kasegaluk Lagoon,69.73258,-163.02881,NOAA CO-OPS,AK,historic,2021-07-01,2021-09-27,False,False,STND,,Mixed,,True,True,True,False
9493300,"Point Lay, AK",69.74472,-163.06416,NOAA CO-OPS,AK,historic,2008-07-17,2008-11-17,False,False,STND,,Mixed,,True,True,True,False
9494168,Wainwright Inlet,70.5983,-160.108,NOAA CO-OPS,AK,historic,1948-08-27,2008-10-04,False,False,STND,Hydro,Mixed,,True,True,True,False
9494212,Wainwright,70.6438,-160.0651,NOAA CO-OPS,AK,historic,2021-07-25,2021-09-24,True,False,MLLW,,Mixed,,True,True,True,False
9494935,Barrow Offshore,71.36011,-156.72986,NOAA CO-OPS,AK,historic,2008-08-13,2010-08-20,True,False,MLLW,,Mixed,,True,True,True,False
9495832,"DREW POINT, SMITH BAY",70.8663,-153.94,NOAA CO-OPS,AK,historic,2025-07-24,2025-09-17,True,False,MLLW,VDatum,Mixed,,True,True,True,False
9496345,CAPE HALKETT,70.7551,-152.3378,NOAA CO-OPS,AK,historic,2025-07-29,2025-09-19,True,False,MLLW,,Mixed,,True,True,True,False
9497147,"OLIKTOK, BEAUFORT SEA",70.5117,-149.867,NOAA CO-OPS,AK,historic,1981-08-24,1987-09-07,True,False,MLLW,,Mixed Diurnal,,False,True,True,False
9497645,Prudhoe Bay,70.41139,-148.53166,NOAA CO-OPS,AK,active,1990-07-17,,True,False,MLLW,NWLON,Mixed,PRDA2,True,True,True,True
9497646,"STP (INSIDE), PRUDHOE BAY",70.4,-148.527,NOAA CO-OPS,AK,historic,1988-08-31,1990-07-17,True,False,MLLW,,Mixed Diurnal,,True,True,True,False
9497649,PRUDHOE BAY #2,70.3883,-148.51,NOAA CO-OPS,AK,historic,1977-07-24,1989-09-21,True,False,MLLW,,Mixed Diurnal,,False,True,True,False
9497651,"WEST DOCK, PRUDHOE BAY",70.3883,-148.502,NOAA CO-OPS,AK,historic,1982-02-01,1982-10-14,True,False,MLLW,,Mixed Diurnal,,False,True,True,False
9498306,"POINT THOMSON, BEAUFORT SEA",70.1691,-146.2494,NOAA CO-OPS,AK,historic,2025-06-24,2025-10-03,True,False,MLLW,,Mixed,,True,True,True,False
9498381,"FLAXMAN ISLAND, ARCTIC",70.185,-146.05,NOAA CO-OPS,AK,historic,1906-10-21,1987-09-08,True,False,MLLW,,Mixed Diurnal,,False,True,True,False
9499176,Barter Island,70.1286,-143.611,NOAA CO-OPS,AK,historic,1948-07-16,2008-10-26,True,False,MLLW,Hydro,Mixed,,True,True,True,False
9500966,"Madero, Tampico Harbor, Mexico",22.2617,-97.795,NOAA CO-OPS,Mexico,historic,2004-03-24,2010-06-18,True,False,MLLW,"Hydro,NWS",Diurnal,,True,True,True,False
9505950,Manzanillo,19.0633,-104.298,NOAA CO-OPS,Mexico,historic,1992-05-04,2002-09-05,True,False,MLLW,,Diurnal,,True,True,True,False
9509990,Socorro Island,18.7083,-110.948,NOAA CO-OPS,Mexico,historic,1992-05-05,1999-01-01,True,False,MLLW,,Mixed,,True,True,True,False
9635000,Puerto Quetzal (San Jose),13.9167,-90.83,NOAA CO-OPS,Guatemala,historic,1949-10-01,2002-09-12,True,False,MLLW,,Mixed,,True,True,True,False
9635002,Puerto Santo Tomas de Castilla,15.695,-88.62,NOAA CO-OPS,Guatemala,historic,2001-08-04,2002-09-12,True,False,MLLW,,Mixed,,True,True,True,False
9648958,Acajutla,13.5833,-89.85,NOAA CO-OPS,El Salvador,historic,1962-08-01,2002-09-12,True,False,MLLW,,Mixed,,True,True,True,False
9650593,Puerto Cortes,15.835,-87.87,NOAA CO-OPS,Honduras,historic,1948-04-01,2002-09-12,True,False,MLLW,,Mixed,,True,True,True,False
9652734,LA CEIBA,15.7883,-86.795,NOAA CO-OPS,Honduras,historic,1985-02-01,1985-10-01,True,False,MLLW,,Mixed Diurnal,,False,True,True,False
9653601,COCHINO PEQUENO,15.9533,-86.5,NOAA CO-OPS,Honduras,historic,1995-04-21,1998-05-26,True,False,MLLW,,Mixed,,True,True,True,False
9654234,Puerto Castilla,16.0167,-86.0333,NOAA CO-OPS,Honduras,historic,1985-01-31,1985-06-02,True,False,MLLW,,Mixed Diurnal,,False,True,True,False
9654601,Isla de Guanaja,16.445,-85.915,NOAA CO-OPS,Honduras,historic,1985-02-05,1985-06-14,True,False,MLLW,,Mixed Diurnal,,False,True,True,False
9662957,Puerto Corinto,12.4783,-87.1683,NOAA CO-OPS,Nicaragua,historic,2001-01-22,2002-09-12,True,False,MLLW,,Mixed,,True,True,True,False
9665401,Puerto Cabezas,14.0422,-83.3819,NOAA CO-OPS,Nicaragua,historic,1949-02-01,2002-09-12,True,False,MLLW,,Mixed,,True,True,True,False
9710441,Settlement Point,26.71,-78.9967,NOAA CO-OPS,Bahamas,historic,1985-10-18,2001-10-22,True,False,MLLW,Global,Mixed,,True,True,True,False
9712712,"NORTH CAT CAY, BAHAMAS, BWI",25.55,-79.2817,NOAA CO-OPS,,historic,1982-03-15,1985-02-02,True,False,MLLW,,Mixed,,False,True,True,False
9712714,"NORTH CAT CAY, BAHAMAS",25.5517,-79.2817,NOAA CO-OPS,Bahamas,historic,1985-06-11,1987-12-06,True,False,MLLW,,Mixed,,False,True,True,False
9731158,"GUANTANAMO BAY, INNER HARBOR",19.9067,-75.1467,NOAA CO-OPS,Cuba,historic,1937-06-02,1998-02-01,True,False,MLLW,,Mixed,,True,True,True,False
9751082,Grapetree Bay,17.7407,-64.6058,NOAA CO-OPS,PR,historic,2020-11-20,2021-04-12,True,False,MLLW,,Diurnal,,True,True,True,False
9751084,Teague Bay,17.755,-64.6024,NOAA CO-OPS,PR,historic,2020-11-20,2021-04-12,True,False,MLLW,,Diurnal,,True,True,True,False
9751219,Fareham Bay,17.71,-64.6828,NOAA CO-OPS,PR,historic,2020-11-20,2021-04-11,True,False,MLLW,,Diurnal,,True,True,True,False
9751274,Johns Folly Bay,18.317,-64.7021,NOAA CO-OPS,PR,historic,2020-11-23,2021-04-03,True,False,MLLW,,Mixed Diurnal,,True,True,True,False
9751309,"Leinster Point, Leinster Bay, St. John's",18.36761,-64.720726,NOAA CO-OPS,VI,historic,2010-11-03,2011-04-09,True,False,MLLW,Hydro,Mixed,,True,True,True,False
9751364,"Christiansted Harbor, St Croix",17.747694,-64.69839,NOAA CO-OPS,VI,active,1981-02-10,,True,False,MLLW,NWLON,Diurnal,CHSV3,True,True,True,True
9751373,"ST JOHN'S ISLAND, CORAL HARBOR",18.3483,-64.7167,NOAA CO-OPS,VI,historic,1983-02-21,1983-06-04,True,False,MLLW,,Diurnal,,False,True,True,False
9751381,"Lameshur Bay, St John",18.31825,-64.72422,NOAA CO-OPS,VI,active,1983-02-21,,True,False,MLLW,NWLON,Diurnal,LAMV3,True,True,True,True
9751388,Fish Bay,18.3192,-64.7618,NOAA CO-OPS,PR,historic,2020-11-23,2021-04-17,True,False,MLLW,,Diurnal,,True,True,True,False
9751389,Salt River Bay,17.7753,-64.7623,NOAA CO-OPS,PR,historic,2020-12-28,2021-04-13,True,False,MLLW,,Diurnal,,True,True,True,False
9751401,Limetree Bay,17.6947,-64.7538,NOAA CO-OPS,VI,active,1977-10-13,,True,False,MLLW,NWLON,Diurnal,LTBV3,True,True,True,True
9751417,Hawksnest Beach,18.3489,-64.7774,NOAA CO-OPS,PR,historic,2020-11-23,2021-04-06,True,False,MLLW,,Mixed,,True,True,True,False
9751419,"HAULOVER BAY, ST. JOHNS",18.3497,-64.6796,NOAA CO-OPS,PR,historic,2020-11-23,2021-04-06,True,False,MLLW,,Mixed Diurnal,,True,True,True,False
9751456,"HART BAY, ST JOHNS",18.3167,-64.7817,NOAA CO-OPS,VI,historic,1972-11-09,1973-04-04,True,False,MLLW,,,,False,True,True,False
9751467,"Lovango Cay, St. John",18.360666,-64.80353,NOAA CO-OPS,VI,historic,2011-04-20,2011-08-30,True,False,MLLW,Hydro,Mixed,,True,True,True,False
9751472,Cruz Bay,18.3329,-64.7941,NOAA CO-OPS,PR,historic,1975-12-21,2021-05-05,True,False,MLLW,,Mixed Diurnal,,True,True,True,False
9751494,"Dog Island, St. Thomas",18.297138,-64.81775,NOAA CO-OPS,VI,historic,2011-04-20,2011-08-30,True,False,MLLW,Hydro,Mixed Diurnal,,True,True,True,False
9751540,"REDHOOK BAY, ST THOMAS, USVI",18.3267,-64.8517,NOAA CO-OPS,VI,historic,1975-01-29,1975-04-06,True,False,MLLW,,Diurnal,,False,True,True,False
9751561,Pavillion Point,18.3399,-64.8524,NOAA CO-OPS,PR,historic,2020-11-23,2021-04-02,True,False,MLLW,,Mixed Diurnal,,True,True,True,False
9751574,Jersey Bay,18.3181,-64.8595,NOAA CO-OPS,PR,historic,2020-11-23,2021-04-04,True,False,MLLW,,Diurnal,,True,True,True,False
9751583,Water Bay,18.348944,-64.86417,NOAA CO-OPS,VI,historic,2010-10-28,2011-04-11,True,False,MLLW,Hydro,Mixed,,True,True,True,False
9751584,"Fredericksted, St. Croix",17.7133,-64.8833,NOAA CO-OPS,VI,historic,1977-10-15,2011-09-02,True,False,MLLW,Hydro,Diurnal,,True,True,True,False
9751639,Charlotte Amalie,18.330584,-64.925804,NOAA CO-OPS,VI,active,1975-01-27,,True,False,MLLW,NWLON,Diurnal,CHAV3,True,True,True,True
9751693,Magens Bay,18.3663,-64.9221,NOAA CO-OPS,PR,historic,2020-11-23,2021-04-02,True,False,MLLW,,Mixed,,True,True,True,False
9751749,Crown Bay,18.3329,-64.9517,NOAA CO-OPS,PR,historic,2020-11-23,2021-04-02,True,False,MLLW,,Mixed Diurnal,,True,True,True,False
9751768,"Dorothea Bay, Saint Thomas",18.37125,-64.96347,NOAA CO-OPS,VI,historic,2010-10-30,2011-04-12,True,False,MLLW,Hydro,Mixed,,True,True,True,False
9751774,"Botany Bay, St. Thomas",18.3633,-65.035,NOAA CO-OPS,VI,historic,1975-12-21,2011-08-29,True,False,MLLW,Hydro,Mixed,,True,True,True,False
9752062,Culebrita,18.3194,-65.2381,NOAA CO-OPS,PR,historic,2020-11-20,2021-04-28,True,False,MLLW,,Mixed,,True,True,True,False
9752235,Culebra,18.300861,-65.302475,NOAA CO-OPS,PR,active,2005-08-19,,True,False,MLLW,NWLON,Mixed,CLBP4,True,True,True,True
9752426,Playa la Plata,18.1166,-65.3729,NOAA CO-OPS,PR,historic,2020-11-20,2021-04-16,True,False,MLLW,,Diurnal,,True,True,True,False
9752619,"Isabel Segunda, Vieques Island",18.152527,-65.4438,NOAA CO-OPS,PR,historic,2007-09-13,2024-03-05,True,False,MLLW,COASTAL,Mixed,VQSP4,True,True,True,False
9752621,"Isabel Segunda, Vieques Island",18.152527,-65.4438,NOAA CO-OPS,PR,active,2023-03-20,,False,False,STND,COASTAL,Mixed,VQSP4,True,True,True,False
9752695,"Esperanza, Vieques Island",18.09386,-65.47136,NOAA CO-OPS,PR,active,2005-08-11,,True,False,MLLW,NWLON,Diurnal,ESPP4,True,True,True,True
9752813,Mosquito Pier,18.1489,-65.5149,NOAA CO-OPS,PR,historic,2020-11-23,2021-04-16,True,False,MLLW,,Mixed,,True,True,True,False
9752962,Isla Palominos,18.344973,-65.5695,NOAA CO-OPS,PR,historic,2011-04-21,2011-09-08,True,False,MLLW,Hydro,Mixed,,True,True,True,False
9752998,"PUNTA ARENAS, VIEQUES ISLAND",18.1124,-65.5759,NOAA CO-OPS,PR,historic,2020-11-20,2021-04-15,True,False,MLLW,,Diurnal,,True,True,True,False
9753182,"Ceiba, Roosevelt Road",18.2281,-65.6197,NOAA CO-OPS,PR,historic,2020-11-20,2021-04-04,True,False,MLLW,,Mixed,,True,True,True,False
9753216,Fajardo,18.335278,-65.63111,NOAA CO-OPS,PR,active,1964-02-17,,True,False,MLLW,COASTAL,Mixed,FRDP4,True,True,True,True
9753641,Naguabo,18.187056,-65.71139,NOAA CO-OPS,PR,historic,2011-04-21,2011-09-08,True,False,MLLW,Hydro,Diurnal,,True,True,True,False
9753766,"Luquillo, PR",18.3817,-65.7365,NOAA CO-OPS,PR,historic,2020-11-19,2021-04-01,True,False,MLLW,,Mixed,,True,True,True,False
9754057,Palmas del Mar,18.0781,-65.7956,NOAA CO-OPS,PR,historic,2020-11-20,2021-04-04,True,False,MLLW,,Diurnal,,True,True,True,False
9754228,Yabucoa Harbor,18.055084,-65.833,NOAA CO-OPS,PR,historic,1974-04-10,2024-03-05,True,False,MLLW,COASTAL,Diurnal,YABP4,True,True,True,False
9754229,Yabucoa Harbor,18.055084,-65.833,NOAA CO-OPS,PR,active,2023-03-20,,False,False,STND,COASTAL,Mixed,YABP4,True,True,True,False
9754487,Puerto Maunabo,17.9914,-65.8888,NOAA CO-OPS,PR,historic,2020-11-20,2021-04-19,True,False,MLLW,,Diurnal,,True,True,True,False
9754986,BOCA DE CANGREJOS,18.4566,-65.9915,NOAA CO-OPS,PR,historic,1983-02-16,2021-05-01,True,False,MLLW,,Mixed,,True,True,True,False
9755371,"San Juan, La Puntilla, San Juan Bay",18.458944,-66.11642,NOAA CO-OPS,PR,active,1962-03-04,,True,False,MLLW,NWLON,Mixed,SJNP4,True,True,True,True
9755679,Las Mareas,17.9283,-66.1583,NOAA CO-OPS,PR,historic,2001-03-15,2002-06-24,True,False,MLLW,,Diurnal,,True,True,True,False
9755968,"Salinas, Bahia de Jobos",17.949083,-66.225945,NOAA CO-OPS,PR,active,2022-12-01,,False,False,STND,COASTAL,,,True,True,True,True
9755971,Central Aguirre,17.95,-66.2264,NOAA CO-OPS,PR,historic,2020-11-23,2021-04-03,True,False,MLLW,,Diurnal,,True,True,True,False
9756567,Boca del Cibuco,18.4852,-66.3844,NOAA CO-OPS,PR,historic,2020-11-20,2021-04-10,True,False,MLLW,,Mixed,,True,True,True,False
9756639,Santa Isabel,17.955,-66.4067,NOAA CO-OPS,PR,historic,1972-02-09,2011-09-09,True,False,MLLW,Hydro,Diurnal,,True,True,True,False
9757112,Caja de Muertos,17.8875,-66.52805,NOAA CO-OPS,PR,active,2014-06-09,,True,False,,,Diurnal,,False,False,False,True
9757487,Ponce,17.9696,-66.6199,NOAA CO-OPS,PR,historic,2020-11-23,2021-04-02,True,False,MLLW,,Diurnal,,True,True,True,False
9757809,Arecibo,18.480528,-66.70236,NOAA CO-OPS,PR,historic,2007-03-05,2024-03-05,True,False,MLLW,COASTAL,Mixed,AROP4,True,True,True,False
9757811,Arecibo,18.480528,-66.70236,NOAA CO-OPS,PR,active,2023-03-20,,False,False,STND,COASTAL,Mixed,AROP4,True,True,True,False
9758053,Penuelas (Punta Guayanilla),17.972528,-66.76178,NOAA CO-OPS,PR,historic,2001-03-26,2013-06-04,True,False,MLLW,"Hydro,COASTAL",Diurnal,PLSP4,True,True,True,False
9758066,"Guayanilla, Bahia de Guayanilla",18.005861,-66.76661,NOAA CO-OPS,PR,active,2022-12-01,,False,False,STND,COASTAL,,,True,True,True,True
9758627,Guanica,17.958,-66.9068,NOAA CO-OPS,PR,historic,2020-11-23,2021-04-10,True,False,MLLW,,Diurnal,,True,True,True,False
9759110,Magueyes Island,17.970112,-67.04639,NOAA CO-OPS,PR,active,1954-12-01,,True,False,MLLW,NWLON,Diurnal,MGIP4,True,True,True,True
9759173,Boqueron,18.024,-67.1731,NOAA CO-OPS,PR,historic,2020-11-23,2021-04-07,True,False,MLLW,,Diurnal,,True,True,True,False
9759183,Joyuda,18.1158,-67.1832,NOAA CO-OPS,PR,historic,2020-11-23,2021-04-08,True,False,MLLW,,Mixed,,True,True,True,False
9759189,Puerto Real,18.074806,-67.188774,NOAA CO-OPS,PR,historic,2011-04-21,2011-09-09,True,False,MLLW,Hydro,Diurnal,,True,True,True,False
9759197,Bahia Salinas,17.951445,-67.19659,NOAA CO-OPS,PR,historic,2011-04-21,2011-09-09,True,False,MLLW,Hydro,Diurnal,,True,True,True,False
9759394,Mayaguez,18.218834,-67.162445,NOAA CO-OPS,PR,active,1975-12-09,,True,False,MLLW,"NWLON,COASTAL",Mixed,MGZP4,True,True,True,True
9759412,"Aguadilla, Crashboat Beach",18.456638,-67.16458,NOAA CO-OPS,PR,historic,1976-02-09,2024-03-05,True,False,MLLW,,Mixed,AUDP4,True,True,True,False
9759413,"Aguadilla, Crashboat Beach",18.456638,-67.16458,NOAA CO-OPS,PR,active,2023-03-20,,False,False,STND,COASTAL,Mixed,AUDP4,True,True,True,False
9759421,"PUNTA GUANAJIBO, MAYAGUES",18.165,-67.1817,NOAA CO-OPS,PR,historic,1976-03-04,2006-06-01,True,False,MLLW,Hydro,Mixed,,True,True,True,False
9759866,Southeast Mona Island,18.0653,-67.8661,NOAA CO-OPS,PR,historic,2020-11-23,2021-04-23,True,False,MLLW,,Diurnal,,True,True,True,False
9759938,Mona Island,18.089289,-67.93821,NOAA CO-OPS,PR,active,2006-09-15,,True,False,MLLW,NWLON,Diurnal,MISP4,True,True,True,True
9761115,Barbuda,17.590834,-61.820557,NOAA CO-OPS,Antigua and Barbuda,historic,2011-05-24,2023-04-03,True,False,MLLW,COASTAL,Mixed Diurnal,BARA9,True,True,True,False
9812530,"NAOS ISLAND, PANAMA BAY",8.91833,-79.5333,NOAA CO-OPS,Panama,historic,1991-08-25,1998-01-28,True,False,MLLW,,Mixed,,True,True,True,False
9952000,DIEGO RAMIREZ ISLAND,-56.5083,-68.715,NOAA CO-OPS,Chile,historic,1991-06-29,1999-01-01,True,False,MLLW,,Mixed,,True,True,True,False
9962420,Easter Island,-27.15,-109.448,NOAA CO-OPS,Chile,historic,1991-07-21,2002-09-05,True,False,MLLW,,Mixed,,True,True,True,False
9963950,Valparaiso,-33.0267,-71.625,NOAA CO-OPS,Chile,historic,1991-07-12,1999-01-01,True,False,MLLW,,Mixed,,True,True,True,False
