gauge_id,station_name,latitude,longitude,country,source,station_group,municipality,province,region,date_installed,stage_instantaneous,precipitation_hourly_sum
212,"WAWA, WAWA, Rizal",14.727913,121.191932,Philippines,DOST-ASTI PhilSensors,wlms,WAWA,Rizal,4-A,2012-10-07,True,False
20,"PORT OF JOLO, JOLO, Sulu",6.05669,121.0,Philippines,DOST-ASTI PhilSensors,wlms,JOLO,Sulu,9,2012-12-31,True,False
1299,"ABATAN BRIDGE, MARIBOJOC, Bohol",9.7166,123.866,Philippines,DOST-ASTI PhilSensors,wlms,MARIBOJOC,Bohol,7,2014-04-27,True,False
855,"QUEZON BRIDGE-INABANGA, INABANGA, Bohol",9.64,124.03,Philippines,DOST-ASTI PhilSensors,wlms,INABANGA,Bohol,7,2013-08-16,True,False
178,"VILLANUEVA BRIDGE, PARANAQUE CREEK, PARANAQUE CITY, Metro Manila",14.47589,121.00128,Philippines,DOST-ASTI PhilSensors,wlms,PARANAQUE CITY,Metro Manila,NCR,2012-11-25,True,False
889,"FRIENDSHIP BRIDGE, ANGELES CITY, Pampanga",15.156826,120.560014,Philippines,DOST-ASTI PhilSensors,wlms,ANGELES CITY,Pampanga,3,2013-08-30,True,False
1376,"DANKIAS, BUTUAN CITY, Agusan del Norte",8.759174,125.582739,Philippines,DOST-ASTI PhilSensors,wlms,BUTUAN CITY,Agusan del Norte,13,2014-06-05,True,False
1407,"CAMUGAO HANGING BRIDGE, KABANKALAN CITY, Negros Occidental",9.98773,122.81048,Philippines,DOST-ASTI PhilSensors,wlms,KABANKALAN CITY,Negros Occidental,6,2014-06-25,True,False
286,"CAMBANTOC SAMPLING SITE UPLB, LOS BANOS, Laguna",14.132913,121.260475,Philippines,DOST-ASTI PhilSensors,wlms,LOS BANOS,Laguna,4-A,2014-03-06,True,False
1333,"NAGSALA SPILLWAY, NAGSALA, Negros Oriental",9.5017,123.084586,Philippines,DOST-ASTI PhilSensors,wlms,NAGSALA,Negros Oriental,7,2014-06-01,True,False
2309,"LEYTE GULF	, BRGY. NGOLOS, GUIUAN, Eastern Samar",10.992109,125.803202,Philippines,DOST-ASTI PhilSensors,wlms,GUIUAN,Eastern Samar,8,2009-12-31,True,False
818,"NAPOLIDAN BRIDGE, PAN-PHILIPPINE HIGH-WAY, LUPI, Camarines Sur",13.893583,122.931867,Philippines,DOST-ASTI PhilSensors,wlms,"PAN-PHILIPPINE HIGH-WAY, LUPI",Camarines Sur,5,2013-09-30,True,False
1446,"LACSON-LAMANAN, DAVAO CITY, Davao City",7.235784,125.455271,Philippines,DOST-ASTI PhilSensors,wlms,DAVAO CITY,Davao City,11,2014-12-11,True,False
664,"LAMINGA BRIDGE, DON ALEJANDRO, Agusan del Sur",8.4434,125.7203,Philippines,DOST-ASTI PhilSensors,wlms,DON ALEJANDRO,Agusan del Sur,13,2013-07-17,True,False
1489,"ALA BRIDGE, ESPERANZA, Sultan Kudarat",6.676017,124.567612,Philippines,DOST-ASTI PhilSensors,wlms,ESPERANZA,Sultan Kudarat,12,2014-07-09,True,False
301,"STO NINO BRIDGE, BRGY STO NINO, PARANAQUE CITY, Metro Manila",14.498969,120.993942,Philippines,DOST-ASTI PhilSensors,wlms,PARANAQUE CITY,Metro Manila,NCR,2010-08-31,True,False
1497,"CAPPISAYAN NORTE, Gattaran, Cagayan",18.05079,121.82528,Philippines,DOST-ASTI PhilSensors,wlms,Gattaran,Cagayan,2,2014-08-04,True,False
268,"TALAYAN CREEK, QUEZON CITY, Metro Manila",14.630411,121.011197,Philippines,DOST-ASTI PhilSensors,wlms,QUEZON CITY,Metro Manila,NCR,2012-10-04,True,False
304,"MODESTA BRIDGE, BRGY FORTUNE, MARIKINA CITY, Metro Manila",14.668224,121.1299,Philippines,DOST-ASTI PhilSensors,wlms,MARIKINA CITY,Metro Manila,NCR,2012-09-26,True,False
1513,"SINAWAL, GENERAL SANTOS CITY, General Santos City",6.13085,125.109989,Philippines,DOST-ASTI PhilSensors,wlms,GENERAL SANTOS CITY,General Santos City,12,2014-09-02,True,False
1621,"KANTIWAS BRIDGE, DANAO, Bohol",9.9435,124.2159,Philippines,DOST-ASTI PhilSensors,wlms,DANAO,Bohol,7,2015-04-22,True,False
819,"BAHI BRIDGE, PAN-PHILIPPINE HIGH-WAY, LUPI, Camarines Sur",13.9218,122.94285,Philippines,DOST-ASTI PhilSensors,wlms,"PAN-PHILIPPINE HIGH-WAY, LUPI",Camarines Sur,5,2013-09-30,True,False
827,"BRGY. GURUYAN-OLD, JUBAN, Sorsogon",12.750567,123.979486,Philippines,DOST-ASTI PhilSensors,wlms,JUBAN,Sorsogon,5,2013-08-13,True,False
1213,"MAGBANUA BRIDGE, TACURONG, Sultan Kudarat",6.596907,124.642738,Philippines,DOST-ASTI PhilSensors,wlms,TACURONG,Sultan Kudarat,12,2014-03-13,True,False
1510,"BRGY. SAN JOSE, GENERAL SANTOS CITY, General Santos City",6.066956,125.030308,Philippines,DOST-ASTI PhilSensors,wlms,GENERAL SANTOS CITY,General Santos City,12,2014-08-12,True,False
1544,"BENIGWAYAN, ALUBIJID, Misamis Oriental",8.544807,124.449505,Philippines,DOST-ASTI PhilSensors,wlms,ALUBIJID,Misamis Oriental,10,2014-11-02,True,False
605,"BUNAWAN BRIDGE, BUNAWAN, Agusan del Sur",8.1631,126.008,Philippines,DOST-ASTI PhilSensors,wlms,BUNAWAN,Agusan del Sur,13,2013-07-11,True,False
1503,"BITAG GRANDE BRIDGE, Baggao, Cagayan",17.89923,121.85381,Philippines,DOST-ASTI PhilSensors,wlms,Baggao,Cagayan,2,2014-08-05,True,False
1998,"DOLORES BRIDGE, CAN-AVID, Eastern Samar",12.022622,125.456464,Philippines,DOST-ASTI PhilSensors,wlms,CAN-AVID,Eastern Samar,8,2016-08-18,True,False
573,"NEW DUMANGAS BRIDGE, T'BOLI, South Cotabato",6.196633,124.793694,Philippines,DOST-ASTI PhilSensors,wlms,T'BOLI,South Cotabato,12,2013-07-04,True,False
947,"ABUAN BRIDGE - WWF, ILAGAN CITY, Isabela",17.079336,122.017128,Philippines,DOST-ASTI PhilSensors,wlms,ILAGAN CITY,Isabela,2,2013-10-09,True,False
948,"BINTACAN BRIDGE - WWF, ILAGAN CITY, Isabela",17.120222,122.011955,Philippines,DOST-ASTI PhilSensors,wlms,ILAGAN CITY,Isabela,2,2013-10-09,True,False
2059,"TAYTAYAN BRIDGE SULU, MAIMBUNG, Sulu",5.93385,121.02782,Philippines,DOST-ASTI PhilSensors,wlms,MAIMBUNG,Sulu,9,2016-12-06,True,False
1612,"CENTRO 2 BRIDGE, Sanchez Mira, Cagayan, Cagayan",18.556944,121.23805,Philippines,DOST-ASTI PhilSensors,wlms,"Sanchez Mira, Cagayan",Cagayan,2,2015-04-09,True,False
1404,"BRGY. PALAMPAS, SAN CARLOS CITY, Negros Occidental",10.5221,123.39728,Philippines,DOST-ASTI PhilSensors,wlms,SAN CARLOS CITY,Negros Occidental,6,2014-06-25,True,False
665,"CASILAYAN BRIDGE, BAYLO, Agusan del Sur",8.43626,125.73788,Philippines,DOST-ASTI PhilSensors,wlms,BAYLO,Agusan del Sur,13,2013-07-17,True,False
667,"MAUG BRIDGE, PROSPERIDAD, Agusan del Sur",8.6391,125.9265,Philippines,DOST-ASTI PhilSensors,wlms,PROSPERIDAD,Agusan del Sur,13,2013-07-16,True,False
1579,"NICANOR ZABALA BRIDGE, ROXAS, Palawan",10.3202,119.3427,Philippines,DOST-ASTI PhilSensors,wlms,ROXAS,Palawan,4-B,2015-01-19,True,False
1372,"BALATERO BRIDGE, PUERTO GALERA, Oriental Mindoro",13.504871,120.934962,Philippines,DOST-ASTI PhilSensors,wlms,PUERTO GALERA,Oriental Mindoro,4-B,2014-06-19,True,False
1937,"DAET BRIDGE, DAET, Camarines Norte",14.11315,122.94297,Philippines,DOST-ASTI PhilSensors,wlms,DAET,Camarines Norte,5,2016-05-18,True,False
1377,"CABANLUTAN FOOTBRIDGE, BAIS CITY, Negros Oriental",9.569011,123.086222,Philippines,DOST-ASTI PhilSensors,wlms,BAIS CITY,Negros Oriental,7,2014-05-12,True,False
1777,"SINAIT BRIDGE II, SINAIT, Ilocos Sur",17.86865,120.45912,Philippines,DOST-ASTI PhilSensors,wlms,SINAIT,Ilocos Sur,1,2016-04-06,True,False
595,"UPPER BUAYAN BRIDGE, MALUNGON, Sarangani",6.321946,125.26226,Philippines,DOST-ASTI PhilSensors,wlms,MALUNGON,Sarangani,12,2013-07-03,True,False
265,"SEVILLA BRIDGE, MANDALUYONG CITY, Metro Manila",14.594044,121.026128,Philippines,DOST-ASTI PhilSensors,wlms,MANDALUYONG CITY,Metro Manila,NCR,2012-05-20,True,False
1957,"LAUIS BRIDGE, CANDELARIA, ZAMBALES",15.59634,119.94281,Philippines,DOST-ASTI PhilSensors,wlms,CANDELARIA,ZAMBALES,3,2016-07-06,True,False
846,"CAWACAT BRIDGE, BRGY. CAMPAASAN, BULALACAO, Oriental Mindoro",12.346272,121.33712,Philippines,DOST-ASTI PhilSensors,wlms,BULALACAO,Oriental Mindoro,4-B,2013-08-12,True,False
1422,"STO. ÑINO BRIDGE, MAKILALA, Cotabato",6.941907,125.103233,Philippines,DOST-ASTI PhilSensors,wlms,MAKILALA,Cotabato,12,2014-07-02,True,False
1770,"CAROLINA BRIDGE, BRGY. CAROLINA, CAN-AVID, Eastern Samar",12.02267,125.45654,Philippines,DOST-ASTI PhilSensors,wlms,CAN-AVID,Eastern Samar,8,2016-03-20,True,False
1879,"BALAGTASAN-ISABELA CITY, ISABELA CITY, BASILAN, Isabela City",6.6569,121.92672,Philippines,DOST-ASTI PhilSensors,wlms,"ISABELA CITY, BASILAN",Isabela City,9,2016-05-31,True,False
1230,"BAGONGBONG BRIDGE, ALMERIA, Biliran",11.611122,124.383119,Philippines,DOST-ASTI PhilSensors,wlms,ALMERIA,Biliran,8,2014-01-16,True,False
634,"MANUTO BRIDGE, QUEZON, Bukidnon",7.703624,125.111792,Philippines,DOST-ASTI PhilSensors,wlms,QUEZON,Bukidnon,10,2013-07-13,True,False
1899,"LIPAHAN BRIDGE, SAN JUAN, Batangas",13.84593,121.396022,Philippines,DOST-ASTI PhilSensors,wlms,SAN JUAN,Batangas,4-A,2016-06-05,True,False
309,"C5 EXTENSION BRIDGE, PARANAQUE CITY, Metro Manila",14.487178,120.998478,Philippines,DOST-ASTI PhilSensors,wlms,PARANAQUE CITY,Metro Manila,NCR,2012-06-28,True,False
1374,"WASIG BRIDGE, MANSALAY, Oriental Mindoro",12.553272,121.487472,Philippines,DOST-ASTI PhilSensors,wlms,MANSALAY,Oriental Mindoro,4-B,2014-06-19,True,False
1136,"BRGY. SIBUT, SAN JOSE CITY, Nueva Ecija",15.78801,121.00405,Philippines,DOST-ASTI PhilSensors,wlms,SAN JOSE CITY,Nueva Ecija,3,2013-12-11,True,False
2067,"TUPILAC BIDGE, RT. LIM, Zamboanga Sibugay",7.62892,122.451605,Philippines,DOST-ASTI PhilSensors,wlms,RT. LIM,Zamboanga Sibugay,9,2016-12-07,True,False
582,"LUMAYONG BRIDGE, KABACAN, Cotabato",7.1429015,124.8026521,Philippines,DOST-ASTI PhilSensors,wlms,KABACAN,Cotabato,12,2013-07-07,True,False
1398,"BRGY. PUEY, SAGAY, Negros Occidental",10.76037,123.35499,Philippines,DOST-ASTI PhilSensors,wlms,SAGAY,Negros Occidental,6,2014-06-25,True,False
1430,"CANTINGAS BRIDGE, SAN FERNANDO, Romblon",12.324306,122.571667,Philippines,DOST-ASTI PhilSensors,wlms,SAN FERNANDO,Romblon,4-B,2014-03-13,True,False
1585,"DUMARAN BRIDGE, DUMARAN, Palawan",10.511107,119.665075,Philippines,DOST-ASTI PhilSensors,wlms,DUMARAN,Palawan,4-B,2014-09-23,True,False
1373,"POBLACION BRIDGE, PUERTO GALERA, Oriental Mindoro",13.497512,120.95224,Philippines,DOST-ASTI PhilSensors,wlms,PUERTO GALERA,Oriental Mindoro,4-B,2014-06-19,True,False
1274,"TIGBAWAN MODULAR STEEL BRIDGE, SAN RICARDO, Southern Leyte",9.97992,125.27489,Philippines,DOST-ASTI PhilSensors,wlms,SAN RICARDO,Southern Leyte,8,2014-04-25,True,False
831,"CAWAYAN BRIDGE, SORSOGON CITY, Sorsogon",12.9874,123.97945,Philippines,DOST-ASTI PhilSensors,wlms,SORSOGON CITY,Sorsogon,5,2013-08-19,True,False
830,"TABOC BRIDGE, JUBAN, Sorsogon",12.8426,123.986033,Philippines,DOST-ASTI PhilSensors,wlms,JUBAN,Sorsogon,5,2013-08-14,True,False
1613,"CAROAN BRIDGE, GONZAGA, CAGAYAN",18.265954,121.922493,Philippines,DOST-ASTI PhilSensors,wlms,GONZAGA,CAGAYAN,2,2015-04-09,True,False
529,"CARAYCARAY, NAVAL, Biliran",11.556084,124.411228,Philippines,DOST-ASTI PhilSensors,wlms,NAVAL,Biliran,8,2013-07-03,True,False
2017,"SIWARAGAN BRIDGE, San Joaquin, Iloilo",10.5859286,122.1147966,Philippines,DOST-ASTI PhilSensors,wlms,San Joaquin,Iloilo,6,2016-10-11,True,False
2428,"MADUGO BRIDGE 2, ROXAS, Oriental Mindoro",12.59277,121.518247,Philippines,DOST-ASTI PhilSensors,wlms,ROXAS,Oriental Mindoro,4-B,2017-07-11,True,False
1748,"BAUA BRIDGE, Gonzaga, Cagayan",18.35174,122.09438,Philippines,DOST-ASTI PhilSensors,wlms,Gonzaga,Cagayan,2,2015-12-16,True,False
2014,"MULTINATIONAL BRIDGE, PARANAQUE CITY, Metro Manila",14.49579,120.99955,Philippines,DOST-ASTI PhilSensors,wlms,PARANAQUE CITY,Metro Manila,NCR,2016-09-07,True,False
519,"CALBIGA RIVER, CALBIGA, Samar",11.625833,125.018611,Philippines,DOST-ASTI PhilSensors,wlms,CALBIGA,Samar,8,2013-07-04,True,False
979,"PALIKO BRIDGE, BRGY. CUPANG, MUNTINLUPA CITY, Metro Manila",14.43018,121.04517,Philippines,DOST-ASTI PhilSensors,wlms,MUNTINLUPA CITY,Metro Manila,NCR,2013-10-08,True,False
1509,"BRGY. LANDAN, POLOMOLOC, South Cotabato",6.316743,125.14608,Philippines,DOST-ASTI PhilSensors,wlms,POLOMOLOC,South Cotabato,12,2014-08-12,True,False
705,"ALEJO SANTOS BRIDGE, BUSTOS BULACAN, Bulacan",14.9561111,120.9080556,Philippines,DOST-ASTI PhilSensors,wlms,BUSTOS BULACAN,Bulacan,3,2013-07-20,True,False
524,"CADAC-AN BRIDGE, ABUYOG, Leyte",10.718693,125.0055,Philippines,DOST-ASTI PhilSensors,wlms,ABUYOG,Leyte,8,2013-07-09,True,False
1977,"BANGKEROHAN BRIDGE, HILONGOS, Leyte",10.350294,124.777926,Philippines,DOST-ASTI PhilSensors,wlms,HILONGOS,Leyte,8,2016-05-12,True,False
1163,"ILANG ILANG BRIDGE, NOVELETA, Cavite",14.42073,120.88497,Philippines,DOST-ASTI PhilSensors,wlms,NOVELETA,Cavite,4-A,2014-01-29,True,False
1302,"LUBA, LUBA, Abra",17.315854,120.697182,Philippines,DOST-ASTI PhilSensors,wlms,LUBA,Abra,CAR,2014-05-05,True,False
621,"ADGAOAN BRIDGE, POBLACION, LA PAZ, Agusan del Sur",8.2782,125.8076,Philippines,DOST-ASTI PhilSensors,wlms,LA PAZ,Agusan del Sur,13,2013-07-12,True,False
2010,"TAMBAK BRIDGE, Iba Zambales, Zambales",15.32332,120.0071,Philippines,DOST-ASTI PhilSensors,wlms,Iba Zambales,Zambales,3,2016-09-25,True,False
1572,"KINABUTAN, KINABUTAN, Surigao del Norte",9.774746,125.480633,Philippines,DOST-ASTI PhilSensors,wlms,KINABUTAN,Surigao del Norte,13,2014-11-19,True,False
1942,"PILOT BRIDGE, VIGA, Catanduanes",13.86503,124.30431,Philippines,DOST-ASTI PhilSensors,wlms,VIGA,Catanduanes,5,2016-05-05,True,False
1527,"CALLAO CAVE RESORT, Penablanca Cagayan, Cagayan",17.706,121.817,Philippines,DOST-ASTI PhilSensors,wlms,Penablanca Cagayan,Cagayan,2,2014-10-14,True,False
1738,"TALON DOS, LAS PINAS, Metro Manila",14.43739,120.97742,Philippines,DOST-ASTI PhilSensors,wlms,LAS PINAS,Metro Manila,NCR,2016-02-08,True,False
1484,"KABACAN BRIDGE, MAGPET, Cotabato",7.117802,125.11129,Philippines,DOST-ASTI PhilSensors,wlms,MAGPET,Cotabato,12,2014-07-13,True,False
1979,"CANTEROS BRIDGE, CAN-AVID, Eastern Samar",11.98304,125.44113,Philippines,DOST-ASTI PhilSensors,wlms,CAN-AVID,Eastern Samar,8,2016-03-20,True,False
522,"MARAYAG RIVER, SAN FRANCISCO, Southern Leyte",10.024972,125.197417,Philippines,DOST-ASTI PhilSensors,wlms,SAN FRANCISCO,Southern Leyte,8,2013-07-03,True,False
1911,"CARAGA BRIDGE, CARAGA, Davao Oriental",7.32024,126.55138,Philippines,DOST-ASTI PhilSensors,wlms,CARAGA,Davao Oriental,11,2016-06-15,True,False
815,"LIBMANAN RIVER BRIDGE, TABAN-FUNDADO, BRGY. TABAN FUNDANO, Camarines Sur",13.690556,123.053056,Philippines,DOST-ASTI PhilSensors,wlms,BRGY. TABAN FUNDANO,Camarines Sur,5,2013-08-16,True,False
1939,"CALIBAG BRIDGE, MATNOG, Sorsogon",12.60195,124.07324,Philippines,DOST-ASTI PhilSensors,wlms,MATNOG,Sorsogon,5,2016-06-15,True,False
1903,"DIBENBENAN BRIDGE, BRGY. DIMALICU-LICU, PALANAN, Isabela",17.078202,122.434947,Philippines,DOST-ASTI PhilSensors,wlms,PALANAN,Isabela,2,2016-06-16,True,False
1569,"MABUHAY BRIDGE, SISON, Surigao del Norte",9.6788505,125.52465,Philippines,DOST-ASTI PhilSensors,wlms,SISON,Surigao del Norte,13,2014-11-05,True,False
520,"RIZAL BRIDGE, BABATNGON, Leyte",11.420278,124.836944,Philippines,DOST-ASTI PhilSensors,wlms,BABATNGON,Leyte,8,2013-07-08,True,False
836,"SUMAGUE BRIDGE, BANSUD, Oriental Mindoro",12.801733,121.4724,Philippines,DOST-ASTI PhilSensors,wlms,BANSUD,Oriental Mindoro,4-B,2013-08-11,True,False
2487,"AMRO DAM, BRGY. LAWANG, DILASAG, Aurora",16.33945,122.099993,Philippines,DOST-ASTI PhilSensors,wlms,DILASAG,Aurora,3,2018-04-10,True,False
493,"MARAMAG BRIDGE, MARAMAG, Bukidnon",7.773467,124.982479,Philippines,DOST-ASTI PhilSensors,wlms,MARAMAG,Bukidnon,10,2013-07-13,True,False
194,"HITONGAO RIVER, ST. BERNARD, Southern Leyte",10.298267,125.137417,Philippines,DOST-ASTI PhilSensors,wlms,ST. BERNARD,Southern Leyte,8,2012-09-23,True,False
2490,"CASIGURAN BRIDGE, CASIGURAN, Aurora",16.276011,122.120931,Philippines,DOST-ASTI PhilSensors,wlms,CASIGURAN,Aurora,3,2018-04-11,True,False
652,"HILABANGAN BRIDGE, KABANKALAN CITY, Negros Occidental",9.9645833,122.8354944,Philippines,DOST-ASTI PhilSensors,wlms,KABANKALAN CITY,Negros Occidental,6,2013-07-09,True,False
1515,"BRGY. NEW BALATUKAN, MAKILALA, Cotabato",6.904808,125.162467,Philippines,DOST-ASTI PhilSensors,wlms,MAKILALA,Cotabato,12,2014-08-30,True,False
1131,"BRGY. LUNA, STA. ROSA, Nueva Ecija",15.424972,120.934206,Philippines,DOST-ASTI PhilSensors,wlms,STA. ROSA,Nueva Ecija,3,2013-12-09,True,False
598,"BINONGAN BRIDGE, VERUELA, Agusan del Sur",8.0175,125.9755,Philippines,DOST-ASTI PhilSensors,wlms,VERUELA,Agusan del Sur,13,2013-07-10,True,False
2350,"SAN MIGUEL BRIDGE, PALOMPLON, Leyte",11.062261,124.402054,Philippines,DOST-ASTI PhilSensors,wlms,PALOMPLON,Leyte,8,2017-08-22,True,False
1958,"BUCAO, BOTOLAN, Zambales",15.26385,120.0369,Philippines,DOST-ASTI PhilSensors,wlms,BOTOLAN,Zambales,3,2016-07-07,True,False
1267,"BUGON BRIDGE, SARIAYA, QUEZON",13.97328,121.506098,Philippines,DOST-ASTI PhilSensors,wlms,SARIAYA,QUEZON,4-A,2014-04-15,True,False
1909,"HIJO BRIDGE, BRGY. APOKON, TAGUM CITY, Davao del Norte",7.39719,125.83603,Philippines,DOST-ASTI PhilSensors,wlms,TAGUM CITY,Davao del Norte,11,2016-06-08,True,False
1885,"BARANGAY CASAGAN, STA. ANA, Cagayan",18.472691,122.171536,Philippines,DOST-ASTI PhilSensors,wlms,STA. ANA,Cagayan,2,2016-05-25,True,False
1819,"DACANLAO & SAMPAGA BRIDGE, CALACA, Batangas",13.93954,120.77806,Philippines,DOST-ASTI PhilSensors,wlms,CALACA,Batangas,4-A,2016-04-12,True,False
720,"WAWA BRIDGE, BAYUGAN CITY, Agusan del Sur",8.8040993,125.7083607,Philippines,DOST-ASTI PhilSensors,wlms,BAYUGAN CITY,Agusan del Sur,13,2013-07-18,True,False
2424,"BRGY. SALAZA BRIDGE, PALAUIG, Zambales",15.456147,119.954893,Philippines,DOST-ASTI PhilSensors,wlms,PALAUIG,Zambales,3,2018-02-13,True,False
1827,"LUMANGBAYAN, SANTA CRUZ, Occidental Mindoro",13.06016,120.7458,Philippines,DOST-ASTI PhilSensors,wlms,SANTA CRUZ,Occidental Mindoro,4-B,2016-02-02,True,False
1133,"BRGY. CABU, CABANATUAN CITY, Nueva Ecija",15.526192,121.057119,Philippines,DOST-ASTI PhilSensors,wlms,CABANATUAN CITY,Nueva Ecija,3,2013-12-08,True,False
700,"SIMUAY BRIDGE, 1, SULTAN MASTURA, Maguindanao",7.2885,124.26901,Philippines,DOST-ASTI PhilSensors,wlms,SULTAN MASTURA,Maguindanao,BARMM,2013-07-19,True,False
2036,"BARKADAHAN BRIDGE, EAST BANK, TAYTAY, Rizal",14.54849,121.11922,Philippines,DOST-ASTI PhilSensors,wlms,TAYTAY,Rizal,4-A,2016-11-08,True,False
287,"MOLAWIN SAMPLING SITE UPLB, LOS BANOS, Laguna",14.1564,121.234,Philippines,DOST-ASTI PhilSensors,wlms,LOS BANOS,Laguna,4-A,2014-03-06,True,False
1248,"BALITE BRIDGE, GLORIA, Oriental Mindoro",12.944367,121.474367,Philippines,DOST-ASTI PhilSensors,wlms,GLORIA,Oriental Mindoro,4-B,2014-06-16,True,False
1731,"EMBARCADIRO BRIDGE, POBLACION, ALAMINOS, Pangasinan",16.16272,119.9689,Philippines,DOST-ASTI PhilSensors,wlms,"POBLACION, ALAMINOS",Pangasinan,1,2016-01-06,True,False
762,"SAN FELIPE BRIDGE, MABALACAT, Pampanga",15.223656,120.574367,Philippines,DOST-ASTI PhilSensors,wlms,MABALACAT,Pampanga,3,2013-07-21,True,False
1417,"SIATON BRIDGE, SIATON, Negros Oriental",9.0591,123.027117,Philippines,DOST-ASTI PhilSensors,wlms,SIATON,Negros Oriental,7,2014-06-29,True,False
690,"SAN JORGE BRIDGE, SAN JORGE, Samar",11.974611,124.838528,Philippines,DOST-ASTI PhilSensors,wlms,SAN JORGE,Samar,8,2013-07-04,True,False
666,"ESPERANZA BRIDGE, POBLACION, ESPERANZA, Agusan del Sur",8.67752,125.65965,Philippines,DOST-ASTI PhilSensors,wlms,"POBLACION, ESPERANZA",Agusan del Sur,13,2013-07-17,True,False
593,"JOMBO BRIDGE POBLACION, VERUELA, Agusan del Sur",8.0747,125.9568,Philippines,DOST-ASTI PhilSensors,wlms,VERUELA,Agusan del Sur,13,2013-07-09,True,False
1690,"MALATGAO BRIDGE, NARRA, Palawan",9.3291670265,118.4629667178,Philippines,DOST-ASTI PhilSensors,wlms,NARRA,Palawan,4-B,2015-03-19,True,False
1959,"MABIGA BRIDGE, HERMOSA, Bataan",14.84492,120.4044,Philippines,DOST-ASTI PhilSensors,wlms,HERMOSA,Bataan,3,2016-04-21,True,False
320,"DUYAN-DUYAN BRIDGE, XAVIERVILLE AVENUE, QUEZON CITY, Metro Manila",14.634478,121.07135,Philippines,DOST-ASTI PhilSensors,wlms,QUEZON CITY,Metro Manila,NCR,2012-12-10,True,False
459,"CANAO BRIDGE, TABUK CITY, Kalinga",17.4032,121.417899,Philippines,DOST-ASTI PhilSensors,wlms,TABUK CITY,Kalinga,CAR,2013-08-05,True,False
1839,"QUIPIT BRIDGE, LABASON, Zamboanga del Norte",8.06003,122.47346,Philippines,DOST-ASTI PhilSensors,wlms,LABASON,Zamboanga del Norte,9,2016-05-03,True,False
1297,"TRINIDAD BRIDGE, TRINIDAD, Bohol",10.05,124.35,Philippines,DOST-ASTI PhilSensors,wlms,TRINIDAD,Bohol,7,2014-03-27,True,False
1807,"PARSUA BRIDGE, MAGSINGAL, Ilocos Sur",17.70312,120.4404,Philippines,DOST-ASTI PhilSensors,wlms,MAGSINGAL,Ilocos Sur,1,2016-04-21,True,False
832,"SORSOGON BRIDGE, SAN JUAN, Sorsogon",12.985933,124.00155,Philippines,DOST-ASTI PhilSensors,wlms,SAN JUAN,Sorsogon,5,2013-08-15,True,False
718,"IHAOAN, NUEVA GRACIA, LORETO, Agusan del Sur",8.1232,125.88,Philippines,DOST-ASTI PhilSensors,wlms,"NUEVA GRACIA, LORETO",Agusan del Sur,13,2013-07-17,True,False
2460,"BAUBO BRIDGE, MARIA AURORA, Aurora",15.7875,121.44722,Philippines,DOST-ASTI PhilSensors,wlms,MARIA AURORA,Aurora,3,2018-04-01,True,False
1399,"HIMOGAAN BRIDGE, SAGAY, Negros Occidental",10.89022,123.35355,Philippines,DOST-ASTI PhilSensors,wlms,SAGAY,Negros Occidental,6,2014-06-25,True,False
854,"CUENCO BRIDGE, GARCIA-HERNANDEZ, Bohol",9.61596,124.3,Philippines,DOST-ASTI PhilSensors,wlms,GARCIA-HERNANDEZ,Bohol,7,2013-08-16,True,False
1185,"PRINZA DAM, BACOOR, Cavite",14.39745,120.9804,Philippines,DOST-ASTI PhilSensors,wlms,BACOOR,Cavite,4-A,2014-04-12,True,False
1427,"CALANASAN BRIDGE, CALANASAN, Apayao",18.131416,121.078212,Philippines,DOST-ASTI PhilSensors,wlms,CALANASAN,Apayao,CAR,2014-06-29,True,False
1210,"TUBIGAN BRIDGE, BINAN, Laguna",14.32802,121.07792,Philippines,DOST-ASTI PhilSensors,wlms,BINAN,Laguna,4-A,2014-03-10,True,False
1228,"MACABLING DAM 1, STA ROSA, Laguna",14.2976,121.09422,Philippines,DOST-ASTI PhilSensors,wlms,STA ROSA,Laguna,4-A,2014-03-20,True,False
1262,"TECHNOPARK BRIDGE, STA ROSA, Laguna",14.2618,121.05758,Philippines,DOST-ASTI PhilSensors,wlms,STA ROSA,Laguna,4-A,2014-04-03,True,False
1826,"SAN VICENTE, SANTA CRUZ, OCCIDENTAL MINDORO",13.13893,120.70067,Philippines,DOST-ASTI PhilSensors,wlms,SANTA CRUZ,OCCIDENTAL MINDORO,4-B,2016-02-02,True,False
1227,"SORO-SORO BRIDGE, BIÑAN, Laguna",14.3317,121.08485,Philippines,DOST-ASTI PhilSensors,wlms,BIÑAN,Laguna,4-A,2014-03-20,True,False
622,"WALOE BRIDGE, WALOE, LORETO, Agusan del Sur",8.198,125.7614,Philippines,DOST-ASTI PhilSensors,wlms,LORETO,Agusan del Sur,13,2013-07-12,True,False
2187,"BANAWANG BRIDGE, SAN ENRIQUE, Negros Occidental",10.489993,122.990731,Philippines,DOST-ASTI PhilSensors,wlms,SAN ENRIQUE,Negros Occidental,6,2017-05-09,True,False
1861,"REBONG BRIDGE, LAS NAVAS, Northern Samar",12.343033,125.034063,Philippines,DOST-ASTI PhilSensors,wlms,LAS NAVAS,Northern Samar,8,2016-05-13,True,False
1820,"STO. NINO, RIZAL, Occidental Mindoro",12.46635,121.03682,Philippines,DOST-ASTI PhilSensors,wlms,RIZAL,Occidental Mindoro,4-B,2016-01-07,True,False
1268,"ALIMODIAN, ALIMODIAN, Iloilo",10.81653,122.43385,Philippines,DOST-ASTI PhilSensors,wlms,ALIMODIAN,Iloilo,6,2013-10-29,True,False
1940,"LAJONG, MATNOG, Sorsogon",12.6155,124.07453,Philippines,DOST-ASTI PhilSensors,wlms,MATNOG,Sorsogon,5,2016-06-15,True,False
1789,"CENTRAL, BALANGA, Bataan",14.651925,120.536014,Philippines,DOST-ASTI PhilSensors,wlms,BALANGA,Bataan,3,2016-04-21,True,False
1737,"DIPOLOG BY-PASS BRIDGE, DIPOLOG, Zamboanga del Norte",8.57959,123.36189,Philippines,DOST-ASTI PhilSensors,wlms,DIPOLOG,Zamboanga del Norte,9,2016-02-15,True,False
2206,"ALUBIJID BRIDGE, ALUBIJID, Misamis Oriental",8.570362,124.476468,Philippines,DOST-ASTI PhilSensors,wlms,ALUBIJID,Misamis Oriental,10,2017-06-08,True,False
1524,"GABAWAN BRIDGE, Odiongan, Romblon",12.4223,121.998817,Philippines,DOST-ASTI PhilSensors,wlms,Odiongan,Romblon,4-B,2014-09-07,True,False
1870,"LOBO BRIDGE, LOBO, Batangas",13.64538,121.21251,Philippines,DOST-ASTI PhilSensors,wlms,LOBO,Batangas,4-A,2016-05-29,True,False
796,"MALIGAYA BRIDGE, ATIMONAN, Quezon",13.99204,121.8926,Philippines,DOST-ASTI PhilSensors,wlms,ATIMONAN,Quezon,4-A,2013-07-29,True,False
528,"MALIRONG BRIDGE, PALO, Leyte",11.170889,124.960722,Philippines,DOST-ASTI PhilSensors,wlms,PALO,Leyte,8,2013-07-11,True,False
2011,"BRGY. STO. DOMINGO BRIDGE, CAINTA, Rizal",14.58596,121.11726,Philippines,DOST-ASTI PhilSensors,wlms,CAINTA,Rizal,4-A,2016-10-10,True,False
1855,"STO. TOMAS, KAPATAGAN, LANAO DEL NORTE",7.91427,123.79074,Philippines,DOST-ASTI PhilSensors,wlms,KAPATAGAN,LANAO DEL NORTE,10,2016-04-26,True,False
825,"BUNGA BRIDGE, TANZA, Cavite",14.3512,120.87189,Philippines,DOST-ASTI PhilSensors,wlms,TANZA,Cavite,4-A,2013-08-07,True,False
1126,"ALIP BRIDGE, DATU PAGLAS, Maguindanao",6.7410634,124.8844867,Philippines,DOST-ASTI PhilSensors,wlms,DATU PAGLAS,Maguindanao,BARMM,2013-12-11,True,False
1462,"MAGDIWANG BRIDGE, MAGDIWANG, Romblon",12.491778,122.515694,Philippines,DOST-ASTI PhilSensors,wlms,MAGDIWANG,Romblon,4-B,2014-07-09,True,False
2168,"STEEL BRIDGE, BRGY. CABADIANGAN, LILO-AN, Cebu",10.455419,123.9613,Philippines,DOST-ASTI PhilSensors,wlms,LILO-AN,Cebu,7,2009-12-31,True,False
1971,"BARANGAY CENTRO WEST, PALANAN, Isabela",17.06052,122.42531,Philippines,DOST-ASTI PhilSensors,wlms,PALANAN,Isabela,2,2016-08-06,True,False
1768,"ORAS BRIDGE, ORAS, Eastern Samar",12.136541,125.436136,Philippines,DOST-ASTI PhilSensors,wlms,ORAS,Eastern Samar,8,2016-03-20,True,False
1226,"MACABLING DAM 2, STA ROSA, Laguna",14.29745,121.09453,Philippines,DOST-ASTI PhilSensors,wlms,STA ROSA,Laguna,4-A,2014-03-20,True,False
2071,"BRGY. MAALASAS, ROSARIO, Batangas",13.81592,121.20926,Philippines,DOST-ASTI PhilSensors,wlms,ROSARIO,Batangas,4-A,2017-01-03,True,False
1780,"OSMENA BRIDGE, CABUGAO, Ilocos Sur",17.79737,120.45526,Philippines,DOST-ASTI PhilSensors,wlms,CABUGAO,Ilocos Sur,1,2016-04-06,True,False
521,"SAN BENITO BRIDGE, DAGAMI, Leyte",11.061,124.903,Philippines,DOST-ASTI PhilSensors,wlms,DAGAMI,Leyte,8,2013-07-11,True,False
193,"LAWIGAN BRIDGE, ST. BERNARD, Southern Leyte",10.28856,125.12345,Philippines,DOST-ASTI PhilSensors,wlms,ST. BERNARD,Southern Leyte,8,2011-11-14,True,False
740,"TIGBAWAN BRIDGE, LAZI, Siquijor",9.12704,123.63988,Philippines,DOST-ASTI PhilSensors,wlms,LAZI,Siquijor,7,2013-07-21,True,False
798,"LIBADATAMA DAM, OROQUIETA CITY, Misamis Occidental",8.467317,123.7877,Philippines,DOST-ASTI PhilSensors,wlms,OROQUIETA CITY,Misamis Occidental,10,2013-07-31,True,False
670,"MOROBORO DAM, DINGLE, ILOILO",11.017175,122.660831,Philippines,DOST-ASTI PhilSensors,wlms,DINGLE,ILOILO,6,2013-07-09,True,False
672,"ULIAN BRIDGE, LAMBUNAO, Iloilo",11.104539,122.531072,Philippines,DOST-ASTI PhilSensors,wlms,LAMBUNAO,Iloilo,6,2013-07-09,True,False
1132,"BRGY. VEGA, BONGABON, Nueva Ecija",15.649335,121.139928,Philippines,DOST-ASTI PhilSensors,wlms,BONGABON,Nueva Ecija,3,2013-12-08,True,False
1490,"KAPINGKONG BRIDGE, TACURONG CITY, Sultan Kudarat",6.663013,124.626846,Philippines,DOST-ASTI PhilSensors,wlms,TACURONG CITY,Sultan Kudarat,12,2014-07-31,True,False
801,"CAMANSE BRIDGE, LAMITAN CITY, Basilan",6.6,122.133,Philippines,DOST-ASTI PhilSensors,wlms,LAMITAN CITY,Basilan,BARMM,2013-08-02,True,False
1473,"QUEZON BRIDGE-BOBON, Bobon, Northern Samar",12.4858,124.542664,Philippines,DOST-ASTI PhilSensors,wlms,Bobon,Northern Samar,8,2014-07-16,True,False
2336,"ELIZABETH BRIDGE, BRGY. SALUG, Leyte, Leyte",11.341959,124.509404,Philippines,DOST-ASTI PhilSensors,wlms,Leyte,Leyte,8,2017-07-04,True,False
1215,"BULOD BRIDGE, TUBOD, LANAO DEL NORTE",8.050543,123.805135,Philippines,DOST-ASTI PhilSensors,wlms,TUBOD,LANAO DEL NORTE,10,2014-03-17,True,False
1312,"MATUN-OG, BAYOG, Zamboanga del Sur",7.872266,123.07591,Philippines,DOST-ASTI PhilSensors,wlms,BAYOG,Zamboanga del Sur,9,2014-05-12,True,False
839,"BALBALAN BRIDGE, DIMIAO, Bohol",9.6083,124.1333,Philippines,DOST-ASTI PhilSensors,wlms,DIMIAO,Bohol,7,2013-08-10,True,False
1264,"SITIO ILAYA, BRGY. POBLACION, AYUNGON, Negros Oriental",9.8599,123.13268,Philippines,DOST-ASTI PhilSensors,wlms,AYUNGON,Negros Oriental,7,2014-04-10,True,False
255,"JARO BRIDGE, ILOILO CITY, ILOILO",10.729,122.558767,Philippines,DOST-ASTI PhilSensors,wlms,ILOILO CITY,ILOILO,6,2012-04-22,True,False
523,"HABAY RIVER, SAN FRANCISCO, Southern Leyte",10.065528,125.158333,Philippines,DOST-ASTI PhilSensors,wlms,SAN FRANCISCO,Southern Leyte,8,2013-07-03,True,False
1801,"MACULCOL BRIDGE, SAN FELIPE, Zambales",15.03505,120.0758,Philippines,DOST-ASTI PhilSensors,wlms,SAN FELIPE,Zambales,3,2016-05-04,True,False
2462,"SALAY BRIDGE, DIPACULAO, Aurora",15.83501,121.529989,Philippines,DOST-ASTI PhilSensors,wlms,DIPACULAO,Aurora,3,2018-04-01,True,False
939,"BIGLANG AWA BRIDGE, BOAC, Marinduque",13.4498,121.847,Philippines,DOST-ASTI PhilSensors,wlms,BOAC,Marinduque,4-B,2013-09-29,True,False
1871,"PINAGBAYANAN BRIDGE, SAN JUAN, Batangas",13.81094,121.4373,Philippines,DOST-ASTI PhilSensors,wlms,SAN JUAN,Batangas,4-A,2016-05-30,True,False
1750,"PANGGALAAN, CALAPAN CITY, Oriental Mindoro",13.30141,121.19813,Philippines,DOST-ASTI PhilSensors,wlms,CALAPAN CITY,Oriental Mindoro,4-B,2016-02-17,True,False
1212,"ALA RIVER DAM II, BAGUMBAYAN, Sultan Kudarat",6.440195,124.632792,Philippines,DOST-ASTI PhilSensors,wlms,BAGUMBAYAN,Sultan Kudarat,12,2014-03-13,True,False
2464,"DITEKI BRIDGE, SAN LUIS, Aurora",15.668437,121.434946,Philippines,DOST-ASTI PhilSensors,wlms,SAN LUIS,Aurora,3,2018-04-02,True,False
632,"DIVERSION BRIDGE, MALAYBALAY, Bukidnon",8.16157,125.11776,Philippines,DOST-ASTI PhilSensors,wlms,MALAYBALAY,Bukidnon,10,2013-07-15,True,False
623,"STA. JOSEFA BRIDGE, SANTA ISABEL, SANTA JOSEFA, Agusan del Sur",7.9881,126.03432,Philippines,DOST-ASTI PhilSensors,wlms,SANTA JOSEFA,Agusan del Sur,13,2013-07-12,True,False
1508,"SILUAY DAM, GENERAL SANTOS CITY, General Santos City",6.15755,125.14053,Philippines,DOST-ASTI PhilSensors,wlms,GENERAL SANTOS CITY,General Santos City,12,2014-08-12,True,False
604,"SAN TEODORO BRIDGE, BUNAWAN, AGUSAN DEL SUR",8.174901,125.993626,Philippines,DOST-ASTI PhilSensors,wlms,BUNAWAN,AGUSAN DEL SUR,13,2013-07-11,True,False
2115,"DAANG HARI BRIDGE, IMUS, Cavite",14.372913,120.942129,Philippines,DOST-ASTI PhilSensors,wlms,IMUS,Cavite,4-A,2017-02-08,True,False
2015,"SALVADOR BRIDGE, PARANAQUE CITY, Metro Manila",14.47436111,121.0025556,Philippines,DOST-ASTI PhilSensors,wlms,PARANAQUE CITY,Metro Manila,NCR,2016-09-07,True,False
1151,"SOUTHWOODS BRIDGE, CARMONA, Cavite",14.31463,121.04115,Philippines,DOST-ASTI PhilSensors,wlms,CARMONA,Cavite,4-A,2013-12-20,True,False
322,"WAWANG POLO, VALENZUELA CITY, Metro Manila",14.731603,120.931306,Philippines,DOST-ASTI PhilSensors,wlms,VALENZUELA CITY,Metro Manila,NCR,2012-12-12,True,False
2200,"BARRUZ BRIDGE, BRGY. BARRUZ, Matuguinao, Samar",12.125902,124.889063,Philippines,DOST-ASTI PhilSensors,wlms,Matuguinao,Samar,8,2017-05-30,True,False
2533,"MAGLAMBING BRIDGE, TAGBINA, Surigao del Sur",8.42084,126.2005,Philippines,DOST-ASTI PhilSensors,wlms,TAGBINA,Surigao del Sur,13,2009-12-31,True,False
2020,"MATLING MINI HYDRO DAM, MAROGONG MUNICIPALITY, Lanao del Sur",7.67252,124.13667,Philippines,DOST-ASTI PhilSensors,wlms,MAROGONG MUNICIPALITY ,Lanao del Sur,BARMM,2013-11-10,True,False
2114,"OHOT BRIDGE, ESPERANZA, Agusan del Sur",8.137656,126.021257,Philippines,DOST-ASTI PhilSensors,wlms,ESPERANZA,Agusan del Sur,13,2017-02-22,True,False
1375,"BALUGO, MANSALAY, Oriental Mindoro",12.57607,121.4462,Philippines,DOST-ASTI PhilSensors,wlms,MANSALAY,Oriental Mindoro,4-B,2014-06-19,True,False
941,"ALAG BRIDGE, BACO, Oriental Mindoro",13.3682833,121.07965,Philippines,DOST-ASTI PhilSensors,wlms,BACO,Oriental Mindoro,4-B,2013-10-04,True,False
757,"SICO-ESCRIBANO, SAN JUAN, BATANGAS",13.82075,121.37394,Philippines,DOST-ASTI PhilSensors,wlms,SAN JUAN,BATANGAS,4-A,2013-07-27,True,False
1334,"TAWIRAN BRIDGE, STA. CRUZ, Marinduque",13.45292,122.06841,Philippines,DOST-ASTI PhilSensors,wlms,STA. CRUZ,Marinduque,4-B,2014-03-30,True,False
2340,"STA. MARIA BABAL-LASIOAN FOOTBRIDGE, STA. MARIA, Ilocos Sur",17.39072,120.54326,Philippines,DOST-ASTI PhilSensors,wlms,STA. MARIA,Ilocos Sur,1,2017-08-16,True,False
1581,"CULANDANUM, BATARAZA, Palawan",8.6323,117.47688,Philippines,DOST-ASTI PhilSensors,wlms,BATARAZA,Palawan,4-B,2015-01-19,True,False
938,"HINAPULAN BRIDGE, BOAC, Marinduque",13.4083,121.94125,Philippines,DOST-ASTI PhilSensors,wlms,BOAC,Marinduque,4-B,2013-09-29,True,False
1928,"SAN JOSE BRIDGE, BARAS, Rizal",14.52617,121.26848,Philippines,DOST-ASTI PhilSensors,wlms,BARAS,Rizal,4-A,2016-07-06,True,False
786,"SAN LUIS BRIDGE, SAN LUIS, Pampanga",15.038555,120.788272,Philippines,DOST-ASTI PhilSensors,wlms,SAN LUIS,Pampanga,3,2013-07-29,True,False
594,"DRRM RIVER BASE LEON KILAT, BUTUAN CITY, Agusan del Norte",8.9512061,125.5437558,Philippines,DOST-ASTI PhilSensors,wlms,BUTUAN CITY,Agusan del Norte,13,2013-07-09,True,False
794,"SEIT LAKE BRIDGE, PANAMAO, SULU, PANAMAO, Sulu",5.97945,121.215233,Philippines,DOST-ASTI PhilSensors,wlms,PANAMAO,Sulu,9,2013-08-01,True,False
1881,"BRGY. MENZI, ISABELA CITY, BASILAN",6.683333,121.966667,Philippines,DOST-ASTI PhilSensors,wlms,ISABELA CITY,BASILAN,9,2016-06-01,True,False
663,"NUEVO TRABAJO BRIDGE, SAN LUIS, Agusan del Sur",8.503433,125.719333,Philippines,DOST-ASTI PhilSensors,wlms,SAN LUIS,Agusan del Sur,13,2013-07-17,True,False
1900,"DACAO DAM, PUDTOL, Apayao",18.17448,121.36315,Philippines,DOST-ASTI PhilSensors,wlms,PUDTOL,Apayao,CAR,2016-06-07,True,False
1353,"VALDERAMA BRIDGE, VALDERAMA, ANTIQUE",11.011468,122.130239,Philippines,DOST-ASTI PhilSensors,wlms,VALDERAMA,ANTIQUE,6,2014-06-12,True,False
1277,"STA. RITA, STA. RITA, Samar",11.4664,125.0192,Philippines,DOST-ASTI PhilSensors,wlms,STA. RITA,Samar,8,2014-04-02,True,False
1755,"CARMENCITA, FLORIDABLANCA, Pampanga",14.92468,120.4813,Philippines,DOST-ASTI PhilSensors,wlms,FLORIDABLANCA,Pampanga,3,2016-03-20,True,False
2236,"TAMDAGAN BRIDGE, VINTAR, Ilocos Norte",18.32242,120.72997,Philippines,DOST-ASTI PhilSensors,wlms,VINTAR,Ilocos Norte,1,2017-07-13,True,False
2101,"BALON-ANITO BRIDGE, MARIVELES, Bataan",14.436411,120.471489,Philippines,DOST-ASTI PhilSensors,wlms,MARIVELES,Bataan,3,2017-02-01,True,False
1250,"LAMO BRIDGE, DUPAX DEL NORTE, Nueva Vizcaya",16.33652778,121.1086111,Philippines,DOST-ASTI PhilSensors,wlms,DUPAX DEL NORTE,Nueva Vizcaya,2,2014-04-01,True,False
1948,"STO. DOMINGO, VIRAC, Catanduanes",13.59062,124.18587,Philippines,DOST-ASTI PhilSensors,wlms,VIRAC,Catanduanes,5,2016-05-03,True,False
1272,"DIVISORIA BRIDGE, BONTOC, Southern Leyte",10.34458,124.96431,Philippines,DOST-ASTI PhilSensors,wlms,BONTOC,Southern Leyte,8,2014-03-25,True,False
687,"OSMENA BRIDGE, BARWON RIVER, MACARTHUR, Leyte",10.834568,124.967317,Philippines,DOST-ASTI PhilSensors,wlms,"BARWON RIVER, MACARTHUR",Leyte,8,2013-07-09,True,False
861,"ILOG BALIWAG BRIDGE, STO. DOMINGO, Nueva Ecija",15.666814,120.853908,Philippines,DOST-ASTI PhilSensors,wlms,STO. DOMINGO,Nueva Ecija,3,2013-10-02,True,False
1184,"ZAPOTE BRIDGE, BACOOR, Cavite",14.46413,120.96632,Philippines,DOST-ASTI PhilSensors,wlms,BACOOR,Cavite,4-A,2014-02-12,True,False
2164,"DAGUITAN BRIDGE, BURAUEN, Leyte",10.937084,124.8993,Philippines,DOST-ASTI PhilSensors,wlms,BURAUEN,Leyte,8,2009-12-31,True,False
614,"SICADE CREEK, KUMALARANG, Zamboanga del Sur",7.7496,123.14915,Philippines,DOST-ASTI PhilSensors,wlms,KUMALARANG,Zamboanga del Sur,9,2013-07-04,True,False
629,"ANDANAN BRIDGE, BAYUGAN CITY, AGUSAN DEL SUR",8.73114,125.72966,Philippines,DOST-ASTI PhilSensors,wlms,BAYUGAN CITY,AGUSAN DEL SUR,13,2013-07-15,True,False
1085,"PIO-PLANAS BRIDGE, PORAC, Pampanga",15.041973,120.512543,Philippines,DOST-ASTI PhilSensors,wlms,PORAC,Pampanga,3,2013-11-27,True,False
1637,"UPPER TUNGAWAN BRIDGE, Tungawan, Zamboanga Sibugay",7.5369,122.3805,Philippines,DOST-ASTI PhilSensors,wlms,Tungawan,Zamboanga Sibugay,9,2015-06-28,True,False
603,"SOLIBAO BRIDGE, ROSARIO, AGUSAN DEL SUR",8.372969,126.006465,Philippines,DOST-ASTI PhilSensors,wlms,ROSARIO,AGUSAN DEL SUR,13,2013-07-11,True,False
1488,"TUPI BRIDGE, TUPI, South Cotabato",6.32145,124.937599,Philippines,DOST-ASTI PhilSensors,wlms,TUPI,South Cotabato,12,2014-07-10,True,False
1084,"HACIENDA DOLORES BRIDGE, PORAC, Pampanga",15.104275,120.552492,Philippines,DOST-ASTI PhilSensors,wlms,PORAC,Pampanga,3,2013-11-27,True,False
1938,"KILBAY BRIDGE, DEL GALLEGO, Camarines Sur",13.92025,122.60363,Philippines,DOST-ASTI PhilSensors,wlms,DEL GALLEGO,Camarines Sur,5,2016-05-19,True,False
859,"KILABING SPILLWAY, MALITBOG, Bukidnon",8.560328,124.935906,Philippines,DOST-ASTI PhilSensors,wlms,MALITBOG,Bukidnon,10,2013-08-26,True,False
1545,"CABULIG SPILLWAY, JASAAN, Misamis Oriental",8.670922,124.766081,Philippines,DOST-ASTI PhilSensors,wlms,JASAAN,Misamis Oriental,10,2014-11-02,True,False
1245,"HINOBA-AN RIVER, BRGY. CANGABO, LA LIBERTAD, Negros Oriental",10.067117,123.211717,Philippines,DOST-ASTI PhilSensors,wlms,LA LIBERTAD,Negros Oriental,7,2014-12-31,True,False
2833,"TIBIAO WLMS CEST, TIBIAO, ANTIQUE",11.301577,122.052006,Philippines,DOST-ASTI PhilSensors,wlms,TIBIAO,ANTIQUE,6,2021-09-28,True,False
1838,"PIAO BRIDGE, SINDANGAN, Zamboanga del Norte",8.2236,123.00574,Philippines,DOST-ASTI PhilSensors,wlms,SINDANGAN,Zamboanga del Norte,9,2016-05-02,True,False
2181,"BRGY. PANGPANG, SIBALOM, Antique",10.8060808,121.9891888,Philippines,DOST-ASTI PhilSensors,wlms,SIBALOM,Antique,6,2017-04-25,True,False
2106,"BRGY. DADIANGAS CITY HEIGHTS., GEN. SANTOS, General Santos City",6.124788,125.153202,Philippines,DOST-ASTI PhilSensors,wlms,GEN. SANTOS,General Santos City,12,2017-02-09,True,False
1130,"LA FUENTE, STA. ROSA, Nueva Ecija",15.424972,120.934206,Philippines,DOST-ASTI PhilSensors,wlms,STA. ROSA,Nueva Ecija,3,2013-12-11,True,False
1514,"BRGY. BATASAN, MAKILALA, Cotabato",6.949214,125.156536,Philippines,DOST-ASTI PhilSensors,wlms,MAKILALA,Cotabato,12,2014-09-02,True,False
1355,"MADALAG, TIMBABAN BRIDGE, Aklan",11.538477,122.286404,Philippines,DOST-ASTI PhilSensors,wlms,TIMBABAN BRIDGE,Aklan,6,2014-06-10,True,False
2113,"SIMULAO BRIDGE, BUNAWAN, AGUSAN DEL SUR",8.137776,126.021255,Philippines,DOST-ASTI PhilSensors,wlms,BUNAWAN,AGUSAN DEL SUR,13,2017-02-22,True,False
572,"HUPAS BRIDGE, POBLACION, SIBAGAT, Agusan del Sur",8.8185,125.6946,Philippines,DOST-ASTI PhilSensors,wlms,SIBAGAT,Agusan del Sur,13,2013-07-06,True,False
1775,"SAN JOAQUIN BRIDGE, PALO, Leyte",11.146215,125.002238,Philippines,DOST-ASTI PhilSensors,wlms,PALO,Leyte,8,2016-03-15,True,False
610,"NIA PUMPING STATION, BUTUAN CITY, Agusan del Norte",8.884961,125.539957,Philippines,DOST-ASTI PhilSensors,wlms,BUTUAN CITY,Agusan del Norte,13,2013-07-11,True,False
2194,"MAMBOG STEEL BRIDGE, PINABACDAO, BILIRAN",11.581055,124.991262,Philippines,DOST-ASTI PhilSensors,wlms,PINABACDAO,BILIRAN,8,2017-05-24,True,False
1930,"BRGY. LLIHAN FOOTBRIDGE, TOLEDO CITY, Cebu",10.38,123.66,Philippines,DOST-ASTI PhilSensors,wlms,TOLEDO CITY,Cebu,7,2016-06-15,True,False
1960,"TOLOGAN BRIDGE, HAGONOY, Davao del Sur",6.67652,125.33006,Philippines,DOST-ASTI PhilSensors,wlms,HAGONOY,Davao del Sur,11,2016-06-09,True,False
1209,"PASONG KABAYO BRIDGE, BINAN, Laguna",14.33465,121.08595,Philippines,DOST-ASTI PhilSensors,wlms,BINAN,Laguna,4-A,2014-03-10,True,False
2337,"OQUENDO DISTRICT, BRGY. CABUGAWAN, CALBAYOG CITY, Samar",12.141219,124.535626,Philippines,DOST-ASTI PhilSensors,wlms,CALBAYOG CITY,Samar,8,2017-08-07,True,False
2063,"SAPA BILAAN BRIDGE, TALIPAO, Sulu",5.97597,121.11298,Philippines,DOST-ASTI PhilSensors,wlms,TALIPAO,Sulu,9,2016-12-07,True,False
1349,"MOBO BRIDGE, KALIBO, Aklan",11.69883,122.362433,Philippines,DOST-ASTI PhilSensors,wlms,KALIBO,Aklan,6,2014-06-10,True,False
534,"TALOLORA BRIDGE, PALAPAG, Northern Samar",12.555825,125.113928,Philippines,DOST-ASTI PhilSensors,wlms,PALAPAG,Northern Samar,8,2013-07-04,True,False
2031,"GLAN BRIDGE, BRGY. TAPON, GLAN, Sarangani",5.8252,125.2265,Philippines,DOST-ASTI PhilSensors,wlms,GLAN,Sarangani,12,2022-06-28,True,False
1884,"PALSABANGON BRIDGE, PAGBILAO, Quezon",13.98711,121.72617,Philippines,DOST-ASTI PhilSensors,wlms,PAGBILAO,Quezon,4-A,2016-03-10,True,False
1337,"MALBOG BRIDGE, BUENAVISTA, Marinduque",13.26726,121.95525,Philippines,DOST-ASTI PhilSensors,wlms,BUENAVISTA,Marinduque,4-B,2014-03-17,True,False
1336,"BAGTINGON BRIDGE, BUENAVISTA, Marinduque",13.2856,121.93781,Philippines,DOST-ASTI PhilSensors,wlms,BUENAVISTA,Marinduque,4-B,2014-03-20,True,False
1338,"CABUYO BRIDGE, TORRIJOS, Marinduque",13.2884,122.055,Philippines,DOST-ASTI PhilSensors,wlms,TORRIJOS,Marinduque,4-B,2014-06-03,True,False
679,"LIBACAO BRIDGE, LIBACAO, Iloilo",11.4786289,122.3038843,Philippines,DOST-ASTI PhilSensors,wlms,LIBACAO,Iloilo,6,2013-07-09,True,False
1260,"MANGAMNAN BRIDGE, MOGPOG, Marinduque",13.48268,121.91888,Philippines,DOST-ASTI PhilSensors,wlms,MOGPOG,Marinduque,4-B,2014-04-03,True,False
1092,"SALACOT BRIDGE, SAN MIGUEL, Bulacan",15.182716,120.960437,Philippines,DOST-ASTI PhilSensors,wlms,SAN MIGUEL,Bulacan,3,2013-11-28,True,False
1571,"CABTIC BRIDGE, CABTIC, Surigao del Sur",8.93982,126.03039,Philippines,DOST-ASTI PhilSensors,wlms,CABTIC,Surigao del Sur,13,2014-12-08,True,False
828,"PAWIC BRIDGE, BRGY. SAN ISIDRO, BULAN, Sorsogon",12.66005,123.956617,Philippines,DOST-ASTI PhilSensors,wlms,BULAN,Sorsogon,5,2013-08-13,True,False
1382,"APOLONG BOX CULVERT, VALENCIA, Negros Oriental",9.289,123.2333,Philippines,DOST-ASTI PhilSensors,wlms,VALENCIA,Negros Oriental,7,2014-06-19,True,False
747,"TUMAGA BRIDGE, ZAMBOANGA, Zamboanga City",6.933033,122.0785,Philippines,DOST-ASTI PhilSensors,wlms,ZAMBOANGA,Zamboanga City,9,2013-07-18,True,False
310,"DON GALO BRIDGE, PARANAQUE CITY, Metro Manila",14.502142,120.992889,Philippines,DOST-ASTI PhilSensors,wlms,PARANAQUE CITY,Metro Manila,NCR,2012-11-25,True,False
1815,"MALIBU, TUY, Batangas",13.99331,120.71548,Philippines,DOST-ASTI PhilSensors,wlms,TUY,Batangas,4-A,2016-04-18,True,False
2777,"PUROK 1 BRGY. LA UNION, PUROK 1 BRGY. LA UNION, LABASON, ZAMBOANGA DEL NORTE",8.0417,122.5262,Philippines,DOST-ASTI PhilSensors,wlms,LABASON,ZAMBOANGA DEL NORTE,9,2020-02-11,True,False
1269,"SAN ROQUE BRIDGE, SAN MIGUEL, Iloilo",10.78313,122.46798,Philippines,DOST-ASTI PhilSensors,wlms,SAN MIGUEL,Iloilo,6,2013-11-18,True,False
630,"AZPETIA BRIDGE, PROSPERIDAD, Agusan del Sur",8.6374,125.94863,Philippines,DOST-ASTI PhilSensors,wlms,PROSPERIDAD,Agusan del Sur,13,2013-07-16,True,False
1570,"SAN PEDRO BRIDGE, SISON, Surigao del Norte",9.6558,125.52785,Philippines,DOST-ASTI PhilSensors,wlms,SISON,Surigao del Norte,13,2014-11-05,True,False
716,"BANGONAY BRIDGE, BANGONAY, JABONGA, Agusan del Norte",9.319335,125.555167,Philippines,DOST-ASTI PhilSensors,wlms,"BANGONAY, JABONGA",Agusan del Norte,13,2013-07-18,True,False
1685,"MISSION BRIDGE, GONZAGA, Cagayan",18.24639,121.93681,Philippines,DOST-ASTI PhilSensors,wlms,GONZAGA,Cagayan,2,2015-11-09,True,False
715,"CABADBARAN BRIDGE, CABADBARAN, Agusan del Norte",9.126089,125.539806,Philippines,DOST-ASTI PhilSensors,wlms,CABADBARAN,Agusan del Norte,13,2013-07-18,True,False
2053,"BARANGAY DIMALUADE, DINAPIGUE, Isabela",16.56174,122.27234,Philippines,DOST-ASTI PhilSensors,wlms,DINAPIGUE,Isabela,2,2016-11-30,True,False
1883,"ALMACEN BRIDGE, UNISAN, Quezon",13.8727,121.99568,Philippines,DOST-ASTI PhilSensors,wlms,UNISAN,Quezon,4-A,2016-05-26,True,False
1910,"TAYTAYAN BRIDGE, CATEEL, Davao Oriental",7.743667,126.428167,Philippines,DOST-ASTI PhilSensors,wlms,CATEEL,Davao Oriental,11,2009-12-31,True,False
1817,"BRGY. CALOOCAN BRIDGE, BALAYAN, Batangas",13.95018,120.71812,Philippines,DOST-ASTI PhilSensors,wlms,BALAYAN,Batangas,4-A,2016-04-12,True,False
1694,"CAPANGPANGAN BRIDGE, VIGAN, ILOCOS SUR",17.5736,120.3912,Philippines,DOST-ASTI PhilSensors,wlms,VIGAN,ILOCOS SUR,1,2015-12-10,True,False
1947,"BATO BRIDGE, BATO, Catanduanes",13.61338,124.29547,Philippines,DOST-ASTI PhilSensors,wlms,BATO,Catanduanes,5,2016-05-04,True,False
1951,"AGOS BRIDGE, INFANTA, Quezon",14.752119,121.618847,Philippines,DOST-ASTI PhilSensors,wlms,INFANTA,Quezon,4-A,2016-07-20,True,False
1970,"PLEASANTVILLE BRIDGE, LUCENA CITY, Quezon",13.93894,121.60963,Philippines,DOST-ASTI PhilSensors,wlms,LUCENA CITY,Quezon,4-A,2016-08-08,True,False
2780,"BAYTO BRIDGE, Purok 2 Brgy. Bayto, STA. CRUZ, ZAMBALES",15.720275,119.909722,Philippines,DOST-ASTI PhilSensors,wlms,STA. CRUZ,ZAMBALES,3,2020-08-03,True,False
1800,"PUNDAQUIT BRIDGE, SAN ANTONIO, Zambales",14.94212,120.0801,Philippines,DOST-ASTI PhilSensors,wlms,SAN ANTONIO,Zambales,3,2016-05-04,True,False
2013,"SAN DIONISIO BRIDGE, PARANAQUE CITY, Metro Manila",14.48711111,120.9913333,Philippines,DOST-ASTI PhilSensors,wlms,PARANAQUE CITY,Metro Manila,NCR,2016-09-07,True,False
1697,"POBLACION-BURGOS, BURGOS, Ilocos Sur",17.3315,120.4988,Philippines,DOST-ASTI PhilSensors,wlms,BURGOS,Ilocos Sur,1,2015-12-10,True,False
1730,"ARINGAY BRIDGE, ARINGAY, La Union",16.39052,120.35618,Philippines,DOST-ASTI PhilSensors,wlms,ARINGAY,La Union,1,2015-12-22,True,False
1739,"ILAYA BRIDGE, DAPITAN CITY, Zamboanga del Norte",8.54392,123.42871,Philippines,DOST-ASTI PhilSensors,wlms,DAPITAN CITY,Zamboanga del Norte,9,2016-02-18,True,False
2179,"BRGY. POBLACION, IBAJAY, Aklan",11.8180092,122.1676362,Philippines,DOST-ASTI PhilSensors,wlms,IBAJAY,Aklan,6,2017-04-21,True,False
835,"CASIGURAN BRIDGE, CASIGURAN, Sorsogon",12.87105,124.007533,Philippines,DOST-ASTI PhilSensors,wlms,CASIGURAN,Sorsogon,5,2013-08-14,True,False
1728,"CABARITAN BRIDGE, NAGUILIAN, La Union",16.52952,120.38723,Philippines,DOST-ASTI PhilSensors,wlms,NAGUILIAN,La Union,1,2015-12-14,True,False
526,"TINGIB, PASTRANA, Leyte",11.11714,124.82631,Philippines,DOST-ASTI PhilSensors,wlms,PASTRANA,Leyte,8,2013-07-11,True,False
1695,"DUNGGALO BRIDGE, POBLACION EAST, San Ildefonso, Ilocos Sur",17.6242,120.4033,Philippines,DOST-ASTI PhilSensors,wlms,San Ildefonso,Ilocos Sur,1,2015-12-10,True,False
1818,"BARANGAY 2 BRIDGE, LIAN, Batangas",14.0419,120.65147,Philippines,DOST-ASTI PhilSensors,wlms,LIAN,Batangas,4-A,2016-05-05,True,False
1860,"MULAWIN, NAUJAN, Oriental Mindoro",13.23367,121.135503,Philippines,DOST-ASTI PhilSensors,wlms,NAUJAN,Oriental Mindoro,4-B,2016-05-24,True,False
1736,"LABANGAN BRIDGE, LABANGAN, Zamboanga del Sur",7.85741,123.50162,Philippines,DOST-ASTI PhilSensors,wlms,LABANGAN,Zamboanga del Sur,9,2016-01-27,True,False
1808,"QUINSORIANO BRIDGE, STA. CRUZ, ILOCOS SUR",17.09369,120.45902,Philippines,DOST-ASTI PhilSensors,wlms,STA. CRUZ,ILOCOS SUR,1,2016-04-21,True,False
1935,"LABO BRIDGE, LABO, Camarines Norte",14.15321,122.83185,Philippines,DOST-ASTI PhilSensors,wlms,LABO,Camarines Norte,5,2016-05-18,True,False
1805,"BRGY. LUBIGAN, BADOC, Ilocos Norte",17.9217,120.48832,Philippines,DOST-ASTI PhilSensors,wlms,BADOC,Ilocos Norte,1,2016-04-20,True,False
2465,"AGUANG BRIDGE, BALER, Aurora",15.778652,121.54859,Philippines,DOST-ASTI PhilSensors,wlms,BALER,Aurora,3,2018-04-02,True,False
1833,"SANTA RITA BRIDGE, Olongapo City, Zambales",14.84562,120.2904,Philippines,DOST-ASTI PhilSensors,wlms,Olongapo City,Zambales,3,2016-04-19,True,False
1926,"PUTIAO, PILAR, Sorsogon",13.01794,123.71521,Philippines,DOST-ASTI PhilSensors,wlms,PILAR,Sorsogon,5,2016-05-20,True,False
1869,"BANTILAN BRIDGE, SARIAYA, Quezon",13.8338,121.4301,Philippines,DOST-ASTI PhilSensors,wlms,SARIAYA,Quezon,4-A,2016-05-25,True,False
2661,"BANADERO BRIDGE, Brgy. Tabuc, Mobo, Masbate",12.326889,123.663779,Philippines,DOST-ASTI PhilSensors,wlms,Mobo,Masbate,5,2019-02-05,True,False
2091,"SANDOVAL BRIDGE, PASIG CITY, Metro Manila",14.58158333,121.08225,Philippines,DOST-ASTI PhilSensors,wlms,PASIG CITY,Metro Manila,NCR,2016-06-15,True,False
2781,"GAMA BRIDGE, Brgy. Gama, STA. CRUZ, ZAMBALES",15.809044,119.913039,Philippines,DOST-ASTI PhilSensors,wlms,STA. CRUZ,ZAMBALES,3,2020-08-04,True,False
1485,"BALOGO BRIDGE, PIGCAWAYAN, Cotabato",7.281311,124.458862,Philippines,DOST-ASTI PhilSensors,wlms,PIGCAWAYAN,Cotabato,12,2014-07-14,True,False
2775,"POLANCO BRIDGE, POLANCO, ZAMBOANGA DEL NORTE",8.53365,123.3648,Philippines,DOST-ASTI PhilSensors,wlms,POLANCO,ZAMBOANGA DEL NORTE,9,2020-02-11,True,False
1433,"AMIO BRIDGE, STA CATALINA, Negros Oriental",9.415833,122.930633,Philippines,DOST-ASTI PhilSensors,wlms,STA CATALINA,Negros Oriental,7,2014-07-03,True,False
1542,"DUBDUB DIKE, GINGOOG CITY, Misamis Oriental",8.80699,125.11269,Philippines,DOST-ASTI PhilSensors,wlms,GINGOOG CITY,Misamis Oriental,10,2014-10-29,True,False
838,"MAASIM BRIDGE, SAN ILDEFONSO, Bulacan",15.040112,120.937818,Philippines,DOST-ASTI PhilSensors,wlms,SAN ILDEFONSO,Bulacan,3,2013-08-07,True,False
1186,"SICOPONG BRIDGE, SANTA CATALINA, Negros Oriental",9.3471,122.85216,Philippines,DOST-ASTI PhilSensors,wlms,SANTA CATALINA,Negros Oriental,7,2013-10-01,True,False
840,"BALAYONG BRIDGE, PAMPLONA, Negros Oriental",9.45425,123.075694,Philippines,DOST-ASTI PhilSensors,wlms,PAMPLONA,Negros Oriental,7,2013-08-07,True,False
1335,"LIBTANGIN BRIDGE, GASAN, Marinduque",13.3497,121.833,Philippines,DOST-ASTI PhilSensors,wlms,GASAN,Marinduque,4-B,2014-03-13,True,False
1799,"MALOMA BRIDGE, SAN FELIPE, Zambales",15.116389,120.0625,Philippines,DOST-ASTI PhilSensors,wlms,SAN FELIPE,Zambales,3,2016-05-04,True,False
925,"CAMANJAC-CALABNUGAN BRIDGE, DUMAGUETE CITY, Negros Oriental",9.325139,123.260917,Philippines,DOST-ASTI PhilSensors,wlms,DUMAGUETE CITY,Negros Oriental,7,2013-09-22,True,False
2410,"BONTONG, BRGY. CAMAMAN-AN, CAGAYAN DE ORO, Misamis Oriental",8.465179,124.65951,Philippines,DOST-ASTI PhilSensors,wlms,CAGAYAN DE ORO,Misamis Oriental,10,2017-12-19,True,False
1254,"MANJUYOD BRIDGE, MANJUYOD, Negros Oriental",9.66904,123.14362,Philippines,DOST-ASTI PhilSensors,wlms,MANJUYOD,Negros Oriental,7,2014-03-31,True,False
1665,"BATANG-BATANG BRIDGE, URDUJA, NARRA, Palawan",9.226696,118.324367,Philippines,DOST-ASTI PhilSensors,wlms,NARRA,Palawan,4-B,2015-09-28,True,False
1696,"MAYNGAYNAY NORTE BRIDGE, Sta. Maria, Ilocos Sur",17.3873,120.4835,Philippines,DOST-ASTI PhilSensors,wlms,Sta. Maria,Ilocos Sur,1,2015-12-10,True,False
1351,"DARANAS BRIDGE, BARBAZA, Antique",11.245207,122.068622,Philippines,DOST-ASTI PhilSensors,wlms,BARBAZA,Antique,6,2014-06-12,True,False
1389,"CANALUM BRIDGE, BAYAWAN CITY, Negros Oriental",9.39978,122.8232,Philippines,DOST-ASTI PhilSensors,wlms,BAYAWAN CITY,Negros Oriental,7,2016-08-25,True,False
2103,"NICOLAS BRIDGE, MAGSAYSAY, Occidental Mindoro",12.1827387,121.1214172,Philippines,DOST-ASTI PhilSensors,wlms,MAGSAYSAY,Occidental Mindoro,4-B,2016-02-01,True,False
759,"BAYAWAN BRIDGE, BAYAWAN CITY, Negros Oriental",9.368787,122.801352,Philippines,DOST-ASTI PhilSensors,wlms,BAYAWAN CITY,Negros Oriental,7,2013-07-25,True,False
926,"BRGY TAMBUJANGIN, AMLAN, Negros Oriental",9.454389,123.217306,Philippines,DOST-ASTI PhilSensors,wlms,AMLAN,Negros Oriental,7,2013-09-30,True,False
1486,"RADANGAN BRIDGE, ALAMADA, Cotabato",7.430123,124.535408,Philippines,DOST-ASTI PhilSensors,wlms,ALAMADA,Cotabato,12,2014-07-14,True,False
1431,"BANGON BRIDGE, ODIONGAN, Romblon",12.385114,121.981278,Philippines,DOST-ASTI PhilSensors,wlms,ODIONGAN,Romblon,4-B,2014-03-14,True,False
636,"BUSCO BRIDGE, QUEZON, Bukidnon",7.812055,125.07452,Philippines,DOST-ASTI PhilSensors,wlms,QUEZON,Bukidnon,10,2013-07-13,True,False
1249,"ORCONUMA, BONGABONG, Oriental Mindoro",12.675205,121.482299,Philippines,DOST-ASTI PhilSensors,wlms,BONGABONG,Oriental Mindoro,4-B,2014-06-16,True,False
2238,"MARIA ROSA BRIDGE, POLOMOLOK, SOUTH COTABATO",6.223904,125.068405,Philippines,DOST-ASTI PhilSensors,wlms,POLOMOLOK,SOUTH COTABATO,12,2014-07-10,True,False
1139,"BRGY. CALIZON, CALUMPIT, Bulacan",14.92,120.7658,Philippines,DOST-ASTI PhilSensors,wlms,CALUMPIT,Bulacan,3,2015-10-19,True,False
704,"STO. NINO BRIDGE, BRGY. CANIOGAN, CALUMPIT, Bulacan",14.9047472,120.7756083,Philippines,DOST-ASTI PhilSensors,wlms,CALUMPIT,Bulacan,3,2013-07-19,True,False
1135,"BRGY. CALIPAHAN, TALAVERA, Nueva Ecija",15.59785,120.973861,Philippines,DOST-ASTI PhilSensors,wlms,TALAVERA,Nueva Ecija,3,2013-12-08,True,False
1416,"CONNER, CONNER, Apayao",17.79885,121.32381,Philippines,DOST-ASTI PhilSensors,wlms,CONNER,Apayao,CAR,2014-06-29,True,False
1434,"AYUQUITAN BRIDGE, SAN JOSE, Negros Oriental",9.415933,123.24095,Philippines,DOST-ASTI PhilSensors,wlms,SAN JOSE,Negros Oriental,7,2014-07-07,True,False
1290,"MALAIBA BOX CULVERT, CANLAON CITY, Negros Oriental",10.4121,123.20511,Philippines,DOST-ASTI PhilSensors,wlms,CANLAON CITY,Negros Oriental,7,2014-04-20,True,False
895,"CITY POUND BRIDGE, BRGY. BALUGO, DUMAGUETE CITY, Negros Oriental",9.31183,123.2555,Philippines,DOST-ASTI PhilSensors,wlms,DUMAGUETE CITY,Negros Oriental,7,2013-08-29,True,False
860,"DULONG BAYAN BRIDGE, SAN JOSE DEL MONTE, Bulacan",14.830586,121.042403,Philippines,DOST-ASTI PhilSensors,wlms,SAN JOSE DEL MONTE,Bulacan,3,2013-08-26,True,False
1526,"MONTALBAN - ASTI, RIZAL, Rizal",14.73322,121.1303,Philippines,DOST-ASTI PhilSensors,wlms,RIZAL,Rizal,4-A,2014-10-02,True,False
2070,"BRGY. SILANGAN BRIDGE, SAN MATEO, Rizal",14.65404,121.13373,Philippines,DOST-ASTI PhilSensors,wlms,SAN MATEO,Rizal,4-A,2017-01-03,True,False
2061,"LUAY BRIDGE, JOLO, Sulu",6.04564,120.99871,Philippines,DOST-ASTI PhilSensors,wlms,JOLO,Sulu,9,2016-12-06,True,False
829,"ILOG BRIDGE, BRGY. STA FE, PILAR, Sorsogon",12.91705,123.6425,Philippines,DOST-ASTI PhilSensors,wlms,PILAR,Sorsogon,5,2013-08-15,True,False
662,"GMA BRIDGE, SAN LUIS, Agusan del Sur",8.497983,125.734867,Philippines,DOST-ASTI PhilSensors,wlms,SAN LUIS,Agusan del Sur,13,2013-07-17,True,False
834,"DANCALAN BRIDGE, DONSOL, Sorsogon",12.912,123.59225,Philippines,DOST-ASTI PhilSensors,wlms,DONSOL,Sorsogon,5,2013-08-15,True,False
793,"BULAONG BRIDGE, LIBMANAN, Camarines Sur",13.6888635,123.0433569,Philippines,DOST-ASTI PhilSensors,wlms,LIBMANAN,Camarines Sur,5,2013-07-31,True,False
2174,"BINALBAGAN BRIDGE, BINALBAGAN, NEGROS OCCIDENTAL",10.2105351,122.8826219,Philippines,DOST-ASTI PhilSensors,wlms,BINALBAGAN,NEGROS OCCIDENTAL,6,2017-04-10,True,False
1759,"CRESCINI BRIDGE, IRIGA CITY, CAMARINES SUR",13.41361,123.41008,Philippines,DOST-ASTI PhilSensors,wlms,IRIGA CITY,CAMARINES SUR,5,2016-04-06,True,False
2012,"BRGY. BAGONG NAYON BRIDGE, ANTIPOLO, Rizal",14.623,121.16859,Philippines,DOST-ASTI PhilSensors,wlms,ANTIPOLO,Rizal,4-A,2016-10-10,True,False
2044,"SARRAT  BRIDGE, LAOAG, Ilocos Norte",18.13829,120.6641,Philippines,DOST-ASTI PhilSensors,wlms,LAOAG,Ilocos Norte,1,2016-09-14,True,False
1348,"BALETE, BALETE, Aklan",11.55425,122.379,Philippines,DOST-ASTI PhilSensors,wlms,BALETE,Aklan,6,2014-06-10,True,False
2429,"MADUGO BRIDGE 1, ROXAS, ORIENTAL MINDORO",12.5909,121.521584,Philippines,DOST-ASTI PhilSensors,wlms,ROXAS,ORIENTAL MINDORO,4-B,2017-07-11,True,False
1929,"QUEZON BRIDGE POBLACION, INABANGAN, Bohol",9.64,124.03,Philippines,DOST-ASTI PhilSensors,wlms,INABANGAN,Bohol,7,2016-06-20,True,False
1270,"LANAG BRIDGE, STA. BARBARA, Iloilo",10.8283,122.54056,Philippines,DOST-ASTI PhilSensors,wlms,STA. BARBARA,Iloilo,6,2013-09-25,True,False
1309,"MAMBUSAO, MAMBUSAO, Capiz",11.42901,122.59822,Philippines,DOST-ASTI PhilSensors,wlms,MAMBUSAO,Capiz,6,2014-05-08,True,False
826,"BRGY. GULANG GULANG, IROSIN, Sorsogon",12.73455,123.987967,Philippines,DOST-ASTI PhilSensors,wlms,IROSIN,Sorsogon,5,2013-08-13,True,False
817,"CALAGBANGAN BRIDGE, SIPOCOT, Camarines Sur",13.8391167,122.9611666,Philippines,DOST-ASTI PhilSensors,wlms,SIPOCOT,Camarines Sur,5,2013-08-16,True,False
1760,"CASURAY BRIDGE, MAGARAO, Camarines Sur",13.66396,123.14389,Philippines,DOST-ASTI PhilSensors,wlms,MAGARAO,Camarines Sur,5,2016-04-06,True,False
1253,"HIBOLANGAN BRIDGE II, TAYASAN, Negros Oriental",9.91195,123.154017,Philippines,DOST-ASTI PhilSensors,wlms,TAYASAN,Negros Oriental,7,2014-03-25,True,False
1224,"POBLACION 2, CARCAR CITY, Cebu",10.105161,123.642331,Philippines,DOST-ASTI PhilSensors,wlms,CARCAR CITY,Cebu,7,2014-03-16,True,False
1465,"VIGO BRIDGE - SITIO LABAC, BRGY. VIGO, LUBANG, Occidental Mindoro",13.822844,120.170663,Philippines,DOST-ASTI PhilSensors,wlms,LUBANG,Occidental Mindoro,4-B,2014-06-13,True,False
2007,"MARCOS BRIDGE, Sevilla, Bohol",9.70655,124.04227,Philippines,DOST-ASTI PhilSensors,wlms,Sevilla,Bohol,7,2016-10-02,True,False
1231,"ESPERANZA BRIDGE, CUBUCGAYAN, Biliran",11.473516,124.570846,Philippines,DOST-ASTI PhilSensors,wlms,CUBUCGAYAN,Biliran,8,2014-03-19,True,False
1996,"ARGAO BRIDGE, BRGY. LANGTAD, ARGAO, Cebu",9.8857,123.604586,Philippines,DOST-ASTI PhilSensors,wlms,ARGAO,Cebu,7,2016-08-26,True,False
426,"SANGBAY BRIDGE, NAGTIPUNAN, Quirino",16.25786111,121.6515278,Philippines,DOST-ASTI PhilSensors,wlms,NAGTIPUNAN,Quirino,2,2013-05-22,True,False
2092,"BRGY. BIO, TAGUDIN, Ilocos Sur",16.9122,120.4623,Philippines,DOST-ASTI PhilSensors,wlms,TAGUDIN,Ilocos Sur,1,2016-09-15,True,False
1945,"BRIDGE OF PROMISE, BATANGAS CITY, Batangas",13.76503,121.07316,Philippines,DOST-ASTI PhilSensors,wlms,BATANGAS CITY,Batangas,4-A,2016-07-19,True,False
2025,"BUAYAN BRIDGE, BRGY. BALUNTAY, ALABEL, Sarangani",6.11351,125.24047,Philippines,DOST-ASTI PhilSensors,wlms,ALABEL,Sarangani,12,2009-12-31,True,False
1907,"MAC ARTHUR BRIDGE LIPADAS, BRGY. TORIL, Davao City",7.00282,125.48485,Philippines,DOST-ASTI PhilSensors,wlms,,Davao City,11,2016-06-05,True,False
1251,"MANGAYANG BRIDGE, DUPAX DEL SUR, Nueva Vizcaya",16.29966667,121.0524167,Philippines,DOST-ASTI PhilSensors,wlms,DUPAX DEL SUR,Nueva Vizcaya,2,2014-04-02,True,False
833,"BANUANG BRIDGE, BRGY. LAJUNG, BULAN, Sorsogon",12.665683,123.884517,Philippines,DOST-ASTI PhilSensors,wlms,BULAN,Sorsogon,5,2013-08-13,True,False
1225,"STA. ANA BRIDGE POBLACION BOUNDARY, BARILI, Cebu",10.117722,123.510389,Philippines,DOST-ASTI PhilSensors,wlms,BARILI,Cebu,7,2014-03-16,True,False
820,"STO DOMINGO BRIDGE, NABUA, Camarines Sur",13.4041679,123.3254489,Philippines,DOST-ASTI PhilSensors,wlms,NABUA,Camarines Sur,5,2013-09-02,True,False
1444,"SAN JOSE BRIDGE, BRGY. SALVACION, BULA, Camarines Sur",13.469108,123.279826,Philippines,DOST-ASTI PhilSensors,wlms,BULA,Camarines Sur,5,2014-07-07,True,False
527,"PALANOG BRIDGE, TACLOBAN CITY, Leyte",11.250264,124.959947,Philippines,DOST-ASTI PhilSensors,wlms,TACLOBAN CITY,Leyte,8,2013-07-08,True,False
816,"TARA BRIDGE, SIPOCOT, Camarines Sur",13.754128,122.974705,Philippines,DOST-ASTI PhilSensors,wlms,SIPOCOT,Camarines Sur,5,2013-08-16,True,False
532,"LAS NAVAS BRIDGE, LAS NAVAS, Northern Samar",12.349722,125.214167,Philippines,DOST-ASTI PhilSensors,wlms,LAS NAVAS,Northern Samar,8,2013-07-04,True,False
802,"CUBAWAN BRIDGE, LAMITAN CITY, Basilan",6.651533,122.131933,Philippines,DOST-ASTI PhilSensors,wlms,LAMITAN CITY,Basilan,BARMM,2013-08-03,True,False
533,"MONDRAGON BRIDGE, MONDRAGON, Northern Samar",12.473111,124.810139,Philippines,DOST-ASTI PhilSensors,wlms,MONDRAGON,Northern Samar,8,2013-07-04,True,False
714,"BRGY. AYALA, AYALA, Zamboanga City",6.968217,121.946833,Philippines,DOST-ASTI PhilSensors,wlms,AYALA,Zamboanga City,9,2013-07-18,True,False
746,"BRGY TUGBUNGAN, ZAMBOANGA, Zamboanga City",6.922748,122.106395,Philippines,DOST-ASTI PhilSensors,wlms,ZAMBOANGA,Zamboanga City,9,2013-07-21,True,False
2183,"JALANDONI BRIDGE, ILOILO CITY, Iloilo",10.7015041,122.5611806,Philippines,DOST-ASTI PhilSensors,wlms,ILOILO CITY,Iloilo,6,2017-04-27,True,False
717,"CALINAWAN BRIDGE, JABONGA, Agusan del Norte",9.317933,125.528367,Philippines,DOST-ASTI PhilSensors,wlms,JABONGA,Agusan del Norte,13,2013-07-21,True,False
1090,"CONG DADO DAM, ARAYAT, Pampanga",15.184117,120.775516,Philippines,DOST-ASTI PhilSensors,wlms,ARAYAT,Pampanga,3,2013-11-28,True,False
2107,"ANDUYANAN BRIDGE, PALUAN, Occidental Mindoro",13.41315,120.4664,Philippines,DOST-ASTI PhilSensors,wlms, PALUAN,Occidental Mindoro,4-B,2016-12-05,True,False
1075,"SINARA BAJO SPILLWAY, JIMENEZ, Misamis Occidental",8.328307,123.837775,Philippines,DOST-ASTI PhilSensors,wlms,JIMENEZ,Misamis Occidental,10,2013-11-28,True,False
719,"TALACOGON BRIDGE, SAN AGUSTIN, TALACOGON, Agusan del Sur",8.4508,125.7878,Philippines,DOST-ASTI PhilSensors,wlms,"SAN AGUSTIN, TALACOGON",Agusan del Sur,13,2013-07-21,True,False
975,"TUNASAN CREEK, BRGY. TUNASAN, MUNTINLUPA CITY, Metro Manila",14.36912,121.05049,Philippines,DOST-ASTI PhilSensors,wlms,MUNTINLUPA CITY,Metro Manila,NCR,2013-10-21,True,False
653,"ILOG BRIDGE., KABANKALAN CITY, Negros Occidental",10.008656,122.801411,Philippines,DOST-ASTI PhilSensors,wlms,KABANKALAN CITY,Negros Occidental,6,2013-07-09,True,False
1243,"SLOPE PROTECTION WALL, BIÑAN, Laguna",14.34266,121.08481,Philippines,DOST-ASTI PhilSensors,wlms,BIÑAN,Laguna,4-A,2014-03-26,True,False
930,"BATERIA BRIDGE, GUIHULNGAN CITY, Negros Oriental",10.123528,123.273056,Philippines,DOST-ASTI PhilSensors,wlms,GUIHULNGAN CITY,Negros Oriental,7,2013-10-01,True,False
1847,"CALATRAVA, CALATRAVA, Romblon",12.617877,122.06573,Philippines,DOST-ASTI PhilSensors,wlms,CALATRAVA,Romblon,4-B,2016-01-03,True,False
844,"BUCAYAO BRIDGE, CALAPAN CITY, Oriental Mindoro",13.309386,121.188885,Philippines,DOST-ASTI PhilSensors,wlms,CALAPAN CITY,Oriental Mindoro,4-B,2013-08-06,True,False
1086,"APALIT BRIDGE, FLORIDABLANCA, Pampanga",14.97732,120.478327,Philippines,DOST-ASTI PhilSensors,wlms,FLORIDABLANCA,Pampanga,3,2013-11-27,True,False
1749,"LONGOS BRIDGE, BRGY. SANTA RITA, CALAPAN, Oriental Mindoro",13.3562,121.12051,Philippines,DOST-ASTI PhilSensors,wlms,CALAPAN,Oriental Mindoro,4-B,2016-02-17,True,False
1669,"MADLUM RIVER, SAN MIGUEL, BULACAN, Bulacan",15.170399,121.082932,Philippines,DOST-ASTI PhilSensors,wlms,"SAN MIGUEL, BULACAN",Bulacan,3,2015-10-07,True,False
940,"MAG-ASAWANG TUBIG BRIDGE, NAUJAN, Oriental Mindoro",13.2741167,121.2601833,Philippines,DOST-ASTI PhilSensors,wlms,NAUJAN,Oriental Mindoro,4-B,2013-10-05,True,False
1411,"ZCWD - DIVERSION DAM, ZAMBOANGA CITY, Zamboanga City",6.984217,122.066667,Philippines,DOST-ASTI PhilSensors,wlms,ZAMBOANGA CITY,Zamboanga City,9,2014-06-26,True,False
1137,"BRGY. PULO, SAN ISIDRO, Nueva Ecija",15.233803,120.939294,Philippines,DOST-ASTI PhilSensors,wlms,SAN ISIDRO,Nueva Ecija,3,2013-12-09,True,False
1091,"SAN JUAN BRIDGE, SAN MIGUEL, Bulacan",15.139199,120.97753,Philippines,DOST-ASTI PhilSensors,wlms,SAN MIGUEL,Bulacan,3,2013-11-28,True,False
1140,"BRGY. MATICTIC, NORZAGARAY, Bulacan",14.91036,121.05106,Philippines,DOST-ASTI PhilSensors,wlms,NORZAGARAY,Bulacan,3,2013-12-04,True,False
1340,"P.D. MONFORT BRIDGE, DUMANGAS, ILOILO",10.867258,122.707931,Philippines,DOST-ASTI PhilSensors,wlms,DUMANGAS,ILOILO,6,2014-06-05,True,False
1414,"CALABA BRIDGE, BANGUED, Abra",17.620794,120.618918,Philippines,DOST-ASTI PhilSensors,wlms,BANGUED,Abra,CAR,2014-06-26,True,False
1208,"EVANGELISTA BRIDGE, BINAN, Laguna",14.33903,121.0856,Philippines,DOST-ASTI PhilSensors,wlms,BINAN,Laguna,4-A,2014-03-10,True,False
671,"JALAUR BRIDGE - POTOTAN, POTOTAN, Iloilo",10.909531,122.686106,Philippines,DOST-ASTI PhilSensors,wlms,POTOTAN,Iloilo,6,2013-07-09,True,False
2616,"PELAEZ BRIDGE, CAGAYAN DE ORO, MISAMIS ORIENTAL",8.422052,124.629745,Philippines,DOST-ASTI PhilSensors,wlms,CAGAYAN DE ORO,MISAMIS ORIENTAL,10,2018-11-12,True,False
777,"CANSAGA BRIDGE, CONSOLACION, Cebu",10.377139,123.962,Philippines,DOST-ASTI PhilSensors,wlms,CONSOLACION,Cebu,7,2013-07-29,True,False
1100,"BAMBAN BRIDGE, BAMBAN, Tarlac",15.260404,120.5596,Philippines,DOST-ASTI PhilSensors,wlms,BAMBAN ,Tarlac,3,2013-12-05,True,False
1686,"PATENG BRIDGE, GONZAGA, Cagayan",18.25615,121.98783,Philippines,DOST-ASTI PhilSensors,wlms,GONZAGA,Cagayan,2,2015-11-09,True,False
574,"KALAWAG III BRIDGE, ISULAN, Sultan Kudarat",6.62043,124.58514,Philippines,DOST-ASTI PhilSensors,wlms,ISULAN,Sultan Kudarat,12,2013-07-05,True,False
783,"GAMUT BRIDGE, GAMUT, TAGO, Surigao del Sur",9.00188,126.1688,Philippines,DOST-ASTI PhilSensors,wlms,"GAMUT, TAGO",Surigao del Sur,13,2013-07-30,True,False
2177,"MALIMANGO BRIDGE, ROSARIO, Cavite",14.419912,120.870493,Philippines,DOST-ASTI PhilSensors,wlms,ROSARIO,Cavite,4-A,2009-12-31,True,False
631,"GIBONG BRIDGE, PROSPERIDAD, Agusan del Sur",8.6108,125.9142,Philippines,DOST-ASTI PhilSensors,wlms,PROSPERIDAD,Agusan del Sur,13,2013-07-16,True,False
1232,"AMAMBAHAG RIVER, CULABA, BILIRAN",11.58923611,124.55591667,Philippines,DOST-ASTI PhilSensors,wlms,CULABA,BILIRAN,8,2014-03-20,True,False
1138,"BRGY. SINGALAT, PALAYAN CITY, Nueva Ecija",15.525897,121.056992,Philippines,DOST-ASTI PhilSensors,wlms,PALAYAN CITY,Nueva Ecija,3,2013-12-08,True,False
2397,"TAGBUANE BRIDGE, ALBURQUERQUE, Bohol",9.60741,123.97428,Philippines,DOST-ASTI PhilSensors,wlms,ALBURQUERQUE,Bohol,7,2017-11-13,True,False
1936,"MOCONG BRIDGE, BASUD, Camarines Norte",14.06466,122.97465,Philippines,DOST-ASTI PhilSensors,wlms,BASUD,Camarines Norte,5,2016-05-18,True,False
2165,"DAGUITAN BRIDGE, DULAG, Leyte",10.937084,125.022658,Philippines,DOST-ASTI PhilSensors,wlms,DULAG,Leyte,8,2017-03-22,True,False
633,"ZAMBOANGUITA BRIDGE, MALAYBALAY, Bukidnon",8.191422,125.299993,Philippines,DOST-ASTI PhilSensors,wlms,MALAYBALAY,Bukidnon,10,2013-07-13,True,False
2033,"BERNARD REED BRIDGE, BRGY. SAINT MICHAEL, PALO, Leyte",11.160906,124.993528,Philippines,DOST-ASTI PhilSensors,wlms,PALO,Leyte,8,2016-11-10,True,False
785,"LUMBAYAO DAM, VALENCIA CITY, Bukidnon",7.94728,125.244429,Philippines,DOST-ASTI PhilSensors,wlms,VALENCIA CITY,Bukidnon,10,2013-07-30,True,False
1282,"TIPULUAN BRIDGE, SIBALOM, Antique",10.788617,122.031633,Philippines,DOST-ASTI PhilSensors,wlms,SIBALOM,Antique,6,2014-04-21,True,False
1273,"CANTURING BRIDGE 1, MAASIN CITY, Southern Leyte",10.13175,124.857183,Philippines,DOST-ASTI PhilSensors,wlms,MAASIN CITY,Southern Leyte,8,2014-03-26,True,False
1291,"SAN LEONARDO BRIDGE, BAMBANG, Nueva Vizcaya",16.38630556,121.0933056,Philippines,DOST-ASTI PhilSensors,wlms,BAMBANG,Nueva Vizcaya,2,2014-04-23,True,False
1252,"STA. CRUZ BRIDGE, KAYAPA, Nueva Vizcaya",16.30944444,120.9586111,Philippines,DOST-ASTI PhilSensors,wlms,KAYAPA,Nueva Vizcaya,2,2014-04-03,True,False
1271,"MARCASA BRIDGE, SAN JUAN, Southern Leyte",10.265923,125.164534,Philippines,DOST-ASTI PhilSensors,wlms,SAN JUAN,Southern Leyte,8,2014-03-26,True,False
703,"MABOLO BRIDGE, NAGA, Camarines Sur",13.615267,123.183267,Philippines,DOST-ASTI PhilSensors,wlms,NAGA,Camarines Sur,5,2013-07-20,True,False
753,"BALATAS BRIDGE, NAGA CITY, Camarines Sur",13.6297,123.21595,Philippines,DOST-ASTI PhilSensors,wlms,NAGA CITY,Camarines Sur,5,2013-07-24,True,False
752,"PADRE GARCIA, NAGA CITY, Camarines Sur",13.63345,123.207083,Philippines,DOST-ASTI PhilSensors,wlms,NAGA CITY,Camarines Sur,5,2013-07-24,True,False
1468,"LUMANGBAYAN BRIDGE, ABRA DE ILOG, Occidental Mindoro",13.45027,120.746257,Philippines,DOST-ASTI PhilSensors,wlms,ABRA DE ILOG,Occidental Mindoro,4-B,2014-06-03,True,False
1908,"KASILAK BRIDGE, PANABO CITY, Davao del Norte",7.337764,125.608486,Philippines,DOST-ASTI PhilSensors,wlms,PANABO CITY,Davao del Norte,11,2016-06-08,True,False
1161,"SAN ROQUE DAM, SAN MANUEL, PANGASINAN",16.15011111,120.6818889,Philippines,DOST-ASTI PhilSensors,wlms,SAN MANUEL,PANGASINAN,1,2014-01-20,True,False
2537,"BISLIG BRIDGE, BISLIG, Agusan del Sur",8.21632,126.3094,Philippines,DOST-ASTI PhilSensors,wlms,BISLIG,Agusan del Sur,13,2009-12-31,True,False
2009,"MARANGLA BRIDGE, Iba Zambales, Zambales",15.38778,119.9557,Philippines,DOST-ASTI PhilSensors,wlms,Iba Zambales,Zambales,3,2016-09-19,True,False
615,"DIPOLO BRIDGE, MOLAVE, Zamboanga del Sur",8.083647,123.49294,Philippines,DOST-ASTI PhilSensors,wlms,MOLAVE,Zamboanga del Sur,9,2013-07-04,True,False
1316,"DIPILI BRIDGE, BAYOG, Zamboanga del Sur",7.85768,123.03266,Philippines,DOST-ASTI PhilSensors,wlms,BAYOG,Zamboanga del Sur,9,2014-05-19,True,False
616,"MABUHAY, MOLAVE, Zamboanga del Sur",8.103517,123.4785,Philippines,DOST-ASTI PhilSensors,wlms,MOLAVE,Zamboanga del Sur,9,2013-07-04,True,False
617,"SALUG DIUT RIVER, MOLAVE, Zamboanga del Sur",8.0984,123.488767,Philippines,DOST-ASTI PhilSensors,wlms,MOLAVE,Zamboanga del Sur,9,2013-07-04,True,False
1733,"SIBUGUEY BRIDGE, IMELDA, Zamboanga Sibugay",7.64718,122.92974,Philippines,DOST-ASTI PhilSensors,wlms,IMELDA,Zamboanga Sibugay,9,2016-01-24,True,False
1275,"SAPINITON BRIDGE, SAN MIGUEL, Leyte",11.3031,124.8294,Philippines,DOST-ASTI PhilSensors,wlms,SAN MIGUEL,Leyte,8,2014-04-06,True,False
2897,"11. BASCO BATANES SLMS, BASCO, Batanes",20.4468579,121.9672409,Philippines,DOST-ASTI PhilSensors,wlms,BASCO,Batanes,2,2022-08-12,True,False
2021,"LOWER TAVIRAN, DATU ODIN SINSUAT MUNICIPALITY, Maguindanao",7.123588,124.31968,Philippines,DOST-ASTI PhilSensors,wlms,DATU ODIN SINSUAT MUNICIPALITY ,Maguindanao,BARMM,2014-08-23,True,False
657,"SIGMA BRIDGE, SIGMA, Capiz",11.4203028,122.6663167,Philippines,DOST-ASTI PhilSensors,wlms,SIGMA,Capiz,6,2013-07-08,True,False
2475,"FIRMWARE 5.0, ASTI TEST, Metro Manila",14.647223,121.071952,Philippines,DOST-ASTI PhilSensors,wlms,ASTI TEST,Metro Manila,NCR,2019-03-01,True,False
2054,"RAGAY BRIDGE, BRGY. IRAYA, RAGAY, Camarines Sur",13.82081,122.79433,Philippines,DOST-ASTI PhilSensors,wlms,RAGAY,Camarines Sur,5,2016-12-05,True,False
814,"MINALABAC BRIDGE, MINALABAC, Camarines Sur",13.56455,123.17965,Philippines,DOST-ASTI PhilSensors,wlms,MINALABAC,Camarines Sur,5,2013-07-26,True,False
766,"MANANGA SRP BRIDGE, TALISAY CITY, Cebu",10.253472,123.834417,Philippines,DOST-ASTI PhilSensors,wlms,TALISAY CITY,Cebu,7,2013-07-28,True,False
272,"ABUNO BRIDGE, ILIGAN CITY, Lanao del Norte",8.182267,124.250468,Philippines,DOST-ASTI PhilSensors,wlms,ILIGAN CITY,Lanao del Norte,10,2012-06-06,True,False
26,"BUNTUN BRIDGE, TUGUEGARAO CITY, Cagayan",17.613809,121.69057,Philippines,DOST-ASTI PhilSensors,wlms,TUGUEGARAO CITY,Cagayan,2,2011-04-19,True,False
2930,"CAGURAY BRIDGE, CAGURAY, MAGSAYSAY, OCCIDENTAL MINDORO",12.3025762,121.1521782,Philippines,DOST-ASTI PhilSensors,wlms,MAGSAYSAY,OCCIDENTAL MINDORO,4-B,2022-12-05,True,False
2754,"9. GUIUAN EASTERN SAMAR SLMS, Ngolos, Guiuan, Eastern Samar",10.992109,125.803202,Philippines,DOST-ASTI PhilSensors,wlms,Guiuan,Eastern Samar,8,2009-12-31,True,False
1543,"LUNAO DIKE, GINGOOG CITY, Misamis Oriental",8.852415,125.063809,Philippines,DOST-ASTI PhilSensors,wlms,GINGOOG CITY,Misamis Oriental,10,2014-10-30,True,False
2182,"BRGY. SAN VICENTE, GUIMBAL, Iloilo",10.6617783,122.3184836,Philippines,DOST-ASTI PhilSensors,wlms,GUIMBAL ,Iloilo,6,2017-04-26,True,False
1357,"AGBALO BRIDGE, PONTEVEDRA, CAPIZ",11.482404,122.832041,Philippines,DOST-ASTI PhilSensors,wlms,PONTEVEDRA,CAPIZ,6,2014-06-09,True,False
3036,"BULACAN WLMS, BULACAN, MALALAG, DAVAO DEL SUR",6.553501,125.420046,Philippines,DOST-ASTI PhilSensors,wlms,MALALAG,DAVAO DEL SUR,11,2023-05-16,True,False
2413,"ERMITANO BRIDGE, SAN JUAN, Metro Manila",14.61225,121.0311944,Philippines,DOST-ASTI PhilSensors,wlms,SAN JUAN ,Metro Manila,NCR,2017-12-21,True,False
1487,"TAPLAN BRIDGE, TAMPAKAN, South Cotabato",6.470362,124.961182,Philippines,DOST-ASTI PhilSensors,wlms,TAMPAKAN,South Cotabato,12,2014-10-21,True,False
669,"JALAUR BRIDGE - PASSI, PASSI, Iloilo",11.103186,122.6408,Philippines,DOST-ASTI PhilSensors,wlms,PASSI,Iloilo,6,2013-07-09,True,False
1419,"CAMANGAHAN BRIDGE, GUIMBAL, Iloilo",10.716458,122.311616,Philippines,DOST-ASTI PhilSensors,wlms,GUIMBAL,Iloilo,6,2014-06-30,True,False
270,"MANDULOG BRIDGE 2, ILIGAN CITY, Lanao del Norte",8.254853,124.26,Philippines,DOST-ASTI PhilSensors,wlms,ILIGAN CITY,Lanao del Norte,10,2012-06-06,True,False
1280,"TIGBAUAN BRIDGE, TIGBAUAN, Iloilo",10.67341,122.37119,Philippines,DOST-ASTI PhilSensors,wlms,TIGBAUAN,Iloilo,6,2014-04-21,True,False
677,"MAAYON BRIDGE, MAAYON, CAPIZ",11.388367,122.781483,Philippines,DOST-ASTI PhilSensors,wlms,MAAYON,CAPIZ,6,2013-07-07,True,False
2977,"WAO BRIDGE, POBLACION, WAO, LANAO DEL SUR",7.633712,124.725652,Philippines,DOST-ASTI PhilSensors,wlms,WAO,LANAO DEL SUR,BARMM,2023-09-19,True,False
303,"DEL MONTE BRIDGE, QUEZON CITY, Metro Manila",14.639747,121.0127,Philippines,DOST-ASTI PhilSensors,wlms,QUEZON CITY,Metro Manila,NCR,2012-10-04,True,False
296,"P. TUAZON, QUEZON CITY, Metro Manila",14.622033,121.065078,Philippines,DOST-ASTI PhilSensors,wlms,QUEZON CITY,Metro Manila,NCR,2015-06-03,True,False
216,"BUENDIA TRASH RAKE, MAKATI CITY, Metro Manila",14.555592,121.000075,Philippines,DOST-ASTI PhilSensors,wlms,MAKATI CITY,Metro Manila,NCR,2011-12-15,True,False
2847,"DINGALAN-GABALDON RD., GABALDON, NUEVA ECIJA",15.501993,121.321551,Philippines,DOST-ASTI PhilSensors,wlms,GABALDON,NUEVA ECIJA,3,2021-11-18,True,False
2386,"ANGAT DAM, SAN LORENZO, NORZAGARAY, BULACAN",14.906957,121.166912,Philippines,DOST-ASTI PhilSensors,wlms,NORZAGARAY,BULACAN,3,2019-10-29,True,False
2735,"SAN RAFAEL BRIDGE, BUSTOS, BULACAN",14.964383,120.929911,Philippines,DOST-ASTI PhilSensors,wlms,BUSTOS,BULACAN,3,2019-11-24,True,False
271,"KABULA BRIDGE, Bukidnon",8.3885389,124.6130917,Philippines,DOST-ASTI PhilSensors,wlms,,Bukidnon,10,2012-05-23,True,False
299,"POLO BRIDGE, VALENZUELA CITY, Metro Manila",14.708953,120.947342,Philippines,DOST-ASTI PhilSensors,wlms,VALENZUELA CITY,Metro Manila,NCR,2014-02-03,True,False
306,"LEVI MARIANO BRIDGE, TAGUIG CITY, Metro Manila",14.531717,121.068733,Philippines,DOST-ASTI PhilSensors,wlms,TAGUIG CITY,Metro Manila,NCR,2012-10-03,True,False
2964,"LABO-LABO II BRIDGE DATU HOFFER, LABO-LABO II, DATU HOFFER, MAGUINDANAO",6.843242,124.452772,Philippines,DOST-ASTI PhilSensors,wlms,DATU HOFFER,MAGUINDANAO,BARMM,2022-10-16,True,False
217,"TRIPA DE GALLINA PS, PASAY CITY, Metro Manila",14.530214,121.001158,Philippines,DOST-ASTI PhilSensors,wlms,PASAY CITY,Metro Manila,NCR,2012-01-18,True,False
192,"AGUHO BRIDGE, PATEROS, Metro Manila",14.541714,121.062447,Philippines,DOST-ASTI PhilSensors,wlms,PATEROS,Metro Manila,NCR,2014-05-14,True,False
1859,"LABO BRIDGE, MISAMIS OCCIDENTAL, MISAMIS OCCIDENTAL",8.18118,123.8259,Philippines,DOST-ASTI PhilSensors,wlms,MISAMIS OCCIDENTAL,MISAMIS OCCIDENTAL,10,2016-04-27,True,False
2959,"RUPAGAN BRIDGE, RUPAGAN, BACOLOD, LANAO DEL NORTE",8.184859,124.063716,Philippines,DOST-ASTI PhilSensors,wlms,BACOLOD,LANAO DEL NORTE,10,2023-02-08,True,False
2742,"BUSTOS DAM, BRGY. TIBAGAN, BUSTOS, BULACAN",14.955076,120.95335,Philippines,DOST-ASTI PhilSensors,wlms,BUSTOS,BULACAN,3,2019-12-08,True,False
300,"TULLAHAN COMMONWEALTH, QUEZON CITY, Metro Manila",14.706278,121.066628,Philippines,DOST-ASTI PhilSensors,wlms,QUEZON CITY,Metro Manila,NCR,2012-09-26,True,False
307,"BAMBANG, STA ANA, TAGUIG CITY, Metro Manila",14.525933,121.073564,Philippines,DOST-ASTI PhilSensors,wlms,TAGUIG CITY,Metro Manila,NCR,2012-10-04,True,False
2737,"STA. LUCIA BRIDGE, STA. LUCIA, ANGAT, BULACAN",14.939806,121.022525,Philippines,DOST-ASTI PhilSensors,wlms,ANGAT,BULACAN,3,2019-11-24,True,False
321,"SANTOLAN PUMPING STATION, MALABON CITY, Metro Manila",14.675461,120.964397,Philippines,DOST-ASTI PhilSensors,wlms,MALABON CITY,Metro Manila,NCR,2014-12-04,True,False
2736,"STO. CRISTO BRIDGE, STO. CRISTO, PULILAN, BULACAN",14.89217,120.8744,Philippines,DOST-ASTI PhilSensors,wlms,PULILAN,BULACAN,3,2019-11-24,True,False
324,"LAWA BRIDGE, MEYCAUAYAN, Bulacan",14.737937,120.973239,Philippines,DOST-ASTI PhilSensors,wlms,MEYCAUAYAN,Bulacan,3,2012-05-29,True,False
211,"ROSARIO LS, PASIG CITY, Metro Manila",14.598702,121.0897,Philippines,DOST-ASTI PhilSensors,wlms,PASIG CITY,Metro Manila,NCR,2015-03-17,True,False
269,"ILUGIN PUMPING STATION, PASIG CITY, Metro Manila",14.554408,121.092933,Philippines,DOST-ASTI PhilSensors,wlms,PASIG CITY,Metro Manila,NCR,2012-05-30,True,False
302,"TULLAHAN QUIRINO HIGHWAY, QUEZON CITY, Metro Manila",14.718567,121.039961,Philippines,DOST-ASTI PhilSensors,wlms,QUEZON CITY,Metro Manila,NCR,2012-09-26,True,False
266,"AURORA BRIDGE, QUEZON CITY, Metro Manila",14.608744,121.022022,Philippines,DOST-ASTI PhilSensors,wlms,QUEZON CITY,Metro Manila,NCR,2012-07-25,True,False
209,"TUMANA, MARIKINA CITY, Metro Manila",14.656344,121.096519,Philippines,DOST-ASTI PhilSensors,wlms,MARIKINA CITY,Metro Manila,NCR,2010-10-28,True,False
3151,"PILAN BRIDGE, PILAN BRIDGE, SANTA CRUZ, DAVAO DEL SUR",6.83733241681354,125.40762865396982,Philippines,DOST-ASTI PhilSensors,wlms,SANTA CRUZ,DAVAO DEL SUR,11,2025-01-08,True,False
264,"G ARANETA, QUEZON CITY, Metro Manila",14.60434,121.020103,Philippines,DOST-ASTI PhilSensors,wlms,QUEZON CITY,Metro Manila,NCR,2012-05-28,True,False
267,"QUEZON AVE. BRIDGE, QUEZON CITY, Metro Manila",14.629816,121.0151,Philippines,DOST-ASTI PhilSensors,wlms,QUEZON CITY,Metro Manila,NCR,2012-05-29,True,False
2738,"NLEX PULILAN, BRGY. TIBAG, PULILAN, BULACAN",14.903231,120.821744,Philippines,DOST-ASTI PhilSensors,wlms,PULILAN,BULACAN,3,2019-11-27,True,False
3154,"CAWAYAN BRIDGE, SAN ISIDRO, MANIKLING, SAN ISIDRO, DAVAO ORIENTAL",6.877002,126.086601,Philippines,DOST-ASTI PhilSensors,wlms,SAN ISIDRO,DAVAO ORIENTAL,11,2025-02-06,True,False
208,"STO. NINO - ASTI, MARIKINA CITY, Metro Manila",14.635894,121.093108,Philippines,DOST-ASTI PhilSensors,wlms,MARIKINA CITY,Metro Manila,NCR,2012-04-25,True,False
2779,"LOURDES BRIDGE, LOURDES, ALUBIJID, Misamis Oriental",8.5231475,124.4379155,Philippines,DOST-ASTI PhilSensors,wlms,ALUBIJID,Misamis Oriental,10,2020-03-03,True,False
3160,"PANLIBATUHAN BRIDGE, VALENCIA, VALENCIA CITY, BUKIDNON",7.9136484266249765,125.09265131349244,Philippines,DOST-ASTI PhilSensors,wlms,VALENCIA CITY,BUKIDNON,10,2025-02-21,True,False
3030,"CURVA BRIDGE, CURVA, CUYAPO, NUEVA ECIJA",15.78455,120.683334,Philippines,DOST-ASTI PhilSensors,wlms,CUYAPO,NUEVA ECIJA,3,2023-04-19,True,False
3093,"DININGGASAN BRIDGE, LOOC, CATARMAN, CAMIGUIN",9.131731,124.667199,Philippines,DOST-ASTI PhilSensors,wlms,CATARMAN,CAMIGUIN,10,2024-01-28,True,False
3165,"BUNCALALAN BRIDGE, TAPUROK, OPOL, MISAMIS ORIENTAL",8.48193,124.57295,Philippines,DOST-ASTI PhilSensors,wlms,OPOL,MISAMIS ORIENTAL,10,2025-03-01,True,False
3271,"SAGINGAN BRIDGE, ABUCAYAN NORTE, CALAPE, BOHOL",9.913818,123.913627,Philippines,DOST-ASTI PhilSensors,wlms,CALAPE,BOHOL,7,2025-12-01,True,False
3056,"LUMAD BRIDGE, POBLACION, MAMBAJAO, CAMIGUIN",9.250209,124.707847,Philippines,DOST-ASTI PhilSensors,wlms,MAMBAJAO,CAMIGUIN,10,2023-08-25,True,False
3280,"MALINGON BRIDGE, BAGONG TAAS VALENCIA, MALINGON BAGONG TAAS VALENCIA, VALENCIA, BUKIDNON",7.949582,125.093011,Philippines,DOST-ASTI PhilSensors,wlms,VALENCIA,BUKIDNON,10,2026-03-03,True,False
3272,"SITIO LIBORON BRIDGE, LIBORON, CALAPE, BOHOL",9.886507,123.859439,Philippines,DOST-ASTI PhilSensors,wlms,CALAPE,BOHOL,7,2025-12-01,True,False
3107,"BALANTI BRIDGE, BRGY. BALANTI, TARLAC CITY, TARLAC",15.466778,120.553444,Philippines,DOST-ASTI PhilSensors,wlms,TARLAC CITY,TARLAC,3,2024-05-01,True,False
3063,"TITUNOD BRIDGE, TITUNOD, KOLAMBUGAN, LANAO DEL NORTE",8.1018659,123.8759934,Philippines,DOST-ASTI PhilSensors,wlms,KOLAMBUGAN,LANAO DEL NORTE,10,2023-08-30,True,False
3222,"SALVADOR BRIDGE, POBLACION, SALVADOR, LANAO DEL NORTE",7.900175,123.847552,Philippines,DOST-ASTI PhilSensors,wlms,SALVADOR,LANAO DEL NORTE,10,2025-10-06,True,False
2961,"LIANGAN BRIDGE, LIANGAN EAST, BACOLOD, LANAO DEL NORTE",8.17579,123.987616,Philippines,DOST-ASTI PhilSensors,wlms,BACOLOD,LANAO DEL NORTE,10,2023-02-04,True,False
3062,"KOLAMBUGAN BRIDGE, CENTRO, KOLAMBUGAN, LANAO DEL NORTE",8.1166807,123.9037596,Philippines,DOST-ASTI PhilSensors,wlms,KOLAMBUGAN,LANAO DEL NORTE,10,2023-08-30,True,False
3100,"18. SIPALAY NEGROS OCCIDENTAL SLMS, Maricalum, Sipalay City, Negros Occidental",9.69807,122.40541,Philippines,DOST-ASTI PhilSensors,wlms,Sipalay City,Negros Occidental,6,2024-03-21,True,False
3265,"MAHATAO BATANES SLMS (BASCO), Hañib, Mahatao, Batanes",20.421,121.946,Philippines,DOST-ASTI PhilSensors,wlms,Mahatao,Batanes,2,2025-11-25,True,False
3202,"CMU GOAT FARM, DOLOGON, MARAMAG, BUKIDNON",7.86951,125.04783,Philippines,DOST-ASTI PhilSensors,wlms,MARAMAG,BUKIDNON,10,2025-08-14,True,False
3295,"CARPOK BRIDGE,LAPUYAN ZAMBOANGA DEL SUR, BRGY.CARPOK LAPUYAN ZAMBOANGA DEL SUR, LAPUYAN, LAPUYAN ZAMBOANGA DEL SUR",7.67608,123.205017,Philippines,DOST-ASTI PhilSensors,wlms,LAPUYAN,LAPUYAN ZAMBOANGA DEL SUR,9,2026-06-10,True,False
3293,"PUROK TUBO LAPUYAN ZAMBOANGA DEL SUR, TUBO LAPUYAN ZAMBOANGA DEL SUR, LAPUYAN, LAPUYAN ZAMBOANGA DEL SUR",7.631067,123.200943,Philippines,DOST-ASTI PhilSensors,wlms,LAPUYAN,LAPUYAN ZAMBOANGA DEL SUR,9,2026-06-10,True,False
3292,"PUROK ISLAM,POBLACION LAPUYAN, PUROK ISLAM POBLACION LAPUYAN ZAMBOANGA DEL SUR, LAPUYAN, LAPUYAN ZAMBOANGA DEL SUR",7.6313658,123.1913314,Philippines,DOST-ASTI PhilSensors,wlms,LAPUYAN,LAPUYAN ZAMBOANGA DEL SUR,9,2026-06-10,True,False
2778,"8. ANINI-Y ANTIQUE SLMS, San Roque, Anini-y, Antique",10.4069444,121.963056,Philippines,DOST-ASTI PhilSensors,wlms,Anini-y,Antique,6,2013-11-30,True,False
2925,"14. CULASI ANTIQUE SLMS, Lipata, Culasi, Antique",11.46942,122.05641,Philippines,DOST-ASTI PhilSensors,wlms,Culasi,Antique,6,2022-11-06,True,False
2969,"DELTA II SULTAN KUDARAT, UNGAP, SULTAN KUDARAT, MAGUINDANAO",7.222484,124.267258,Philippines,DOST-ASTI PhilSensors,wlms,SULTAN KUDARAT,MAGUINDANAO,BARMM,2022-12-01,True,False
2274,"3. LUBANG OCCIDENTAL MINDORO SLMS, Tilik, LUBANG, Occidental Mindoro",13.81847,120.20219,Philippines,DOST-ASTI PhilSensors,wlms,LUBANG,Occidental Mindoro,4-B,2013-02-12,True,False
3278,"DAGUMBAAN BRIDGE, MARAMAG, BUKIDNON",7.861227,124.927669,Philippines,DOST-ASTI PhilSensors,wlms,MARAMAG,BUKIDNON,10,2026-02-24,True,False
2927,"13. BORONGAN CITY EASTERN SAMAR SLMS, Borongan City, Eastern Samar",11.60976,125.44542,Philippines,DOST-ASTI PhilSensors,wlms,Borongan City,Eastern Samar,8,2022-11-10,True,False
3342,"SAGAYAN RIVER, PUROK-KINURA, KALILANGAN, BUKIDNON",7.455341,124.45444,Philippines,DOST-ASTI PhilSensors,wlms,KALILANGAN,BUKIDNON,10,2026-08-25,True,False
3091,"17. MAASIM SARANGANI SLMS, Kablacan, Maasim, Sarangani",5.858398,124.964429,Philippines,DOST-ASTI PhilSensors,wlms,Maasim,Sarangani,12,2023-12-25,True,False
3220,"PUROK 19A, DOLOGON, MARAMAG, BUKIDNON",7.8525,125.063748,Philippines,DOST-ASTI PhilSensors,wlms,MARAMAG,BUKIDNON,10,2025-10-01,True,False
3267,"BARANGAY 3, 3, LAUREL, BATANGAS",14.047001,120.931811,Philippines,DOST-ASTI PhilSensors,wlms,LAUREL,BATANGAS,4-A,2025-11-26,True,False
3147,"20. NASUGBU BATANGAS SLMS, Papaya, Nasugbu, Batangas",14.1764308,120.6056774,Philippines,DOST-ASTI PhilSensors,wlms,Nasugbu,Batangas,4-A,2024-12-05,True,False
3270,"ADIA BRIDGE, ADIA, AGONCILLO, BATANGAS",13.9435,120.9308,Philippines,DOST-ASTI PhilSensors,wlms,AGONCILLO,BATANGAS,4-A,2025-11-26,True,False
3104,"BANGOT BRIDGE, Brgy. Sta. Lucia, CAPAS, Tarlac",15.368648,120.488426,Philippines,DOST-ASTI PhilSensors,wlms,CAPAS,Tarlac,3,2024-05-01,True,False
3341,"31. TERNATE CAVITE SLMS, Caylabne Resort, Brgy. Sapang Uno, Ternate, Cavite",14.275417,120.644616,Philippines,DOST-ASTI PhilSensors,wlms,Ternate,Cavite,4-A,2026-08-11,True,False
3315,"PANTALAN BRIGDE NASUGBU, PANTALAN, NASUGBU, BATANGAS",14.088351,120.630051,Philippines,DOST-ASTI PhilSensors,wlms,NASUGBU,BATANGAS,4-A,2026-07-13,True,False
418,"TUMAUINI-DELFIN ALBANO BRIDGE, TUMAUINI, Isabela",17.2691273,121.7997048,Philippines,DOST-ASTI PhilSensors,wlms,TUMAUINI,Isabela,2,2013-05-29,True,False
2972,"TALAYAN BRIDGE, TAMBUNAN I, TALAYAN, MAGUINDANAO",6.978577,124.383952,Philippines,DOST-ASTI PhilSensors,wlms,TALAYAN,MAGUINDANAO,BARMM,2022-12-02,True,False
3106,"BUENO O'DONELL BRIDGE, Brgy. Bueno, CAPAS, TARLAC",15.35809,120.444874,Philippines,DOST-ASTI PhilSensors,wlms,CAPAS,TARLAC,3,2024-05-01,True,False
2893,"SADJAP BRIDGE, BALILI, LA TRINIDAD, BENGUET",16.43331,120.59743,Philippines,DOST-ASTI PhilSensors,wlms,LA TRINIDAD,BENGUET,CAR,2022-08-09,True,False
2892,"FERGUSON BRIDGE, GUISAD CENTRAL, BAGUIO CITY, BENGUET",16.42343,120.58983,Philippines,DOST-ASTI PhilSensors,wlms,BAGUIO CITY,BENGUET,CAR,2022-08-09,True,False
2896,"CAMP 7, CAMP 7, BAGUIO CITY, BENGUET",16.38807,120.60393,Philippines,DOST-ASTI PhilSensors,wlms,BAGUIO CITY,BENGUET,CAR,2022-08-09,True,False
3103,"BARANGOBONG BRIDGE, RANG-AYAN, PANIQUI, TARLAC",15.659432,120.530619,Philippines,DOST-ASTI PhilSensors,wlms,PANIQUI,TARLAC,3,2024-04-30,True,False
3102,"SAN ISIDRO BRIDGE, Brgy. San Isidro, PANIQUI, TARLAC",15.703347,120.58029,Philippines,DOST-ASTI PhilSensors,wlms,PANIQUI,TARLAC,3,2024-04-30,True,False
3105,"CAMILING BRIDGE, Brgy. Surgui, CAMILING, Tarlac",15.689194,120.418111,Philippines,DOST-ASTI PhilSensors,wlms,CAMILING,Tarlac,3,2024-05-01,True,False
2765,"6. JOSE PANGANIBAN CAMARINES NORTE SLMS, Jose Panganiban, Camarines Norte",14.352947,122.640187,Philippines,DOST-ASTI PhilSensors,wlms,Jose Panganiban,Camarines Norte,5,2013-10-12,True,False
2292,"4. SUBIC ZAMBALES SLMS, SUBIC, Zambales",14.75022,120.18847,Philippines,DOST-ASTI PhilSensors,wlms,SUBIC,Zambales,3,2013-10-17,True,False
3051,"15. HINATUAN SURIGAO DEL SUR SLMS, Tidman, Hinatuan, Surigao Del Sur",8.298,126.39617,Philippines,DOST-ASTI PhilSensors,wlms,Hinatuan,Surigao Del Sur,13,2023-07-22,True,False
3129,"19. DAPA SURIGAO DEL NORTE SLMS, Port of Dapa, Dapa, Surigao Del Norte",9.75556,126.0499,Philippines,DOST-ASTI PhilSensors,wlms,Dapa,Surigao Del Norte,13,2024-09-10,True,False
3261,"VIRAC CATANDUANES SLMS, VIRAC, CATANDUANES",13.581882,124.234312,Philippines,DOST-ASTI PhilSensors,wlms,VIRAC,CATANDUANES,5,2025-10-23,True,False
3236,"27. LAWAAN EASTERN SAMAR SLMS, Brgy. 2 Poblacion, Lawaan, Eastern Samar",11.13715,125.29894,Philippines,DOST-ASTI PhilSensors,wlms,Lawaan,Eastern Samar,8,2025-11-16,True,False
3237,"24. APARRI CAGAYAN SLMS, Mabini, Minanga, Aparri, CAGAYAN",18.35371,121.63493,Philippines,DOST-ASTI PhilSensors,wlms,Aparri,CAGAYAN,2,2025-11-16,True,False
3283,"KIAMBA, SARANGANI SLMS, Poblacion, Kiamba, Sarangani",5.98566,124.62609,Philippines,DOST-ASTI PhilSensors,wlms,Kiamba,Sarangani,12,2026-05-04,True,False
2261,"10. PRIETO DIAZ SORSOGON SLMS, Diamante, Prieto Diaz, Sorsogon",13.03607,124.201865,Philippines,DOST-ASTI PhilSensors,wlms,Prieto Diaz,Sorsogon,5,2021-09-14,True,False
3090,"16. ZAMBOANGA CITY SLMS, Zamboanga City",6.90437,122.06858,Philippines,DOST-ASTI PhilSensors,wlms,Zamboanga City ,,9,2023-12-11,True,False
3199,"21. BALER AURORA SLMS, Zabali, Baler, Aurora",15.7573,121.58904,Philippines,DOST-ASTI PhilSensors,wlms,Baler,Aurora,3,2025-08-04,True,False
3266,"SAN FERNANDO LA UNION SLMS, Poro point, San Fernando City, La Union",16.61027,120.294766,Philippines,DOST-ASTI PhilSensors,wlms,San Fernando City,La Union,1,2025-12-02,True,False
2758,"5. BISLIG CITY SURIGAO DEL SUR SLMS, Bislig City, Surigao Del Sur",8.23785,126.43166,Philippines,DOST-ASTI PhilSensors,wlms,Bislig City,Surigao Del Sur,13,2013-05-31,True,False
3219,"22. TANDAG CITY SURIGAO DEL SUR SLMS, Tandag City, Surigao Del Sur",9.08507,126.19708,Philippines,DOST-ASTI PhilSensors,wlms,Tandag City,Surigao Del Sur,13,2025-09-29,True,False
2255,"1. BOLINAO PANGASINAN SLMS, Bolinao School of Fisheries, Brgy. Arnedo, Bolinao, Pangasinan",16.394165,119.881229,Philippines,DOST-ASTI PhilSensors,wlms,Bolinao,Pangasinan,1,2012-09-19,True,False
3264,"26. KALAMANSIG SULTAN KUDARAT SLMS, Kalamansig, Sultan Kudarat",6.55213,124.04381,Philippines,DOST-ASTI PhilSensors,wlms,Kalamansig,Sultan Kudarat,12,2025-11-14,True,False
2272,"2.CORREGIDOR ISLAND SLMS, Cavite",14.383397,120.589134,Philippines,DOST-ASTI PhilSensors,wlms,,Cavite,4-A,2013-01-22,True,False
3263,"25. MATI CITY DAVAO ORIENTAL SLMS, Central, City of Mati, Davao Oriental",6.94857,126.21864,Philippines,DOST-ASTI PhilSensors,wlms,City of Mati,Davao Oriental,11,2025-11-10,True,False
2895,"EAGLE CREST, BAKAKENG, BAGUIO CITY, BENGUET",16.38333,120.58912,Philippines,DOST-ASTI PhilSensors,wlms,BAGUIO CITY,BENGUET,CAR,2022-08-09,True,False
207,"BARANGAY SIMATA, MOLAVE, Zamboanga del Sur",8.083333,123.483333,Philippines,DOST-ASTI PhilSensors,arg,MOLAVE,Zamboanga del Sur,9,2013-01-13,False,True
106,"DOST REGIONAL OFFICE VI, LA PAZ, Iloilo",10.72015,122.562106,Philippines,DOST-ASTI PhilSensors,arg,LA PAZ,Iloilo,6,2011-08-10,False,True
545,"LUNOY, KANANGA, Leyte",12.3675,124.559444,Philippines,DOST-ASTI PhilSensors,arg,KANANGA,Leyte,8,2013-07-10,False,True
31,"SANGLEY POINT, CAVITE CITY, Cavite",14.494444,120.899222,Philippines,DOST-ASTI PhilSensors,arg,CAVITE CITY,Cavite,4-A,2012-12-31,False,True
1001,"ASTI ROOFTOP, ASTI",14.650859,121.054533,Philippines,DOST-ASTI PhilSensors,arg,,ASTI,NCR,2014-02-06,False,True
1589,"GLAN, GLAN, Sarangani",5.82165,125.2046,Philippines,DOST-ASTI PhilSensors,arg,GLAN,Sarangani,12,2014-09-24,False,True
199,"BAYABAS, BAYABAS, Bulacan",14.9484975,121.0839589,Philippines,DOST-ASTI PhilSensors,arg,BAYABAS,Bulacan,3,2013-03-18,False,True
507,"STO. TOMAS, STO. TOMAS, Pangasinan",15.886944,120.590028,Philippines,DOST-ASTI PhilSensors,arg,STO. TOMAS,Pangasinan,1,2013-06-23,False,True
1601,"PRES. QUIRINO, PRES. QUIRINO, Sultan Kudarat",6.69893359,124.73000161,Philippines,DOST-ASTI PhilSensors,arg,PRES. QUIRINO,Sultan Kudarat,12,2014-12-17,False,True
837,"BRGY. DANLIG, DUMARAN, PALAWAN",10.5452,119.654,Philippines,DOST-ASTI PhilSensors,arg,DUMARAN,PALAWAN,4-B,2013-08-08,False,True
1504,"BRGY. PAGSANGAHAN, SAN MIGUEL, Catanduanes",13.7255,124.27245,Philippines,DOST-ASTI PhilSensors,arg,SAN MIGUEL,Catanduanes,5,2014-08-10,False,True
1423,"COLUMBIO, COLUMBIO, Sultan Kudarat",6.68485,124.961296,Philippines,DOST-ASTI PhilSensors,arg,COLUMBIO,Sultan Kudarat,12,2014-07-02,False,True
1097,"BAYANAN ELEMENTARY SCHOOL, BACO, Oriental Mindoro",13.335817,121.044733,Philippines,DOST-ASTI PhilSensors,arg,BACO,Oriental Mindoro,4-B,2013-10-04,False,True
608,"DON MATEO, VERUELA, Agusan del Sur",8.06762,125.905236,Philippines,DOST-ASTI PhilSensors,arg,VERUELA,Agusan del Sur,13,2013-07-11,False,True
730,"CATEEL, CATEEL, Davao Oriental",7.79103,126.448292,Philippines,DOST-ASTI PhilSensors,arg,CATEEL,Davao Oriental,11,2013-07-09,False,True
587,"DESAMPARADOS, TALACOGON, Agusan del Sur",8.33728,125.79475,Philippines,DOST-ASTI PhilSensors,arg,TALACOGON,Agusan del Sur,13,2014-01-18,False,True
1617,"SAN VICENTE MUNICIPAL GROUND, SAN VICENTE, Northern Samar",12.272931,124.099489,Philippines,DOST-ASTI PhilSensors,arg,SAN VICENTE,Northern Samar,8,2013-07-08,False,True
1074,"SINUZA, TUDELA, Misamis Occidental",8.258291,123.75338,Philippines,DOST-ASTI PhilSensors,arg,TUDELA,Misamis Occidental,10,2013-11-28,False,True
1391,"CAGANAYAN, TINEG, Abra",17.818687,120.80398,Philippines,DOST-ASTI PhilSensors,arg,TINEG,Abra,CAR,2014-06-24,False,True
1577,"CARMEN, CARMEN, Surigao del Norte",9.13778,126.010491,Philippines,DOST-ASTI PhilSensors,arg,CARMEN,Surigao del Norte,13,2014-12-08,False,True
1517,"LOGON NATIONAL HIGH SCHOOL, DAANBANTAYAN, Cebu",11.240802,124.030957,Philippines,DOST-ASTI PhilSensors,arg,DAANBANTAYAN,Cebu,7,2014-09-03,False,True
1662,"MAPANAS MUNICIPAL RURAL HEALTH GROUNDS, MAPANAS, Northern Samar",12.479782,125.254513,Philippines,DOST-ASTI PhilSensors,arg,MAPANAS,Northern Samar,8,2015-09-08,False,True
165,"SAN FERNANDO, SIBUYAN ISLAND, Romblon",12.30467,122.60143,Philippines,DOST-ASTI PhilSensors,arg,SIBUYAN ISLAND,Romblon,4-B,2011-09-14,False,True
254,"PSTC TAWI-TAWI, BONGAO, Tawi-tawi",5.018838,119.754264,Philippines,DOST-ASTI PhilSensors,arg,BONGAO,Tawi-tawi,BARMM,2012-11-17,False,True
65,"DOST REGIONAL OFFICE, LA TRINIDAD, Benguet",16.461011,120.588453,Philippines,DOST-ASTI PhilSensors,arg,LA TRINIDAD,Benguet,CAR,2012-12-31,False,True
1502,"HACIENDA INTAL NATL HIGH SCHOOL, Baggao, Cagayan",17.88516,121.91207,Philippines,DOST-ASTI PhilSensors,arg,Baggao,Cagayan,2,2014-08-05,False,True
1481,"LGU PIAT COMMERCIAL BUILDING, PIAT, CAGAYAN",17.78738,121.47988,Philippines,DOST-ASTI PhilSensors,arg,PIAT,CAGAYAN,2,2014-07-29,False,True
1498,"PNP BUILDING, GATTARAN, CAGAYAN",18.06182,121.6457,Philippines,DOST-ASTI PhilSensors,arg,GATTARAN,CAGAYAN,2,2014-08-04,False,True
132,"ISULAN, ISULAN, Sultan Kudarat",6.645864,124.6095,Philippines,DOST-ASTI PhilSensors,arg,ISULAN,Sultan Kudarat,12,2012-05-31,False,True
1144,"UP NHRC, UP NHRC, Ifugao",16.789883,121.071383,Philippines,DOST-ASTI PhilSensors,arg,UP NHRC,Ifugao,CAR,2014-01-01,False,True
661,"NORTHVILLE DAY CARE CENTER, SAN FERNANDO, Pampanga",15.089856,120.652817,Philippines,DOST-ASTI PhilSensors,arg,SAN FERNANDO,Pampanga,3,2013-07-09,False,True
750,"PLAZA BURGOS, GUAGUA, Pampanga",14.965005,120.633527,Philippines,DOST-ASTI PhilSensors,arg,GUAGUA,Pampanga,3,2013-07-23,False,True
729,"CARAGA, CARAGA, Davao Oriental",7.328405,126.565397,Philippines,DOST-ASTI PhilSensors,arg,CARAGA,Davao Oriental,11,2013-08-04,False,True
1072,"MASLOG, MASLOG, EASTERN SAMAR",12.15728,125.24758,Philippines,DOST-ASTI PhilSensors,arg,MASLOG,EASTERN SAMAR,8,2013-11-24,False,True
1863,"BAGACAY, PALAPAG, Northern Samar",12.499669,125.147228,Philippines,DOST-ASTI PhilSensors,arg,PALAPAG,Northern Samar,8,2016-05-14,False,True
486,"LOBO, LOBO, Batangas",13.68764,121.2093,Philippines,DOST-ASTI PhilSensors,arg,LOBO,Batangas,4-A,2013-06-10,False,True
973,"MAYURO MULTI- PURPOSE BLDG., Rosario, Batangas",13.79487,121.26296,Philippines,DOST-ASTI PhilSensors,arg,Rosario,Batangas,4-A,2013-10-21,False,True
1614,"LAPINIG MUNICIPAL GROUND, LAPINIG, Northern Samar",12.317794,125.315361,Philippines,DOST-ASTI PhilSensors,arg,LAPINIG,Northern Samar,8,2015-04-13,False,True
1915,"SITIO MAHO, BRGY. ARAGON, CATEEL, Compostela Valley",7.455778,126.21166,Philippines,DOST-ASTI PhilSensors,arg,CATEEL,Compostela Valley,11,2016-06-13,False,True
214,"E. QUINTOS STREET, SAMPALOC, Metro Manila",14.6166,120.99409,Philippines,DOST-ASTI PhilSensors,arg,SAMPALOC,Metro Manila,NCR,2012-12-31,False,True
1323,"BRGY. DALAON, MOLAVE, Zamboanga del Sur",8.001642,123.008678,Philippines,DOST-ASTI PhilSensors,arg,MOLAVE,Zamboanga del Sur,9,2014-05-27,False,True
1449,"MANGANON, MONKAYO, Compostela Valley",7.823864,126.120651,Philippines,DOST-ASTI PhilSensors,arg,MONKAYO,Compostela Valley,11,2014-07-27,False,True
822,"DAMPALIT ELEMENTARY SCHOOL, MALABON CITY, Metro Manila",14.69623,120.93114,Philippines,DOST-ASTI PhilSensors,arg,MALABON CITY,Metro Manila,NCR,2013-08-05,False,True
1095,"STA. CATALINA ELEMENTARY SCHOOL ANNEX, ATIMONAN, QUEZON",14.01159,121.79938,Philippines,DOST-ASTI PhilSensors,arg,ATIMONAN,QUEZON,4-A,2013-06-24,False,True
1500,"BALLESTEROS MUNICIPAL HALL, BALLESTEROS, CAGAYAN",18.40993,121.51494,Philippines,DOST-ASTI PhilSensors,arg,BALLESTEROS,CAGAYAN,2,2014-08-04,False,True
1763,"BRGY. TALUSTUSAN, NAVAL, Biliran",11.60383,124.429,Philippines,DOST-ASTI PhilSensors,arg,NAVAL,Biliran,8,2016-04-03,False,True
1878,"BRGY. KAPATAGAN, ISABELA CITY, BASILAN",6.61435,121.998517,Philippines,DOST-ASTI PhilSensors,arg,ISABELA CITY,BASILAN,9,2016-05-30,False,True
109,"CATAMBOAN, LAZI, Siquijor",9.129497,123.636092,Philippines,DOST-ASTI PhilSensors,arg,LAZI,Siquijor,7,2011-12-07,False,True
1573,"MAT-I NATIONAL HIGH SCHOOL, SURIGAO CITY, Surigao del Sur",9.718792,125.478371,Philippines,DOST-ASTI PhilSensors,arg,SURIGAO CITY,Surigao del Sur,13,2014-11-19,False,True
1536,"LAVEZARES MUNICIPAL GROUNDS, LAVEZARES, Northern Samar",12.534722,124.330278,Philippines,DOST-ASTI PhilSensors,arg,LAVEZARES,Northern Samar,8,2014-10-23,False,True
96,"SAN FERNANDO AIRPORT-IDP, SAN FERNANDO CITY, La Union",16.59677,120.306041,Philippines,DOST-ASTI PhilSensors,arg,SAN FERNANDO CITY,La Union,1,2011-08-14,False,True
19,"TANGUB, BACOLOD CITY, NEGROS OCCIDENTAL",10.6413,122.924,Philippines,DOST-ASTI PhilSensors,arg,BACOLOD CITY,NEGROS OCCIDENTAL,6,2011-02-07,False,True
1616,"SAN ANTONIO MUNICIPAL BUILDING, SAN ANTONIO, Northern Samar",12.413222,124.279111,Philippines,DOST-ASTI PhilSensors,arg,SAN ANTONIO,Northern Samar,8,2014-11-12,False,True
1566,"CARMEN MUNICIPAL HALL, CARMEN, Agusan del Norte",8.990048,125.2957,Philippines,DOST-ASTI PhilSensors,arg,CARMEN,Agusan del Norte,13,2014-11-30,False,True
569,"STA MARIA ELEM SCHOOL, STA MARIA, TRENTO, Agusan del Sur",8.01986,126.1593,Philippines,DOST-ASTI PhilSensors,arg,"STA MARIA, TRENTO",Agusan del Sur,13,2013-07-18,False,True
2046,"LUPANG PANGAKO, BRGY. SAN AGUSTIN, Iba, Zambales",15.405278,119.992778,Philippines,DOST-ASTI PhilSensors,arg,Iba,Zambales,3,2016-11-27,False,True
654,"AGOO CIVIC CENTER, AGOO, LA UNION",16.3229,120.366867,Philippines,DOST-ASTI PhilSensors,arg,AGOO,LA UNION,1,2013-07-11,False,True
127,"KAPATAGAN, KAPATAGAN, Lanao del Norte",7.913889,123.768333,Philippines,DOST-ASTI PhilSensors,arg,KAPATAGAN,Lanao del Norte,10,2011-09-13,False,True
2024,"BRGY. HALL ALEGRIA, ALABEL, Sarangani",6.15394,125.28912,Philippines,DOST-ASTI PhilSensors,arg,ALABEL,Sarangani,12,2016-10-26,False,True
1535,"ALLEN BUS TERMINAL, ALLEN, Northern Samar",12.502447,124.288322,Philippines,DOST-ASTI PhilSensors,arg,ALLEN,Northern Samar,8,2014-10-23,False,True
1797,"BRGY. APARICIO, IBAJAY, Aklan",11.6937966,122.1885279,Philippines,DOST-ASTI PhilSensors,arg,IBAJAY,Aklan,6,2015-12-10,False,True
1597,"DIATA ELEMENTARY SCHOOL, BRGY. BASAG, T'BOLI, South Cotabato",6.14415,124.97958,Philippines,DOST-ASTI PhilSensors,arg,T'BOLI,South Cotabato,12,2016-08-31,False,True
1463,"LUBANG ORGANIC FERTILIZER PLANT, LUBANG, Occidental Mindoro",13.806093,120.115837,Philippines,DOST-ASTI PhilSensors,arg,LUBANG,Occidental Mindoro,4-B,2014-06-13,False,True
1880,"BRGY. KAPAYAWAN, ISABELA CITY, BASILAN, Isabela City",6.6094,121.952217,Philippines,DOST-ASTI PhilSensors,arg,"ISABELA CITY, BASILAN",Isabela City,9,2016-05-31,False,True
2105,"BAGONG SILANG ELEMENTARY SCHOOL, GEN SANTOS, General Santos City",6.068785,125.066349,Philippines,DOST-ASTI PhilSensors,arg,GEN SANTOS,General Santos City,12,2017-02-09,False,True
823,"BRGY. BUCAYAO, CALAPAN CITY, Oriental Mindoro",13.306944,121.188889,Philippines,DOST-ASTI PhilSensors,arg,CALAPAN CITY,Oriental Mindoro,4-B,2013-08-06,False,True
845,"BRGY. NASUCOB, BULALACAO, ORIENTAL MINDORO",12.378699,121.348433,Philippines,DOST-ASTI PhilSensors,arg,BULALACAO,ORIENTAL MINDORO,4-B,2013-08-12,False,True
734,"BISU-COGTONG CANDIJAY CAMPUS, CANDIJAY, Bohol",9.83972222,124.53,Philippines,DOST-ASTI PhilSensors,arg,CANDIJAY,Bohol,7,2013-07-18,False,True
1758,"SINDALAN BARANGAY HALL, SAN FERNANDO CITY, Pampanga",15.083889,120.644167,Philippines,DOST-ASTI PhilSensors,arg,SAN FERNANDO CITY,Pampanga,3,2016-03-21,False,True
1814,"ANTIPOLO, ROSARIO, Batangas",13.7,121.3,Philippines,DOST-ASTI PhilSensors,arg,ROSARIO,Batangas,4-A,2016-02-14,False,True
942,"BRGY VILLA PAG-ASA, BANSUD, Oriental Mindoro",12.78903,121.430563,Philippines,DOST-ASTI PhilSensors,arg,BANSUD,Oriental Mindoro,4-B,2013-10-05,False,True
477,"TINGLAYAN, TINGLAYAN, Kalinga",17.26515,121.14843,Philippines,DOST-ASTI PhilSensors,arg,TINGLAYAN,Kalinga,CAR,2013-07-16,False,True
963,"GEN. T. DE LEON, VALENZUELA CITY, Metro Manila",14.68481,120.99284,Philippines,DOST-ASTI PhilSensors,arg,VALENZUELA CITY,Metro Manila,NCR,2013-09-17,False,True
2096,"BRGY. AFUS, T'BOLI, South Cotabato",6.173889,125.842778,Philippines,DOST-ASTI PhilSensors,arg,T'BOLI,South Cotabato,12,2016-09-20,False,True
152,"SAN FRANCISCO MUNICIPAL HALL COMPOUND, SAN FRANCISCO, Surigao del Norte",9.778028,125.419528,Philippines,DOST-ASTI PhilSensors,arg,SAN FRANCISCO,Surigao del Norte,13,2011-12-15,False,True
1904,"KISLOYAN, BRGY. VILLA CERVEZA, VICTORIA, Oriental Mindoro",13.095345,121.171752,Philippines,DOST-ASTI PhilSensors,arg,VICTORIA,Oriental Mindoro,4-B,2016-05-13,False,True
983,"BUADIPUSO-BUNTONG TOWN HALL, BUADIPUSO-BUNTONG, Lanao del Sur",7.949433,124.378717,Philippines,DOST-ASTI PhilSensors,arg,BUADIPUSO-BUNTONG,Lanao del Sur,BARMM,2013-11-10,False,True
1956,"LUCAPON SOUTH, STA. CRUZ, Zambales",15.693333,119.935278,Philippines,DOST-ASTI PhilSensors,arg,STA. CRUZ,Zambales,3,2016-07-06,False,True
1599,"POLOMOLOK, POLOMOLOK, South Cotabato",6.22003,125.06034,Philippines,DOST-ASTI PhilSensors,arg,POLOMOLOK,South Cotabato,12,2014-12-16,False,True
1429,"BRGY. TAMPAYAN, MAGDIWANG, Romblon",12.474861,122.53675,Philippines,DOST-ASTI PhilSensors,arg,MAGDIWANG,Romblon,4-B,2014-06-26,False,True
1558,"PILAR MUNICIPAL HALL, PILAR, Bohol",9.83,124.33,Philippines,DOST-ASTI PhilSensors,arg,PILAR,Bohol,7,2014-11-19,False,True
1681,"BOBON MUNICIPAL HALL, BOBON, NORTHERN SAMAR",12.385389,124.562944,Philippines,DOST-ASTI PhilSensors,arg,BOBON,NORTHERN SAMAR,8,2015-11-10,False,True
1156,"LAWAAN, LAWAAN, Eastern Samar",11.12759,125.32271,Philippines,DOST-ASTI PhilSensors,arg,LAWAAN,Eastern Samar,8,2013-11-04,False,True
1534,"PNP CAMP, VICTORIA, Northern Samar",12.447028,124.313917,Philippines,DOST-ASTI PhilSensors,arg,VICTORIA,Northern Samar,8,2014-10-23,False,True
1664,"COLAMBUTAN BAJO, TUDELA, MISAMIS OCCIDENTAL",8.251455,123.743559,Philippines,DOST-ASTI PhilSensors,arg,TUDELA,MISAMIS OCCIDENTAL,10,2015-09-17,False,True
1408,"SAN JOAQUIN, SAN JOAQUIN, Iloilo",10.6997435,122.0890045,Philippines,DOST-ASTI PhilSensors,arg,SAN JOAQUIN,Iloilo,6,2014-06-25,False,True
1380,"PINUKPUK, PINUKPUK, Kalinga",17.5739,121.3646,Philippines,DOST-ASTI PhilSensors,arg,PINUKPUK,Kalinga,CAR,2014-06-19,False,True
1988,"BRGY. TIGBANABA, IGBARAS, Iloilo",10.764851,122.2268647,Philippines,DOST-ASTI PhilSensors,arg,IGBARAS,Iloilo,6,2016-06-30,False,True
1068,"ITBAYAT MUNICIPAL HALL, ITBAYAT, Batanes",20.783564,121.837936,Philippines,DOST-ASTI PhilSensors,arg,ITBAYAT,Batanes,2,2013-11-15,False,True
1914,"SITIO ANAHAW 35, CATEEL, Compostela Valley",7.677697,126.366194,Philippines,DOST-ASTI PhilSensors,arg,CATEEL,Compostela Valley,11,2016-06-13,False,True
1803,"BRGY. UGUIS, NUEVA ERA, Ilocos Norte",17.89402,120.57146,Philippines,DOST-ASTI PhilSensors,arg,NUEVA ERA,Ilocos Norte,1,2016-04-20,False,True
1954,"VILLAR, BOTOLAN, Zambales",15.311944,120.064167,Philippines,DOST-ASTI PhilSensors,arg,BOTOLAN,Zambales,3,2016-07-10,False,True
548,"LOPE DE VEGA MUNICIPAL NURSERY, LOPE DE VEGA, Northern Samar",12.297825,124.675722,Philippines,DOST-ASTI PhilSensors,arg,LOPE DE VEGA,Northern Samar,8,2013-07-04,False,True
61,"AGROMET STATION - UNIVERSITY OF EASTERN PHILIPPINES, CATARMAN, Northern Samar",12.5089005,124.6667575,Philippines,DOST-ASTI PhilSensors,arg,CATARMAN,Northern Samar,8,2011-06-14,False,True
1294,"DAGUIOMAN, DAGUIOMAN, Abra",17.458972,120.926444,Philippines,DOST-ASTI PhilSensors,arg,DAGUIOMAN,Abra,CAR,2014-04-24,False,True
258,"SAN MIGUEL., SAN MIGUEL, Iloilo",10.786642,122.468225,Philippines,DOST-ASTI PhilSensors,arg,SAN MIGUEL,Iloilo,6,2012-12-31,False,True
1788,"BRGY. HALL MABIGA, HERMOSA, Bataan",14.817778,120.389722,Philippines,DOST-ASTI PhilSensors,arg,HERMOSA,Bataan,3,2016-04-21,False,True
724,"NEW LEYTE, NEW LEYTE, Compostela Valley",7.402992,126.013774,Philippines,DOST-ASTI PhilSensors,arg,NEW LEYTE,Compostela Valley,11,2014-01-18,False,True
1622,"BRGY. MAGSAYSAY, TALIBON, Bohol",10.0688,124.2408,Philippines,DOST-ASTI PhilSensors,arg,TALIBON,Bohol,7,2015-04-23,False,True
2040,"BRGY. AURORA PUDTOL, PUDTOL, Apayao",18.08043,121.33992,Philippines,DOST-ASTI PhilSensors,arg,PUDTOL,Apayao,CAR,2009-12-31,False,True
1537,"ROSARIO MUNICIPAL GROUNDS, ROSARIO, Northern Samar",12.523333,124.425,Philippines,DOST-ASTI PhilSensors,arg,ROSARIO,Northern Samar,8,2014-10-23,False,True
2039,"BRGY. NAMALTUGAN, CALANASAN, Apayao",18.12806,121.07204,Philippines,DOST-ASTI PhilSensors,arg,CALANASAN,Apayao,CAR,2009-12-31,False,True
465,"BOLINEY, BOLINEY, Abra",17.378809,120.821184,Philippines,DOST-ASTI PhilSensors,arg,BOLINEY,Abra,CAR,2013-08-22,False,True
289,"MAASIN, Iloilo",10.897453,122.447136,Philippines,DOST-ASTI PhilSensors,arg,,Iloilo,6,2012-12-31,False,True
2090,"SAN AGUSTIN BRGY. HALL, Iba, Zambales",15.378333,119.949444,Philippines,DOST-ASTI PhilSensors,arg,Iba ,Zambales,3,2016-12-08,False,True
1305,"SAN ISIDRO, SAN ISIDRO, Abra",17.465758,120.602794,Philippines,DOST-ASTI PhilSensors,arg,SAN ISIDRO,Abra,CAR,2014-05-11,False,True
1301,"SALLAPADAN, SALLAPADAN, Abra",17.493452,120.761326,Philippines,DOST-ASTI PhilSensors,arg,SALLAPADAN,Abra,CAR,2014-05-04,False,True
1538,"SAN ROQUE MUNICIPAL NURSERY, SAN ROQUE, Northern Samar",12.534833,124.877056,Philippines,DOST-ASTI PhilSensors,arg,SAN ROQUE,Northern Samar,8,2014-10-23,False,True
66,"IFUGAO STATE UNIVERSITY, LAMUT, Ifugao",16.71621,121.1715,Philippines,DOST-ASTI PhilSensors,arg,LAMUT,Ifugao,CAR,2012-12-31,False,True
537,"GUIUAN MUNICIPAL HALL, GUIUAN, Eastern Samar",11.033358,125.741136,Philippines,DOST-ASTI PhilSensors,arg,GUIUAN,Eastern Samar,8,2013-07-03,False,True
1412,"BARLIG, BARLIG, Mountain Province",17.0444,121.0971,Philippines,DOST-ASTI PhilSensors,arg,BARLIG,Mountain Province,CAR,2014-06-26,False,True
1409,"LACUB, LACUB, Abra",17.664122,120.945005,Philippines,DOST-ASTI PhilSensors,arg,LACUB,Abra,CAR,2014-06-26,False,True
203,"CABATUAN, CABATUAN, Iloilo",10.841672,122.484689,Philippines,DOST-ASTI PhilSensors,arg,CABATUAN,Iloilo,6,2012-12-31,False,True
1551,"MUNICIPAL GROUNDS POBLACION - BATO, BATO, Leyte",10.327842,124.790657,Philippines,DOST-ASTI PhilSensors,arg,BATO,Leyte,8,2014-11-05,False,True
253,"SAN PABLO-IDP, CAUAYAN CITY, Isabela",16.883333,121.833333,Philippines,DOST-ASTI PhilSensors,arg,CAUAYAN CITY,Isabela,2,2012-04-18,False,True
1661,"SITIO KULAGO - IDP, BRGY. KALAWAKAN, Bulacan, Bulacan",15.17404,121.11063,Philippines,DOST-ASTI PhilSensors,arg,Bulacan,Bulacan,3,2015-10-07,False,True
1330,"MALIBCONG, MALIBCONG, Abra",17.585178,121.054196,Philippines,DOST-ASTI PhilSensors,arg,MALIBCONG,Abra,CAR,2014-05-28,False,True
68,"GOVERNMENT CENTER, BONTOC, Mountain Province",17.066343,121.03351,Philippines,DOST-ASTI PhilSensors,arg,BONTOC,Mountain Province,CAR,2012-04-25,False,True
1350,"BRGY. NAUHON, SEBASTE, Antique",11.639364,122.100231,Philippines,DOST-ASTI PhilSensors,arg,SEBASTE ,Antique,6,2014-06-12,False,True
2509,"STO. NIÑO, SAN SIMON, Pampanga",14.9857,120.7642,Philippines,DOST-ASTI PhilSensors,arg,SAN SIMON,Pampanga,3,2018-06-03,False,True
2512,"BRGY. SAN PEDRO, SAN SIMON, PAMPANGA",15.0124,120.7787,Philippines,DOST-ASTI PhilSensors,arg,SAN SIMON,PAMPANGA,3,2018-06-04,False,True
2172,"BRGY. BI-AO, BINALBAGAN, Negros Occidental",10.1199346,122.9802838,Philippines,DOST-ASTI PhilSensors,arg,BINALBAGAN,Negros Occidental,6,2017-04-03,False,True
628,"POBLACION-LAOAC, LAOAC, PANGASINAN",16.048253,120.546963,Philippines,DOST-ASTI PhilSensors,arg,LAOAC,PANGASINAN,1,2013-07-08,False,True
437,"BALETE, BALETE, Batangas",14.01786,121.12888,Philippines,DOST-ASTI PhilSensors,arg,BALETE,Batangas,4-A,2013-05-29,False,True
712,"POBLACION, JABONGA, Agusan del Norte",9.340786,125.516044,Philippines,DOST-ASTI PhilSensors,arg,JABONGA,Agusan del Norte,13,2013-07-21,False,True
472,"FLORA, FLORA, Apayao",18.01623,121.471109,Philippines,DOST-ASTI PhilSensors,arg,FLORA,Apayao,CAR,2013-07-09,False,True
2586,"BRGY. DANGALAGAN-CEST, DANGALAGAN BATIS, GUINAYANGAN, QUEZON",13.98368,122.36609,Philippines,DOST-ASTI PhilSensors,arg,GUINAYANGAN,QUEZON,4-A,2018-08-06,False,True
18,"ESTEFANIA, BACOLOD CITY, Negros Occidental",10.667504,122.984356,Philippines,DOST-ASTI PhilSensors,arg,BACOLOD CITY,Negros Occidental,6,2011-02-07,False,True
2496,"PANUKULAN, PANUKULAN, Quezon",14.932476,121.815629,Philippines,DOST-ASTI PhilSensors,arg,PANUKULAN,Quezon,4-A,2018-05-01,False,True
2584,"POBLACION 5-CEST, Poblacion 5, Alabat, Quezon",14.0996,122.00883,Philippines,DOST-ASTI PhilSensors,arg,Alabat,Quezon,4-A,2018-08-07,False,True
52,"QUIRINO STATE UNIVERSITY MADDELA CAMPUS, MADDELA, Quirino",16.333333,121.683333,Philippines,DOST-ASTI PhilSensors,arg,MADDELA,Quirino,2,2011-06-15,False,True
795,"BAGANGA, BAGANGA, Davao Oriental",7.575417,126.561331,Philippines,DOST-ASTI PhilSensors,arg,BAGANGA,Davao Oriental,11,2013-07-31,False,True
1159,"BILIRAN MUNICIPAL GROUND, BILIRAN, Biliran",11.465946,124.474032,Philippines,DOST-ASTI PhilSensors,arg,BILIRAN,Biliran,8,2014-01-15,False,True
2005,"BRGY. LON-OY, SAN GABRIEL, La Union",16.69043,120.50454,Philippines,DOST-ASTI PhilSensors,arg,SAN GABRIEL,La Union,1,2016-08-25,False,True
498,"DAHILAYAN, MANOLO FORTICH, Bukidnon",8.21982,124.85072,Philippines,DOST-ASTI PhilSensors,arg,MANOLO FORTICH,Bukidnon,10,2013-06-10,False,True
215,"MT. CAMPANA, ANTIPOLO, Rizal",14.667028,121.292836,Philippines,DOST-ASTI PhilSensors,arg,ANTIPOLO,Rizal,4-A,2014-02-13,False,True
1965,"TUGAS, MATNOG, Sorsogon",12.60645,124.03316,Philippines,DOST-ASTI PhilSensors,arg,MATNOG,Sorsogon,5,2016-07-31,False,True
953,"SILANG, SILANG, Cavite",14.22393,120.97126,Philippines,DOST-ASTI PhilSensors,arg,SILANG,Cavite,4-A,2013-10-15,False,True
2234,"VINTAR NATIONAL HIGH SCHOOL, VINTAR, Ilocos Norte",18.32547,120.73454,Philippines,DOST-ASTI PhilSensors,arg,VINTAR,Ilocos Norte,1,2017-07-12,False,True
1949,"BRGY. HICMING, VIRAC, Catanduanes",13.60943,124.19133,Philippines,DOST-ASTI PhilSensors,arg,VIRAC,Catanduanes,5,2016-05-11,False,True
577,"PSU-BINMALEY CAMPUS, BINMALEY, PANGASINAN",16.040651,120.270239,Philippines,DOST-ASTI PhilSensors,arg,BINMALEY,PANGASINAN,1,2013-07-02,False,True
131,"PSTC COMPOSTELA VALLEY, MARAGUSAN, Compostela Valley",7.351111,126.086,Philippines,DOST-ASTI PhilSensors,arg,MARAGUSAN,Compostela Valley,11,2012-11-20,False,True
968,"NATIONAL CENTER FOR MENTAL HEALTH, MANDALUYONG, Metro Manila",14.58136,121.0403,Philippines,DOST-ASTI PhilSensors,arg,MANDALUYONG,Metro Manila,NCR,2013-09-01,False,True
63,"ABRA STATE INSTITUTE OF SCIENCE AND TECHNOLOGY, LAGANGILANG, Abra",17.612411,120.736219,Philippines,DOST-ASTI PhilSensors,arg,LAGANGILANG,Abra,CAR,2012-12-31,False,True
986,"MAHATAO MUNICIPAL HALL, MAHATAO, Batanes",20.416408,121.948236,Philippines,DOST-ASTI PhilSensors,arg,MAHATAO,Batanes,2,2013-11-12,False,True
1931,"HEALTH CENTER, BRGY. MAYURO, ROSARIO, Batangas",13.79515,121.262707,Philippines,DOST-ASTI PhilSensors,arg,ROSARIO,Batangas,4-A,2013-12-31,False,True
546,"POBLACION BABATNGON, BABATNGON, Leyte",11.420278,124.843889,Philippines,DOST-ASTI PhilSensors,arg,BABATNGON,Leyte,8,2013-07-08,False,True
90,"BRGY. CALUMPANG, NAVAL, Biliran",11.564683,124.409935,Philippines,DOST-ASTI PhilSensors,arg,NAVAL,Biliran,8,2014-07-14,False,True
1096,"BRGY. VILLAHERMOSA, LOPEZ, Quezon",13.83704,122.26912,Philippines,DOST-ASTI PhilSensors,arg,LOPEZ,Quezon,4-A,2013-11-28,False,True
625,"TALIBON POBLACION, TALIBON, Bohol",10.148889,124.325,Philippines,DOST-ASTI PhilSensors,arg,TALIBON,Bohol,7,2013-07-11,False,True
1798,"BRGY. MAMBA, MADALAG, Aklan",11.4885095,122.2700912,Philippines,DOST-ASTI PhilSensors,arg,MADALAG,Aklan,6,2015-12-09,False,True
53,"BRGY. HOLYWOOD-IDP, DUPAX DEL NORTE, Nueva Vizcaya",16.33652778,121.1159167,Philippines,DOST-ASTI PhilSensors,arg,DUPAX DEL NORTE,Nueva Vizcaya,2,2009-12-31,False,True
544,"BRGY. PICAS NORTE, JAVIER, Leyte",10.791389,124.941389,Philippines,DOST-ASTI PhilSensors,arg,JAVIER,Leyte,8,2013-07-08,False,True
964,"MAPULANG LUPA, VALENZUELA, Metro Manila",14.70498,121.00719,Philippines,DOST-ASTI PhilSensors,arg,VALENZUELA,Metro Manila,NCR,2013-09-17,False,True
560,"ILOILO STATE COLLEGE OF FISHERIES, SAN ENRIQUE, Iloilo",11.066439,122.658972,Philippines,DOST-ASTI PhilSensors,arg,SAN ENRIQUE,Iloilo,6,2013-06-26,False,True
2463,"PUROK 1 BRGY. DITEKI, SAN LUIS, Aurora",15.666975,121.432746,Philippines,DOST-ASTI PhilSensors,arg,SAN LUIS,Aurora,3,2018-04-02,False,True
949,"BRGY MAHABANG PARANG, NAUJAN, ORIENTAL MINDORO",13.211319,121.150783,Philippines,DOST-ASTI PhilSensors,arg,NAUJAN,ORIENTAL MINDORO,4-B,2013-10-04,False,True
1165,"SAGUIARAN MUNICIPAL HALL, SAGUIARAN, LANAO DEL SUR",8.033933,124.268883,Philippines,DOST-ASTI PhilSensors,arg,SAGUIARAN,LANAO DEL SUR,BARMM,2013-11-05,False,True
2489,"BRGY. CALANTAS, CASIGURAN, Aurora",16.306569,122.14624,Philippines,DOST-ASTI PhilSensors,arg,CASIGURAN,Aurora,3,2018-04-11,False,True
1238,"BONTOC, BONTOC, Southern Leyte",10.3539444,124.970388,Philippines,DOST-ASTI PhilSensors,arg,BONTOC,Southern Leyte,8,2011-12-08,False,True
1192,"TUDAYA ELEMENTARY SCHOOL, STA. CRUZ, Davao del Sur",6.918857,125.405544,Philippines,DOST-ASTI PhilSensors,arg,STA. CRUZ,Davao del Sur,11,2014-02-17,False,True
1098,"POBLACION-POZORRUBIO, POZZORUBIO, Pangasinan",16.11038,120.54549,Philippines,DOST-ASTI PhilSensors,arg,POZZORUBIO,Pangasinan,1,2013-11-26,False,True
1887,"OFFICE OF THE CIVIL DEFENSE, QUEZON CITY, METRO MANILA",14.610167,121.065384,Philippines,DOST-ASTI PhilSensors,arg,QUEZON CITY,METRO MANILA,NCR,2016-05-15,False,True
1078,"SETI, JIMENEZ, Misamis Occidental",8.314255,123.775013,Philippines,DOST-ASTI PhilSensors,arg,JIMENEZ,Misamis Occidental,10,2013-11-28,False,True
735,"BISU-CALAPE CAMPUS, CALAPE, Bohol",9.895278,123.883056,Philippines,DOST-ASTI PhilSensors,arg,CALAPE,Bohol,7,2013-07-19,False,True
1559,"CAMBAGUI MOTORPOOL, SEVILLA, Bohol",9.705,124.046,Philippines,DOST-ASTI PhilSensors,arg,SEVILLA,Bohol,7,2014-11-19,False,True
1550,"MUNICIPAL NURSERY - HINDANG, HINDANG, Leyte",10.433814,124.729854,Philippines,DOST-ASTI PhilSensors,arg,HINDANG,Leyte,8,2014-11-05,False,True
2069,"LA ESPERANZA, STA. MAGDALENA, Sorsogon",12.64629,124.0558,Philippines,DOST-ASTI PhilSensors,arg,STA. MAGDALENA,Sorsogon,5,2016-01-19,False,True
2795,"BRGY. POBLACION, , PUROK 2, POBLACION, PATNANUNGAN, QUEZON",14.7535,122.21821,Philippines,DOST-ASTI PhilSensors,arg,PATNANUNGAN,QUEZON,4-A,2019-05-19,False,True
153,"SISON ELEMENTARY SCHOOL, SISON, Surigao del Norte",9.659787,125.528613,Philippines,DOST-ASTI PhilSensors,arg,SISON,Surigao del Norte,13,2011-12-15,False,True
1866,"BULAKIN 1, DOLORES, Quezon",14.01281,121.38139,Philippines,DOST-ASTI PhilSensors,arg,DOLORES,Quezon,4-A,2016-05-25,False,True
561,"MALUNGON, MALUNGON, Sarangani",6.37765,125.27171,Philippines,DOST-ASTI PhilSensors,arg,MALUNGON,Sarangani,12,2013-07-03,False,True
590,"NEW CAPITOL COMPLEX, MARAWI CITY, Lanao del Sur",8.009069,124.277139,Philippines,DOST-ASTI PhilSensors,arg,MARAWI CITY,Lanao del Sur,BARMM,2013-07-09,False,True
155,"KITCHARAO MUNICIPAL HALL COMPOUND, KITCHARAO, Agusan del Norte",9.449724,125.578281,Philippines,DOST-ASTI PhilSensors,arg,KITCHARAO,Agusan del Norte,13,2011-12-15,False,True
170,"NEW GOVERNMENT CENTER, SAGAY CITY, Negros Occidental",10.869745,123.403116,Philippines,DOST-ASTI PhilSensors,arg,SAGAY CITY,Negros Occidental,6,2011-07-27,False,True
441,"CAVINTI, CAVINTI, Laguna",14.2471726,121.5002751,Philippines,DOST-ASTI PhilSensors,arg,CAVINTI,Laguna,4-A,2013-05-28,False,True
824,"VILLACERVEZA ELEMENTARY SCHOOL, VICTORIA, ORIENTAL MINDORO",13.111507,121.172392,Philippines,DOST-ASTI PhilSensors,arg,VICTORIA,ORIENTAL MINDORO,4-B,2013-08-06,False,True
2170,"BRGY. EDEN, TORIL, Davao City",7.0324,125.411,Philippines,DOST-ASTI PhilSensors,arg,TORIL,Davao City,11,2009-12-31,False,True
936,"BRGY. HINAPULAN, BOAC, Marinduque",13.41135,121.94296,Philippines,DOST-ASTI PhilSensors,arg,BOAC,Marinduque,4-B,2013-09-29,False,True
1456,"BARANGAY CABADIANGAN, TALAINGOD, Davao del Norte",7.633998,125.486414,Philippines,DOST-ASTI PhilSensors,arg,TALAINGOD,Davao del Norte,11,2014-03-10,False,True
1356,"PRESIDENT ROXAS, PRESIDENT ROXAS, Capiz",11.429719,122.924161,Philippines,DOST-ASTI PhilSensors,arg,PRESIDENT ROXAS,Capiz,6,2014-06-09,False,True
1352,"CAPUYUAN ELEMENTARY SCHOOL, BARBAZA, Antique",11.23697,122.071838,Philippines,DOST-ASTI PhilSensors,arg,BARBAZA,Antique,6,2014-06-12,False,True
2643,"BRGY. VIVO, VIVO, TANGALAN, AKLAN",11.706824,122.216844,Philippines,DOST-ASTI PhilSensors,arg,TANGALAN,AKLAN,6,2018-12-15,False,True
2223,"SAN PEDRO NATIONAL HIGH SCHOOL, BRGY. SAN PEDRO, SISON, Surigao del Norte",9.660233,125.660233,Philippines,DOST-ASTI PhilSensors,arg,SISON,Surigao del Norte,13,2017-07-10,False,True
1475,"PSHS-SMC 2, MINTAL, Davao Oriental",7.081243,125.508039,Philippines,DOST-ASTI PhilSensors,arg,MINTAL,Davao Oriental,11,2014-07-21,False,True
1293,"TAYUM, TAYUM, Abra",17.617278,120.653833,Philippines,DOST-ASTI PhilSensors,arg,TAYUM,Abra,CAR,2014-04-23,False,True
2459,"BRGY. SAN JUAN, MARIA AURORA, Aurora",15.782778,121.313,Philippines,DOST-ASTI PhilSensors,arg,MARIA AURORA,Aurora,3,2018-04-01,False,True
2221,"CABANGAHAN INTEGRATED  SCHOOL, Cantilan, Surigao del Sur",9.2774,125.883077,Philippines,DOST-ASTI PhilSensors,arg,Cantilan,Surigao del Sur,13,2017-07-10,False,True
559,"WEST VISAYAS STATE UNIVERSITY, LAMBUNAO, Iloilo",11.102218,122.414679,Philippines,DOST-ASTI PhilSensors,arg,LAMBUNAO,Iloilo,6,2013-06-26,False,True
104,"PROVINCIAL ENGINEERING COMPOUND, SAN JOSE, Antique",10.737444,121.936731,Philippines,DOST-ASTI PhilSensors,arg,SAN JOSE,Antique,6,2011-07-06,False,True
1129,"AGUINALDO, AGUINALDO, Ifugao",16.9792,121.3271,Philippines,DOST-ASTI PhilSensors,arg,AGUINALDO,Ifugao,CAR,2013-12-11,False,True
1877,"BRGY. CALVARIO, ISABELA CITY, BASILAN",6.646305,122.019513,Philippines,DOST-ASTI PhilSensors,arg,ISABELA CITY,BASILAN,9,2016-05-30,False,True
1112,"PIKIT MUNICIPAL HALL, PIKIT, COTABATO",7.057201,124.677361,Philippines,DOST-ASTI PhilSensors,arg,PIKIT,COTABATO,12,2013-11-24,False,True
1122,"HUNGDUAN, HUNGDUAN, Ifugao",16.839,121.0056,Philippines,DOST-ASTI PhilSensors,arg,HUNGDUAN,Ifugao,CAR,2013-12-10,False,True
1953,"DANAO MUNICIPAL HALL, DANAO, Bohol",9.94705,124.22074,Philippines,DOST-ASTI PhilSensors,arg,DANAO,Bohol,7,2016-07-15,False,True
1968,"BARIIS, LEGAZPI CITY, Albay",13.02286,123.74427,Philippines,DOST-ASTI PhilSensors,arg,LEGAZPI CITY,Albay,5,2016-08-01,False,True
2671,"PANAONG IBABA-CEST, Panaong Ibaba, UNISAN, QUEZON",13.87875,121.975536,Philippines,DOST-ASTI PhilSensors,arg,UNISAN,QUEZON,4-A,2018-11-20,False,True
2048,"MAGSAYAP ELEMENTARY SCHOOL - SITIO BATIANO, BRGY. SAN PEDRO, CARAGA, Davao Oriental",7.37361,126.46017,Philippines,DOST-ASTI PhilSensors,arg,CARAGA,Davao Oriental,11,2009-12-31,False,True
389,"BOKOD MUNICIPAL HALL, POBLACION, BOKOD, Benguet",16.491694,120.829861,Philippines,DOST-ASTI PhilSensors,arg,BOKOD,Benguet,CAR,2013-05-13,False,True
162,"BRGY. TAYAMAAN-IDP, MAMBURAO, Occidental Mindoro",13.240756,120.569063,Philippines,DOST-ASTI PhilSensors,arg,MAMBURAO,Occidental Mindoro,4-B,2012-05-29,False,True
578,"PSU - SAN CARLOS CAMPUS, SAN CARLOS CITY, PANGASINAN",15.935556,120.340139,Philippines,DOST-ASTI PhilSensors,arg,SAN CARLOS CITY,PANGASINAN,1,2013-07-03,False,True
1329,"CALANASAN MUNICIPAL HALL, CALANASAN, APAYAO",18.2558,121.0432,Philippines,DOST-ASTI PhilSensors,arg,CALANASAN,APAYAO,CAR,2014-05-28,False,True
2050,"PAROLA SITE, BARANGAY DIBULO, DINAPIGUE ISABELA, Isabela",16.50832,122.24463,Philippines,DOST-ASTI PhilSensors,arg,DINAPIGUE ISABELA,Isabela,2,2016-11-29,False,True
1653,"BUENASUERTE, MUTIA, Zamboanga del Norte",8.383867,123.5184,Philippines,DOST-ASTI PhilSensors,arg,MUTIA,Zamboanga del Norte,9,2015-07-28,False,True
1450,"BRGY. CABASAGAN, BOSTON, Davao Oriental",7.838637,126.360598,Philippines,DOST-ASTI PhilSensors,arg,BOSTON,Davao Oriental,11,2015-01-08,False,True
1530,"MATAG-OB MUNICIPAL GROUNDS, MATAG-OB, Leyte",11.148325,124.47123,Philippines,DOST-ASTI PhilSensors,arg,MATAG-OB,Leyte,8,2014-08-12,False,True
1410,"LAGANGILANG, LAGANGILANG, Abra",17.62906,120.781047,Philippines,DOST-ASTI PhilSensors,arg,LAGANGILANG,Abra,CAR,2014-06-26,False,True
1396,"ESCALANTE CITY BUS TERMINAL, ESCALANTE CITY, NEGROS OCCIDENTAL",10.833076,123.493037,Philippines,DOST-ASTI PhilSensors,arg,ESCALANTE CITY,NEGROS OCCIDENTAL,6,2014-06-25,False,True
1088,"TIPO-TIPO MUNICIPAL HALL, TIPO-TIPO, Basilan",6.500633,122.120917,Philippines,DOST-ASTI PhilSensors,arg,TIPO-TIPO,Basilan,BARMM,2013-11-28,False,True
1946,"BALATOHAN, SAN MIGUEL, Catanduanes",13.71594,124.27398,Philippines,DOST-ASTI PhilSensors,arg,SAN MIGUEL,Catanduanes,5,2016-05-10,False,True
1237,"LIBAGON - MUNICIPAL PLAZA, LIBAGON, Southern Leyte",10.2958777,125.050777,Philippines,DOST-ASTI PhilSensors,arg,LIBAGON,Southern Leyte,8,2014-02-11,False,True
103,"LGU DONSOL ROOFDECK MUNICIPAL HALL, DONSOL, Sorsogon",12.90595,123.596683,Philippines,DOST-ASTI PhilSensors,arg,DONSOL,Sorsogon,5,2012-05-30,False,True
1182,"NATONIN, NATONIN, Mountain Province",17.10895,121.27986,Philippines,DOST-ASTI PhilSensors,arg,NATONIN,Mountain Province,CAR,2014-02-05,False,True
782,"AWASIAN, TANDAG CITY, Surigao del Sur",9.07375,126.16872,Philippines,DOST-ASTI PhilSensors,arg,TANDAG CITY,Surigao del Sur,13,2013-07-30,False,True
144,"USUSAN, TAGUIG CITY, Metro Manila",14.53041667,121.0606111,Philippines,DOST-ASTI PhilSensors,arg,TAGUIG CITY,Metro Manila,NCR,2012-05-18,False,True
1692,"CORCUERA, CORCUERA, ROMBLON",12.785556,122.046278,Philippines,DOST-ASTI PhilSensors,arg,CORCUERA,ROMBLON,4-B,2015-05-31,False,True
251,"LGU COMPOUND - SANTIAGO CITY, SANTIAGO CITY, Isabela",16.7,121.55,Philippines,DOST-ASTI PhilSensors,arg,SANTIAGO CITY,Isabela,2,2012-05-24,False,True
2062,"SULU PROVINCIAL POLICE OFFICE, JOLO, Sulu",6.04346,121.00095,Philippines,DOST-ASTI PhilSensors,arg,JOLO,Sulu,9,2016-12-07,False,True
154,"CLAVER MUNICIPAL HALL COMPOUND, CLAVER, Surigao del Norte",9.573694,125.732781,Philippines,DOST-ASTI PhilSensors,arg,CLAVER,Surigao del Norte,13,2011-12-15,False,True
571,"STA ISABEL, SANTA JOSEFA, Agusan del Sur",8.00983,126.03271,Philippines,DOST-ASTI PhilSensors,arg,SANTA JOSEFA,Agusan del Sur,13,2013-07-04,False,True
781,"BALITE, BAYABAS MUNICIPAL HALL, SURIGAO DEL SUR",8.96935,126.28368,Philippines,DOST-ASTI PhilSensors,arg,BAYABAS MUNICIPAL HALL,SURIGAO DEL SUR,13,2013-07-30,False,True
797,"BAGUIO DISTRICT, BAGUIO DISTRICT, Davao City",7.172122,125.403362,Philippines,DOST-ASTI PhilSensors,arg,BAGUIO DISTRICT,Davao City,11,2013-07-17,False,True
568,"MANAT ELEM. SCHOOL, MANAT, TRENTO, Agusan del Sur",8.12093,126.12321,Philippines,DOST-ASTI PhilSensors,arg,"MANAT, TRENTO",Agusan del Sur,13,2013-07-04,False,True
1576,"FLORITA HERRERA-IRIZARI NATIONAL HIGH SCHOOL, LANUZA, SURIGAO DEL SUR",9.232374,126.059544,Philippines,DOST-ASTI PhilSensors,arg,LANUZA,SURIGAO DEL SUR,13,2014-12-08,False,True
1114,"M'LANG, M'LANG, Cotabato",6.906741,124.904556,Philippines,DOST-ASTI PhilSensors,arg,M'LANG,Cotabato,12,2013-12-09,False,True
2503,"BRGY. NAGTALUNTONG-CEST, BRGY. NAGTALUNTONG, LOBO, Batangas",13.669859,121.242608,Philippines,DOST-ASTI PhilSensors,arg,LOBO,Batangas,4-A,2018-05-16,False,True
1401,"PAGBANAAG VILLAGE, HINOBAAN, Negros Occidental",9.596467,122.47513,Philippines,DOST-ASTI PhilSensors,arg,HINOBAAN,Negros Occidental,6,2014-06-25,False,True
2730,"SANITARY FIELD BRGY. TANUAN PUROK 7, BRGY. TANUAN PUROK 7, REAL, QUEZON",14.54449,121.58205,Philippines,DOST-ASTI PhilSensors,arg,REAL,QUEZON,4-A,2019-11-12,False,True
710,"SAN ANTONIO, REMEDIOS T. ROMUALDEZ, Agusan del Norte",9.057917,125.64175,Philippines,DOST-ASTI PhilSensors,arg,REMEDIOS T. ROMUALDEZ,Agusan del Norte,13,2013-07-19,False,True
1952,"BESIDE MUNICIPAL GYMNASIUM, POBLACION SUR, CARMEN, Bohol",9.81874,124.19675,Philippines,DOST-ASTI PhilSensors,arg,CARMEN,Bohol,7,2016-06-19,False,True
1766,"GUIBUANGAN ES, CAN-AVID, Eastern Samar",11.97989,125.40502,Philippines,DOST-ASTI PhilSensors,arg,CAN-AVID,Eastern Samar,8,2016-03-21,False,True
668,"CABUYAO, CABUYAO, Laguna",14.27135,121.12427,Philippines,DOST-ASTI PhilSensors,arg,CABUYAO,Laguna,4-A,2013-05-26,False,True
439,"DASMARINAS, DASMARINAS, Cavite",14.31219,120.97131,Philippines,DOST-ASTI PhilSensors,arg,DASMARINAS,Cavite,4-A,2013-05-26,False,True
41,"BRGY CABOG-CABOG, BALANGA, Bataan",14.628917,120.471861,Philippines,DOST-ASTI PhilSensors,arg,BALANGA,Bataan,3,2012-05-16,False,True
440,"AMADEO, AMADEO, Cavite",14.17023,120.92218,Philippines,DOST-ASTI PhilSensors,arg,AMADEO,Cavite,4-A,2013-05-30,False,True
457,"CARMONA, CARMONA, Cavite",14.26443,121.03058,Philippines,DOST-ASTI PhilSensors,arg,CARMONA,Cavite,4-A,2013-06-02,False,True
126,"CITY ENGINEERS COMPOUND, GINGOOG CITY, Misamis Oriental",8.820457,125.10447,Philippines,DOST-ASTI PhilSensors,arg,GINGOOG CITY,Misamis Oriental,10,2011-10-11,False,True
1849,"LIGAYA, SABLAYAN, OCCIDENTAL MINDORO",12.725956,120.854984,Philippines,DOST-ASTI PhilSensors,arg,SABLAYAN,OCCIDENTAL MINDORO,4-B,2015-10-04,False,True
1322,"ARGAO, MOLAVE, Zamboanga del Sur",8.199166,123.50545,Philippines,DOST-ASTI PhilSensors,arg,MOLAVE,Zamboanga del Sur,9,2014-05-29,False,True
87,"BRGY DANGCOL, BALANGA, Bataan",14.668917,120.468278,Philippines,DOST-ASTI PhilSensors,arg,BALANGA,Bataan,3,2012-05-17,False,True
1978,"MABUNGA, MAHAPLAG, Leyte",10.586487,124.973008,Philippines,DOST-ASTI PhilSensors,arg,MAHAPLAG,Leyte,8,2016-05-13,False,True
597,"KUYA, MARAMAG, Bukidnon",7.810735,124.894829,Philippines,DOST-ASTI PhilSensors,arg,MARAMAG,Bukidnon,10,2013-07-10,False,True
163,"MINDORO STATE COLLEGE OF AGRICULTURE AND TECHNOLOGY, BONGABONG, ORIENTAL MINDORO",13.157695,121.187095,Philippines,DOST-ASTI PhilSensors,arg,BONGABONG,ORIENTAL MINDORO,4-B,2011-09-08,False,True
1255,"SAN RAFAEL PLAZA, SAN RAFAEL, Iloilo",11.175817,122.828367,Philippines,DOST-ASTI PhilSensors,arg,SAN RAFAEL,Iloilo,6,2014-04-02,False,True
1582,"LIDE COMPOUND, ISABEL, Leyte",10.904722,124.444167,Philippines,DOST-ASTI PhilSensors,arg,ISABEL,Leyte,8,2015-01-19,False,True
2456,"BULDON MUNICIPALL HALL, BULDON, Maguindanao",7.514153,124.370884,Philippines,DOST-ASTI PhilSensors,arg,BULDON,Maguindanao,BARMM,2018-03-27,False,True
1094,"SUMISIP MUNICIPAL HALL, SUMISIP, BASILAN",6.4198,122.034533,Philippines,DOST-ASTI PhilSensors,arg,SUMISIP,BASILAN,BARMM,2013-11-04,False,True
107,"BISU, CLARIN, Bohol",9.96527,124.02695,Philippines,DOST-ASTI PhilSensors,arg,CLARIN,Bohol,7,2012-03-12,False,True
1825,"SINAGTALA ELEMENTARY SCHOOL, SANTA CRUZ, OCCIDENTAL MINDORO",13.05902,120.76734,Philippines,DOST-ASTI PhilSensors,arg,SANTA CRUZ,OCCIDENTAL MINDORO,4-B,2016-02-17,False,True
1824,"ALACAAK, SANTA CRUZ, Occidental Mindoro",13.131277,120.73165,Philippines,DOST-ASTI PhilSensors,arg,SANTA CRUZ,Occidental Mindoro,4-B,2016-02-17,False,True
1540,"BRGY DEVILLA, STA CRUZ, MARINDUQUE",13.41303,122.03182,Philippines,DOST-ASTI PhilSensors,arg,STA CRUZ,MARINDUQUE,4-B,2014-10-27,False,True
1469,"DINAPIGUE MUNICIPAL GROUNDS, DINAPIGUE, Isabela",16.525544,122.262589,Philippines,DOST-ASTI PhilSensors,arg,DINAPIGUE,Isabela,2,2014-06-26,False,True
2399,"NEW MUNICIPAL HALL, SAN ISIDRO, Bohol",9.862547,123.956181,Philippines,DOST-ASTI PhilSensors,arg,SAN ISIDRO,Bohol,7,2017-11-14,False,True
1436,"MALUBAY, GLORIA, Oriental Mindoro",12.939733,121.407717,Philippines,DOST-ASTI PhilSensors,arg,GLORIA,Oriental Mindoro,4-B,2014-07-07,False,True
592,"BAYUGAN III NATIONAL HIGH SCHOOL, BAYUGAN CITY, Agusan del Sur",8.301894,126.00708,Philippines,DOST-ASTI PhilSensors,arg,BAYUGAN CITY,Agusan del Sur,13,2013-07-09,False,True
727,"PANIQUIAN ELEM. SCHOOL, BANAY-BANAY, Davao Oriental",6.967352,126.010649,Philippines,DOST-ASTI PhilSensors,arg,BANAY-BANAY,Davao Oriental,11,2013-07-09,False,True
1236,"SAN JUAN - POBLACION, SAN JUAN, Southern Leyte",10.262133,125.1732666,Philippines,DOST-ASTI PhilSensors,arg,SAN JUAN,Southern Leyte,8,2014-02-10,False,True
2439,"MAMASAPANO MUNICIPAL HALL, MAMASAPANO, Maguindanao",6.892633,124.500418,Philippines,DOST-ASTI PhilSensors,arg,MAMASAPANO,Maguindanao,BARMM,2018-03-14,False,True
557,"BRGY. TAPULANG, MAAYON, CAPIZ",11.352636,122.768431,Philippines,DOST-ASTI PhilSensors,arg,MAAYON,CAPIZ,6,2013-06-16,False,True
1326,"SAPA MORO ELEM. SCHOOL, LATUAN, Zamboanga City",7.23098,122.20573,Philippines,DOST-ASTI PhilSensors,arg,LATUAN,Zamboanga City,9,2014-05-28,False,True
1395,"CALATRAVA MUNICIPAL HALL, CALATRAVA, Negros Occidental",10.593596,123.479226,Philippines,DOST-ASTI PhilSensors,arg,CALATRAVA,Negros Occidental,6,2014-06-25,False,True
1240,"CABONEGRO REPEATER STATION, TOLOSA, Zamboanga City",7.107967,122.119683,Philippines,DOST-ASTI PhilSensors,arg,TOLOSA,Zamboanga City,9,2014-03-25,False,True
1678,"POBLACION SALVADOR, SALVADOR, LANAO DEL NORTE",7.90378,123.84068,Philippines,DOST-ASTI PhilSensors,arg,SALVADOR,LANAO DEL NORTE,10,2015-11-10,False,True
1241,"DULIAN, UPPER BUNGIAO, Zamboanga City",7.151767,122.1784,Philippines,DOST-ASTI PhilSensors,arg,UPPER BUNGIAO,Zamboanga City,9,2014-03-26,False,True
445,"VICTORIA, VICTORIA, Laguna",14.2017029,121.357056,Philippines,DOST-ASTI PhilSensors,arg,VICTORIA,Laguna,4-A,2013-06-09,False,True
1306,"ANILAO, ANILAO, Iloilo",10.97924,122.75047,Philippines,DOST-ASTI PhilSensors,arg,ANILAO,Iloilo,6,2014-05-08,False,True
1776,"TONGONAN ELEMENTARY SCHOOL, BRGY. TONGONAN, KANANGA, Leyte",11.131277,124.641172,Philippines,DOST-ASTI PhilSensors,arg,KANANGA,Leyte,8,2016-03-29,False,True
1539,"LAOANG MUNICIPAL BUILDING, LAOANG, Northern Samar",12.570056,125.010389,Philippines,DOST-ASTI PhilSensors,arg,LAOANG,Northern Samar,8,2014-10-23,False,True
2006,"MAINIT ELEMENTARY SCHOOL, Naga City, Cebu",10.216119,123.730239,Philippines,DOST-ASTI PhilSensors,arg,Naga City,Cebu,7,2016-06-19,False,True
205,"BARANGAY PARASAN, MOLAVE, Zamboanga del Sur",8.0976,123.486,Philippines,DOST-ASTI PhilSensors,arg,MOLAVE,Zamboanga del Sur,9,2013-01-29,False,True
1680,"BRGY. UBAY, LABASON, Zamboanga del Norte",8.008933,122.524488,Philippines,DOST-ASTI PhilSensors,arg,LABASON,Zamboanga del Norte,9,2015-11-10,False,True
2222,"DAKUNG PATAG NATIONAL HIGH SCHOOL, BRGY. DAKUNG PATAY, SISON, Surigao del Norte",9.63665,125.517617,Philippines,DOST-ASTI PhilSensors,arg,SISON,Surigao del Norte,13,2017-07-10,False,True
1242,"BUNGUIA, BUNGUIA, Zamboanga City",7.132498,122.137245,Philippines,DOST-ASTI PhilSensors,arg,BUNGUIA,Zamboanga City,9,2014-03-26,False,True
1902,"BARANGAY DIMASARI, PALANAN, Isabela",17.07972,122.41656,Philippines,DOST-ASTI PhilSensors,arg,PALANAN,Isabela,2,2016-06-16,False,True
591,"LORETO MUNICIPAL HALL, LORETO, Agusan del Sur",8.185955,125.853157,Philippines,DOST-ASTI PhilSensors,arg,LORETO,Agusan del Sur,13,2013-07-09,False,True
2185,"BRGY. BUNGA ELEMENTARY SCHOOL, BUNGA, DON SALVADOR BENEDICTO, NEGROS OCCIDENTAL",10.5413201,123.2490921,Philippines,DOST-ASTI PhilSensors,arg,DON SALVADOR BENEDICTO,NEGROS OCCIDENTAL,6,2017-05-08,False,True
1605,"SANTILLAN ST, NAVOTAS, Metro Manila",14.66544,120.94254,Philippines,DOST-ASTI PhilSensors,arg,NAVOTAS,Metro Manila,NCR,2014-11-20,False,True
2058,"SITIO BATO HABA, BRGY. MATATAL, MAIMBUNG, Sulu",5.94847,121.01693,Philippines,DOST-ASTI PhilSensors,arg,MAIMBUNG,Sulu,9,2016-12-06,False,True
1989,"STO NIÑO CHURCH, BRGY. HANOPOL ESTE, Balilihan, Bohol",9.79197,124.04798,Philippines,DOST-ASTI PhilSensors,arg,Balilihan ,Bohol,7,2016-08-25,False,True
517,"BRGY. TANAWAN, KABANKALAN CITY, Negros Occidental",9.965556,122.903544,Philippines,DOST-ASTI PhilSensors,arg,KABANKALAN CITY,Negros Occidental,6,2013-06-19,False,True
547,"CATUBIG MUNICIPAL BLDG., CATUBIG, Northern Samar",12.342861,125.034333,Philippines,DOST-ASTI PhilSensors,arg,CATUBIG,Northern Samar,8,2013-07-04,False,True
146,"DALANDANAN, VALENZUELA CITY, Metro Manila",14.69871,120.96037,Philippines,DOST-ASTI PhilSensors,arg,VALENZUELA CITY,Metro Manila,NCR,2012-03-25,False,True
607,"DON FLAVIA, SAN LUIS, Agusan del Sur",8.6283,125.7394,Philippines,DOST-ASTI PhilSensors,arg,SAN LUIS,Agusan del Sur,13,2013-07-11,False,True
1077,"QUEZON, BALINGASAG, Misamis Oriental",8.770183,124.827585,Philippines,DOST-ASTI PhilSensors,arg,BALINGASAG,Misamis Oriental,10,2013-11-28,False,True
648,"BRGY. BINACAG, BANNA, Ilocos Norte",17.922075,120.635764,Philippines,DOST-ASTI PhilSensors,arg,BANNA,Ilocos Norte,1,2013-07-10,False,True
914,"STA CATALINA ELEMENTARY SCHOOL IBABA, ATIMONAN, Quezon",14.01588,121.81715,Philippines,DOST-ASTI PhilSensors,arg,ATIMONAN,Quezon,4-A,2013-06-24,False,True
812,"SAN LORENZO RUIZ RESETTLEMENT ES COMPOUND, BRGY. MATACONG, SAN LORENZO RUIZ, Camarines Norte",14.008617,122.849617,Philippines,DOST-ASTI PhilSensors,arg,SAN LORENZO RUIZ,Camarines Norte,5,2013-08-20,False,True
143,"QCPU-IDP, QUEZON CITY, Metro Manila",14.70035,121.03185,Philippines,DOST-ASTI PhilSensors,arg,QUEZON CITY,Metro Manila,NCR,2012-12-31,False,True
2095,"BRGY. IGTUBLE, Tubungan, Iloilo",10.8247862,122.2686777,Philippines,DOST-ASTI PhilSensors,arg,Tubungan,Iloilo,6,2016-02-03,False,True
2030,"KIOGAM ELEM. SCHOOL, GLAN, Sarangani",5.81275465,125.2428342,Philippines,DOST-ASTI PhilSensors,arg,GLAN,Sarangani,12,2016-10-26,False,True
2097,"POBLACION GLAN, GLAN, Sarangani",5.821788,125.204844,Philippines,DOST-ASTI PhilSensors,arg,GLAN,Sarangani,12,2016-10-17,False,True
1698,"BRGY. BOHE YAWAS, LAMITAN CITY, Basilan",6.63754,122.09657,Philippines,DOST-ASTI PhilSensors,arg,LAMITAN CITY,Basilan,BARMM,2015-12-16,False,True
627,"MAGALLANES, MAGALLANES, Cavite",14.17002,120.71764,Philippines,DOST-ASTI PhilSensors,arg,MAGALLANES,Cavite,4-A,2013-07-12,False,True
2669,"SAN JUAN - CEST, PANUKULAN, QUEZON",14.93245,121.81564,Philippines,DOST-ASTI PhilSensors,arg,PANUKULAN,QUEZON,4-A,2018-12-31,False,True
535,"BRGY DOLORES, PINABACDAO, Samar",11.589,124.992333,Philippines,DOST-ASTI PhilSensors,arg,PINABACDAO,Samar,8,2013-07-03,False,True
149,"BRGY. KUMINTANG, BATANGAS CITY, Batangas",13.7733,121.0619,Philippines,DOST-ASTI PhilSensors,arg,BATANGAS CITY,Batangas,4-A,2011-08-15,False,True
2237,"SIGAY MUNICIPAL HALL, SIGAY, Ilocos Sur",17.07948,120.60973,Philippines,DOST-ASTI PhilSensors,arg,SIGAY,Ilocos Sur,1,2017-08-13,False,True
139,"PSU-INFANTA CAMPUS, INFANTA, PANGASINAN",15.8472,119.956781,Philippines,DOST-ASTI PhilSensors,arg,INFANTA,PANGASINAN,1,2012-12-06,False,True
2034,"BRGY. DAGUPAN, LAL-LO, Cagayan",18.18416,121.75446,Philippines,DOST-ASTI PhilSensors,arg,LAL-LO,Cagayan,2,2016-08-01,False,True
1471,"MUNICIPAL HALL COMPOUND, BRGY. 2, ROXAS CITY, PALAWAN",10.320287,119.342677,Philippines,DOST-ASTI PhilSensors,arg,ROXAS CITY,PALAWAN,4-B,2014-07-14,False,True
1160,"BRGY. BUENAVISTA, MULANAY, Quezon",13.52562,122.43459,Philippines,DOST-ASTI PhilSensors,arg,MULANAY,Quezon,4-A,2014-01-16,False,True
612,"PANANGAN, LA PAZ, Agusan del Sur",8.2798,125.8066,Philippines,DOST-ASTI PhilSensors,arg,LA PAZ,Agusan del Sur,13,2013-07-11,False,True
1083,"TUBURAN POLICE STATION, TUBURAN, Basilan",6.59934,122.21589,Philippines,DOST-ASTI PhilSensors,arg,TUBURAN,Basilan,BARMM,2013-11-27,False,True
2585,"BARANGAY HALL, SAN VICENTE-CEST, Brgy. San Vicente, General Luna, Quezon",13.6811,122.19952,Philippines,DOST-ASTI PhilSensors,arg,General Luna,Quezon,4-A,2018-08-06,False,True
93,"EASTERN SAMAR STATE UNIVERSITY, CAN-AVID, Eastern Samar",11.995847,125.443259,Philippines,DOST-ASTI PhilSensors,arg,CAN-AVID,Eastern Samar,8,2011-09-03,False,True
538,"SLSU - HINUNANGAN CAMPUS, HINUNANGAN, SOUTHERN LEYTE",10.40387778,125.18893889,Philippines,DOST-ASTI PhilSensors,arg,HINUNANGAN,SOUTHERN LEYTE,8,2013-07-02,False,True
1765,"BAGACAY ELEMENTARY SCHOOL, ORAS, Eastern Samar",12.14289,125.43684,Philippines,DOST-ASTI PhilSensors,arg,ORAS,Eastern Samar,8,2016-03-21,False,True
314,"BRGY. ROGONGON, ILIGAN CITY, LANAO DEL NORTE",8.232697,124.419372,Philippines,DOST-ASTI PhilSensors,arg,ILIGAN CITY,LANAO DEL NORTE,10,2013-02-11,False,True
1288,"STA.MARIA MUNICIPAL HALL, STA.MARIA, Davao del Sur",6.555313,125.470199,Philippines,DOST-ASTI PhilSensors,arg,STA.MARIA,Davao del Sur,11,2014-03-10,False,True
680,"NAPO, SAN JUAN, Siquijor",9.144722,123.516944,Philippines,DOST-ASTI PhilSensors,arg,SAN JUAN,Siquijor,7,2013-07-10,False,True
1518,"MUNICIPAL GROUNDS ALANG-ALANG, ALANG - ALANG, Leyte",11.206944,124.846944,Philippines,DOST-ASTI PhilSensors,arg,ALANG - ALANG,Leyte,8,2014-08-10,False,True
147,"CAVITE STATE UNIVERSITY, INDANG, Cavite",14.187356,120.883477,Philippines,DOST-ASTI PhilSensors,arg,INDANG,Cavite,4-A,2011-08-14,False,True
601,"SAN FRANCISCO, CAMOTES, Cebu",10.637861,124.374583,Philippines,DOST-ASTI PhilSensors,arg,CAMOTES,Cebu,7,2013-07-10,False,True
982,"MARIBO MADIAR, LUMBA-BAYABAO, Lanao del Sur",7.864167,124.371333,Philippines,DOST-ASTI PhilSensors,arg,LUMBA-BAYABAO,Lanao del Sur,BARMM,2013-11-08,False,True
843,"QUEZON CITY SCIENCE HIGH SCHOOL, QUEZON CITY, Metro Manila",14.658764,121.029955,Philippines,DOST-ASTI PhilSensors,arg,QUEZON CITY,Metro Manila,NCR,2013-08-07,False,True
540,"POBLACION IBABAO, PINTUYAN, Southern Leyte",9.943261,125.249692,Philippines,DOST-ASTI PhilSensors,arg,PINTUYAN,Southern Leyte,8,2013-07-03,False,True
1756,"CAMIAS ELEMENTARY SCHOOL, PORAC, Pampanga",15.048333,120.452778,Philippines,DOST-ASTI PhilSensors,arg,PORAC,Pampanga,3,2016-03-20,False,True
1609,"TACURONG, TACURONG, Sultan Kudarat",6.6922,124.6757,Philippines,DOST-ASTI PhilSensors,arg,TACURONG,Sultan Kudarat,12,2015-03-03,False,True
1607,"KALAMANSIG, KALAMANSIG, Sultan Kudarat",6.55588464,124.05059809,Philippines,DOST-ASTI PhilSensors,arg,KALAMANSIG,Sultan Kudarat,12,2015-03-01,False,True
1600,"ESPERANZA, ESPERANZA, Sultan Kudarat",6.7214,124.5192,Philippines,DOST-ASTI PhilSensors,arg,ESPERANZA,Sultan Kudarat,12,2014-12-17,False,True
2495,"JOMALIG-CEST, JOMALIG, QUEZON",14.69484,122.33076,Philippines,DOST-ASTI PhilSensors,arg,JOMALIG,QUEZON,4-A,2018-04-29,False,True
643,"BULUAN MUNICIPAL HALL, BULUAN, Maguindanao",6.71265,124.79601,Philippines,DOST-ASTI PhilSensors,arg,BULUAN,Maguindanao,BARMM,2013-07-14,False,True
1615,"GAMAY MUNICIPAL GROUND, GAMAY, Northern Samar",12.385294,125.298303,Philippines,DOST-ASTI PhilSensors,arg,GAMAY,Northern Samar,8,2015-04-13,False,True
1244,"TABU-TABU BMS, LA PAZ, Zamboanga City",7.072498,122.023727,Philippines,DOST-ASTI PhilSensors,arg,LA PAZ,Zamboanga City,9,2014-03-27,False,True
24,"MADALAG PLAZA POBLACION, MADALAG, Aklan",11.526,122.307,Philippines,DOST-ASTI PhilSensors,arg,MADALAG,Aklan,6,2011-03-06,False,True
142,"PROVINCIAL AGRICULTURE NURSERY COMPOUND, MATI CITY, Davao Oriental",6.966671,126.253176,Philippines,DOST-ASTI PhilSensors,arg,MATI CITY,Davao Oriental,11,2012-07-02,False,True
385,"DIADI MUNICIPAL HALL, DIADI, Nueva Vizcaya",16.66108333,121.3694722,Philippines,DOST-ASTI PhilSensors,arg,DIADI ,Nueva Vizcaya,2,2013-05-06,False,True
682,"NEGROS ORIENTAL STATE UNIVERSITY BAJUMPANDAN CAMPUS, DUMAGUETE, Negros Oriental",9.2799,123.2808,Philippines,DOST-ASTI PhilSensors,arg,DUMAGUETE,Negros Oriental,7,2013-07-12,False,True
2682,"BUENAVISTA, QUEZON",13.80262721,122.32123586,Philippines,DOST-ASTI PhilSensors,arg,,QUEZON,4-A,2009-12-31,False,True
1966,"LABOY, MATNOG, Sorsogon",12.66094,123.99634,Philippines,DOST-ASTI PhilSensors,arg,MATNOG,Sorsogon,5,2016-07-31,False,True
1166,"MARAWI CITY HALL, MARAWI CITY, LANAO DEL SUR",8.001167,124.284667,Philippines,DOST-ASTI PhilSensors,arg,MARAWI CITY,LANAO DEL SUR,BARMM,2013-11-06,False,True
697,"CITY SPORTS COMPLEX, ANGELES CITY, Pampanga",15.136,120.616,Philippines,DOST-ASTI PhilSensors,arg,ANGELES CITY,Pampanga,3,2013-07-19,False,True
1575,"SUKAILANG, SURIGAO CITY ELEMENTARY SCHOOL, Surigao del Norte",9.671635,125.503878,Philippines,DOST-ASTI PhilSensors,arg,SURIGAO CITY ELEMENTARY SCHOOL,Surigao del Norte,13,2014-11-18,False,True
1428,"SAN TEODORO - POBLACION, SAN TEODORO, ORIENTAL MINDORO",13.433333,121.016747,Philippines,DOST-ASTI PhilSensors,arg,SAN TEODORO,ORIENTAL MINDORO,4-B,2014-07-01,False,True
1328,"KABUGAO, KABUGAO, Apayao",18.014998,121.183506,Philippines,DOST-ASTI PhilSensors,arg,KABUGAO,Apayao,CAR,2014-05-27,False,True
1868,"SAN SALVADOR, BARAS, Rizal",14.57203,121.27084,Philippines,DOST-ASTI PhilSensors,arg,BARAS,Rizal,4-A,2016-05-17,False,True
483,"BARAS, BARAS, Rizal",14.55369,121.2858,Philippines,DOST-ASTI PhilSensors,arg,BARAS,Rizal,4-A,2013-06-05,False,True
1745,"MALVAR, NAUJAN, Oriental Mindoro",13.22194444,121.1880556,Philippines,DOST-ASTI PhilSensors,arg,NAUJAN,Oriental Mindoro,4-B,2016-03-15,False,True
1296,"ALICIA MUNICIPAL HALL, ALICIA, Bohol",9.9,124.45,Philippines,DOST-ASTI PhilSensors,arg,ALICIA,Bohol,7,2014-03-27,False,True
1876,"BRGY. SOLONG, SAN MIGUEL, Catanduanes",13.65189,124.29947,Philippines,DOST-ASTI PhilSensors,arg,SAN MIGUEL,Catanduanes,5,2016-05-10,False,True
1169,"IMELDA, IMELDA, Zamboanga Sibugay",7.643833,122.931317,Philippines,DOST-ASTI PhilSensors,arg,IMELDA,Zamboanga Sibugay,9,2014-01-21,False,True
1247,"BRGY. SAN ISIDRO - MINOLO PIER, PUERTO GALERA, ORIENTAL MINDORO",13.505789,120.917063,Philippines,DOST-ASTI PhilSensors,arg,PUERTO GALERA,ORIENTAL MINDORO,4-B,2014-04-14,False,True
1121,"KIDAPAWAN CITY HALL, KIDAPAWAN, COTABATO",7.008533,125.091103,Philippines,DOST-ASTI PhilSensors,arg,KIDAPAWAN,COTABATO,12,2013-12-09,False,True
1454,"MDRRM OFFICE, SAN ISIDRO, Davao Oriental",6.836565,126.091894,Philippines,DOST-ASTI PhilSensors,arg,SAN ISIDRO,Davao Oriental,11,2014-04-29,False,True
1189,"SIAY, SIAY, Zamboanga Sibugay",7.70975,122.867416,Philippines,DOST-ASTI PhilSensors,arg,SIAY,Zamboanga Sibugay,9,2014-02-17,False,True
1845,"INTERVILLE III, CALOOCAN CITY, Metro Manila",14.73055,121.02751,Philippines,DOST-ASTI PhilSensors,arg,CALOOCAN CITY,Metro Manila,NCR,2016-04-18,False,True
1962,"COGON BACACA ELEMENTARY SCHOOL, KIBLAWAN, Davao del Sur",6.53412,125.24953,Philippines,DOST-ASTI PhilSensors,arg,KIBLAWAN,Davao del Sur,11,2016-06-08,False,True
221,"ALFONSO CASTANEDA MUNICIPAL GROUNDS, ALFONSO CASTANEDA, Nueva Vizcaya",15.7935,121.3029722,Philippines,DOST-ASTI PhilSensors,arg,ALFONSO CASTANEDA,Nueva Vizcaya,2,2012-05-16,False,True
1828,"BARAS, BACO, Oriental Mindoro",13.376683333333334,121.02301666666666,Philippines,DOST-ASTI PhilSensors,arg,BACO,Oriental Mindoro,4-B,2016-06-02,False,True
17,"ALANGILAN-IDP, BACOLOD CITY, Negros Occidental",10.6614,123.079,Philippines,DOST-ASTI PhilSensors,arg,BACOLOD CITY,Negros Occidental,6,2011-02-07,False,True
1259,"SANGALI, ZAMBOANGA CITY, Zamboanga City",7.078683,122.213683,Philippines,DOST-ASTI PhilSensors,arg,ZAMBOANGA CITY,Zamboanga City,9,2014-04-09,False,True
2045,"SIRAWAI PROPER, SIRAWAI, Zamboanga del Norte",7.583348,122.133606,Philippines,DOST-ASTI PhilSensors,arg,SIRAWAI,Zamboanga del Norte,9,2016-11-27,False,True
451,"SABLAN MUNICIPAL HALL, POBLACION, SABLAN, Benguet",16.4977,120.4866,Philippines,DOST-ASTI PhilSensors,arg,SABLAN,Benguet,CAR,2013-05-22,False,True
2618,"LIMASAWA MUNICIPAL HALL (ROOFTOP), LIMASAWA, LIMASAWA",9.916866,125.07306,Philippines,DOST-ASTI PhilSensors,arg,,LIMASAWA,8,2018-12-02,False,True
23,"BRGY. CODINGLE, DUMARAO, Capiz",11.2517,122.676,Philippines,DOST-ASTI PhilSensors,arg,DUMARAO,Capiz,6,2011-03-07,False,True
1102,"TINOC, TINOC, IFUGAO",16.68404,120.93119,Philippines,DOST-ASTI PhilSensors,arg,TINOC,IFUGAO,CAR,2013-12-09,False,True
470,"KIANGAN MUNICIPAL HALL, KIANGAN, Ifugao",16.77655,121.08703,Philippines,DOST-ASTI PhilSensors,arg,KIANGAN,Ifugao,CAR,2013-07-18,False,True
1378,"BANGAAN, BANAUE, Ifugao",16.90967,121.130421,Philippines,DOST-ASTI PhilSensors,arg,BANAUE,Ifugao,CAR,2014-06-18,False,True
1802,"BRGY. PAYAC, BANGUI, Ilocos Norte",18.4866,120.72041,Philippines,DOST-ASTI PhilSensors,arg,BANGUI,Ilocos Norte,1,2016-04-20,False,True
442,"LAUREL, LAUREL, Batangas",14.05038,120.93304,Philippines,DOST-ASTI PhilSensors,arg,LAUREL,Batangas,4-A,2013-05-27,False,True
857,"HAGONOY MUNICIPAL HALL, HAGONOY, Davao del Sur",6.688573,125.297676,Philippines,DOST-ASTI PhilSensors,arg,HAGONOY,Davao del Sur,11,2013-08-22,False,True
1327,"LA PAZ ELEMENTARY SCHOOL, NUEVA VALENCIA, Guimaras",10.421683,122.5259,Philippines,DOST-ASTI PhilSensors,arg,NUEVA VALENCIA,Guimaras,6,2014-05-29,False,True
134,"KORONADAL CITY, KORONADAL CITY, South Cotabato",6.476667,124.862778,Philippines,DOST-ASTI PhilSensors,arg,KORONADAL CITY,South Cotabato,12,2012-08-27,False,True
204,"ALIMODIAN, ALIMODIAN, Iloilo",10.816667,122.433333,Philippines,DOST-ASTI PhilSensors,arg,ALIMODIAN,Iloilo,6,2012-12-31,False,True
2166,"BRGY. HALL MULAO, BRGY. MULAO, LILO-AN, Cebu",10.465058,123.951494,Philippines,DOST-ASTI PhilSensors,arg,LILO-AN,Cebu,7,2017-03-26,False,True
1109,"ARAKAN, ARAKAN, COTABATO",7.352584,125.128624,Philippines,DOST-ASTI PhilSensors,arg,ARAKAN,COTABATO,12,2013-12-09,False,True
542,"SAN VICENTE, TOLOSA, Leyte",11.039583,124.997472,Philippines,DOST-ASTI PhilSensors,arg,TOLOSA,Leyte,8,2013-07-09,False,True
164,"BRGY. MAHINHIN - IDP, BOAC, MARINDUQUE",13.44257,121.94518,Philippines,DOST-ASTI PhilSensors,arg,BOAC,MARINDUQUE,4-B,2012-05-30,False,True
1420,"SIHI ELEMENTARY SCHOOL, BUENAVISTA, MARINDUQUE",13.267633,121.99545,Philippines,DOST-ASTI PhilSensors,arg,BUENAVISTA,MARINDUQUE,4-B,2014-06-30,False,True
105,"BUENAVISTA MUNICIPAL HALL GUIMARAS, BUENAVISTA, Guimaras",10.698267,122.648033,Philippines,DOST-ASTI PhilSensors,arg,BUENAVISTA,Guimaras,6,2011-08-16,False,True
1167,"TALAYAN MUNICIPAL HALL, TALAYAN, Maguindanao",6.984333,124.35605,Philippines,DOST-ASTI PhilSensors,arg,TALAYAN,Maguindanao,BARMM,2013-11-20,False,True
1319,"VILLAVICIOSA, VILLAVICIOSA, Abra",17.4381,120.6249,Philippines,DOST-ASTI PhilSensors,arg,VILLAVICIOSA,Abra,CAR,2014-05-15,False,True
89,"PSTC SOUTHERN LEYTE-IDP, MAASIN, Southern Leyte",10.298583,124.832667,Philippines,DOST-ASTI PhilSensors,arg,MAASIN,Southern Leyte,8,2013-01-13,False,True
1435,"MANGUYANG ELEMENTARY SCHOOL, GLORIA, Oriental Mindoro",12.983261,121.466712,Philippines,DOST-ASTI PhilSensors,arg,GLORIA,Oriental Mindoro,4-B,2014-07-07,False,True
1146,"BALBALAN, BALBALAN, Kalinga",17.501477,121.200484,Philippines,DOST-ASTI PhilSensors,arg,BALBALAN,Kalinga,CAR,2013-12-16,False,True
602,"POLO DITSAAN, RAMAIN, Lanao del Sur",7.968667,124.343417,Philippines,DOST-ASTI PhilSensors,arg,RAMAIN,Lanao del Sur,BARMM,2013-07-10,False,True
576,"IMPALUTAO, IMPASUG-ONG, Bukidnon",8.252152,125.028042,Philippines,DOST-ASTI PhilSensors,arg,IMPASUG-ONG,Bukidnon,10,2013-07-04,False,True
1568,"QUEZON, SURIGAO CITY, Surigao del Norte",9.72303,125.506084,Philippines,DOST-ASTI PhilSensors,arg,SURIGAO CITY,Surigao del Norte,13,2014-11-18,False,True
1107,"MAGPET, MAGPET, Cotabato",7.104551,125.126145,Philippines,DOST-ASTI PhilSensors,arg,MAGPET,Cotabato,12,2013-12-09,False,True
556,"BRGY. CAMINGAWAN, KABANKALAN CITY, Negros Occidental",9.846317,122.891936,Philippines,DOST-ASTI PhilSensors,arg,KABANKALAN CITY,Negros Occidental,6,2013-06-20,False,True
2433,"BRGY. BUBO, PIAGAPO, Lanao del Sur",8.01072,124.237376,Philippines,DOST-ASTI PhilSensors,arg,PIAGAPO,Lanao del Sur,BARMM,2018-02-18,False,True
1778,"BRGY. NAGCULLOOBAN, SINAIT, Ilocos Sur",17.85241,120.51179,Philippines,DOST-ASTI PhilSensors,arg,SINAIT,Ilocos Sur,1,2016-04-06,False,True
1400,"BRGY. GARGATO, HINIGARAN, Negros Occidental",10.2817299,122.8509799,Philippines,DOST-ASTI PhilSensors,arg,HINIGARAN,Negros Occidental,6,2014-06-25,False,True
51,"CVAARD COMPLEX ISUE CHAGUE, ECHAGUE, Isabela",16.716667,121.683333,Philippines,DOST-ASTI PhilSensors,arg,ECHAGUE,Isabela,2,2011-06-15,False,True
589,"SAN VICENTE PROSPERIDAD, PROSPERIDAD, AGUSAN DEL SUR",8.541097,125.857987,Philippines,DOST-ASTI PhilSensors,arg,PROSPERIDAD,AGUSAN DEL SUR,13,2013-07-09,False,True
1674,"BRGY. KAHAYAGAN, KAPATAGAN, Lanao del Norte",7.91788,123.67923,Philippines,DOST-ASTI PhilSensors,arg,KAPATAGAN,Lanao del Norte,10,2015-11-09,False,True
2668,"QUEZON MUNICIPAL HALL-CEST, QUEZON, QUEZON",14.006507,122.182228,Philippines,DOST-ASTI PhilSensors,arg,QUEZON,QUEZON,4-A,2018-12-05,False,True
1164,"BRGY PAKIING, MULANAY, Quezon",13.47446,122.50668,Philippines,DOST-ASTI PhilSensors,arg,MULANAY,Quezon,4-A,2014-01-21,False,True
2786,"BRGY. TONGOHIN, SLSU, Brgy. Tongohin, INFANTA, QUEZON",14.71394,121.62193,Philippines,DOST-ASTI PhilSensors,arg,INFANTA,QUEZON,4-A,2020-09-02,False,True
554,"BRGY. ORINGAO, KABANKALAN CITY, Negros Occidental",9.909603,122.859944,Philippines,DOST-ASTI PhilSensors,arg,KABANKALAN CITY,Negros Occidental,6,2013-06-19,False,True
2785,"DATU BLAH MUNICIPAL HALL, DATU BLAH, Maguindanao",7.06793,124.019267,Philippines,DOST-ASTI PhilSensors,arg,DATU BLAH,Maguindanao,BARMM,2020-08-09,False,True
88,"BRGY CATANING-IDP, BALANGA, Bataan",14.659917,120.493917,Philippines,DOST-ASTI PhilSensors,arg,BALANGA,Bataan,3,2012-05-16,False,True
1683,"BRGY. GALA, OZAMIZ, MISAMIS OCCIDENTAL",8.15677,123.71805,Philippines,DOST-ASTI PhilSensors,arg,OZAMIZ,MISAMIS OCCIDENTAL,10,2015-11-11,False,True
1587,"MAITUM, MAITUM, Sarangani",6.06126,124.49532,Philippines,DOST-ASTI PhilSensors,arg,MAITUM,Sarangani,12,2014-09-23,False,True
1172,"SANGHANAN ES, SANGHAN ES, Zamboanga Sibugay",7.825538,122.785083,Philippines,DOST-ASTI PhilSensors,arg,SANGHAN ES,Zamboanga Sibugay,9,2014-01-23,False,True
1922,"IBABANG PALALE, TAYABAS, Quezon",14.04591,121.67495,Philippines,DOST-ASTI PhilSensors,arg,TAYABAS,Quezon,4-A,2016-06-12,False,True
396,"PAMPLONA MUNICIPAL HALL, PAMPLONA, Cagayan",18.463833,121.3405,Philippines,DOST-ASTI PhilSensors,arg,PAMPLONA,Cagayan,2,2013-05-29,False,True
1214,"BAGUMBAYAN, BAGUMBAYAN, Sultan Kudarat",6.53307,124.5637,Philippines,DOST-ASTI PhilSensors,arg,BAGUMBAYAN,Sultan Kudarat,12,2013-11-24,False,True
2064,"KUHAW BARANGAY HALL, TALIPAO, Sulu",5.99813,121.11985,Philippines,DOST-ASTI PhilSensors,arg,TALIPAO,Sulu,9,2016-12-07,False,True
580,"PSU-ALAMINOS CAMPUS, ALAMINOS, PANGASINAN",16.115516,119.966714,Philippines,DOST-ASTI PhilSensors,arg,ALAMINOS,PANGASINAN,1,2013-07-05,False,True
516,"KAWAYAN, KAWAYAN, Biliran",11.678786,124.356325,Philippines,DOST-ASTI PhilSensors,arg,KAWAYAN,Biliran,8,2013-07-01,False,True
1457,"TALAINGOD MUNICIPAL HALL, TALAINGOD, DAVAO DEL NORTE",7.631437,125.571777,Philippines,DOST-ASTI PhilSensors,arg,TALAINGOD,DAVAO DEL NORTE,11,2014-03-10,False,True
1173,"TIGUION NATIONAL HIGH SCHOOL, GASAN, Marinduque",13.33444,121.86129,Philippines,DOST-ASTI PhilSensors,arg,GASAN,Marinduque,4-B,2014-01-03,False,True
1263,"BRGY. KATIGAN KANLURAN, TAYABAS CITY, Quezon",14.04461,121.61782,Philippines,DOST-ASTI PhilSensors,arg,TAYABAS CITY,Quezon,4-A,2014-03-28,False,True
128,"BANSALAN PROVINCIAL NURSERY, BANSALAN, Davao del Sur",6.788167,125.207333,Philippines,DOST-ASTI PhilSensors,arg,BANSALAN,Davao del Sur,11,2011-08-01,False,True
2540,"GUIHALINAN ELEMENTARY SCHOOL, BRGY. JAVIER, BAROBO, SURIGAO DEL SUR",8.46799,126.07214,Philippines,DOST-ASTI PhilSensors,arg,BAROBO,SURIGAO DEL SUR,13,2014-12-31,False,True
98,"DOST V COMPOUND, LEGAZPI CITY, Albay",13.16725,123.75225,Philippines,DOST-ASTI PhilSensors,arg,LEGAZPI CITY,Albay,5,2012-02-15,False,True
642,"SAN FERNANDO MOTOR POOL, SAN FERNANDO, Pampanga",15.024636,120.702208,Philippines,DOST-ASTI PhilSensors,arg,SAN FERNANDO,Pampanga,3,2013-07-09,False,True
130,"BRGY DIGKILAAN, ILIGAN CITY, Lanao del Norte",8.246286,124.32335,Philippines,DOST-ASTI PhilSensors,arg,ILIGAN CITY,Lanao del Norte,10,2012-07-24,False,True
1403,"ECO PARK CENTER, DON SALVADOR BENEDICTO, NEGROS OCCIDENTAL",10.5787,123.2238,Philippines,DOST-ASTI PhilSensors,arg,DON SALVADOR BENEDICTO,NEGROS OCCIDENTAL,6,2014-06-25,False,True
1747,"BRGY. DUNGEG, Sta. Ana, Cagayan",18.444783,122.189619,Philippines,DOST-ASTI PhilSensors,arg,Sta. Ana,Cagayan,2,2015-12-15,False,True
1344,"BRGY. PAYANAS, TORRIJOS, Marinduque",13.3249,122.042,Philippines,DOST-ASTI PhilSensors,arg,TORRIJOS,Marinduque,4-B,2014-06-10,False,True
148,"BRGY. BUBUKAL-IDP, STA. CRUZ, Laguna",14.2558294,121.4080626,Philippines,DOST-ASTI PhilSensors,arg,STA. CRUZ,Laguna,4-A,2012-01-18,False,True
784,"PANAMAO MUNICIPAL HALL, PANAMAO, Sulu",5.980556,121.214167,Philippines,DOST-ASTI PhilSensors,arg,PANAMAO,Sulu,9,2013-07-30,False,True
1381,"SAGPAT ELEMENTARY SCHOOL, SAGPAT, KIBUNGAN, Benguet",16.66033,120.66123,Philippines,DOST-ASTI PhilSensors,arg,KIBUNGAN,Benguet,CAR,2014-06-19,False,True
94,"MARIANO MARCOS STATE UNIVERSITY, BATAC CITY, Ilocos Norte",18.054096,120.545656,Philippines,DOST-ASTI PhilSensors,arg,BATAC CITY,Ilocos Norte,1,2012-12-31,False,True
453,"KAPANGAN HEALTH CENTER, POBLACION, KAPANGAN, Benguet",16.5761,120.6072,Philippines,DOST-ASTI PhilSensors,arg,KAPANGAN,Benguet,CAR,2013-05-23,False,True
1586,"CUYO, CUYO, PALAWAN",10.851341,121.016528,Philippines,DOST-ASTI PhilSensors,arg,CUYO,PALAWAN,4-B,2015-01-19,False,True
1812,"CAHIL, CALACA, Batangas",14.03051,120.83488,Philippines,DOST-ASTI PhilSensors,arg,CALACA,Batangas,4-A,2016-02-21,False,True
618,"BIEN UNIDO, BIEN UNIDO, Bohol",10.133333,124.383333,Philippines,DOST-ASTI PhilSensors,arg,BIEN UNIDO,Bohol,7,2013-07-10,False,True
1292,"SAN QUINTIN, SAN QUINTIN, Abra",17.54322,120.51852,Philippines,DOST-ASTI PhilSensors,arg,SAN QUINTIN,Abra,CAR,2014-04-23,False,True
1580,"MUNICIPAL HALL COMPOUND, BROOKES POINT, Palawan",8.7744,117.8388,Philippines,DOST-ASTI PhilSensors,arg,BROOKES POINT,Palawan,4-B,2015-01-19,False,True
773,"QUEZON MUNICIPAL HALL, QUEZON, Nueva Vizcaya",16.48933333,121.2639167,Philippines,DOST-ASTI PhilSensors,arg,QUEZON,Nueva Vizcaya,2,2013-07-16,False,True
476,"TANUDAN, TANUDAN, Kalinga",17.292555,121.239391,Philippines,DOST-ASTI PhilSensors,arg,TANUDAN,Kalinga,CAR,2013-06-17,False,True
806,"BRGY. HALL ROOFDECK, DINAGA, NAGA, Camarines Sur",13.6210801,123.1856705,Philippines,DOST-ASTI PhilSensors,arg,NAGA,Camarines Sur,5,2013-08-04,False,True
1362,"RIZAL MUNICIPAL HALL, RIZAL, Cagayan",17.8459,121.3462,Philippines,DOST-ASTI PhilSensors,arg,RIZAL,Cagayan,2,2014-06-08,False,True
166,"PALAWAN STATE UNIVERSITY-QUEZON, QUEZON, Palawan",9.44623,118.392942,Philippines,DOST-ASTI PhilSensors,arg,QUEZON,Palawan,4-B,2012-04-28,False,True
1955,"MAGUISGUIS, BOTOLAN, Zambales",15.318611,120.063056,Philippines,DOST-ASTI PhilSensors,arg,BOTOLAN,Zambales,3,2016-07-10,False,True
1751,"BAGONG BUHAY ELEMENTARY SCHOOL, NAUJAN, Oriental Mindoro",13.207563,121.217608,Philippines,DOST-ASTI PhilSensors,arg,NAUJAN,Oriental Mindoro,4-B,2016-02-17,False,True
2422,"BRGY. BUGTONG NA TUOG, SOCCORO, Oriental Mindoro",13.065446,121.279942,Philippines,DOST-ASTI PhilSensors,arg,SOCCORO,Oriental Mindoro,4-B,2018-02-22,False,True
1099,"PANLIMA SUGALA, BONGAO, Tawi-tawi",5.0728519,119.8853958,Philippines,DOST-ASTI PhilSensors,arg,BONGAO,Tawi-tawi,BARMM,2013-12-03,False,True
698,"VICTORIA MUNICIPAL HALL, POBLALCION, VICTORIA, Tarlac",15.575972,120.681417,Philippines,DOST-ASTI PhilSensors,arg,"POBLALCION, VICTORIA",Tarlac,3,2013-07-20,False,True
1611,"NAGPAYONG HIGH SCHOOL, PASIG CITY, Metro Manila",14.54475,121.1022778,Philippines,DOST-ASTI PhilSensors,arg,PASIG CITY,Metro Manila,NCR,2015-03-08,False,True
2049,"BARANGAY BUCAL NORTE, DINAPIGUE, Isabela",16.54531,122.26274,Philippines,DOST-ASTI PhilSensors,arg,DINAPIGUE,Isabela,2,2016-11-29,False,True
821,"PIO VALENZUELA ELEMENTARY SCHOOL, VALENZUELA, Metro Manila",14.7062921,120.96037,Philippines,DOST-ASTI PhilSensors,arg,VALENZUELA,Metro Manila,NCR,2013-08-05,False,True
543,"NIA DAM, DISTRICT 6, DAGUITAN RIVER BURAUEN, Leyte",10.974444,124.9075,Philippines,DOST-ASTI PhilSensors,arg,"DISTRICT 6, DAGUITAN RIVER BURAUEN",Leyte,8,2013-07-04,False,True
2820,"TIBIAO ARG CEST, TIBIAO, ANTIQUE",11.333885,122.055987,Philippines,DOST-ASTI PhilSensors,arg,TIBIAO,ANTIQUE,6,2021-09-17,False,True
1837,"DENUYAN, SIAYAN, Zamboanga del Norte",8.26231,123.07259,Philippines,DOST-ASTI PhilSensors,arg,SIAYAN,Zamboanga del Norte,9,2016-09-13,False,True
2037,"PSTC MARINDUQUE, BOAC, Marinduque",13.440927,121.828078,Philippines,DOST-ASTI PhilSensors,arg,BOAC,Marinduque,4-B,2013-12-09,False,True
436,"STO. TOMAS, STO. TOMAS, Batangas",14.04496,121.18866,Philippines,DOST-ASTI PhilSensors,arg,STO. TOMAS,Batangas,4-A,2013-05-27,False,True
1991,"NARRA NATIONAL HIGH SCHOOL, BAYAWAN, Negros Oriental",9.45141,122.88283,Philippines,DOST-ASTI PhilSensors,arg,BAYAWAN,Negros Oriental,7,2016-08-25,False,True
1565,"BRGY. HAMIGUITAN, NASIPIT, Agusan del Norte",8.923813,125.343131,Philippines,DOST-ASTI PhilSensors,arg,NASIPIT,Agusan del Norte,13,2014-12-01,False,True
499,"QUEZON MUNICIPAL HALL, QUEZON, Bukidnon",7.715637,125.111389,Philippines,DOST-ASTI PhilSensors,arg,QUEZON,Bukidnon,10,2013-06-16,False,True
1308,"PATNONGON, PATNONGON, Antique",10.91422,121.99548,Philippines,DOST-ASTI PhilSensors,arg,PATNONGON,Antique,6,2014-05-07,False,True
1162,"LINDANG ELEMENTARY SCHOOL, DIPLAHAN, ZAMBOANGA SIBUGAY",7.729041,122.968693,Philippines,DOST-ASTI PhilSensors,arg,DIPLAHAN,ZAMBOANGA SIBUGAY,9,2014-01-20,False,True
1862,"REBONG, LAS NAVAS, Northern Samar",12.342149,125.03465,Philippines,DOST-ASTI PhilSensors,arg,LAS NAVAS,Northern Samar,8,2016-05-13,False,True
1432,"POTRERO ELEMENTARY SCHOOL, MALABON CITY, Metro Manila",14.66315,120.98349,Philippines,DOST-ASTI PhilSensors,arg,MALABON CITY,Metro Manila,NCR,2014-07-03,False,True
1202,"CULABA MUNICIPAL GROUND, CULABA, Biliran",11.655725,124.537859,Philippines,DOST-ASTI PhilSensors,arg,CULABA,Biliran,8,2014-01-16,False,True
748,"RIZAL TOWN HALL, RIZAL, Nueva Ecija",15.7054591,121.1044662,Philippines,DOST-ASTI PhilSensors,arg,RIZAL,Nueva Ecija,3,2013-07-23,False,True
22,"JOLO MUNICIPAL HALL, JOLO, Sulu",6.05425,121.002,Philippines,DOST-ASTI PhilSensors,arg,JOLO,Sulu,9,2011-02-22,False,True
2098,"STA. BARBARA, Iba, Zambales",15.335278,119.999167,Philippines,DOST-ASTI PhilSensors,arg,Iba,Zambales,3,2016-12-08,False,True
539,"INOLLNAN, SAN RICARDO, Southern Leyte",9.91113056,125.27643889,Philippines,DOST-ASTI PhilSensors,arg,SAN RICARDO,Southern Leyte,8,2013-07-03,False,True
1624,"LORETO, LORETO, Dinagat Islands",10.359604,125.578928,Philippines,DOST-ASTI PhilSensors,arg,LORETO,Dinagat Islands,13,2015-07-04,False,True
1562,"DINAGAT, DINAGAT, Dinagat Islands",9.954167,125.604433,Philippines,DOST-ASTI PhilSensors,arg,DINAGAT,Dinagat Islands,13,2014-06-09,False,True
1626,"LIBJO, LIBJO, Dinagat Islands",10.195108,125.533495,Philippines,DOST-ASTI PhilSensors,arg,LIBJO,Dinagat Islands,13,2015-07-04,False,True
1557,"SAN MIGUEL MUNICIPAL HALL, SAN MIGUEL, Bohol",9.89,124.33,Philippines,DOST-ASTI PhilSensors,arg,SAN MIGUEL,Bohol,7,2014-11-19,False,True
599,"POBLACION, ENRIQUE VILLANUEVA, Siquijor",9.275281,123.648139,Philippines,DOST-ASTI PhilSensors,arg,ENRIQUE VILLANUEVA,Siquijor,7,2013-07-08,False,True
431,"ARITAO DEMO FARM, ARITAO, Nueva Vizcaya",16.31197222,121.0433056,Philippines,DOST-ASTI PhilSensors,arg,ARITAO,Nueva Vizcaya,2,2013-05-07,False,True
731,"GOVERNOR GENEROSO, GOVERNOR GENEROSO, Davao Oriental",6.653412,126.072317,Philippines,DOST-ASTI PhilSensors,arg,GOVERNOR GENEROSO,Davao Oriental,11,2013-07-10,False,True
392,"ASIPULO, ASIPULO, Ifugao",16.7208,121.0692,Philippines,DOST-ASTI PhilSensors,arg,ASIPULO,Ifugao,CAR,2013-05-15,False,True
1525,"MT. ORO - ASTI, MT. ORO, Rizal",14.763161,121.159708,Philippines,DOST-ASTI PhilSensors,arg,MT. ORO,Rizal,4-A,2014-09-30,False,True
111,"JRMSU KATIPUNAN CAMPUS, KATIPUNAN, Zamboanga del Norte",8.50776,123.286968,Philippines,DOST-ASTI PhilSensors,arg,KATIPUNAN,Zamboanga del Norte,9,2012-03-28,False,True
1317,"SAN LORENZO MUNICIPAL HALL, SAN LORENZO, Guimaras",10.60925,122.690417,Philippines,DOST-ASTI PhilSensors,arg,SAN LORENZO,Guimaras,6,2014-05-19,False,True
2794,"BRGY. NASI, NASI, ROSARIO, BATANGAS",13.76,121.31,Philippines,DOST-ASTI PhilSensors,arg,ROSARIO,BATANGAS,4-A,2021-03-04,False,True
2821,"LAUAN ARG CEST, LAUA-AN, ANTIQUE",11.143114,122.041587,Philippines,DOST-ASTI PhilSensors,arg,LAUA-AN,ANTIQUE,6,2021-09-18,False,True
91,"NORTHWEST SAMAR STATE UNIVERSITY, CALBAYOG CITY, Samar",12.070278,124.595833,Philippines,DOST-ASTI PhilSensors,arg,CALBAYOG CITY,Samar,8,2011-09-12,False,True
1782,"POBLACION SUR-G.DEL PILAR, GREGORIO DEL PILAR, ILOCOS SUR",17.14817,120.60991,Philippines,DOST-ASTI PhilSensors,arg,GREGORIO DEL PILAR,ILOCOS SUR,1,2016-04-07,False,True
1406,"CAUAYAN BUS TERMINAL, CAUAYAN, NEGROS OCCIDENTAL",9.971275,122.617605,Philippines,DOST-ASTI PhilSensors,arg,CAUAYAN,NEGROS OCCIDENTAL,6,2014-06-25,False,True
1392,"VIRA, TINEG, Abra",17.721714,120.82195,Philippines,DOST-ASTI PhilSensors,arg,TINEG,Abra,CAR,2014-06-24,False,True
402,"AMULUNG MUNICIPAL DISASTER OPERATION CENTER, AMULUNG, Cagayan",17.836111,121.722778,Philippines,DOST-ASTI PhilSensors,arg,AMULUNG,Cagayan,2,2013-06-16,False,True
2801,"BRGY. LAQUIN - CEST, LAQUIN, LILIW, LAGUNA",14.094898,121.462715,Philippines,DOST-ASTI PhilSensors,arg,LILIW,LAGUNA,4-A,2021-06-15,False,True
1397,"BRGY. EUSTAQUIO LOPEZ, SILAY CITY, Negros Occidental",10.819117,123.039317,Philippines,DOST-ASTI PhilSensors,arg,SILAY CITY,Negros Occidental,6,2014-06-25,False,True
401,"ALLACAPAN MUNICIPAL HALL, ALLACAPAN, Cagayan",18.226111,121.555117,Philippines,DOST-ASTI PhilSensors,arg,ALLACAPAN,Cagayan,2,2013-05-28,False,True
1234,"HINUNDAYAN - MUNICIPAL PLAZA, HINUNDUYAN, Southern Leyte",10.351,125.253017,Philippines,DOST-ASTI PhilSensors,arg,HINUNDUYAN,Southern Leyte,8,2014-02-11,False,True
1383,"TOCMO, LOAKAN, ITOGON, Benguet",16.43047,120.65442,Philippines,DOST-ASTI PhilSensors,arg,ITOGON,Benguet,CAR,2014-06-22,False,True
1062,"MSU MAGUINDANAO, DATU ODIN SINSUAT, Maguindanao",7.008533,124.319433,Philippines,DOST-ASTI PhilSensors,arg,DATU ODIN SINSUAT,Maguindanao,BARMM,2013-11-19,False,True
92,"PSTC PALO - IDP, PALO, Leyte",11.178882,125.003715,Philippines,DOST-ASTI PhilSensors,arg,PALO,Leyte,8,2011-07-06,False,True
1298,"BUENAVISTA  MUNICIPAL HALL., BUENAVISTA, Bohol",10.066,124.133,Philippines,DOST-ASTI PhilSensors,arg,BUENAVISTA,Bohol,7,2014-03-27,False,True
2917,"STO. TOMAS MUNICIPAL GROUNDS, STO. TOMAS, DAVAO DEL NORTE",7.532877,125.622634,Philippines,DOST-ASTI PhilSensors,arg,STO. TOMAS,DAVAO DEL NORTE,11,2022-10-25,False,True
1618,"ZUMARAGA ELEMENTARY SCHOOL, ZUMARAGA, Samar",11.637882,124.842743,Philippines,DOST-ASTI PhilSensors,arg,ZUMARAGA,Samar,8,2015-03-23,False,True
2850,"BRGY. POTRERO MRF, POTRERO, MALABON CITY, METRO MANILA",14.670692,120.983149,Philippines,DOST-ASTI PhilSensors,arg,MALABON CITY,METRO MANILA,NCR,2021-11-25,False,True
2849,"DAMPALIT BARANGAY HALL, DAMPALIT, MALABON CITY, METRO MANILA",14.694317,120.932233,Philippines,DOST-ASTI PhilSensors,arg,MALABON CITY,METRO MANILA,NCR,2021-12-02,False,True
1171,"TUNGAWAN, TUNGAWAN, Zamboanga Sibugay",7.6014,122.421083,Philippines,DOST-ASTI PhilSensors,arg,TUNGAWAN,Zamboanga Sibugay,9,2014-02-06,False,True
1170,"TITAY, TITAY, Zamboanga Sibugay",7.866883,122.559483,Philippines,DOST-ASTI PhilSensors,arg,TITAY,Zamboanga Sibugay,9,2014-01-22,False,True
1994,"BOGO CENTRAL SCHOOL 1, BOGO CITY, Cebu",11.04595,124.003488,Philippines,DOST-ASTI PhilSensors,arg,BOGO CITY,Cebu,7,2016-08-11,False,True
2002,"BRGY. DAKIT, Bogo City, Cebu",11.0121,124.010278,Philippines,DOST-ASTI PhilSensors,arg, Bogo City,Cebu,7,2016-08-18,False,True
1496,"TABOGON CENTRAL SCHOOL, TABOGON, Cebu",10.9423,124.028099,Philippines,DOST-ASTI PhilSensors,arg,TABOGON,Cebu,7,2014-08-03,False,True
570,"ASSCAT, BRGY. SAN TEODORO, BUNAWAN, AGUSAN DEL SUR",8.168769,126.003745,Philippines,DOST-ASTI PhilSensors,arg,BUNAWAN,AGUSAN DEL SUR,13,2013-07-04,False,True
100,"RAUL S. ROCO LIBRARY, NAGA CITY, Camarines Sur",13.626854,123.198607,Philippines,DOST-ASTI PhilSensors,arg,NAGA CITY,Camarines Sur,5,2012-12-31,False,True
386,"SOLANO, SOLANO, Nueva Vizcaya",16.52280556,121.1926667,Philippines,DOST-ASTI PhilSensors,arg,SOLANO,Nueva Vizcaya,2,2013-05-06,False,True
1764,"LAPGAP, MAYDOLONG, Eastern Samar",11.47423,125.44763,Philippines,DOST-ASTI PhilSensors,arg,MAYDOLONG,Eastern Samar,8,2016-03-22,False,True
1499,"BRGY. PANAS, CONSOLACION, Cebu",10.446306,123.930639,Philippines,DOST-ASTI PhilSensors,arg,CONSOLACION,Cebu,7,2014-08-04,False,True
620,"ALEGRIA POBLACION, ALEGRIA, Cebu",9.732,123.340944,Philippines,DOST-ASTI PhilSensors,arg,ALEGRIA,Cebu,7,2013-07-11,False,True
515,"SULAT PUBLIC PLAZA, SULAT, Eastern Samar",11.81493,125.45303,Philippines,DOST-ASTI PhilSensors,arg,SULAT,Eastern Samar,8,2013-07-03,False,True
2022,"BRGY. JULITA, LIBACAO, Aklan",11.4759872,122.3200607,Philippines,DOST-ASTI PhilSensors,arg,LIBACAO,Aklan,6,2009-12-31,False,True
2523,"BRGY. POBLACION SITIO KATMON-CEST, BRGY. POBLACION SITIO KATMON, BURDEOS, Quezon",14.83897,121.96731,Philippines,DOST-ASTI PhilSensors,arg,BURDEOS,Quezon,4-A,2018-06-06,False,True
2347,"PANUNSULAN ELEMENTARY SCHOOL, ISABELA CITY, BASILAN",6.653408,121.990456,Philippines,DOST-ASTI PhilSensors,arg,ISABELA CITY,BASILAN,9,2017-09-11,False,True
2863,"NAGPAYONG HIGH SCHOOL II, PINAGBUHATAN, PASIG CITY, METRO MANILA",14.5447121551,121.102448053,Philippines,DOST-ASTI PhilSensors,arg,PASIG CITY,METRO MANILA,NCR,2022-03-03,False,True
1761,"CAPINAHAN ELEMENTARY SCHOOL, NAVAL, Biliran",11.578583,124.468917,Philippines,DOST-ASTI PhilSensors,arg,NAVAL,Biliran,8,2016-04-03,False,True
2864,"MT. BALABAG, RODRIGUEZ, RIZAL",14.820283,121.17385,Philippines,DOST-ASTI PhilSensors,arg,RODRIGUEZ,RIZAL,4-A,2022-03-13,False,True
1767,"DAMPIGAN ELEMENTARY SCHOOL, DOLORES, Eastern Samar",12.03284,125.44021,Philippines,DOST-ASTI PhilSensors,arg,DOLORES,Eastern Samar,8,2016-03-21,False,True
619,"PARANAS MUNICIPAL HALL, PARANAS, Samar",11.768889,125.0225,Philippines,DOST-ASTI PhilSensors,arg,PARANAS,Samar,8,2013-07-03,False,True
1671,"BRGY. TULA, ALUBIJID, Misamis Oriental",8.43365,124.41695,Philippines,DOST-ASTI PhilSensors,arg,ALUBIJID,Misamis Oriental,10,2015-11-04,False,True
1743,"BOBORINGAN ES, Luzvilla, Piñan, Zamboanga del Norte",8.32824,123.51099,Philippines,DOST-ASTI PhilSensors,arg,"Luzvilla, Piñan",Zamboanga del Norte,9,2016-02-16,False,True
1229,"BALUNO - LIMA ELEMENTARY SCHOOL, BALUNO, Zamboanga City",6.9957,122.015917,Philippines,DOST-ASTI PhilSensors,arg,BALUNO,Zamboanga City,9,2014-03-23,False,True
772,"BITNONG BRGY. HALL, DUPAX DEL NORTE, Nueva Vizcaya",16.294,121.17125,Philippines,DOST-ASTI PhilSensors,arg,DUPAX DEL NORTE,Nueva Vizcaya,2,2013-07-17,False,True
2662,"MOBO MUNICIPAL HALL, Mobo, Masbate",12.3351928,123.658264,Philippines,DOST-ASTI PhilSensors,arg,Mobo,Masbate,5,2019-02-05,False,True
458,"BUSCADA, BASEY, Samar",11.280933,125.066067,Philippines,DOST-ASTI PhilSensors,arg,BASEY,Samar,8,2013-07-03,False,True
1371,"BARREDO PMS, ZAMBOANGA CITY, Zamboanga City",7.135667,122.1017,Philippines,DOST-ASTI PhilSensors,arg,ZAMBOANGA CITY,Zamboanga City,9,2014-06-18,False,True
325,"CAMALANIUGAN POLICE STATION, CAMALANIUGAN, Cagayan",18.268056,121.683056,Philippines,DOST-ASTI PhilSensors,arg,CAMALANIUGAN,Cagayan,2,2013-01-09,False,True
50,"SABTANG MUNICIPAL GROUNDS, SABTANG, Batanes",20.333108,121.873333,Philippines,DOST-ASTI PhilSensors,arg,SABTANG,Batanes,2,2011-07-31,False,True
99,"CAMARINES NORTE STATE COLLEGES COMPOUND ROOFDECK, DAET, Camarines Norte",14.109626,122.956784,Philippines,DOST-ASTI PhilSensors,arg,DAET,Camarines Norte,5,2012-03-14,False,True
1281,"LICUAN-BAAY, BAAY, Abra",17.571259,120.901617,Philippines,DOST-ASTI PhilSensors,arg,BAAY,Abra,CAR,2014-02-17,False,True
1656,"BRGY. CAPASE, PRES. MANUEL ROXAS, Zamboanga del Norte",8.4485,123.2002,Philippines,DOST-ASTI PhilSensors,arg,PRES. MANUEL ROXAS,Zamboanga del Norte,9,2015-07-29,False,True
1804,"BRGY. QUIOM, BATAC CITY, Ilocos Norte",17.97987,120.57983,Philippines,DOST-ASTI PhilSensors,arg,BATAC CITY,Ilocos Norte,1,2016-04-20,False,True
252,"LGU COMPOUND - ILAGAN CITY, ILAGAN CITY, Isabela",17.15,121.883333,Philippines,DOST-ASTI PhilSensors,arg,ILAGAN CITY,Isabela,2,2012-05-30,False,True
1300,"TUBO, TUBO, Abra",17.25845,120.72466,Philippines,DOST-ASTI PhilSensors,arg,TUBO,Abra,CAR,2014-04-29,False,True
1325,"LATAP ELEM. SCHOOL, LIMPAPA, Zamboanga City",7.151882,121.909668,Philippines,DOST-ASTI PhilSensors,arg,LIMPAPA,Zamboanga City,9,2014-05-27,False,True
1781,"BRGY. MARATUDO, MAGSINGAL, Ilocos Sur",17.68398,120.49033,Philippines,DOST-ASTI PhilSensors,arg,MAGSINGAL,Ilocos Sur,1,2016-04-06,False,True
1071,"BRGY. VILLA CONCEPCION, CAUAYAN CITY, Isabela",16.839086,121.913472,Philippines,DOST-ASTI PhilSensors,arg,CAUAYAN CITY,Isabela,2,2013-08-05,False,True
1779,"BRGY. CARUSIPAN, CABUGAO, Ilocos Sur",17.77262,120.49695,Philippines,DOST-ASTI PhilSensors,arg,CABUGAO,Ilocos Sur,1,2016-04-06,False,True
970,"BRGY. DAYAP ITAAS, LAUREL, Batangas",14.05535,120.85189,Philippines,DOST-ASTI PhilSensors,arg,LAUREL,Batangas,4-A,2013-10-16,False,True
1118,"ALEOSAN MUNICIPAL HALL, ALEOSAN, COTABATO",7.158333,124.586667,Philippines,DOST-ASTI PhilSensors,arg,ALEOSAN,COTABATO,12,2013-11-25,False,True
67,"BULANAO, TABUK CITY, Kalinga",17.400676,121.439806,Philippines,DOST-ASTI PhilSensors,arg,TABUK CITY,Kalinga,CAR,2012-12-31,False,True
1564,"BUENAVISTA MUNICIPAL HALL, BUENAVISTA, Agusan del Sur",8.97455,125.40895,Philippines,DOST-ASTI PhilSensors,arg,BUENAVISTA,Agusan del Sur,13,2014-11-20,False,True
129,"PANABO, PANABO, Davao del Norte",7.32599,125.68346,Philippines,DOST-ASTI PhilSensors,arg,PANABO,Davao del Norte,11,2012-01-25,False,True
549,"MDRRMO, LUPON, Davao Oriental",6.898034,126.010952,Philippines,DOST-ASTI PhilSensors,arg,LUPON,Davao Oriental,11,2013-07-07,False,True
2175,"DAMILAG ELEMENTARY SCHOOL, Davao City, Davao City",7.33778,125.60837,Philippines,DOST-ASTI PhilSensors,arg,Davao City,Davao City,11,2009-12-31,False,True
2042,"BRGY. ANINIPAN, FLORA, Apayao",18.15464,121.45343,Philippines,DOST-ASTI PhilSensors,arg,FLORA,Apayao,CAR,2009-12-31,False,True
1864,"BAYANAN, BACO, Oriental Mindoro",13.339552,121.041739,Philippines,DOST-ASTI PhilSensors,arg,BACO,Oriental Mindoro,4-B,2016-05-26,False,True
1158,"ALMERIA CENTRAL SCHOOL, ALMERIA, BILIRAN",11.621975,124.37954444,Philippines,DOST-ASTI PhilSensors,arg,ALMERIA,BILIRAN,8,2014-01-15,False,True
1823,"PINAGTURILAN, SANTA CRUZ, OCCIDENTAL MINDORO",13.00239,120.84806,Philippines,DOST-ASTI PhilSensors,arg,SANTA CRUZ,OCCIDENTAL MINDORO,4-B,2016-02-17,False,True
414,"SAN MATEO MUNICIPAL HALL, SAN MATEO, Isabela",16.881111,121.586389,Philippines,DOST-ASTI PhilSensors,arg,SAN MATEO,Isabela,2,2013-05-27,False,True
2790,"MABINI ST, BRGY. MAALIW, MAALIW, PITOGO, QUEZON",13.78306,122.08804,Philippines,DOST-ASTI PhilSensors,arg,PITOGO,QUEZON,4-A,2020-06-05,False,True
1627,"BURGOS MUNICIPAL HALL, BURGOS, Surigao del Norte",10.019006,126.074074,Philippines,DOST-ASTI PhilSensors,arg,BURGOS,Surigao del Norte,13,2015-04-15,False,True
124,"DA ANIMAL BREEDING STATION, MAHINOG, Camiguin",9.157778,124.7875,Philippines,DOST-ASTI PhilSensors,arg,MAHINOG,Camiguin,10,2011-08-31,False,True
1482,"BRGY. MANAMBRAG, SAN ANDRES, Catanduanes",13.7337666,124.1080833,Philippines,DOST-ASTI PhilSensors,arg,SAN ANDRES,Catanduanes,5,2014-07-30,False,True
1181,"PSHS-CMC, BALOI, LANAO DEL NORTE",8.143854,124.201559,Philippines,DOST-ASTI PhilSensors,arg,BALOI,LANAO DEL NORTE,10,2013-12-10,False,True
966,"BAGBAGUIN, CALOOCAN, Metro Manila",14.72427,121.00273,Philippines,DOST-ASTI PhilSensors,arg,CALOOCAN,Metro Manila,NCR,2013-09-17,False,True
2029,"OLIVERIO ELEMENTARY SCHOOL, BRGY. ATLAE, MALUNGON, Sarangani",6.33642,125.22163,Philippines,DOST-ASTI PhilSensors,arg,MALUNGON,Sarangani,12,2017-01-09,False,True
2032,"BRGY. UPO, MAITUM, Sarangani",6.09735739,124.4786858,Philippines,DOST-ASTI PhilSensors,arg,MAITUM,Sarangani,12,2016-10-26,False,True
1359,"IVANA MUNICIPAL HALL, IVANA, Batanes",20.36726,121.91462,Philippines,DOST-ASTI PhilSensors,arg,IVANA,Batanes,2,2014-06-12,False,True
108,"NORSU GUIHULNGAN, GUIHULNGAN, Negros Oriental",10.13126,123.2796,Philippines,DOST-ASTI PhilSensors,arg,GUIHULNGAN,Negros Oriental,7,2012-12-31,False,True
624,"BRGY. BUNAKAN, BRGY. BUNAKAN, MADRIDEJOS, BANTAYAN ISL, Cebu",11.263278,123.717417,Philippines,DOST-ASTI PhilSensors,arg,"MADRIDEJOS, BANTAYAN ISL",Cebu,7,2013-07-09,False,True
733,"OLD MUNICIPAL HALL, TARRAGONA, Davao Oriental",7.045247,126.448367,Philippines,DOST-ASTI PhilSensors,arg,TARRAGONA,Davao Oriental,11,2013-07-09,False,True
500,"MARAMAG MUNICIPAL HALL, MARAMAG, Bukidnon",7.78138,125.01137,Philippines,DOST-ASTI PhilSensors,arg,MARAMAG,Bukidnon,10,2013-06-17,False,True
1757,"EBUS SAN VICENTE, GUAGUA, Pampanga",15.006667,120.568889,Philippines,DOST-ASTI PhilSensors,arg,GUAGUA,Pampanga,3,2015-08-09,False,True
1734,"SUPON ELEMENTARY, BAYOG, Zamboanga del Sur",7.87125,123.06676,Philippines,DOST-ASTI PhilSensors,arg,BAYOG,Zamboanga del Sur,9,2016-01-25,False,True
600,"LUBCANAN, JAGNA, Bohol",9.658,124.362,Philippines,DOST-ASTI PhilSensors,arg,JAGNA,Bohol,7,2013-07-10,False,True
2068,"NEGROS ORIENTAL S&T CENTER, Negros Oriental",9.318867,123.302314,Philippines,DOST-ASTI PhilSensors,arg,,Negros Oriental,7,2016-12-14,False,True
2116,"BRGY. BIASONG, CAMOTES, Cebu",10.755222,124.517556,Philippines,DOST-ASTI PhilSensors,arg,CAMOTES,Cebu,7,2017-03-20,False,True
2099,"PAYANGAN ELEMENTARY SCHOOL, DINALUPIHAN, Bataan",14.862778,120.378889,Philippines,DOST-ASTI PhilSensors,arg,DINALUPIHAN,Bataan,3,2017-01-23,False,True
2832,"CALUYA ARG CEST, CALUYA, ANTIQUE",11.92153,121.558,Philippines,DOST-ASTI PhilSensors,arg,CALUYA,ANTIQUE,6,2021-09-28,False,True
1975,"MANLAPAY HIGH SCHOOL, DALAGUETE, Cebu",9.87,123.48,Philippines,DOST-ASTI PhilSensors,arg,DALAGUETE,Cebu,7,2016-08-10,False,True
692,"NEGROS ORIENTAL STATE UNIVERSITY MABINAY CAMPUS, MABINAY CITY, Negros Oriental",9.75857,122.92007,Philippines,DOST-ASTI PhilSensors,arg,MABINAY CITY,Negros Oriental,7,2013-07-18,False,True
1235,"POBLACION ANAHAWAN, ANAHAWAN, Southern Leyte",10.2741666,125.2581,Philippines,DOST-ASTI PhilSensors,arg,ANAHAWAN,Southern Leyte,8,2014-02-11,False,True
1346,"VILLA CELESTIAL, MANSALAY, Oriental Mindoro",12.561517,121.482517,Philippines,DOST-ASTI PhilSensors,arg,MANSALAY,Oriental Mindoro,4-B,2014-06-19,False,True
1246,"PUBLIC MARKET POBLACION, PUERTO GALERA, Oriental Mindoro",13.49865,120.95533,Philippines,DOST-ASTI PhilSensors,arg,PUERTO GALERA,Oriental Mindoro,4-B,2014-06-19,False,True
1492,"BRGY. POBLACION  JIMALALUD, JIMALALUD, Negros Oriental",9.97904,123.19779,Philippines,DOST-ASTI PhilSensors,arg,JIMALALUD,Negros Oriental,7,2014-07-31,False,True
156,"BRGY. ATONG-ATONG, LANTAWAN, Basilan",6.662183,121.904518,Philippines,DOST-ASTI PhilSensors,arg,LANTAWAN,Basilan,BARMM,2012-08-29,False,True
1638,"BRGY. AZUSANO, Titay, Zamboanga Sibugay",7.8863,122.5062,Philippines,DOST-ASTI PhilSensors,arg,Titay,Zamboanga Sibugay,9,2015-06-28,False,True
466,"PILAR, PILAR, Abra",17.414893,120.595582,Philippines,DOST-ASTI PhilSensors,arg,PILAR,Abra,CAR,2013-07-07,False,True
1642,"POBLACION, San Pablo, Zamboanga del Sur",7.6532,123.4608,Philippines,DOST-ASTI PhilSensors,arg,San Pablo,Zamboanga del Sur,9,2015-06-30,False,True
1567,"BONIFACIO ELEMENTARY SCHOOL, SURIGAO CITY, Surigao del Norte",9.738635,125.495417,Philippines,DOST-ASTI PhilSensors,arg,SURIGAO CITY,Surigao del Norte,13,2014-11-19,False,True
681,"SOUTH POBLACION ELEMENTARY SCHOOL, AYUNGON, Negros Oriental",9.85265,123.14184,Philippines,DOST-ASTI PhilSensors,arg,AYUNGON,Negros Oriental,7,2013-07-13,False,True
1783,"BRGY. BUGBUGA, STA. CRUZ, Ilocos Sur",17.07668,120.49147,Philippines,DOST-ASTI PhilSensors,arg,STA. CRUZ,Ilocos Sur,1,2016-04-07,False,True
1318,"BRGY. DASAL, SIBUNAG, Guimaras",10.503962,122.631737,Philippines,DOST-ASTI PhilSensors,arg,SIBUNAG,Guimaras,6,2014-05-19,False,True
1672,"BRGY. TAPARAK, ALUBIJID, Misamis Oriental",8.48854,124.41244,Philippines,DOST-ASTI PhilSensors,arg,ALUBIJID,Misamis Oriental,10,2015-11-04,False,True
2532,"TAGBUYACAN, SANTIAGO, Surigao del Sur",9.294262,125.549146,Philippines,DOST-ASTI PhilSensors,arg,SANTIAGO,Surigao del Sur,13,2009-12-31,False,True
1321,"LAGAYAN, LAGAYAN, Abra",17.719902,120.705942,Philippines,DOST-ASTI PhilSensors,arg,LAGAYAN,Abra,CAR,2014-05-20,False,True
1347,"ALTAVAS, ALTAVAS, Aklan",11.5018,122.475733,Philippines,DOST-ASTI PhilSensors,arg,ALTAVAS,Aklan,6,2014-06-15,False,True
1594,"STO. NINO, STO. NINO, South Cotabato",6.42814786,124.67961717,Philippines,DOST-ASTI PhilSensors,arg,STO. NINO,South Cotabato,12,2014-12-08,False,True
1832,"CANAYNAYAN SAN PABLO, CASTILLEJOS, Zambales",14.960278,120.2525,Philippines,DOST-ASTI PhilSensors,arg,CASTILLEJOS,Zambales,3,2016-04-19,False,True
2109,"TAMAYONG ELEMENTARY SCHOOL, Davao City",7.13236,125.37884,Philippines,DOST-ASTI PhilSensors,arg,,Davao City,11,2017-02-23,False,True
1168,"MAIMBUNG MUNICIPAL HALL, MAIMBUNG, Sulu",5.933017,121.025633,Philippines,DOST-ASTI PhilSensors,arg,MAIMBUNG,Sulu,9,2013-12-01,False,True
848,"TUNASAN, MUNTINLUPA, Metro Manila",14.3724,121.05202,Philippines,DOST-ASTI PhilSensors,arg,MUNTINLUPA,Metro Manila,NCR,2013-08-12,False,True
1647,"BRGY. LAWAAN, ALCANTARA, Cebu",9.957056,123.446833,Philippines,DOST-ASTI PhilSensors,arg,ALCANTARA,Cebu,7,2015-06-24,False,True
1834,"OLD CABALAN, Olongapo City, Zambales",14.8778,120.3329,Philippines,DOST-ASTI PhilSensors,arg,Olongapo City,Zambales,3,2016-04-19,False,True
1894,"SIANGE, BONGABONG, ORIENTAL MINDORO",12.81305556,121.4491667,Philippines,DOST-ASTI PhilSensors,arg,BONGABONG,ORIENTAL MINDORO,4-B,2016-06-15,False,True
2423,"ROOF DECK OF EVACUATION CENTER, PALAUIG, Zambales",15.434198,119.909139,Philippines,DOST-ASTI PhilSensors,arg,PALAUIG,Zambales,3,2018-02-13,False,True
2411,"BRGY. SANDAYONG NORTE BRGY. HALL, Danao City, Cebu",10.552503,123.993583,Philippines,DOST-ASTI PhilSensors,arg,Danao City,Cebu,7,2017-12-28,False,True
1113,"TULUNAN, TULUNAN, Cotabato",6.831186,124.874138,Philippines,DOST-ASTI PhilSensors,arg,TULUNAN,Cotabato,12,2014-07-01,False,True
1379,"BARANGAY HALL, POBLACION, ATOK, Benguet",16.572253,120.68108,Philippines,DOST-ASTI PhilSensors,arg,ATOK,Benguet,CAR,2014-06-18,False,True
1119,"BANISILAN, BANISILAN, Cotabato",7.505556,124.694722,Philippines,DOST-ASTI PhilSensors,arg,BANISILAN,Cotabato,12,2013-12-09,False,True
2089,"SANTA FE, SAN MARCELINO, Zambales",15.013611,120.215,Philippines,DOST-ASTI PhilSensors,arg,SAN MARCELINO,Zambales,3,2017-01-09,False,True
1687,"BRGY. SANTA CLARA, GONZAGA, Cagayan",18.24199,122.04581,Philippines,DOST-ASTI PhilSensors,arg,GONZAGA,Cagayan,2,2015-11-10,False,True
1677,"SAPAD MUNICIPAL HALL, SAPAD, Lanao del Norte",7.84486,123.83656,Philippines,DOST-ASTI PhilSensors,arg,SAPAD,Lanao del Norte,10,2015-11-10,False,True
1574,"TAGO POBLACION, TAGO, Surigao del Sur",9.016448,126.233591,Philippines,DOST-ASTI PhilSensors,arg,TAGO,Surigao del Sur,13,2015-06-17,False,True
1992,"REPEATER STATION, BRGY. KALUMBOYAN, BAYAWAN CITY, Negros Oriental",9.47218,122.81711,Philippines,DOST-ASTI PhilSensors,arg,BAYAWAN CITY,Negros Oriental,7,2016-08-25,False,True
2486,"DIAGYAN ELEMENTARY SCHOOL, DILASAG, Aurora",16.444198,122.199199,Philippines,DOST-ASTI PhilSensors,arg,DILASAG,Aurora,3,2018-04-10,False,True
1774,"TINGIB, PASTRANA, Leyte",11.117278,124.82655,Philippines,DOST-ASTI PhilSensors,arg,PASTRANA,Leyte,8,2016-03-15,False,True
2488,"BRGY. ESPERANZA, CASIGURAN, Aurora",16.306728,122.146376,Philippines,DOST-ASTI PhilSensors,arg,CASIGURAN,Aurora,3,2018-04-11,False,True
1943,"BRGY. BURGOS, VIGA, Catanduanes",13.8535,124.27485,Philippines,DOST-ASTI PhilSensors,arg,VIGA,Catanduanes,5,2016-05-11,False,True
1811,"MATAAS NA PULO, NASUGBU, Batangas",14.08789,120.72865,Philippines,DOST-ASTI PhilSensors,arg,NASUGBU,Batangas,4-A,2016-02-16,False,True
1810,"BANAYBANAY, LIPA, Batangas",13.93417,121.11235,Philippines,DOST-ASTI PhilSensors,arg,LIPA,Batangas,4-A,2016-03-16,False,True
1688,"BRGY. CABIRAOAN, GONZAGA, Cagayan",18.30702,122.1104,Philippines,DOST-ASTI PhilSensors,arg,GONZAGA,Cagayan,2,2015-11-11,False,True
1813,"TOONG, TUY, Batangas",14.05916,120.75797,Philippines,DOST-ASTI PhilSensors,arg,TUY,Batangas,4-A,2016-02-16,False,True
1898,"BUKAL ILAYA, TAYABAS, Quezon",14.01648,121.53813,Philippines,DOST-ASTI PhilSensors,arg,TAYABAS,Quezon,4-A,2016-06-12,False,True
2176,"BRGY. SAN JOSE, IBAJAY, Aklan",11.7445367,122.1767128,Philippines,DOST-ASTI PhilSensors,arg,IBAJAY,Aklan,6,2017-04-20,False,True
1892,"BRGY. MALASIN, MACONACON, Isabela",17.3828,122.23135,Philippines,DOST-ASTI PhilSensors,arg,MACONACON,Isabela,2,2016-05-29,False,True
1906,"BRGY. STA. ANA, PANDAN, Antique",11.7369946,122.1488312,Philippines,DOST-ASTI PhilSensors,arg,PANDAN,Antique,6,2016-05-25,False,True
693,"NEGROS ORIENTAL STATE UNIVERSITY BAYAWAN CAMPUS, BAYAWAN CITY, Negros Oriental",9.35321,122.83665,Philippines,DOST-ASTI PhilSensors,arg,BAYAWAN CITY,Negros Oriental,7,2013-07-18,False,True
1806,"BRGY. LINGSAT, BANTAY, Ilocos Sur",17.61785,120.46707,Philippines,DOST-ASTI PhilSensors,arg,BANTAY,Ilocos Sur,1,2016-04-21,False,True
1675,"MALINAS ELEMENTARY SCHOOL, KAPATAGAN, LANAO DEL NORTE",7.8597,123.74004,Philippines,DOST-ASTI PhilSensors,arg,KAPATAGAN,LANAO DEL NORTE,10,2015-11-09,False,True
1934,"TULAY NA LUPA, LABO, Camarines Norte",14.09381,122.78558,Philippines,DOST-ASTI PhilSensors,arg,LABO,Camarines Norte,5,2016-05-18,False,True
2186,"BRGY. MANSALANAO, LA CASTELLANA, AKLAN",10.3598638,123.1060942,Philippines,DOST-ASTI PhilSensors,arg,LA CASTELLANA,AKLAN,6,2017-05-09,False,True
2782,"PUROK3 BRGY. HALL, TUBO TUBO SOUTH, Purok 3 Brgy. Hall, Tubo Tubo South, STA. CRUZ, ZAMBALES",15.740535,119.930529,Philippines,DOST-ASTI PhilSensors,arg,STA. CRUZ,ZAMBALES,3,2020-08-03,False,True
2461,"T MOLINA ELEMENTARY SCHOOL, DIPACULAO, Aurora",15.856677,121.509455,Philippines,DOST-ASTI PhilSensors,arg,DIPACULAO,Aurora,3,2018-04-01,False,True
1893,"MACONACON MUNICIPAL GROUND, MACONACON, Isabela",17.386955,122.237807,Philippines,DOST-ASTI PhilSensors,arg,MACONACON,Isabela,2,2016-05-29,False,True
2110,"ANITAPAN NATIONAL HIGH SCHOOL, BRGY ANITAPAN, MABINI, Compostela Valley",7.28042,126.01519,Philippines,DOST-ASTI PhilSensors,arg,MABINI,Compostela Valley,11,2017-02-26,False,True
2094,"BRGY. TAY-AC, BANTAY, Ilocos Sur",17.60277,120.451,Philippines,DOST-ASTI PhilSensors,arg,BANTAY,Ilocos Sur,1,2016-09-15,False,True
1106,"MAKILALA MUNICIPAL HALL, MAKILALA, Cotabato",6.958764,125.088982,Philippines,DOST-ASTI PhilSensors,arg,MAKILALA,Cotabato,12,2013-12-09,False,True
2392,"BRGY. BAYBAYIN, Rosario, Batangas",13.826906,121.258458,Philippines,DOST-ASTI PhilSensors,arg,Rosario,Batangas,4-A,2017-11-07,False,True
2783,"PUROK 2 BRGY. PAMONORAN, Purok 2 Brgy. Pamonoran, STA. CRUZ, ZAMBALES",15.792417,119.925546,Philippines,DOST-ASTI PhilSensors,arg,STA. CRUZ,ZAMBALES,3,2020-08-04,False,True
2111,"TERESA NATIONAL HIGH SCHOOL, BRGY. TERESA, MACO, Compostela Valley",7.383583,126.02328,Philippines,DOST-ASTI PhilSensors,arg,MACO,Compostela Valley,11,2017-02-26,False,True
645,"BRGY. CABAROAN, SAN EMILIO, Ilocos Sur",17.238417,120.578528,Philippines,DOST-ASTI PhilSensors,arg,SAN EMILIO,Ilocos Sur,1,2013-07-15,False,True
1364,"SAN MARIANO MUNICIPAL HALL, SAN MARIANO, Isabela",16.982222,122.011667,Philippines,DOST-ASTI PhilSensors,arg,SAN MARIANO,Isabela,2,2014-06-10,False,True
2776,"GABU ELEMENTARY SCHOOL, LABASON, ZAMBOANGA DEL NORTE",8.008917,122.5219,Philippines,DOST-ASTI PhilSensors,arg,LABASON,ZAMBOANGA DEL NORTE,9,2020-02-11,False,True
1888,"UPPER TANAWAN, BALIGUIAN, Zamboanga del Norte",7.81183,122.18261,Philippines,DOST-ASTI PhilSensors,arg,BALIGUIAN,Zamboanga del Norte,9,2016-05-12,False,True
1816,"PINA, TAYSAN, Batangas",13.73911,121.2169,Philippines,DOST-ASTI PhilSensors,arg,TAYSAN,Batangas,4-A,2016-04-17,False,True
1941,"SAN ROQUE, BULUSAN, Sorsogon",12.74061,124.08812,Philippines,DOST-ASTI PhilSensors,arg,BULUSAN,Sorsogon,5,2016-06-15,False,True
2870,"KOTA PARK, MADRIDEJOS, CEBU",11.300063,123.729786,Philippines,DOST-ASTI PhilSensors,arg,MADRIDEJOS,CEBU,7,2022-05-03,False,True
1459,"CDRRMC OFFICE, IGACOS, Davao del Norte",7.078196,125.711959,Philippines,DOST-ASTI PhilSensors,arg,IGACOS,Davao del Norte,11,2014-07-27,False,True
1831,"BALAYBAY RESETTLEMENT, CATILLEJOS, Zambales",14.894167,120.200833,Philippines,DOST-ASTI PhilSensors,arg,CATILLEJOS,Zambales,3,2016-04-19,False,True
1984,"BRGY. HALL TALTAL, MASINLOC, Zambales",15.574442,119.947558,Philippines,DOST-ASTI PhilSensors,arg,MASINLOC,Zambales,3,2016-07-31,False,True
49,"DOST RO 2-IDP, TUGUEGARAO CITY, Cagayan",17.652531,121.752297,Philippines,DOST-ASTI PhilSensors,arg,TUGUEGARAO CITY,Cagayan,2,2011-05-31,False,True
1529,"PIT-TABANGO (MRV) CAMPUS, TABANGO, Leyte",11.300202,124.37901,Philippines,DOST-ASTI PhilSensors,arg,TABANGO,Leyte,8,2014-10-09,False,True
2605,"ANAO MUNICIPAL HALL, ANAO, Tarlac",15.730278,120.626389,Philippines,DOST-ASTI PhilSensors,arg,ANAO,Tarlac,3,2018-10-08,False,True
444,"NAGCARLAN, NAGCARLAN, Laguna",14.13332,121.41523,Philippines,DOST-ASTI PhilSensors,arg,NAGCARLAN,Laguna,4-A,2013-06-04,False,True
1684,"BRGY. ISCA, GONZAGA, Cagayan",18.23633,121.97697,Philippines,DOST-ASTI PhilSensors,arg,GONZAGA,Cagayan,2,2015-11-09,False,True
2466,"AURORA NATIONAL SCIENCE HIGH SCHOOL, BALER, Aurora",15.760298,121.550534,Philippines,DOST-ASTI PhilSensors,arg,BALER,Aurora,3,2018-04-02,False,True
2744,"PIGSALUHAN INTEGRATED SCHOOL, MATANAO, GINGOOG CITY",8.832399,125.027953,Philippines,DOST-ASTI PhilSensors,arg,MATANAO,GINGOOG CITY,10,2020-01-20,False,True
1944,"BRGY. PEDRO VERA (SUMMIT), VIGA, Catanduanes",13.79027,124.26983,Philippines,DOST-ASTI PhilSensors,arg,VIGA,Catanduanes,5,2016-05-11,False,True
1676,"BRGY. SAN JOSE, GONZAGA, Cagayan",18.35901,122.10526,Philippines,DOST-ASTI PhilSensors,arg,GONZAGA,Cagayan,2,2015-11-10,False,True
1689,"BRGY. MAAMBONG, LIBONA, Bukidnon",8.26171,124.81808,Philippines,DOST-ASTI PhilSensors,arg,LIBONA,Bukidnon,10,2015-11-16,False,True
1279,"PANDAN, PANDAN, Antique",11.7217,122.09693,Philippines,DOST-ASTI PhilSensors,arg,PANDAN,Antique,6,2014-04-20,False,True
2052,"BARANGAY DIMALUADE, DINAPIGUE, Isabela",16.56163,122.2724,Philippines,DOST-ASTI PhilSensors,arg,DINAPIGUE,Isabela,2,2016-12-02,False,True
1867,"SAPANGAN, SAN JUAN, BATANGAS",13.77833,121.36909,Philippines,DOST-ASTI PhilSensors,arg,SAN JUAN,BATANGAS,4-A,2016-05-30,False,True
1458,"BRGY. IBA, SAN ISIDRO, Davao Oriental",6.829236,126.113144,Philippines,DOST-ASTI PhilSensors,arg,SAN ISIDRO,Davao Oriental,11,2014-04-13,False,True
403,"SANCHEZ MIRA MUNICIPAL HALL, SANCHEZ MIRA, Cagayan",18.559833,121.234167,Philippines,DOST-ASTI PhilSensors,arg,SANCHEZ MIRA,Cagayan,2,2013-05-29,False,True
1746,"BRGY. SANTA CLARA, Sta. Ana, Cagayan",18.417231,122.201928,Philippines,DOST-ASTI PhilSensors,arg,Sta. Ana,Cagayan,2,2015-12-15,False,True
279,"KINAWE, LIBONA, Bukidnon",8.357081,124.692594,Philippines,DOST-ASTI PhilSensors,arg,LIBONA,Bukidnon,10,2012-07-05,False,True
1593,"SURALLAH, SURALLAH, South Cotabato",6.37533565,124.74772386,Philippines,DOST-ASTI PhilSensors,arg,SURALLAH,South Cotabato,12,2014-12-08,False,True
768,"H2K BUILDING QUEZON BOULEVARD, BRGY. MALINIS, LAMITAN CITY, Basilan",6.658056,122.137778,Philippines,DOST-ASTI PhilSensors,arg,LAMITAN CITY,Basilan,BARMM,2016-07-29,False,True
1304,"LA PAZ, LA PAZ, Abra",17.706207,120.699588,Philippines,DOST-ASTI PhilSensors,arg,LA PAZ,Abra,CAR,2014-05-07,False,True
138,"ABUNO, ILIGAN CITY, Lanao del Norte",8.16245,124.2439,Philippines,DOST-ASTI PhilSensors,arg,ILIGAN CITY,Lanao del Norte,10,2012-12-19,False,True
2210,"MACAPAYA PUMPING STATION, CAGAYAN DE ORO CITY, Misamis Oriental",8.44679,124.67125,Philippines,DOST-ASTI PhilSensors,arg,CAGAYAN DE ORO CITY,Misamis Oriental,10,2017-06-15,False,True
1474,"MOALBOAL, CEBU, Cebu",9.93475,123.391972,Philippines,DOST-ASTI PhilSensors,arg,CEBU,Cebu,7,2014-07-20,False,True
1221,"CANSAROY, DALAGUETE, Cebu",9.770472,123.524111,Philippines,DOST-ASTI PhilSensors,arg,DALAGUETE,Cebu,7,2014-03-19,False,True
1501,"BRGY. POBLACION DISTRICT 1, DAUIN, Negros Oriental",9.1893,123.26611,Philippines,DOST-ASTI PhilSensors,arg,DAUIN,Negros Oriental,7,2014-08-05,False,True
2591,"MATULA-TULA ELEMENTARY SCHOOL, POLA, ORIENTAL MINDORO",13.134861,121.387,Philippines,DOST-ASTI PhilSensors,arg,POLA,ORIENTAL MINDORO,4-B,2018-08-29,False,True
1331,"DANGLAS, DANGLAS, Abra",17.70072,120.65644,Philippines,DOST-ASTI PhilSensors,arg,DANGLAS,Abra,CAR,2014-05-29,False,True
133,"KIAMBA, KIAMBA, Sarangani",5.93768,124.72105,Philippines,DOST-ASTI PhilSensors,arg,KIAMBA,Sarangani,12,2012-05-15,False,True
763,"BRGY SAPAT, PASUQUIN, Ilocos Norte",18.369739,120.649106,Philippines,DOST-ASTI PhilSensors,arg,PASUQUIN,Ilocos Norte,1,2013-07-17,False,True
1115,"POBLACION KABACAN, KABACAN, Cotabato",7.108643,124.823791,Philippines,DOST-ASTI PhilSensors,arg,KABACAN,Cotabato,12,2013-12-09,False,True
1591,"TANTANGAN, TANTANGAN, South Cotabato",6.618889,124.748333,Philippines,DOST-ASTI PhilSensors,arg,TANTANGAN,South Cotabato,12,2014-12-07,False,True
1265,"SITIO PANCIL, SIBULAN, Negros Oriental",9.3502,123.266083,Philippines,DOST-ASTI PhilSensors,arg,SIBULAN,Negros Oriental,7,2014-04-09,False,True
1424,"SEN. NINOY AQUINO, SEN. NINOY AQUINO, Sultan Kudarat",6.4595083,124.3218483,Philippines,DOST-ASTI PhilSensors,arg,SEN. NINOY AQUINO,Sultan Kudarat,12,2014-07-02,False,True
1556,"MUNICIPAL DEMO FARM, CATIGBIAN, Bohol",9.856031,124.000486,Philippines,DOST-ASTI PhilSensors,arg,CATIGBIAN,Bohol,7,2014-11-19,False,True
2408,"CAMAMAN-AN NATIONAL HIGH SHCOOL, CAGAYAN DE ORO, Misamis Oriental",8.459062,124.660571,Philippines,DOST-ASTI PhilSensors,arg,CAGAYAN DE ORO,Misamis Oriental,10,2017-12-12,False,True
2426,"BRGY. LIBERTAD, ROXAS, Oriental Mindoro",12.614917,121.474057,Philippines,DOST-ASTI PhilSensors,arg,ROXAS,Oriental Mindoro,4-B,2018-03-02,False,True
1211,"PACIFIC FARMS INC., BOLINAO, PANGASINAN",16.256819,119.920194,Philippines,DOST-ASTI PhilSensors,arg,BOLINAO,PANGASINAN,1,2014-03-04,False,True
1477,"BRGY. POBLACION, GINATILAN, Cebu",9.569694,123.310889,Philippines,DOST-ASTI PhilSensors,arg,GINATILAN,Cebu,7,2014-07-21,False,True
191,"PSHS CENTRAL VISAYAS, ARGAO, Cebu",9.899167,123.584167,Philippines,DOST-ASTI PhilSensors,arg,ARGAO,Cebu,7,2011-09-21,False,True
888,"BRGY. CALANGCUASAN, CASIGURAN, Aurora",16.27066,122.1053,Philippines,DOST-ASTI PhilSensors,arg,CASIGURAN,Aurora,3,2013-09-10,False,True
2341,"MANGAAN ELEMENTARY SCHOOL, SANTOL, La Union",16.75033,120.46588,Philippines,DOST-ASTI PhilSensors,arg,SANTOL,La Union,1,2017-08-16,False,True
1220,"PINAMUNGAJAN, PANDACAN, Cebu",10.280444,123.588333,Philippines,DOST-ASTI PhilSensors,arg,PANDACAN,Cebu,7,2014-03-18,False,True
1222,"PASIL, SANTANDER, Cebu",9.426722,123.355056,Philippines,DOST-ASTI PhilSensors,arg,SANTANDER,Cebu,7,2014-03-19,False,True
956,"MENZI BRIDGE, STO. TOMAS, Davao del Norte",7.51597,125.62144,Philippines,DOST-ASTI PhilSensors,arg,STO. TOMAS,Davao del Norte,11,2013-09-03,False,True
1588,"MAASIM, MAASIM, Sarangani",5.8632,124.996,Philippines,DOST-ASTI PhilSensors,arg,MAASIM,Sarangani,12,2014-09-23,False,True
581,"BRGY. CALABUANAN, BALER, Aurora",15.7517,121.542,Philippines,DOST-ASTI PhilSensors,arg,BALER,Aurora,3,2013-07-04,False,True
1110,"ANTIPAS MUNICIPAL HALL, ANTIPAS, COTABATO",7.250011,125.055946,Philippines,DOST-ASTI PhilSensors,arg,ANTIPAS,COTABATO,12,2013-12-09,False,True
1289,"LAAK MUNICIPAL HALL, LAAK, Compostela Valley",7.819065,125.792719,Philippines,DOST-ASTI PhilSensors,arg,LAAK,Compostela Valley,11,2014-02-18,False,True
958,"BRGY. ANDAP, NEW BATAAN, Compostela Valley",7.51321,126.158521,Philippines,DOST-ASTI PhilSensors,arg,NEW BATAAN,Compostela Valley,11,2013-09-26,False,True
1596,"NORALA, NORALA, South Cotabato",6.51859,124.65746,Philippines,DOST-ASTI PhilSensors,arg,NORALA,South Cotabato,12,2014-12-15,False,True
280,"BAUNGON POBLACION, BAUNGON, Bukidnon",8.304539,124.699028,Philippines,DOST-ASTI PhilSensors,arg,BAUNGON,Bukidnon,10,2012-07-09,False,True
1699,"BRGY. BALOBO, LAMITAN CITY, Basilan",6.61123,122.14394,Philippines,DOST-ASTI PhilSensors,arg,LAMITAN CITY,Basilan,BARMM,2015-12-16,False,True
1116,"MIDSAYAP MUNICIPAL HALL, MIDSAYAP, COTABATO",7.190306,124.531333,Philippines,DOST-ASTI PhilSensors,arg,MIDSAYAP,COTABATO,12,2013-12-09,False,True
1606,"LEBAK, LEBAK, SULTAN KUDARAT",6.720412,124.145745,Philippines,DOST-ASTI PhilSensors,arg,LEBAK,SULTAN KUDARAT,12,2015-03-12,False,True
1598,"LAKE SEBU, LAKE SEBU, South Cotabato",6.22401117,124.71167564,Philippines,DOST-ASTI PhilSensors,arg,LAKE SEBU,South Cotabato,12,2014-12-16,False,True
1595,"TAMPAKAN, TAMPAKAN, South Cotabato",6.44378,124.92648,Philippines,DOST-ASTI PhilSensors,arg,TAMPAKAN,South Cotabato,12,2014-12-08,False,True
1632,"SAN ROQUE POWER CORPORATION, SAN MANUEL, PANGASINAN",16.13232,120.67964,Philippines,DOST-ASTI PhilSensors,arg,SAN MANUEL,PANGASINAN,1,2015-06-03,False,True
761,"CAPAS MUNICIPAL HALL, CAPAS, Tarlac",15.34625,120.592778,Philippines,DOST-ASTI PhilSensors,arg,CAPAS,Tarlac,3,2013-07-21,False,True
1405,"ISABELA MUNICIPAL HALL, ISABELA, Negros Occidental",10.205401,122.988927,Philippines,DOST-ASTI PhilSensors,arg,ISABELA,Negros Occidental,6,2014-06-25,False,True
1087,"DA-CES LANISE, CLAVERIA, Misamis Oriental",8.61711,124.94765,Philippines,DOST-ASTI PhilSensors,arg,CLAVERIA,Misamis Oriental,10,2013-11-28,False,True
1592,"BANGA, BANGA, South Cotabato",6.42410871,124.77589573,Philippines,DOST-ASTI PhilSensors,arg,BANGA,South Cotabato,12,2014-12-07,False,True
725,"BE DUJALI, DUJALI, Davao del Norte",7.448416,125.689365,Philippines,DOST-ASTI PhilSensors,arg,DUJALI,Davao del Norte,11,2013-07-21,False,True
1493,"BRGY. POBLACION - BINDOY, BINDOY, Negros Oriental",9.76447,123.14306,Philippines,DOST-ASTI PhilSensors,arg,BINDOY,Negros Oriental,7,2014-07-31,False,True
741,"BRGY. SAN NICOLAS, LUBAO, Pampanga",14.937933,120.599561,Philippines,DOST-ASTI PhilSensors,arg,LUBAO,Pampanga,3,2013-07-21,False,True
1729,"LIBBO ELEMENTARY SCHOOL, LIBBO, BAGULIN, La Union",16.57429,120.49291,Philippines,DOST-ASTI PhilSensors,arg,"LIBBO, BAGULIN",La Union,1,2015-12-14,False,True
2060,"CAMP BUD DATU, INDANAN, Sulu",6.02578,120.99895,Philippines,DOST-ASTI PhilSensors,arg,INDANAN,Sulu,9,2016-12-06,False,True
2398,"DANGAY ELEMENTARY SCHOOL, ALBURQUERQUE, Bohol",9.65421,123.96889,Philippines,DOST-ASTI PhilSensors,arg,ALBURQUERQUE,Bohol,7,2017-11-13,False,True
2491,"BRGY. DIBARAYBAY, DINALUNGAN, Aurora",16.159444,121.927782,Philippines,DOST-ASTI PhilSensors,arg,DINALUNGAN,Aurora,3,2018-04-11,False,True
1851,"MAGSAYSAY, MAGSAYSAY, Occidental Mindoro",12.31175,121.1442,Philippines,DOST-ASTI PhilSensors,arg,MAGSAYSAY,Occidental Mindoro,4-B,2016-02-11,False,True
1217,"TABUELAN MUNICIPAL HALL, TABUELAN, Cebu",10.822528,123.872389,Philippines,DOST-ASTI PhilSensors,arg,TABUELAN,Cebu,7,2014-03-18,False,True
1218,"CTU TUBURAN CAMPUS, TUBURAN, Cebu",10.727711,123.826117,Philippines,DOST-ASTI PhilSensors,arg,TUBURAN,Cebu,7,2014-03-18,False,True
1303,"BRGY. SILAB, AMLAN, Negros Oriental",9.413533,123.169533,Philippines,DOST-ASTI PhilSensors,arg,AMLAN,Negros Oriental,7,2014-04-24,False,True
1187,"POBLACION-CALASIAO, CALASIO, Pangasinan",16.00882,120.35651,Philippines,DOST-ASTI PhilSensors,arg,CALASIO,Pangasinan,1,2014-01-20,False,True
1065,"BACNIT ES, SAGAY, Camiguin",9.124782,124.710289,Philippines,DOST-ASTI PhilSensors,arg,SAGAY,Camiguin,10,2013-11-20,False,True
2163,"BRGY. CURVADA, KAPATAGAN, Lanao del Norte",7.8986,123.786483,Philippines,DOST-ASTI PhilSensors,arg,KAPATAGAN,Lanao del Norte,10,2017-03-15,False,True
695,"SAPANG BATO BRGY HALL, ANGELES CITY, Pampanga",15.170944,120.514944,Philippines,DOST-ASTI PhilSensors,arg,ANGELES CITY,Pampanga,3,2013-07-21,False,True
1148,"SABANGAN, SABANGAN, Mountain Province",16.971458,120.907078,Philippines,DOST-ASTI PhilSensors,arg,SABANGAN,Mountain Province,CAR,2013-12-18,False,True
1117,"PIGCAWAYAN MUNICIPAL HALL, PIGCAWAYAN, COTABATO",7.279343,124.423783,Philippines,DOST-ASTI PhilSensors,arg,PIGCAWAYAN,COTABATO,12,2013-11-25,False,True
694,"PANDI MUNICIPAL HALL, PANDI, Bulacan",14.865818,120.958265,Philippines,DOST-ASTI PhilSensors,arg,PANDI,Bulacan,3,2013-07-18,False,True
742,"DOST PSTC BOHOL, TAGBILARAN CITY, Bohol",9.65,123.85,Philippines,DOST-ASTI PhilSensors,arg,TAGBILARAN CITY,Bohol,7,2013-07-21,False,True
985,"BRGY.  BANSAYAN, POONA BAYABAO, Lanao del Sur",7.84075,124.342317,Philippines,DOST-ASTI PhilSensors,arg,POONA BAYABAO,Lanao del Sur,BARMM,2013-11-10,False,True
488,"HEALTH CENTER, POBLACION, IMPASUG-ONG, Bukidnon",8.29574,124.99824,Philippines,DOST-ASTI PhilSensors,arg,IMPASUG-ONG,Bukidnon,10,2013-06-12,False,True
1120,"LIBUNGAN MUNICIPAL HALL, LIBUNGAN, COTABATO",7.245556,124.513056,Philippines,DOST-ASTI PhilSensors,arg,LIBUNGAN,COTABATO,12,2013-12-09,False,True
2427,"BRGY. HAPPY VALLEY, ROXAS, ORIENTAL MINDORO",12.648308,121.410392,Philippines,DOST-ASTI PhilSensors,arg,ROXAS,ORIENTAL MINDORO,4-B,2018-03-01,False,True
541,"LEYTE-LEYTE MUNICIPAL GROUNDS, LEYTE-LEYTE, Leyte",11.371111,124.486444,Philippines,DOST-ASTI PhilSensors,arg,LEYTE-LEYTE,Leyte,8,2013-07-09,False,True
728,"BOSTON, BOSTON, Davao Oriental",7.869846,126.375944,Philippines,DOST-ASTI PhilSensors,arg,BOSTON,Davao Oriental,11,2013-07-09,False,True
1155,"ORAS, ORAS, Eastern Samar",12.14114,125.44185,Philippines,DOST-ASTI PhilSensors,arg,ORAS,Eastern Samar,8,2013-11-05,False,True
2421,"BATO SCHOOL OF FISHERIES, BATO, Leyte",10.3220567,124.791076,Philippines,DOST-ASTI PhilSensors,arg,BATO,Leyte,8,2018-02-22,False,True
159,"MOTORPOOL, NORTH UPI, Maguindanao",7.003037,124.151185,Philippines,DOST-ASTI PhilSensors,arg,NORTH UPI,Maguindanao,BARMM,2012-06-07,False,True
469,"TADIAN, TADIAN, Mountain Province",16.99612,120.82207,Philippines,DOST-ASTI PhilSensors,arg,TADIAN,Mountain Province,CAR,2013-07-15,False,True
1393,"VICTORIAS CITY COLISEUM, VICTORIAS CITY, Negros Occidental",10.89254,123.0468,Philippines,DOST-ASTI PhilSensors,arg,VICTORIAS CITY,Negros Occidental,6,2014-06-25,False,True
1366,"CORDON MUNICIPAL GROUND, CORDON, Isabela",16.669564,121.466219,Philippines,DOST-ASTI PhilSensors,arg,CORDON,Isabela,2,2014-06-11,False,True
1153,"MAYDOLONG, MAYDOLONG, Eastern Samar",11.50419,125.497281,Philippines,DOST-ASTI PhilSensors,arg,MAYDOLONG,Eastern Samar,8,2013-11-04,False,True
1973,"BRGY. HALL DON ANDRES SORIANO, TOLEDO CITY, Cebu",10.31,123.71,Philippines,DOST-ASTI PhilSensors,arg,TOLEDO CITY,Cebu,7,2016-08-03,False,True
485,"MUNICIPAL HALL, PILILIA, RIZAL",14.47689,121.3151,Philippines,DOST-ASTI PhilSensors,arg,PILILIA,RIZAL,4-A,2013-06-05,False,True
1368,"QUEZON MUNICIPAL HALL, QUEZON, Isabela",17.3117,121.60446,Philippines,DOST-ASTI PhilSensors,arg,QUEZON,Isabela,2,2014-06-09,False,True
1367,"SAN AGUSTIN MUNICIPAL HALL, SAN AGUSTIN, Isabela",16.506667,121.746667,Philippines,DOST-ASTI PhilSensors,arg,SAN AGUSTIN,Isabela,2,2014-06-11,False,True
1590,"MALAPATAN, MALAPATAN, Sarangani",5.97076,125.28825,Philippines,DOST-ASTI PhilSensors,arg,MALAPATAN,Sarangani,12,2014-09-24,False,True
438,"KALAYAAN, KALAYAAN, Laguna",14.33601,121.49829,Philippines,DOST-ASTI PhilSensors,arg,KALAYAAN,Laguna,4-A,2013-07-11,False,True
771,"PHILIPPINE SCIENCE HIGHSCHOOL - CAGAYAN VALLEY CAMPUS, BAYOMBONG, Nueva Vizcaya",16.50397222,121.1059167,Philippines,DOST-ASTI PhilSensors,arg,BAYOMBONG,Nueva Vizcaya,2,2013-07-16,False,True
427,"NAGTIPUNAN MUNICIPAL HALL, NAGTIPUNAN, Quirino",16.22758333,121.6087778,Philippines,DOST-ASTI PhilSensors,arg,NAGTIPUNAN,Quirino,2,2013-05-14,False,True
404,"ALCALA MUNICIPAL HALL, ALCALA, Cagayan",17.903056,121.655556,Philippines,DOST-ASTI PhilSensors,arg,ALCALA,Cagayan,2,2013-05-30,False,True
2173,"BRGY. PANDANON SILOS, MURCIA, Negros Occidental",10.559469,123.139164,Philippines,DOST-ASTI PhilSensors,arg,MURCIA,Negros Occidental,6,2017-04-05,False,True
479,"LUBUAGAN, LUBUAGAN, Kalinga",17.351324,121.175004,Philippines,DOST-ASTI PhilSensors,arg,LUBUAGAN,Kalinga,CAR,2013-06-19,False,True
1844,"CAMARIN 2, CALOOCAN CITY, Metro Manila",14.7598,121.05151,Philippines,DOST-ASTI PhilSensors,arg,CALOOCAN CITY,Metro Manila,NCR,2016-04-18,False,True
1108,"PRESIDENT ROXAS MUNICIPAL HALL, PRES. ROXAS, COTABATO",7.15705,125.052254,Philippines,DOST-ASTI PhilSensors,arg,PRES. ROXAS,COTABATO,12,2013-12-09,False,True
775,"SOLANA MUNICIPAL HALL, SOLANA, Cagayan",17.65015,121.691356,Philippines,DOST-ASTI PhilSensors,arg,SOLANA,Cagayan,2,2013-07-18,False,True
1483,"POLICE STATION BAGAMANOC, BAGAMANOC, Catanduanes",13.9395666,124.28873333,Philippines,DOST-ASTI PhilSensors,arg,BAGAMANOC,Catanduanes,5,2014-07-30,False,True
2027,"BRGY. HALL LUN PADIDU, MALAPATAN, Sarangani",6.03808,125.29477,Philippines,DOST-ASTI PhilSensors,arg,MALAPATAN,Sarangani,12,2009-12-31,False,True
101,"CATANDUANES STATE COLLEGES, VIRAC, Catanduanes",13.583736,124.210648,Philippines,DOST-ASTI PhilSensors,arg,VIRAC,Catanduanes,5,2012-06-03,False,True
808,"BRGY. PINOMA, CAUAYAN, Isabela",16.846464,121.656708,Philippines,DOST-ASTI PhilSensors,arg,CAUAYAN,Isabela,2,2013-08-05,False,True
1495,"COMPOSTELA SCIENCE AND TECHNOLOGY HIGH SCHOOL, COMPOSTELA, Cebu",10.4605,124.006,Philippines,DOST-ASTI PhilSensors,arg,COMPOSTELA,Cebu,7,2014-07-31,False,True
1111,"MATALAM, MATALAM, Cotabato",7.08288,124.901352,Philippines,DOST-ASTI PhilSensors,arg,MATALAM,Cotabato,12,2013-11-21,False,True
755,"PASACAO MUNICIPAL HALL, PASACAO, Camarines Sur",13.512657,123.042059,Philippines,DOST-ASTI PhilSensors,arg,PASACAO,Camarines Sur,5,2013-07-25,False,True
1307,"ANINI-Y, ANINI-Y, ANTIQUE",10.430517,121.926033,Philippines,DOST-ASTI PhilSensors,arg,ANINI-Y,ANTIQUE,6,2014-05-07,False,True
1147,"RIZAL KALINGA, RIZAL, Kalinga",17.501305,121.582788,Philippines,DOST-ASTI PhilSensors,arg,RIZAL,Kalinga,CAR,2013-12-17,False,True
1972,"BRGY. HALL GEN. CLIMACO (MALUBOG), TOLEDO CITY, Cebu",10.37,123.72,Philippines,DOST-ASTI PhilSensors,arg,TOLEDO CITY,Cebu,7,2016-08-03,False,True
400,"CLAVERIA GRASSROOTS COOPERATIVE BANK, CLAVERIA, Cagayan",18.607,121.084333,Philippines,DOST-ASTI PhilSensors,arg,CLAVERIA,Cagayan,2,2013-05-29,False,True
976,"SARIAYA, SARIAYA, Quezon",13.9962517,121.5022695,Philippines,DOST-ASTI PhilSensors,arg,SARIAYA,Quezon,4-A,2013-10-24,False,True
978,"BRGY. PATOGO, BALAYAN, Batangas",14.00401,120.78477,Philippines,DOST-ASTI PhilSensors,arg,BALAYAN,Batangas,4-A,2013-10-30,False,True
1993,"STA. AGUEDA NATIONAL HIGH SCHOOL, BRGY. DATAGON, PAMPLONA, Negros Oriental",9.43416,123.08331,Philippines,DOST-ASTI PhilSensors,arg,PAMPLONA,Negros Oriental,7,2016-08-24,False,True
1995,"BRGY. CANSUJE, ARGAO, Cebu",9.91481,123.52833,Philippines,DOST-ASTI PhilSensors,arg,ARGAO,Cebu,7,2016-08-26,False,True
1276,"KAGLAWAAN MUNICIPAL NURSERY, JARO, Leyte",11.195,124.7833,Philippines,DOST-ASTI PhilSensors,arg,JARO,Leyte,8,2014-04-06,False,True
1990,"CALUASAN, DAGOHOY, Bohol",9.900519,124.289931,Philippines,DOST-ASTI PhilSensors,arg,DAGOHOY,Bohol,7,2016-08-17,False,True
1239,"MURUK REPEATER STATION, UPPER PASONANCA, Zamboanga City",6.97535,122.076367,Philippines,DOST-ASTI PhilSensors,arg,UPPER PASONANCA,Zamboanga City,9,2014-03-24,False,True
1950,"SAN RAFAEL, ATIMONAN, Quezon",13.91797,121.99651,Philippines,DOST-ASTI PhilSensors,arg,ATIMONAN,Quezon,4-A,2016-07-21,False,True
756,"BULA MUNICIPAL HALL COMPOUND, BULA, Camarines Sur",13.469067,123.2777,Philippines,DOST-ASTI PhilSensors,arg,BULA,Camarines Sur,5,2013-07-25,False,True
1969,"ALNO, LA TRINIDAD, Benguet",16.495445,120.580301,Philippines,DOST-ASTI PhilSensors,arg,LA TRINIDAD,Benguet,CAR,2016-08-04,False,True
1623,"CORDOVA MUNICIPAL HALL, CORDOVA, Cebu",10.252417,123.949944,Philippines,DOST-ASTI PhilSensors,arg,CORDOVA,Cebu,7,2015-04-28,False,True
398,"BRGY.  PINA WESTE, GATTARAN, Cagayan",18.029358,121.847964,Philippines,DOST-ASTI PhilSensors,arg,GATTARAN,Cagayan,2,2013-05-08,False,True
424,"CABARROGUIS MUNICIPAL HALL, CABARROGUIS, Quirino",16.50969444,121.5284167,Philippines,DOST-ASTI PhilSensors,arg,CABARROGUIS,Quirino,2,2013-05-15,False,True
408,"STA. TERESITA MUNICIPAL HALL, STA. TERESITA, Cagayan",18.249833,121.908667,Philippines,DOST-ASTI PhilSensors,arg,STA. TERESITA,Cagayan,2,2013-05-27,False,True
1360,"BARANGAY WARAT, PIAT, Cagayan",17.714067,121.58223,Philippines,DOST-ASTI PhilSensors,arg,PIAT,Cagayan,2,2014-06-08,False,True
1315,"BUCLOC, BUCLOC, Abra",17.441627,120.857179,Philippines,DOST-ASTI PhilSensors,arg,BUCLOC,Abra,CAR,2014-05-14,False,True
468,"MANKAYAN MUNICIPAL HALL, POBLACION, MANKAYAN, Benguet",16.85724,120.79345,Philippines,DOST-ASTI PhilSensors,arg,MANKAYAN,Benguet,CAR,2013-07-31,False,True
699,"MABALACAT MUNICIPAL HALL, MABALACAT, Pampanga",15.244278,120.564556,Philippines,DOST-ASTI PhilSensors,arg,MABALACAT,Pampanga,3,2013-07-18,False,True
102,"LGU AROROY MUNICIPAL HALL, AROROY, Masbate",12.512379,123.398888,Philippines,DOST-ASTI PhilSensors,arg,AROROY,Masbate,5,2011-06-22,False,True
2001,"NORTHERN KABUNTALAN MUNICIPAL HALL, KABUNTALAN, Maguindanao",7.1776,124.442,Philippines,DOST-ASTI PhilSensors,arg,KABUNTALAN ,Maguindanao,BARMM,2016-09-15,False,True
391,"HINGYON, HINGYON, Ifugao",16.852347,121.099006,Philippines,DOST-ASTI PhilSensors,arg,HINGYON,Ifugao,CAR,2013-05-14,False,True
1354,"BORACAY ISLAND, MALAY, Aklan",11.970887,121.918901,Philippines,DOST-ASTI PhilSensors,arg,MALAY,Aklan,6,2014-06-11,False,True
2028,"BRGY. HALL SIMBO, TUPI, South Cotabato",6.24811,124.95816,Philippines,DOST-ASTI PhilSensors,arg,TUPI,South Cotabato,12,2016-10-26,False,True
1345,"STA. MARIA., MANSALAY, ORIENTAL MINDORO",12.568385,121.466025,Philippines,DOST-ASTI PhilSensors,arg,MANSALAY,ORIENTAL MINDORO,4-B,2014-06-19,False,True
198,"UNISAN MUNICIPAL HALL, UNISAN, Quezon",13.838067,121.97835,Philippines,DOST-ASTI PhilSensors,arg,UNISAN,Quezon,4-A,2012-05-03,False,True
1476,"PDRRM OFFICE, TAGUM, Davao del Norte",7.45242,125.779748,Philippines,DOST-ASTI PhilSensors,arg,TAGUM,Davao del Norte,11,2014-07-21,False,True
1532,"STA RITA MUNICIPAL GROUNDS, STA RITA, Samar",11.449397,124.94148,Philippines,DOST-ASTI PhilSensors,arg,STA RITA,Samar,8,2014-10-23,False,True
110,"J.H. CERILLES STATE COLLEGE, DUMINGAG, Zamboanga del Sur",8.154602,123.353016,Philippines,DOST-ASTI PhilSensors,arg,DUMINGAG,Zamboanga del Sur,9,2011-12-06,False,True
1649,"GODOD, POBLACION, Zamboanga del Norte",8.0007,122.843733,Philippines,DOST-ASTI PhilSensors,arg,POBLACION,Zamboanga del Norte,9,2015-07-26,False,True
1505,"PANGANIBAN MUNICIPAL HALL, PANGANIBAN, Catanduanes",13.908165,124.300322,Philippines,DOST-ASTI PhilSensors,arg,PANGANIBAN,Catanduanes,5,2014-08-10,False,True
805,"BRGY. HALL COMPOUND, SABANG, NAGA, Camarines Sur",13.618383,123.181567,Philippines,DOST-ASTI PhilSensors,arg,NAGA,Camarines Sur,5,2013-08-04,False,True
810,"RAPU-RAPU ROOFDECK MUNICIPAL HALL, RAPU-RAPU, Albay",13.186681,124.128205,Philippines,DOST-ASTI PhilSensors,arg,RAPU-RAPU,Albay,5,2013-08-18,False,True
1771,"DANAO, ORMOC, Leyte",11.061828,124.703021,Philippines,DOST-ASTI PhilSensors,arg,ORMOC,Leyte,8,2016-03-31,False,True
2184,"BRGY. SAN MIGUEL, LA CARLOTA, Negros Occidental",10.4189483,123.011553,Philippines,DOST-ASTI PhilSensors,arg,LA CARLOTA ,Negros Occidental,6,2017-05-08,False,True
1145,"PASIL KALINGA, PASIL, Kalinga",17.389611,121.159776,Philippines,DOST-ASTI PhilSensors,arg,PASIL ,Kalinga,CAR,2013-12-16,False,True
1150,"KABAYAN MUNICIPAL HALL, POBLACION, KABAYAN, Benguet",16.623466,120.837797,Philippines,DOST-ASTI PhilSensors,arg,KABAYAN,Benguet,CAR,2013-12-26,False,True
1563,"BASILISA POBLACION, BASILISA, Dinagat Islands",10.065417,125.596733,Philippines,DOST-ASTI PhilSensors,arg,BASILISA,Dinagat Islands,13,2014-06-08,False,True
1494,"CATMON SEASIDE PARK FLORES, CATMON, Cebu",10.718667,124.014417,Philippines,DOST-ASTI PhilSensors,arg,CATMON,Cebu,7,2014-07-31,False,True
1064,"MINTABON, TALISAYAN, MISAMIS ORIENTAL",8.995137,124.87555,Philippines,DOST-ASTI PhilSensors,arg,TALISAYAN,MISAMIS ORIENTAL,10,2013-11-19,False,True
1541,"OVAL AREA, BRGY. POBLACION, ZAMBOANGUITA, Negros Oriental",9.095736,123.198863,Philippines,DOST-ASTI PhilSensors,arg,ZAMBOANGUITA,Negros Oriental,7,2014-10-27,False,True
2376,"SITIO IMELDA, BRGY. TUPILAC, RT. LIM, Zamboanga Sibugay",7.637324,122.434864,Philippines,DOST-ASTI PhilSensors,arg,RT. LIM,Zamboanga Sibugay,9,2017-09-05,False,True
1369,"SAGUDAY MUNICIPAL HALL, SAGUDAY, Quirino",16.54027778,121.5634444,Philippines,DOST-ASTI PhilSensors,arg,SAGUDAY,Quirino,2,2014-06-11,False,True
1491,"BRGY. MAGLAHOS, VALLEHERMOSO, Negros Oriental",10.392167,123.273833,Philippines,DOST-ASTI PhilSensors,arg,VALLEHERMOSO,Negros Oriental,7,2014-07-31,False,True
2047,"BARACAYO ELEMENTARY SCHOOL, DALIAON PLANTATION, TORIL, Davao City",7.009046,125.505985,Philippines,DOST-ASTI PhilSensors,arg,TORIL,Davao City,11,2009-12-31,False,True
1157,"GIPORLOS, GIPORLOS, Eastern Samar",11.12049,125.45,Philippines,DOST-ASTI PhilSensors,arg,GIPORLOS,Eastern Samar,8,2013-11-04,False,True
157,"PARANG MUNICIPAL HALL, PARANG, Maguindanao",7.36919,124.266861,Philippines,DOST-ASTI PhilSensors,arg,PARANG,Maguindanao,BARMM,2012-05-27,False,True
684,"NEGROS ORIENTAL STATE UNIVERSITY SIATON CAMPUS, SIATON, Negros Oriental",9.06005,123.034417,Philippines,DOST-ASTI PhilSensors,arg,SIATON,Negros Oriental,7,2013-07-15,False,True
151,"BRGY. LALO-IDP, TAYABAS, Quezon",14.050773,121.535139,Philippines,DOST-ASTI PhilSensors,arg,TAYABAS,Quezon,4-A,2012-12-31,False,True
2035,"MOTHER KABUNTALAN MUNICIPAL HALL, KABUNTALAN, Maguindanao",7.11779,124.36423,Philippines,DOST-ASTI PhilSensors,arg,KABUNTALAN,Maguindanao,BARMM,2016-11-08,False,True
701,"BRGY MABOLO, NAGA, Camarines Sur",13.6149,123.18285,Philippines,DOST-ASTI PhilSensors,arg,NAGA,Camarines Sur,5,2013-07-20,False,True
813,"SAN VICENTE LGU ROOFDECK MUNICIPAL HALL, SAN VICENTE, Camarines Norte",14.106667,122.873,Philippines,DOST-ASTI PhilSensors,arg,SAN VICENTE,Camarines Norte,5,2013-08-20,False,True
1154,"ARTECHE, ARTECHE, Eastern Samar",12.26511,125.37273,Philippines,DOST-ASTI PhilSensors,arg,ARTECHE,Eastern Samar,8,2013-11-05,False,True
1188,"PIDIGAN, PIDIGAN, Abra",17.556999,120.5893,Philippines,DOST-ASTI PhilSensors,arg,PIDIGAN,Abra,CAR,2014-02-16,False,True
2019,"SAN VICENTE, DARAGA, Albay",13.02868,123.66019,Philippines,DOST-ASTI PhilSensors,arg,DARAGA,Albay,5,2016-03-20,False,True
1646,"OLLFI, SIBONGA, Cebu",9.978323,123.600075,Philippines,DOST-ASTI PhilSensors,arg,SIBONGA,Cebu,7,2015-06-25,False,True
1625,"CAGDIANAO, CAGDIANAO, Dinagat Islands",9.923205,125.672013,Philippines,DOST-ASTI PhilSensors,arg,CAGDIANAO,Dinagat Islands,13,2015-07-04,False,True
407,"BUGUEY PUBLIC MARKET, BUGUEY, Cagayan",18.2875,121.831333,Philippines,DOST-ASTI PhilSensors,arg,BUGUEY,Cagayan,2,2013-05-27,False,True
446,"STA. ROSA, STA. ROSA, Laguna",14.31833,121.1111,Philippines,DOST-ASTI PhilSensors,arg,STA. ROSA,Laguna,4-A,2013-06-04,False,True
405,"STA. PRAXEDES GYMNASIUM, STA. PRAXEDES, Cagayan",18.563678,120.990606,Philippines,DOST-ASTI PhilSensors,arg,STA. PRAXEDES,Cagayan,2,2013-05-29,False,True
1974,"BRGY. HALL MANIPIS, TALISAY CITY, Cebu",10.32141,123.78626,Philippines,DOST-ASTI PhilSensors,arg,TALISAY CITY,Cebu,7,2016-08-09,False,True
1467,"SANTA MARIA MUNICIPAL GROUNDS, SANTA MARIA, Isabela",17.469531,121.751558,Philippines,DOST-ASTI PhilSensors,arg,SANTA MARIA,Isabela,2,2014-06-29,False,True
1561,"CARMEN MUNICIPAL HALL, CARMEN, SURIGAO DEL NORTE",9.229546,126.017343,Philippines,DOST-ASTI PhilSensors,arg,CARMEN,SURIGAO DEL NORTE,13,2014-12-08,False,True
1645,"BRGY. DAMPALAN, Pagadian City, Zamboanga del Sur",7.9068,123.2786,Philippines,DOST-ASTI PhilSensors,arg,Pagadian City,Zamboanga del Sur,9,2015-07-01,False,True
123,"PAGASA MALAYBALAY STATION, MALAYBALAY, Bukidnon",8.152028,125.132528,Philippines,DOST-ASTI PhilSensors,arg,MALAYBALAY,Bukidnon,10,2011-08-11,False,True
2535,"TSPSMHS, BRGY. SAN PEDRO, SISON, Surigao del Sur",9.660222,125.5215,Philippines,DOST-ASTI PhilSensors,arg,SISON,Surigao del Sur,13,2009-12-31,False,True
452,"TUBA MUNICIPAL HALL, POBLACION, TUBA, Benguet",16.3929,120.561,Philippines,DOST-ASTI PhilSensors,arg,TUBA,Benguet,CAR,2013-05-22,False,True
1516,"PSHS - EVC, PALO, Leyte",11.180377,125.00339,Philippines,DOST-ASTI PhilSensors,arg,PALO,Leyte,8,2013-09-05,False,True
2065,"MT. BAYUG ECO CULTURAL, TALIPAO, Sulu",5.97477,121.08645,Philippines,DOST-ASTI PhilSensors,arg,TALIPAO,Sulu,9,2016-12-07,False,True
789,"CANLAON, CANLAON CITY, Negros Oriental",10.367833,123.180167,Philippines,DOST-ASTI PhilSensors,arg,CANLAON CITY,Negros Oriental,7,2013-07-30,False,True
702,"TRIANGULO NAGA, NAGA, Camarines Sur",13.6173,123.1883,Philippines,DOST-ASTI PhilSensors,arg,NAGA,Camarines Sur,5,2013-07-20,False,True
804,"VILLAZAR NORTH BRGY. HALL, SIPOCOT, Camarines Sur",13.86555,122.9486,Philippines,DOST-ASTI PhilSensors,arg,SIPOCOT,Camarines Sur,5,2013-08-04,False,True
1219,"BALAMBAN MUNICIPAL HALL, BALAMBAN, Cebu",10.505028,123.713306,Philippines,DOST-ASTI PhilSensors,arg,BALAMBAN,Cebu,7,2014-03-18,False,True
1511,"CTU DAANBANTAYAN CAMPUS, DAANBANTAYAN, Cebu",11.268061,124.008458,Philippines,DOST-ASTI PhilSensors,arg,DAANBANTAYAN,Cebu,7,2014-09-02,False,True
1523,"BASAY NATIONAL HIGH SCHOOL, BASAY, Negros Oriental",9.40819,122.64824,Philippines,DOST-ASTI PhilSensors,arg,BASAY,Negros Oriental,7,2014-09-11,False,True
707,"DUGYAMAN, BRGY. ANTICALA, BUTUAN, Agusan del Norte",9.014844,125.692575,Philippines,DOST-ASTI PhilSensors,arg,BUTUAN,Agusan del Norte,13,2013-07-21,False,True
1261,"PUTING BUHANGIN, MOGPOG, Marinduque",13.454,121.959,Philippines,DOST-ASTI PhilSensors,arg,MOGPOG,Marinduque,4-B,2014-04-07,False,True
2190,"MA-AO ELEMENTARY SCHOOL, BAGO CITY, Negros Occidental",10.48998,122.990717,Philippines,DOST-ASTI PhilSensors,arg,BAGO CITY,Negros Occidental,6,2017-05-11,False,True
406,"GONZAGA PUBLIC MARKET, GONZAGA, Cagayan",18.261267,121.997864,Philippines,DOST-ASTI PhilSensors,arg,GONZAGA,Cagayan,2,2013-05-27,False,True
1191,"DON MARCELINO MUNICIPAL HALL, DON MARCELINO, Davao del Sur",6.197813,125.6947,Philippines,DOST-ASTI PhilSensors,arg,DON MARCELINO,Davao del Sur,11,2014-02-17,False,True
1455,"PSHS-SMC MINTAL, DAVAO CITY, Davao City",7.084133,125.508112,Philippines,DOST-ASTI PhilSensors,arg,DAVAO CITY,Davao City,11,2014-07-16,False,True
565,"ROSARIO MUNICIPAL HALL, ROSARIO, AGUSAN DEL SUR",8.381591,126.002052,Philippines,DOST-ASTI PhilSensors,arg,ROSARIO,AGUSAN DEL SUR,13,2013-07-04,False,True
484,"TANAY, PLAZA  ALDEA, TANAY, Rizal",14.4999,121.28285,Philippines,DOST-ASTI PhilSensors,arg,TANAY,Rizal,4-A,2013-06-05,False,True
708,"TUBOD MUNICIPAL HALL, TUBOD, Surigao del Norte",9.553854,125.569493,Philippines,DOST-ASTI PhilSensors,arg,TUBOD,Surigao del Norte,13,2015-05-15,False,True
776,"IGUIG MUNICIPAL HALL, IGUIG, Cagayan",17.752222,121.737222,Philippines,DOST-ASTI PhilSensors,arg,IGUIG,Cagayan,2,2013-07-18,False,True
713,"JAGUPIT, SANTIAGO, Agusan del Norte",9.24156,125.55945,Philippines,DOST-ASTI PhilSensors,arg,SANTIAGO,Agusan del Norte,13,2015-05-05,False,True
751,"IRIGA CITY HALL COMPOUND, IRIGA CITY, Camarines Sur",13.40588,123.4058,Philippines,DOST-ASTI PhilSensors,arg,IRIGA CITY,Camarines Sur,5,2013-07-24,False,True
1394,"CITY AGRICULTURE OFFICE, CADIZ CITY, Negros Occidental",10.95721,123.30019,Philippines,DOST-ASTI PhilSensors,arg,CADIZ CITY,Negros Occidental,6,2014-06-25,False,True
1341,"LANGIDEN, LANGIDEN, Abra",17.578742,120.567849,Philippines,DOST-ASTI PhilSensors,arg,LANGIDEN,Abra,CAR,2014-06-04,False,True
471,"CONNER, CONNER, APAYAO",17.90603,121.322999,Philippines,DOST-ASTI PhilSensors,arg,CONNER,APAYAO,CAR,2013-06-13,False,True
688,"NEGROS ORIENTAL STATE UNIVERSITY PAMPLONA CAMPUS, PAMPLONA, Negros Oriental",9.46223,123.10881,Philippines,DOST-ASTI PhilSensors,arg,PAMPLONA,Negros Oriental,7,2013-07-17,False,True
478,"ITOGON MUNICIPAL HALL, POBLACION, ITOGON, Benguet",16.36575,120.67493,Philippines,DOST-ASTI PhilSensors,arg,ITOGON,Benguet,CAR,2013-07-28,False,True
1073,"PSHS BICOL, GOA, Camarines Sur",13.695,123.467,Philippines,DOST-ASTI PhilSensors,arg,GOA,Camarines Sur,5,2013-11-24,False,True
588,"MAGSAYSAY AGUSAN DEL SUR, PROSPERIDAD, AGUSAN DEL SUR",8.630952,126.00843,Philippines,DOST-ASTI PhilSensors,arg,PROSPERIDAD,AGUSAN DEL SUR,13,2013-07-09,False,True
1506,"PSHS-CENTRAL VISAYAS CAMPUS, ARGAO, Cebu",9.899082,123.58582,Philippines,DOST-ASTI PhilSensors,arg,ARGAO,Cebu,7,2014-08-07,False,True
562,"TUPI MUNICIPAL HALL, South Cotabato",6.330907,124.9507785,Philippines,DOST-ASTI PhilSensors,arg,,South Cotabato,12,2013-07-04,False,True
764,"BANGAR GYM, BANGAR, La Union",16.894167,120.4235,Philippines,DOST-ASTI PhilSensors,arg,BANGAR,La Union,1,2013-07-18,False,True
563,"SIBAGAT MUNICIPAL HALL, SIBAGAT, Agusan del Sur",8.82325,125.694033,Philippines,DOST-ASTI PhilSensors,arg,SIBAGAT,Agusan del Sur,13,2015-01-21,False,True
506,"LONGLIVE PHARMA - MALANAY, STA. BARBARA, PANGASINAN",16.013593,120.414598,Philippines,DOST-ASTI PhilSensors,arg,STA. BARBARA,PANGASINAN,1,2013-06-20,False,True
1149,"SADANGA, SADANGA, Mountain Province",17.168152,121.026382,Philippines,DOST-ASTI PhilSensors,arg,SADANGA,Mountain Province,CAR,2013-12-19,False,True
487,"SAN LUIS, MALITBOG, Bukidnon",8.53757,124.93741,Philippines,DOST-ASTI PhilSensors,arg,MALITBOG,Bukidnon,10,2013-06-23,False,True
1204,"GIGAQUIT, GIGAQUIT, Surigao del Norte",9.59577,125.69779,Philippines,DOST-ASTI PhilSensors,arg,GIGAQUIT,Surigao del Norte,13,2014-02-27,False,True
780,"TINA, SAN MIGUEL, TAGO, Surigao del Sur",8.94671,126.038571,Philippines,DOST-ASTI PhilSensors,arg,"SAN MIGUEL, TAGO",Surigao del Sur,13,2013-07-30,False,True
1402,"FARMER AND AGRICULTURAL CENTER, LA CASTELLANA, Negros Occidental",10.325616,123.02515,Philippines,DOST-ASTI PhilSensors,arg,LA CASTELLANA,Negros Occidental,6,2014-06-25,False,True
555,"BRGY. TABUGON, KABANKALAN CITY, Negros Occidental",9.787678,122.803533,Philippines,DOST-ASTI PhilSensors,arg,KABANKALAN CITY,Negros Occidental,6,2013-06-20,False,True
497,"NOMIARC, BRGY. DALWANGAN, MALAYBALAY, Bukidnon",8.217286,125.035854,Philippines,DOST-ASTI PhilSensors,arg,MALAYBALAY,Bukidnon,10,2013-06-13,False,True
596,"ALAMADA, ALAMADA, Cotabato",7.43,124.535,Philippines,DOST-ASTI PhilSensors,arg,ALAMADA,Cotabato,12,2013-07-07,False,True
1521,"PSHS - CENTRAL LUZON, ANGELES CITY, PAMPANGA",15.192326,120.534744,Philippines,DOST-ASTI PhilSensors,arg,ANGELES CITY,PAMPANGA,3,2014-08-22,False,True
1104,"LAMUT, LAMUT, Ifugao",16.6513,121.2185,Philippines,DOST-ASTI PhilSensors,arg,LAMUT,Ifugao,CAR,2013-12-08,False,True
1670,"DOST PSTC BATANES, BASCO, Batanes",20.45128,121.9685,Philippines,DOST-ASTI PhilSensors,arg,BASCO,Batanes,2,2015-10-26,False,True
1365,"SAN GUILLERMO MUNICIPAL HALL, SAN GUILLERMO, Isabela",16.721389,121.809722,Philippines,DOST-ASTI PhilSensors,arg,SAN GUILLERMO,Isabela,2,2014-06-10,False,True
450,"BAKUN MUNICIPAL HALL, POBLACION, BAKUN, Benguet",16.783353,120.727664,Philippines,DOST-ASTI PhilSensors,arg,BAKUN,Benguet,CAR,2013-05-21,False,True
709,"MAINIT MUNICIPAL HALL, MAINIT, Surigao del Norte",9.540661,125.522986,Philippines,DOST-ASTI PhilSensors,arg,MAINIT,Surigao del Norte,13,2013-07-21,False,True
482,"BAY, BAY, Laguna",14.14332,121.2727,Philippines,DOST-ASTI PhilSensors,arg,BAY,Laguna,4-A,2013-06-09,False,True
584,"HELEN, LARENA, Siquijor",9.24862,123.59467,Philippines,DOST-ASTI PhilSensors,arg,LARENA,Siquijor,7,2013-07-07,False,True
447,"RIZAL, RIZAL, Laguna",14.11031,121.4045,Philippines,DOST-ASTI PhilSensors,arg,RIZAL,Laguna,4-A,2013-06-13,False,True
435,"BARANGAY HALL, BRGY. MALINAO ILAYA, ATIMONAN, QUEZON",13.99506,121.83602,Philippines,DOST-ASTI PhilSensors,arg,ATIMONAN,QUEZON,4-A,2013-06-24,False,True
779,"CARAGA STATE UNIVERSITY, BRGY. AMPAYON, BUTUAN CITY, Agusan del Norte",8.95917,125.59641,Philippines,DOST-ASTI PhilSensors,arg,BUTUAN CITY,Agusan del Norte,13,2013-07-16,False,True
611,"MAT-I EVACUATION AND TRAINING CENTER, LAS NIEVES, Agusan del Norte",8.714325,125.588499,Philippines,DOST-ASTI PhilSensors,arg,LAS NIEVES,Agusan del Norte,13,2015-06-03,False,True
480,"PARACELIS, PARACELIS, Mountain Province",17.18108,121.403552,Philippines,DOST-ASTI PhilSensors,arg,PARACELIS,Mountain Province,CAR,2013-07-10,False,True
974,"BARANGAY HALL, BRGY. MALINDIG, BAUAN, Batangas",13.8101,120.96346,Philippines,DOST-ASTI PhilSensors,arg,BAUAN,Batangas,4-A,2013-10-21,False,True
2212,"SOUTH UPI, SOUTH UPI, Maguindanao",6.855248,124.145568,Philippines,DOST-ASTI PhilSensors,arg,SOUTH UPI,Maguindanao,BARMM,2017-06-30,False,True
962,"GMA, GMA, Cavite",14.295547,121.0068,Philippines,DOST-ASTI PhilSensors,arg,GMA,Cavite,4-A,2013-10-15,False,True
586,"MANTALONGON, DALAGUETE, Cebu",9.815889,123.456056,Philippines,DOST-ASTI PhilSensors,arg,DALAGUETE,Cebu,7,2013-07-04,False,True
792,"GUIMBA TOWN HALL, GUIMBA, Nueva Ecija",15.66,120.767194,Philippines,DOST-ASTI PhilSensors,arg,GUIMBA,Nueva Ecija,3,2013-07-30,False,True
912,"TAGUDIN HEALTH CENTER, TAGUDIN, Ilocos Sur",16.934033,120.445067,Philippines,DOST-ASTI PhilSensors,arg,TAGUDIN,Ilocos Sur,1,2013-09-19,False,True
644,"SUYO MUNICIPAL OFFICE, SUYO, Ilocos Sur",16.983639,120.513806,Philippines,DOST-ASTI PhilSensors,arg,SUYO,Ilocos Sur,1,2013-07-15,False,True
1216,"MALINGAO CENTRAL SCHOOL, TUBOD, Lanao del Norte",7.987106,123.855645,Philippines,DOST-ASTI PhilSensors,arg,TUBOD,Lanao del Norte,10,2014-03-18,False,True
732,"MANAY, MANAY, Davao Oriental",7.229167,126.5505,Philippines,DOST-ASTI PhilSensors,arg,MANAY,Davao Oriental,11,2013-07-09,False,True
609,"ESPERANZA POBLACION, ESPERANZA, Agusan del Sur",8.67789,125.657983,Philippines,DOST-ASTI PhilSensors,arg,ESPERANZA,Agusan del Sur,13,2013-07-15,False,True
711,"CABADBARAN, CABADBARAN CITY, Agusan del Norte",9.121641,125.546234,Philippines,DOST-ASTI PhilSensors,arg,CABADBARAN CITY,Agusan del Norte,13,2013-07-21,False,True
1533,"HINABANGAN MUNICIPAL GROUNDS, HINABANGAN, Samar",11.701255,125.066129,Philippines,DOST-ASTI PhilSensors,arg,HINABANGAN,Samar,8,2014-10-23,False,True
514,"PSU-ASINGAN CAMPUS, ASINGAN, PANGASINAN",15.98323,120.634174,Philippines,DOST-ASTI PhilSensors,arg,ASINGAN,PANGASINAN,1,2013-06-27,False,True
689,"NEGROS ORIENTAL STATE UNIVERSITY BAIS CAMPUS, BAIS, Negros Oriental",9.59283,123.11935,Philippines,DOST-ASTI PhilSensors,arg,BAIS,Negros Oriental,7,2013-07-17,False,True
749,"LLANERA TOWN HALL, LLANERA, Nueva Ecija",15.663056,121.019722,Philippines,DOST-ASTI PhilSensors,arg,LLANERA,Nueva Ecija,3,2013-07-22,False,True
583,"NAGA CITY HALL, NAGA CITY, Cebu",10.206917,123.76025,Philippines,DOST-ASTI PhilSensors,arg,NAGA CITY,Cebu,7,2012-02-14,False,True
575,"SAN JUAN, IMPASUG-ONG, Bukidnon",8.221173,124.961061,Philippines,DOST-ASTI PhilSensors,arg,IMPASUG-ONG,Bukidnon,10,2013-07-04,False,True
481,"CALAUAN, CALAUAN, Laguna",14.11911,121.28722,Philippines,DOST-ASTI PhilSensors,arg,CALAUAN,Laguna,4-A,2013-06-02,False,True
971,"BRGY. MAYASANG, LEMERY, BATANGAS",14.01604,120.8628,Philippines,DOST-ASTI PhilSensors,arg,LEMERY,BATANGAS,4-A,2013-10-16,False,True
1283,"PENARUBIA, PENARUBIA, Abra",17.564114,120.650767,Philippines,DOST-ASTI PhilSensors,arg,PENARUBIA,Abra,CAR,2014-04-21,False,True
1752,"PANLUAN ELEMENTARY SCHOOL, Bongabong, Oriental Mindoro",12.739506,121.460593,Philippines,DOST-ASTI PhilSensors,arg,Bongabong,Oriental Mindoro,4-B,2016-02-19,False,True
2375,"UNGKA II ELEMENTARY SCHOOL, PAVIA, Iloilo",10.7514662,122.5388807,Philippines,DOST-ASTI PhilSensors,arg,PAVIA,Iloilo,6,2017-10-18,False,True
739,"AGUSAN DEL SUR PROVINCIAL CAPITOL, BRGY. PATIN-AY, PROPERIDAD, AGUSAN DEL SUR",8.552794,125.946686,Philippines,DOST-ASTI PhilSensors,arg,PROPERIDAD,AGUSAN DEL SUR,13,2013-07-19,False,True
799,"SAN FELIPE TOWN HALL, BRGY FERIA, SAN FELIPE, Zambales",15.061417,120.070361,Philippines,DOST-ASTI PhilSensors,arg,"BRGY FERIA, SAN FELIPE",Zambales,3,2013-08-01,False,True
1067,"UYUGAN MUNICIPAL HALL, UYUGAN, Batanes",20.350278,121.938889,Philippines,DOST-ASTI PhilSensors,arg,UYUGAN,Batanes,2,2013-11-12,False,True
1203,"MALIMONO, MALIMONO, Surigao del Norte",9.61856,125.40162,Philippines,DOST-ASTI PhilSensors,arg,MALIMONO,Surigao del Norte,13,2014-02-27,False,True
646,"STO. DOMINGO MUNICIPAL HALL, STO. DOMINGO, Ilocos Sur",17.638747,120.409622,Philippines,DOST-ASTI PhilSensors,arg,STO. DOMINGO,Ilocos Sur,1,2013-07-15,False,True
558,"POTOTAN MUNICIPAL HALL, POTOTAN, Iloilo",10.949922,122.634483,Philippines,DOST-ASTI PhilSensors,arg,POTOTAN,Iloilo,6,2013-06-13,False,True
455,"PADRE GARCIA, PADRE GARCIA, Batangas",13.87983,121.21284,Philippines,DOST-ASTI PhilSensors,arg,PADRE GARCIA,Batangas,4-A,2013-05-29,False,True
850,"POBLACION EAST-ROSARIO LU, La Union",16.23075,120.487639,Philippines,DOST-ASTI PhilSensors,arg,,La Union,1,2013-08-14,False,True
473,"STA. MARCELA MUNICIPAL POLICE STATION, STA. MARCELA, Apayao",18.2878,121.4379,Philippines,DOST-ASTI PhilSensors,arg,STA. MARCELA,Apayao,CAR,2013-06-10,False,True
530,"PUBLIC PLAZA CABUCGAYAN, CABUGCAYAN, Biliran",11.473636,124.574814,Philippines,DOST-ASTI PhilSensors,arg,CABUGCAYAN,Biliran,8,2013-07-01,False,True
443,"MAJAYJAY, MAJAYJAY, Laguna",14.11461,121.50517,Philippines,DOST-ASTI PhilSensors,arg,MAJAYJAY,Laguna,4-A,2013-07-11,False,True
474,"PUDTOL PUBLIC MARKET, PUDTOL, APAYAO",18.2356,121.3734,Philippines,DOST-ASTI PhilSensors,arg,PUDTOL,APAYAO,CAR,2013-06-12,False,True
1311,"DOLORES, DOLORES, Abra",17.648084,120.709287,Philippines,DOST-ASTI PhilSensors,arg,DOLORES,Abra,CAR,2014-05-12,False,True
564,"BAYUGAN CITY HALL, BAYUGAN CITY, Agusan del Sur",8.713,125.7514,Philippines,DOST-ASTI PhilSensors,arg,BAYUGAN CITY,Agusan del Sur,13,2013-07-04,False,True
567,"VERUELA MUNICIPAL HALL, VERUELA, Agusan del Sur",8.0693,125.95547,Philippines,DOST-ASTI PhilSensors,arg,VERUELA,Agusan del Sur,13,2013-07-04,False,True
683,"NORTH POBLACION, MARIA, Siquijor",9.19837,123.65746,Philippines,DOST-ASTI PhilSensors,arg,MARIA,Siquijor,7,2013-07-09,False,True
606,"TALACOGON MUNICIPAL HALL, TALACOGON, Agusan del Sur",8.448658,125.785032,Philippines,DOST-ASTI PhilSensors,arg,TALACOGON,Agusan del Sur,13,2013-07-11,False,True
150,"UNIVERSITY OF RIZAL SYSTEM, MORONG, Rizal",14.5174,121.235467,Philippines,DOST-ASTI PhilSensors,arg,MORONG,Rizal,4-A,2011-08-22,False,True
2203,"SAN SIMON ELEMENTARY SCHOOL, SAN SIMON, Bataan",14.913333,120.478611,Philippines,DOST-ASTI PhilSensors,arg,SAN SIMON,Bataan,3,2017-06-04,False,True
1066,"QUIBORO ELEMENTARY SCHOOL, MAMBAJAO, Camiguin",9.233743,124.71314,Philippines,DOST-ASTI PhilSensors,arg,MAMBAJAO,Camiguin,10,2013-11-21,False,True
475,"ALFONSO LISTA, ALFONSO LISTA, Ifugao",16.9209,121.4891,Philippines,DOST-ASTI PhilSensors,arg,ALFONSO LISTA,Ifugao,CAR,2013-06-16,False,True
1836,"SAYAW, SIAYAN, Zamboanga del Norte",8.1813,123.13131,Philippines,DOST-ASTI PhilSensors,arg,SIAYAN,Zamboanga del Norte,9,2016-05-01,False,True
1792,"BRGY. LA UNION, SAN REMIGIO, Antique",10.8079514,122.1004924,Philippines,DOST-ASTI PhilSensors,arg,SAN REMIGIO,Antique,6,2016-04-04,False,True
1651,"SITIO CALACAS, SIAYAN, Zamboanga del Norte",8.246533,123.1237,Philippines,DOST-ASTI PhilSensors,arg,SIAYAN,Zamboanga del Norte,9,2015-07-27,False,True
1652,"SITIO MATAM, UPPER DISAKAN,MANUKAN, Zamboanga del Norte",8.383867,123.074,Philippines,DOST-ASTI PhilSensors,arg,"UPPER DISAKAN,MANUKAN",Zamboanga del Norte,9,2015-07-27,False,True
496,"BFAR KISOLON, SUMILAO, Bukidnon",8.33425,124.97808,Philippines,DOST-ASTI PhilSensors,arg,SUMILAO,Bukidnon,10,2013-06-12,False,True
1520,"MUNICIPAL GROUNDS STA. FE, STA. FE, Leyte",11.18556,124.9175,Philippines,DOST-ASTI PhilSensors,arg,STA. FE,Leyte,8,2014-08-12,False,True
501,"PHILRICE FIELD OFFICE MUSUAN, BRGY. DOLOGON, MARAMAG, Bukidnon",7.848431,125.050214,Philippines,DOST-ASTI PhilSensors,arg,MARAMAG,Bukidnon,10,2013-06-17,False,True
505,"PALACAPAO, QUEZON, Bukidnon",7.60731,125.13361,Philippines,DOST-ASTI PhilSensors,arg,QUEZON,Bukidnon,10,2013-06-25,False,True
726,"NEW CORELLA, NEW CORELLA, Davao del Norte",7.58712,125.82408,Philippines,DOST-ASTI PhilSensors,arg,NEW CORELLA,Davao del Norte,11,2013-07-21,False,True
1654,"BUENAVISTA, SERGIO OSMENA, Zamboanga del Norte",8.285,123.5308,Philippines,DOST-ASTI PhilSensors,arg,SERGIO OSMENA,Zamboanga del Norte,9,2015-07-28,False,True
1742,"GUMAY ES, BRGY. UPPER GUMAY, Piñan, Zamboanga del Norte",8.42565,123.45026,Philippines,DOST-ASTI PhilSensors,arg,Piñan,Zamboanga del Norte,9,2016-02-16,False,True
1741,"LA VICTORIA ES, LA LIBERTAD, Zamboanga del Norte",8.43806,123.55375,Philippines,DOST-ASTI PhilSensors,arg,LA LIBERTAD,Zamboanga del Norte,9,2016-02-17,False,True
1740,"SAN ROQUE ES, RIZAL, Zamboanga del Norte",8.55452,123.42871,Philippines,DOST-ASTI PhilSensors,arg,RIZAL,Zamboanga del Norte,9,2016-02-17,False,True
1840,"IMMACULADA CONCEPCION ELEMENTARY SCHOOL, GUTALAC, Zamboanga del Norte",7.92217,122.39714,Philippines,DOST-ASTI PhilSensors,arg,GUTALAC,Zamboanga del Norte,9,2016-05-03,False,True
1841,"MDRRMC, KALAWIT, Zamboanga del Norte",7.90637,122.525,Philippines,DOST-ASTI PhilSensors,arg,KALAWIT,Zamboanga del Norte,9,2016-05-03,False,True
774,"DUPAX DEL SUR MUNICIPAL HALL, DUPAX DEL SUR, Nueva Vizcaya",16.28338889,121.0913889,Philippines,DOST-ASTI PhilSensors,arg,DUPAX DEL SUR,Nueva Vizcaya,2,2013-07-15,False,True
935,"AMBAGUIO MUNICIPAL HALL, AMBAGUIO, Nueva Vizcaya",16.53163889,121.0283611,Philippines,DOST-ASTI PhilSensors,arg, AMBAGUIO,Nueva Vizcaya,2,2013-09-08,False,True
388,"VILLA VERDE MUNICIPAL HALL, VILLA VERDE, Nueva Vizcaya",16.59086111,121.1868889,Philippines,DOST-ASTI PhilSensors,arg,VILLA VERDE,Nueva Vizcaya,2,2013-05-07,False,True
1386,"LUNA, SAN JOSE, Dinagat Islands",10.0083,125.5888,Philippines,DOST-ASTI PhilSensors,arg,SAN JOSE,Dinagat Islands,13,2015-06-21,False,True
1905,"BRGY. VILLAFONT, SIBALOM, Antique",10.7875191,122.084603,Philippines,DOST-ASTI PhilSensors,arg,SIBALOM,Antique,6,2016-06-01,False,True
913,"BUHI MUNICIPAL HALL ROOFDECK, BUHI, Camarines Sur",13.434983,123.517767,Philippines,DOST-ASTI PhilSensors,arg,BUHI,Camarines Sur,5,2013-08-15,False,True
1258,"LEMERY PLAZA, LEMERY, Iloilo",11.225492,122.928851,Philippines,DOST-ASTI PhilSensors,arg,LEMERY,Iloilo,6,2014-04-02,False,True
1666,"MADRID MUNICIPAL HALL, MADRID, Surigao del Sur",9.26147,125.96407,Philippines,DOST-ASTI PhilSensors,arg,MADRID,Surigao del Sur,13,2014-12-08,False,True
97,"PSU STA. MARIA - IDP, STA. MARIA, Pangasinan",15.952333,120.680528,Philippines,DOST-ASTI PhilSensors,arg,STA. MARIA,Pangasinan,1,2012-12-31,False,True
2539,"QUEZON INTEGRATED SCHOOL, TAGBINA, Agusan del Sur",8.49379,126.14199,Philippines,DOST-ASTI PhilSensors,arg,TAGBINA,Agusan del Sur,13,2009-12-31,False,True
960,"COMPOSTELA - MANGAYON NHS, COMPOSTELA, Compostela Valley",7.70599,126.10832,Philippines,DOST-ASTI PhilSensors,arg,COMPOSTELA,Compostela Valley,11,2013-10-04,False,True
1809,"SIOASIO, SUAL, Pangasinan",16.04107,120.04576,Philippines,DOST-ASTI PhilSensors,arg,SUAL,Pangasinan,1,2016-05-03,False,True
2904,"SERINO REST HOUSE, TORIL, ALORAN, MISAMIS OCCIDENTAL",8.40685,123.79316,Philippines,DOST-ASTI PhilSensors,arg,ALORAN,MISAMIS OCCIDENTAL,10,2022-07-12,False,True
2910,"TIPAN BRGY. HALL, TIPAN, SINACABAN, MISAMIS OCCIDENTAL",8.29643,123.78124,Philippines,DOST-ASTI PhilSensors,arg,SINACABAN,MISAMIS OCCIDENTAL,10,2022-07-13,False,True
1278,"PHILIPPINE SCIENCE HIGH SCHOOL, BITO-ON, JARO, Iloilo",10.752667,122.587556,Philippines,DOST-ASTI PhilSensors,arg,JARO,Iloilo,6,2014-02-17,False,True
536,"LLORENTE PUBLIC PLAZA, LLORENTE, Eastern Samar",11.413069,125.547453,Philippines,DOST-ASTI PhilSensors,arg,LLORENTE,Eastern Samar,8,2013-07-03,False,True
1986,"CAMBITU NATIONAL HIGH SCHOOL, CABOLOAN, OTON, ILOILO",10.7418834,122.4805789,Philippines,DOST-ASTI PhilSensors,arg,OTON,ILOILO,6,2016-08-17,False,True
1735,"DAMIT ELEMENTARY SCHOOL, BAYOG, Zamboanga del Sur",7.81807,123.00678,Philippines,DOST-ASTI PhilSensors,arg,BAYOG,Zamboanga del Sur,9,2016-01-26,False,True
1641,"MT. TIMOLAN, Tigbao, Zamboanga del Sur",7.8119,123.2377,Philippines,DOST-ASTI PhilSensors,arg,Tigbao,Zamboanga del Sur,9,2015-06-29,False,True
1744,"BINAYAN ES, BINYANAN, LABANGAN, Zamboanga del Sur",7.92088,123.39856,Philippines,DOST-ASTI PhilSensors,arg,"BINYANAN, LABANGAN",Zamboanga del Sur,9,2016-01-27,False,True
145,"NEW BILIBID PRISON, BRGY. POBLACION, MUNTINLUPA CITY, Metro Manila",14.38371,121.03373,Philippines,DOST-ASTI PhilSensors,arg,MUNTINLUPA CITY,Metro Manila,NCR,2012-06-01,False,True
1643,"GUMAHAN, Josefina, Zamboanga del Sur",8.21467,123.5469,Philippines,DOST-ASTI PhilSensors,arg,Josefina,Zamboanga del Sur,9,2015-06-30,False,True
1886,"DE LA SALLE UNIVERSITY, MALATE, Metro Manila",14.56494444,120.9928889,Philippines,DOST-ASTI PhilSensors,arg,MALATE,Metro Manila,NCR,2016-06-12,False,True
190,"SCIENCE GARDEN PAGASA-IDP, QUEZON CITY, Metro Manila",14.645045,121.044327,Philippines,DOST-ASTI PhilSensors,arg,QUEZON CITY,Metro Manila,NCR,2011-09-05,False,True
1762,"VILLACONSUELO ELEMENTARY SCHOOL, NAVAL, CAIBIRAN, BILIRAN",11.579883,124.479488,Philippines,DOST-ASTI PhilSensors,arg,CAIBIRAN,BILIRAN,8,2016-04-03,False,True
467,"SAGADA, SAGADA, Mountain Province",17.08451,120.90047,Philippines,DOST-ASTI PhilSensors,arg,SAGADA,Mountain Province,CAR,2013-07-30,False,True
1657,"LA LIBERTAD NATIONAL HIGH SCHOOL, La Libertad, Zamboanga del Norte",8.4725,123.5244,Philippines,DOST-ASTI PhilSensors,arg,La Libertad,Zamboanga del Norte,9,2015-07-29,False,True
1555,"CALUBIAN MUNICIPAL GROUNDS, CALUBIAN, Leyte",11.448102,124.425916,Philippines,DOST-ASTI PhilSensors,arg,CALUBIAN,Leyte,8,2014-11-22,False,True
1361,"STO. NINO MUNICIPAL HALL, STO. NINO, Cagayan",17.88386,121.56946,Philippines,DOST-ASTI PhilSensors,arg,STO. NINO,Cagayan,2,2014-06-08,False,True
2822,"BUGASONG ARG CEST, BUGASONG, ANTIQUE",11.034899,122.058537,Philippines,DOST-ASTI PhilSensors,arg,BUGASONG,ANTIQUE,6,2021-09-18,False,True
1257,"SAN DIONISIO MUNICIPAL HALL, SAN DIONISIO, Iloilo",11.271117,123.0949,Philippines,DOST-ASTI PhilSensors,arg,SAN DIONISIO,Iloilo,6,2014-04-02,False,True
566,"ALEGRIA, SAN FRANCISCO, Agusan del Sur",8.506214,126.01145,Philippines,DOST-ASTI PhilSensors,arg,SAN FRANCISCO,Agusan del Sur,13,2013-07-04,False,True
706,"SUMILE, BUTUAN CITY, Agusan del Norte",8.824867,125.629657,Philippines,DOST-ASTI PhilSensors,arg,BUTUAN CITY,Agusan del Norte,13,2013-07-21,False,True
2908,"SITIO HADUAN, MABALACAT, PAMPANGA",15.1813823,120.542114,Philippines,DOST-ASTI PhilSensors,arg,MABALACAT,PAMPANGA,3,2022-09-21,False,True
1123,"MAYOYAO, MAYOYAO, Ifugao",16.972692,121.2216,Philippines,DOST-ASTI PhilSensors,arg,MAYOYAO,Ifugao,CAR,2013-12-10,False,True
2862,"BRGY. POBLACION, SABANG PORT, BURDEOS, QUEZON",14.257672,121.820334,Philippines,DOST-ASTI PhilSensors,arg,BURDEOS,QUEZON,4-A,2022-02-28,False,True
2989,"OPCEN, POBLACION, BALABAGAN, LANAO DEL SUR",7.508432,124.128605,Philippines,DOST-ASTI PhilSensors,arg,BALABAGAN,LANAO DEL SUR,BARMM,2022-11-23,False,True
811,"RAGAY ELEMENTARY SCHOOL, RAGAY, CAMARINES SUR",13.8193,122.790217,Philippines,DOST-ASTI PhilSensors,arg,RAGAY,CAMARINES SUR,5,2013-09-02,False,True
3000,"PANGLIMA ESTINO MUNICIPAL HALL, POBLACION, PANGLIMA ESTINO, SULU",5.958128,121.196367,Philippines,DOST-ASTI PhilSensors,arg,PANGLIMA ESTINO,SULU,9,2022-10-31,False,True
125,"NMSC COMPOUND, TANGUB CITY, MISAMIS OCCIDENTAL",8.05713,123.72155,Philippines,DOST-ASTI PhilSensors,arg,TANGUB CITY,MISAMIS OCCIDENTAL,10,2012-03-12,False,True
1076,"GUINALABAN, SALAY, Misamis Oriental",8.864889,124.822944,Philippines,DOST-ASTI PhilSensors,arg,SALAY,Misamis Oriental,10,2013-11-28,False,True
1846,"OLOPSC, MARIKINA CITY, Metro Manila",14.64717,121.11192,Philippines,DOST-ASTI PhilSensors,arg,MARIKINA CITY,Metro Manila,NCR,2015-03-17,False,True
3003,"OPCEN BANGUINGUI, DUNGON, BANGUINGUI, SULU",6.148127,121.828212,Philippines,DOST-ASTI PhilSensors,arg,BANGUINGUI,SULU,9,2022-10-31,False,True
135,"CARMEN, CARMEN, South Cotabato",7.20496,124.79518,Philippines,DOST-ASTI PhilSensors,arg,CARMEN,South Cotabato,12,2012-06-04,False,True
3001,"PATIKUL MUNICIPAL HALL, TAGLIBI, PATIKUL, SULU",6.088878,121.105398,Philippines,DOST-ASTI PhilSensors,arg,PATIKUL,SULU,9,2022-10-31,False,True
2999,"OPCEN OMAR, POBLACION, OMAR, SULU",6.01015,121.387122,Philippines,DOST-ASTI PhilSensors,arg,OMAR,SULU,9,2022-10-31,False,True
3002,"PARANG MUNICIPAL HALL, SILANGKAN, PARANG, SULU",5.914617,120.907236,Philippines,DOST-ASTI PhilSensors,arg,PARANG,SULU,9,2022-10-31,False,True
2986,"BRGY. ROGERO, BRGY. ROGERO, BUBONG, LANAO DEL SUR",8.012632,124.407665,Philippines,DOST-ASTI PhilSensors,arg,BUBONG,LANAO DEL SUR,BARMM,2022-11-22,False,True
2517,"BRGY. POBLACION-CEST, BRGY. POBLACION, POLILIO, Quezon",14.714327,121.938281,Philippines,DOST-ASTI PhilSensors,arg,POLILIO,Quezon,4-A,2018-06-05,False,True
2706,"PAGLAT MUNICIPAL HALL, PAGLAT, MAGUINDANAO",6.781006,124.78481,Philippines,DOST-ASTI PhilSensors,arg,PAGLAT ,MAGUINDANAO,BARMM,2019-07-17,False,True
2793,"BRGY. RAMIREZ, RAMIREZ, Magallanes, CAVITE",14.20148,120.75377,Philippines,DOST-ASTI PhilSensors,arg,Magallanes,CAVITE,4-A,2021-03-02,False,True
2854,"CARAGA STATE UNIVERSITY-ENGAGE CARAGA PROGRAM - DAR OFFICE, SAN LUIS, AGUSAN DEL SUR",8.49609,125.738181,Philippines,DOST-ASTI PhilSensors,arg,SAN LUIS,AGUSAN DEL SUR,13,2022-02-03,False,True
2855,"CARAGA STATE UNIVERSITY-ENGAGE CARAGA PROGRAM, OPCEN TRENTO, TRENTO, AGUSAN DEL SUR",8.044137,126.062328,Philippines,DOST-ASTI PhilSensors,arg,TRENTO,AGUSAN DEL SUR,13,2022-02-03,False,True
2680,"BRGY. CONCEPCION HALL, CONCEPCION, MAUBAN, QUEZON",14.18165,121.6868,Philippines,DOST-ASTI PhilSensors,arg,MAUBAN,QUEZON,4-A,2019-05-02,False,True
2823,"BELISON ARG CEST, BELISON, ANTIQUE",10.839051,121.959255,Philippines,DOST-ASTI PhilSensors,arg,BELISON,ANTIQUE,6,2021-09-18,False,True
64,"LUNA, LUNA, Apayao",18.330861,121.372444,Philippines,DOST-ASTI PhilSensors,arg,LUNA,Apayao,CAR,2012-02-14,False,True
1063,"LURISA NATIONAL HIGH SCHOOL, BRGY. SAMAY, GINGOOG CITY, Misamis Oriental",8.74779,125.09854,Philippines,DOST-ASTI PhilSensors,arg,GINGOOG CITY,Misamis Oriental,10,2013-11-19,False,True
2802,"BRGY. VILLA BATABAT, VILLA BATABAT, BUENAVISTA, QUEZON",13.80262721,122.32123586,Philippines,DOST-ASTI PhilSensors,arg,BUENAVISTA,QUEZON,4-A,2019-11-10,False,True
2714,"BRGY. POBLACION, TANGALAN, POBLACION, TANGALAN, AKLAN",11.77745,122.261052,Philippines,DOST-ASTI PhilSensors,arg,TANGALAN,AKLAN,6,2019-08-09,False,True
3037,"BULACAN ARG, BULACAN, MALALAG, DAVAO DEL SUR",6.323822,125.256512,Philippines,DOST-ASTI PhilSensors,arg,MALALAG,DAVAO DEL SUR,11,2023-05-16,False,True
2819,"LIBERTAD ARG CEST, LIBERTAD, ANTIQUE",11.782729,121.912609,Philippines,DOST-ASTI PhilSensors,arg,LIBERTAD,ANTIQUE,6,2021-09-17,False,True
1358,"ROXAS CITY, ROXAS CITY, Capiz",11.585049,122.755095,Philippines,DOST-ASTI PhilSensors,arg,ROXAS CITY,Capiz,6,2014-06-09,False,True
2728,"STO. NINO ILAYA NATIONAL HIGH SCHOOL, STO NINO ILAYA, LOPEZ, QUEZON",13.8125285,122.2915364,Philippines,DOST-ASTI PhilSensors,arg,LOPEZ,QUEZON,4-A,2019-11-18,False,True
2642,"MDRRMO EVACUATION CENTER, POBLACION, NEW WASHINGTON, AKLAN",11.648111,122.434704,Philippines,DOST-ASTI PhilSensors,arg,NEW WASHINGTON,AKLAN,6,2018-12-14,False,True
69,"PSHS, IRISAN, BAGUIO CITY, Benguet",16.402333,120.596007,Philippines,DOST-ASTI PhilSensors,arg,BAGUIO CITY,Benguet,CAR,2012-05-18,False,True
2825,"TOBIAS FORNIER ARG CEST, TOBIAS FORNIER, ANTIQUE",10.516585,121.944718,Philippines,DOST-ASTI PhilSensors,arg,TOBIAS FORNIER,ANTIQUE,6,2021-09-18,False,True
2438,"DATU SAUDI AMPATUAN MUNICIPAL HALL, DATU SAUDI AMPATUAN, Maguindanao",6.926132,124.414386,Philippines,DOST-ASTI PhilSensors,arg,DATU SAUDI AMPATUAN,Maguindanao,BARMM,2018-03-14,False,True
2670,"BARANGAY POBLACION, M.L. QUEZON - CEST, BARANGAY POBLACION, MACALELON, QUEZON",13.7489,122.140503,Philippines,DOST-ASTI PhilSensors,arg,MACALELON,QUEZON,4-A,2018-11-21,False,True
2994,"TUBURAN MUNICIPAL HALL, POBLACION, TUBURAN, BASILAN",6.610189,122.184942,Philippines,DOST-ASTI PhilSensors,arg,TUBURAN,BASILAN,BARMM,2022-11-28,False,True
1125,"SULTAN SA BARONGIS MUNICIPAL HAL, SULTAN SA BARONGIS, Maguindanao",6.8840627,124.6024913,Philippines,DOST-ASTI PhilSensors,arg,SULTAN SA BARONGIS,Maguindanao,BARMM,2013-12-11,False,True
2824,"HAMTIC ARG CEST, HAMTIC, ANTIQUE",10.706617,121.974355,Philippines,DOST-ASTI PhilSensors,arg,HAMTIC,ANTIQUE,6,2021-09-18,False,True
2931,"PURNAGA, MAGSAYSAY, OCCIDENTAL MINDORO",12.3914122,121.1044872,Philippines,DOST-ASTI PhilSensors,arg,MAGSAYSAY,OCCIDENTAL MINDORO,4-B,2022-12-06,False,True
579,"PSTC PANGASINAN, LINGAYEN, Pangasinan",16.034306,120.233028,Philippines,DOST-ASTI PhilSensors,arg,LINGAYEN,Pangasinan,1,2013-07-03,False,True
448,"BAUKO, BAUKO, Mountain Province",16.853702,120.857009,Philippines,DOST-ASTI PhilSensors,arg,BAUKO,Mountain Province,CAR,2013-05-19,False,True
647,"LGU CARASI, CARASI, Ilocos Norte",18.1395781,120.8202637,Philippines,DOST-ASTI PhilSensors,arg,CARASI,Ilocos Norte,1,2013-07-14,False,True
454,"BARANGAY HALL, NATUBLENG, BUGUIAS, Benguet",16.72336,120.78244,Philippines,DOST-ASTI PhilSensors,arg,BUGUIAS,Benguet,CAR,2013-05-19,False,True
449,"BESAO, BESAO, Mountain Province",17.095139,120.855944,Philippines,DOST-ASTI PhilSensors,arg,BESAO,Mountain Province,CAR,2013-05-20,False,True
2876,"NURSERY BUANG - BDU, BUANG, TABACO CITY, ALBAY",13.303326,123.648327,Philippines,DOST-ASTI PhilSensors,arg,TABACO CITY,ALBAY,5,2022-05-18,False,True
2924,"WAO MUNICIPAL HALL, MOST BARMM, WAO, LANAO DEL SUR",7.636602,124.725203,Philippines,DOST-ASTI PhilSensors,arg,WAO,LANAO DEL SUR,BARMM,2022-10-13,False,True
387,"DALTON PASS, STA. FE, Nueva Vizcaya",16.13297222,120.93,Philippines,DOST-ASTI PhilSensors,arg,STA. FE,Nueva Vizcaya,2,2013-05-07,False,True
285,"STO. NINO, TALAKAG, Bukidnon",8.18458,124.58766,Philippines,DOST-ASTI PhilSensors,arg,TALAKAG,Bukidnon,10,2012-07-31,False,True
95,"UNP, BRGY. TAMAG, VIGAN CITY, Ilocos Sur",17.561944,120.381111,Philippines,DOST-ASTI PhilSensors,arg,VIGAN CITY,Ilocos Sur,1,2012-05-30,False,True
1363,"BARANGAY SAN VICENTE, SAN PABLO, Isabela",17.47471,121.87454,Philippines,DOST-ASTI PhilSensors,arg,SAN PABLO,Isabela,2,2014-06-09,False,True
390,"BANAUE, BANAUE, Ifugao",16.9113,121.0623,Philippines,DOST-ASTI PhilSensors,arg,BANAUE,Ifugao,CAR,2013-05-14,False,True
3009,"LANGUYAN MUNICIPAL HALL, POBLACION, LANGUYAN, TAWI-TAWI",5.267709,120.078996,Philippines,DOST-ASTI PhilSensors,arg,LANGUYAN,TAWI-TAWI,BARMM,2022-11-08,False,True
2845,"MUNICIPAL HALL, BRGY. POBLACION, PANTABANGAN, NUEVA ECIJA",15.801667,121.153889,Philippines,DOST-ASTI PhilSensors,arg,PANTABANGAN,NUEVA ECIJA,3,2021-11-15,False,True
2957,"LANAO DEL NORTE PROVINCIAL CAPITOL, PIGCARANGAN, TUBOD, LANAO DEL NORTE",8.055367,123.810019,Philippines,DOST-ASTI PhilSensors,arg,TUBOD,LANAO DEL NORTE,10,2023-02-07,False,True
3101,"SAN PABLO MUNICIPALL HALL, POBLACION, SAN PABLO, ISABELA",17.448114,121.794976,Philippines,DOST-ASTI PhilSensors,arg,SAN PABLO,ISABELA,2,2024-04-02,False,True
1640,"BRGY. PAYUNGAN, Alicia, Zamboanga Sibugay",7.516,122.9545,Philippines,DOST-ASTI PhilSensors,arg,Alicia,Zamboanga Sibugay,9,2015-06-29,False,True
3085,"BARANGAY HALL BUGUIL, BUGUIL, MOALBOAL, CEBU",9.93474,123.474296,Philippines,DOST-ASTI PhilSensors,arg,MOALBOAL,CEBU,7,2023-11-16,False,True
1890,"BRGY. DICARUYAN, DIVILACAN, Isabela",17.330905,122.298108,Philippines,DOST-ASTI PhilSensors,arg,DIVILACAN,Isabela,2,2016-05-30,False,True
2866,"LICAB MARKET, LICAB, NUEVA ECIJA",15.542816,120.761198,Philippines,DOST-ASTI PhilSensors,arg,LICAB,NUEVA ECIJA,3,2022-04-04,False,True
1464,"DELFIN ALBANO MUNICIPAL GROUNDS, DELFIN ALBANO, Isabela",17.3037,121.778619,Philippines,DOST-ASTI PhilSensors,arg,DELFIN ALBANO,Isabela,2,2014-06-29,False,True
3148,"SANGAY DIOT DAYCARE CENTER, SANGAY DIOT, OZAMIS CITY, MISAMIS OCCIDENTAL",8.19646,123.79492,Philippines,DOST-ASTI PhilSensors,arg,OZAMIS CITY,MISAMIS OCCIDENTAL,10,2024-12-11,False,True
3141,"EL SALVADOR CITY HALL, EL SALVADOR CITY, MISAMIS ORIENTAL",8.559521,124.526915,Philippines,DOST-ASTI PhilSensors,arg,EL SALVADOR CITY,MISAMIS ORIENTAL,10,2024-11-09,False,True
2726,"BARAS ES, MAKUJA (SITIO ABU), DONA REMEDIOS TRINIDAD, BULACAN",14.957,121.072136,Philippines,DOST-ASTI PhilSensors,arg,DONA REMEDIOS TRINIDAD,BULACAN,3,2009-12-31,False,True
2956,"PANDAG, MUNICIPAL HALL, MOST BARMM, PANDAG, MAGUINDANAO",6.743909,124.779361,Philippines,DOST-ASTI PhilSensors,arg,PANDAG,MAGUINDANAO,BARMM,2022-12-08,False,True
2727,"MAPUTI (SITIO NUMERO DOS CAMACHIN), CAMACHIN, DONA REMEDIOS TRINIDAD, BULACAN",15.044414,121.091472,Philippines,DOST-ASTI PhilSensors,arg,DONA REMEDIOS TRINIDAD,BULACAN,3,2019-11-14,False,True
2724,"LAURA DE LEON HALILI HS, Dona Remedios Trinidad, BULACAN",14.970017,121.063236,Philippines,DOST-ASTI PhilSensors,arg,Dona Remedios Trinidad,BULACAN,3,2019-11-12,False,True
2861,"DRRM BLDG, POB 7, GENERAL LUNA, QUEZON",13.688916,122.1716512,Philippines,DOST-ASTI PhilSensors,arg,GENERAL LUNA,QUEZON,4-A,2022-02-22,False,True
3150,"LOCAL DISASTER RISK REDUCTION & MANAGEMENT OFFICE, SANTA CRUZ, DAVAO DEL SUR",6.842273,125.412437,Philippines,DOST-ASTI PhilSensors,arg,SANTA CRUZ,DAVAO DEL SUR,11,2024-12-05,False,True
3152,"SALIDUCON BRGY. HALL, Saliducon, Santa Cruz, Davao Del Sur",6.840723,125.373185,Philippines,DOST-ASTI PhilSensors,arg,Santa Cruz,Davao Del Sur,11,2025-01-10,False,True
2878,"PENIEL BARANGAY HALL, BRGY. PENIEL, Lopez Jaena, MISAMIS OCCIDENTAL",8.418611,123.650833,Philippines,DOST-ASTI PhilSensors,arg,Lopez Jaena,MISAMIS OCCIDENTAL,10,2021-11-22,False,True
3155,"MARIKINA CITY DRRMO BLDG, FORTUNE, MARIKINA, METRO MANILA",14.6627165,121.1214348,Philippines,DOST-ASTI PhilSensors,arg,MARIKINA,METRO MANILA,NCR,2025-02-17,False,True
3161,"BARANGAY MENDIS, MENDIS, PANGANTUCAN, BUKIDNON",7.930587221587446,124.80472634655052,Philippines,DOST-ASTI PhilSensors,arg,PANGANTUCAN,BUKIDNON,10,2025-02-21,False,True
1901,"BARANGAY VILLA ROBLES, PALANAN, Isabela",17.01305,122.40381,Philippines,DOST-ASTI PhilSensors,arg,PALANAN,Isabela,2,2016-06-16,False,True
3038,"POBLACION EVACUATION CENTER, POBLACION, LOBO, BATANGAS",13.65042,121.20728,Philippines,DOST-ASTI PhilSensors,arg,LOBO,BATANGAS,4-A,2023-05-11,False,True
2922,"MANGUDADATU MUNICIPALL HALL, MOST BARMM, MANGUDADATU, MAGUINDANAO",6.646656,124.786221,Philippines,DOST-ASTI PhilSensors,arg,MANGUDADATU,MAGUINDANAO,BARMM,2022-10-17,False,True
3157,"PLMAR COLLEGE, SSS VILLAGE CONCEPCION 2, MARIKINA, METRO MANILA",14.622654709549924,121.09651507181576,Philippines,DOST-ASTI PhilSensors,arg,MARIKINA,METRO MANILA,NCR,2025-02-17,False,True
3092,"CONCEPCION MUNICIPAL HALL, POBLACION, CONCEPCION, MISAMIS OCCIDENTAL",8.4196413,123.6053959,Philippines,DOST-ASTI PhilSensors,arg,CONCEPCION,MISAMIS OCCIDENTAL,10,2024-01-16,False,True
2875,"NAGSIPIT - BDU, MARIROC, TABACO CITY, ALBAY",13.322401,123.691383,Philippines,DOST-ASTI PhilSensors,arg,TABACO CITY,ALBAY,5,2022-05-18,False,True
3143,"NIA/CIMO ARG, AMAS, KIDAPAWAN CITY, NORTH COTABATO",7.0667423,124.965214,Philippines,DOST-ASTI PhilSensors,arg,KIDAPAWAN CITY,NORTH COTABATO,12,2024-11-10,False,True
1256,"BINGAWAN PUBLIC MARKET, BINGAWAN, Iloilo",11.23405,122.56605,Philippines,DOST-ASTI PhilSensors,arg,BINGAWAN,Iloilo,6,2014-03-31,False,True
1891,"BRGY. DILAKIT, DIVILACAN, Isabela",17.32577,122.30655,Philippines,DOST-ASTI PhilSensors,arg,DIVILACAN,Isabela,2,2016-05-30,False,True
281,"PIGSAG-AN, CAGAYAN DE ORO CITY, Misamis Oriental",8.34969,124.49091,Philippines,DOST-ASTI PhilSensors,arg,CAGAYAN DE ORO CITY,Misamis Oriental,10,2012-07-29,False,True
3167,"ALANGILAN INTEGRATED SCHOOL, ALANGILAN, SAGAY, CAMIGUIN",9.10245,124.74547,Philippines,DOST-ASTI PhilSensors,arg,SAGAY,CAMIGUIN,10,2025-03-13,False,True
432,"KASIBU MUNICIPAL HALL, KASIBU, Nueva Vizcaya",16.31458333,121.2936389,Philippines,DOST-ASTI PhilSensors,arg,KASIBU,Nueva Vizcaya,2,2013-06-01,False,True
2909,"BRGY. KATIPUNAN HEALTH CENTER, KATIPUNAN, SINACABAN, MISAMIS OCCIDENTAL",8.28222,123.72354,Philippines,DOST-ASTI PhilSensors,arg,SINACABAN,MISAMIS OCCIDENTAL,10,2022-07-12,False,True
2928,"BRGY. POBLACION, POBLACION, SAN JOSE, ROMBLON",12.062055637634787,121.95918023586272,Philippines,DOST-ASTI PhilSensors,arg,SAN JOSE,ROMBLON,4-B,2022-11-16,False,True
2846,"MUNICIPAL HALL, BRGY, POBLACION, POBLACION, GABALDON, NUEVA ECIJA",15.455621,121.3383,Philippines,DOST-ASTI PhilSensors,arg,GABALDON,NUEVA ECIJA,3,2021-11-18,False,True
2853,"WELLNESS GARDEN, BUROL 2, DASMARIÑAS, CAVITE",14.322949,120.961268,Philippines,DOST-ASTI PhilSensors,arg,DASMARIÑAS,CAVITE,4-A,2022-01-19,False,True
3177,"EVACUATION CENTER, BRGY. POBLACION, SITIO MADLING, CATARMAN, CAMIGUIN",9.1337,124.681,Philippines,DOST-ASTI PhilSensors,arg,CATARMAN,CAMIGUIN,10,2023-07-17,False,True
2729,"SENIOR CITIZEN BLDG. BAGONG SILANG, BAGONG SILANG, PEREZ, QUEZON",14.19284334,121.92415333,Philippines,DOST-ASTI PhilSensors,arg, PEREZ,QUEZON,4-A,2019-11-11,False,True
1976,"BAGONG SILANG, LABO, Camarines Norte",14.17173,122.64424,Philippines,DOST-ASTI PhilSensors,arg,LABO,Camarines Norte,5,2016-08-09,False,True
3052,"VENTURA BARANGAY HALL, VENTURA, SAPANG DALAGA, MISAMIS OCCIDENTAL",8.4937955,123.6092766,Philippines,DOST-ASTI PhilSensors,arg,SAPANG DALAGA,MISAMIS OCCIDENTAL,10,2023-07-30,False,True
2958,"BRGY. MATE, MATE, BACOLOD, LANAO DEL NORTE",8.152467,124.030532,Philippines,DOST-ASTI PhilSensors,arg,BACOLOD,LANAO DEL NORTE,10,2023-02-08,False,True
3119,"SANTA FE MUNICIPAL HALL, SANTA FE, NUEVA VIZCAYA",16.158797,120.938243,Philippines,DOST-ASTI PhilSensors,arg,SANTA FE,NUEVA VIZCAYA,2,2024-05-30,False,True
3012,"BRGY. DATU MANTIL, DATU MANTIL, PIGCAWAYAN, SPECIAL GEOGRAPHIC AREA",7.167968,124.369285,Philippines,DOST-ASTI PhilSensors,arg,PIGCAWAYAN,SPECIAL GEOGRAPHIC AREA,BARMM,2022-12-05,False,True
3108,"STA. JULIANA BRGY. HALL, Brgy. Sta. Juliana, CAPAS, Tarlac",15.328139,120.429861,Philippines,DOST-ASTI PhilSensors,arg,CAPAS,Tarlac,3,2024-05-01,False,True
2844,"COLOSBOA HILLS, CUYAPO, NUEVA ECIJA",15.77799,120.7184,Philippines,DOST-ASTI PhilSensors,arg,CUYAPO,NUEVA ECIJA,3,2021-11-15,False,True
3041,"BUTIG MUNICIPAL HALL, BUTIG, LANAO DEL SUR",7.744706,124.308129,Philippines,DOST-ASTI PhilSensors,arg,BUTIG,LANAO DEL SUR,BARMM,2022-11-25,False,True
3007,"SITANGKAI MUNICIPAL HALL, POBLACION, SITANGKAI, TAWI-TAWI",4.660957,119.390269,Philippines,DOST-ASTI PhilSensors,arg,SITANGKAI,TAWI-TAWI,BARMM,2022-11-07,False,True
2996,"SUMISIP MUNICIPAL HALL, POBLACION, SUMISIP, BASILAN",6.419296,122.034638,Philippines,DOST-ASTI PhilSensors,arg,SUMISIP,BASILAN,BARMM,2022-11-28,False,True
3098,"GENERAL MAMERTO NATIVIDAD, POBLACION, GENERAL MAMERTO NATIVIDAD, Nueva ecija",15.59930422,121.01955893,Philippines,DOST-ASTI PhilSensors,arg,GENERAL MAMERTO NATIVIDAD,Nueva ecija ,3,2024-03-05,False,True
2995,"LANTAWAN MUNICIPAL HALL, POBLACION, LANTAWAN, BASILAN",6.657407,121.901896,Philippines,DOST-ASTI PhilSensors,arg,LANTAWAN,BASILAN,BARMM,2022-11-28,False,True
399,"LASAM MUNICIPAL HALL, LASAM, Cagayan",18.063239,121.598942,Philippines,DOST-ASTI PhilSensors,arg,LASAM,Cagayan,2,2013-05-28,False,True
2978,"TUGAYA MUNICIPAL HALL, POBLACION, TUGAYA, LANAO DEL SUR",7.881936,124.176434,Philippines,DOST-ASTI PhilSensors,arg,TUGAYA,LANAO DEL SUR,BARMM,2022-11-20,False,True
3005,"BONGAO MUNICIPAL HALL, POBLACION, BONGAO, TAWI-TAWI",5.031903,119.772423,Philippines,DOST-ASTI PhilSensors,arg,BONGAO,TAWI-TAWI,BARMM,2022-11-06,False,True
2982,"MUNICIPAL HALL, POBLACION, BUADIPUSO BUNTONG, LANAO DEL SUR",7.949729,124.378626,Philippines,DOST-ASTI PhilSensors,arg,BUADIPUSO BUNTONG,LANAO DEL SUR,BARMM,2022-11-21,False,True
2988,"OPCEN, POBLACION, KAPATAGAN, LANAO DEL SUR",7.541035,124.213915,Philippines,DOST-ASTI PhilSensors,arg,KAPATAGAN,LANAO DEL SUR,BARMM,2022-11-23,False,True
158,"BALABAGAN MUNICIPAL HALL, BALABAGAN, Lanao del Sur",7.508433,124.2135608,Philippines,DOST-ASTI PhilSensors,arg,BALABAGAN,Lanao del Sur,BARMM,2012-07-08,False,True
2960,"BRGY. DALAMA, DALAMA, BAROY, LANAO DEL NORTE",7.96308,123.83866,Philippines,DOST-ASTI PhilSensors,arg,BAROY,LANAO DEL NORTE,10,2023-02-07,False,True
2993,"AKBAR MUNICIPAL HALL, POBLACION, AKBAR, BASILAN",6.666273,122.196339,Philippines,DOST-ASTI PhilSensors,arg,AKBAR,BASILAN,BARMM,2022-11-28,False,True
3224,"PICONG MUNICIPAL HALL, PICONG, LANAO DEL SUR",7.66896,123.96598,Philippines,DOST-ASTI PhilSensors,arg,PICONG,LANAO DEL SUR,10,2025-10-07,False,True
3188,"MUNICIPAL SANITARY LANDFILL, PANADTALAN, MARAMAG, BUKIDNON",7.809558,124.999596,Philippines,DOST-ASTI PhilSensors,arg,MARAMAG,BUKIDNON,10,2025-07-30,False,True
1843,"CANATUAN ES, SIOCON, Zamboanga del Norte",7.74097,122.26631,Philippines,DOST-ASTI PhilSensors,arg,SIOCON,Zamboanga del Norte,9,2016-05-12,False,True
3055,"HIBOK HIBOK VOLCANO OBSERVATION, POBLACION, MAMBAJAO, CAMIGUIN",9.227285,124.707712,Philippines,DOST-ASTI PhilSensors,arg,MAMBAJAO,CAMIGUIN,10,2023-08-25,False,True
3187,"BANTAYAN ELEMENTARY SCHOOL, BRGY DAGUMBAAN, MARAMAG, BUKIDNON",7.880545,124.925424,Philippines,DOST-ASTI PhilSensors,arg,MARAMAG,BUKIDNON,10,2025-07-30,False,True
3186,"LA ROXAS NATIONAL HIGH SCHOOL, BRGY LA ROXAS, MARAMAG, BUKIDNON",7.856729,124.880577,Philippines,DOST-ASTI PhilSensors,arg,MARAMAG,BUKIDNON,10,2025-07-30,False,True
2984,"OPCEN BACOLOD KALAWI, BUBONG, BACOLOD KALAWI, LANAO DEL SUR",7.860457,124.144202,Philippines,DOST-ASTI PhilSensors,arg,BACOLOD KALAWI,LANAO DEL SUR,BARMM,2022-11-21,False,True
3210,"GANASSI MUNICIPAL HALL, PAMALIAN, GANASSI, LANAO DEL SUR",7.826372,124.104009,Philippines,DOST-ASTI PhilSensors,arg,GANASSI,LANAO DEL SUR,BARMM,2024-01-22,False,True
3122,"BRGY. HALL, PILI MADRIDEJOS, PILI, Madridejos, CEBU",11.2656408,123.733432,Philippines,DOST-ASTI PhilSensors,arg,Madridejos,CEBU,7,2024-06-29,False,True
2923,"DATU ANGGAL MIDTIMBANG MUNICIPAL HALL, MOST BARMM, DATU ANGGAL MIDTIMBANG, MAGUINDANAO",6.993276,124.340271,Philippines,DOST-ASTI PhilSensors,arg,DATU ANGGAL MIDTIMBANG,MAGUINDANAO,BARMM,2022-10-25,False,True
3126,"BRGY. POBLACION, POBLACION, BULDON, MAGUINDANAO",7.514185,124.370826,Philippines,DOST-ASTI PhilSensors,arg,BULDON,MAGUINDANAO,BARMM,2023-12-05,False,True
2458,"BARIRA MUNICIPAL HALL, BARIRA, Maguindanao",7.470591,124.356479,Philippines,DOST-ASTI PhilSensors,arg,BARIRA,Maguindanao,BARMM,2018-03-27,False,True
3282,"SAN NARCISO, QUEZON PROVINCE, BRGY. PAGKAKAISA, SAN NARCISO, QUEZON PROVINCE",13.56578,122.5664,Philippines,DOST-ASTI PhilSensors,arg,SAN NARCISO,QUEZON PROVINCE,CAR,2026-03-13,False,True
3176,"EWON SEVILLA BOHOL, EWON, SEVILLA, BOHOL",9.678778,124.041618,Philippines,DOST-ASTI PhilSensors,arg,SEVILLA,BOHOL,7,2025-06-28,False,True
2979,"BALINDONG MUNICIPAL HALL, POBLACION, BALINDONG, LANAO DEL SUR",7.915685,124.20425,Philippines,DOST-ASTI PhilSensors,arg,BALINDONG,LANAO DEL SUR,BARMM,2022-11-20,False,True
3207,"MADALUM MUNICIPAL HALL, DILAUSAN, MADALUM, LANAO DEL SUR",7.854268,124.113557,Philippines,DOST-ASTI PhilSensors,arg,MADALUM,LANAO DEL SUR,BARMM,2024-01-16,False,True
3164,"BARANGAY DANGGAWAN, DANGGAWAN, MARAMAG, BUKIDNON",7.786111,124.9125,Philippines,DOST-ASTI PhilSensors,arg,MARAMAG,BUKIDNON,10,2025-03-01,False,True
3215,"BRGY. BOHE-PAHU, BOHE-PAHU, UNGKAYA PUKAN, BASILAN",6.4961255,122.1054052,Philippines,DOST-ASTI PhilSensors,arg,UNGKAYA PUKAN,BASILAN,BARMM,2024-01-28,False,True
3214,"TIPO-TIPO PROPER, TIPO-TIPO, BASILAN",6.5000064,122.1205577,Philippines,DOST-ASTI PhilSensors,arg,TIPO-TIPO,BASILAN,BARMM,2024-01-17,False,True
3191,"KISANDAY BARANGAY HALL, KISANDAY, MARAMAG, BUKIDNON",7.86314,125.02025,Philippines,DOST-ASTI PhilSensors,arg,MARAMAG,BUKIDNON,10,2025-08-01,False,True
3192,"PANALSALAN ELEMENTARY SCHOOL, BRGY PANALSALAN, MARAMAG, BUKIDNON",7.860617,124.976995,Philippines,DOST-ASTI PhilSensors,arg,MARAMAG,BUKIDNON,10,2025-08-01,False,True
3196,"SAN ROQUE BARANGAY HALL, SAN ROQUE, MARAMAG, BUKIDNON",7.80353,124.98588,Philippines,DOST-ASTI PhilSensors,arg,MARAMAG,BUKIDNON,10,2025-08-04,False,True
3190,"DOLOGON BASKETBALL COURT, DOLOGON, MARAMAG, BUKIDNON",7.87048,125.03777,Philippines,DOST-ASTI PhilSensors,arg,MARAMAG,BUKIDNON,10,2025-08-01,False,True
2998,"PROVINCIAL CAPITOL BASILAN, LA PIEDAD, ISABELA CITY, BASILAN",6.704219,121.971187,Philippines,DOST-ASTI PhilSensors,arg,ISABELA CITY,BASILAN,BARMM,2022-11-29,False,True
3209,"MASIU OPERATION CENTER, MASIU, LANAO DEL SUR",7.818413,124.332711,Philippines,DOST-ASTI PhilSensors,arg,MASIU,LANAO DEL SUR,BARMM,2024-01-24,False,True
3162,"KITAMBAN, KITAMBAN, BINUANGAN, MISAMIS ORIENTAL",8.926762032829343,124.79744246355702,Philippines,DOST-ASTI PhilSensors,arg,BINUANGAN,MISAMIS ORIENTAL,10,2025-02-21,False,True
3201,"ANAHAWON ELEMENTARY SCHOOL, ANAHAWON, MARAMAG, BUKIDNON",7.78595,125.0025,Philippines,DOST-ASTI PhilSensors,arg,MARAMAG,BUKIDNON,10,2025-03-01,False,True
3175,"JUMBO BRIDGE, POBLACION, LOBOC, BOHOL",9.636228,124.030293,Philippines,DOST-ASTI PhilSensors,arg,LOBOC,BOHOL,7,2025-06-28,False,True
3181,"COLAMBUGAN ELEMENTARY SCHOOL, COLAMBUGAN, MARAMAG, BUKIDNON",7.8040266,124.91529,Philippines,DOST-ASTI PhilSensors,arg,MARAMAG,BUKIDNON,10,2025-07-15,False,True
3183,"TECHNO DEMO FARM, KUYA, MARAMAG, BUKIDNON",7.8033396,124.87324,Philippines,DOST-ASTI PhilSensors,arg,MARAMAG,BUKIDNON,10,2025-07-21,False,True
3195,"SAN MIGUEL NATIONAL HIGH SCHOOL, SAN MIGUEL, MARAMAG, BUKIDNON",7.77496,124.93732,Philippines,DOST-ASTI PhilSensors,arg,MARAMAG,BUKIDNON,10,2025-08-04,False,True
3193,"NORTH POBLACION MDRRM OFFICE, NORTH POBLACION, MARAMAG, BUKIDNON",7.76049,125.00614,Philippines,DOST-ASTI PhilSensors,arg,MARAMAG,BUKIDNON,10,2025-08-04,False,True
2707,"MUNICIPAL COMPOUND, QUIRINO, ISABELA",17.12988,121.71816,Philippines,DOST-ASTI PhilSensors,arg,QUIRINO,ISABELA,2,2019-07-30,False,True
2457,"MATANOG MUNICIPAL HALL, MATANOG, Maguindanao",7.466745,124.258634,Philippines,DOST-ASTI PhilSensors,arg,MATANOG,Maguindanao,BARMM,2018-03-27,False,True
2672,"GUINDULUNGAN MUNICIPAL HALL, GUINDULUNGAN, Maguindanao",6.97615,124.38631,Philippines,DOST-ASTI PhilSensors,arg,GUINDULUNGAN,Maguindanao,BARMM,2019-01-15,False,True
2915,"AMPATUAN OPERATION CENTER - MOST BARMM, AMPATUAN, MAGUINDANAO",6.832404,124.457446,Philippines,DOST-ASTI PhilSensors,arg,AMPATUAN,MAGUINDANAO,BARMM,2022-10-16,False,True
2966,"OPCEN PAGLAS, POBLACION, DATU PAGLAS, MAGUINDANAO",6.746617,124.870323,Philippines,DOST-ASTI PhilSensors,arg,DATU PAGLAS,MAGUINDANAO,BARMM,2022-10-25,False,True
3185,"UPPER PANGANGCALAN ELEMENTARY SCHOOL, UPPER PANGANGCALAN, PAHAMUDDIN, SPECIAL GEOGRAPHIC AREA",7.168367,124.350402,Philippines,DOST-ASTI PhilSensors,arg,PAHAMUDDIN,SPECIAL GEOGRAPHIC AREA,BARMM,2023-06-19,False,True
3125,"KITULAAN BRGY. HALL, KITULAAN, KAPALAWAN, SPECIAL GEOGRAPHIC AREA",7.26745,124.7878,Philippines,DOST-ASTI PhilSensors,arg,KAPALAWAN,SPECIAL GEOGRAPHIC AREA,BARMM,2023-12-11,False,True
3208,"LUMBACA INGUD, LUMBACA INGUD, MADAMBA, LANAO DEL SUR",7.844567,124.09753,Philippines,DOST-ASTI PhilSensors,arg,MADAMBA,LANAO DEL SUR,BARMM,2024-01-16,False,True
3139,"SAN REMIGIO POBLACION, POBLACION, SAN REMIGIO, CEBU",11.0838034,123.9371377,Philippines,DOST-ASTI PhilSensors,arg,SAN REMIGIO,CEBU,7,2024-11-05,False,True
3198,"KIHARONG BARANGAY HALL, KIHARONG, MARAMAG, BUKIDNON",7.85783,124.99184,Philippines,DOST-ASTI PhilSensors,arg,MARAMAG,BUKIDNON,10,2025-08-04,False,True
3124,"BRGY. GANASI, GANASI, UPI, MAGUINDANAO",6.94344,124.17696,Philippines,DOST-ASTI PhilSensors,arg,UPI,MAGUINDANAO,BARMM,2024-07-10,False,True
3039,"SAN NICOLAS MUNICIPAL HALL, SAN NICOLAS, BATANGAS",13.92969,120.952414,Philippines,DOST-ASTI PhilSensors,arg,SAN NICOLAS,BATANGAS,4-A,2023-05-24,False,True
3013,"BRGY. TUMBRAS, TUMBRAS, KADAYANGAN, SPECIAL GEOGRAPHIC AREA",7.141646,124.485993,Philippines,DOST-ASTI PhilSensors,arg,KADAYANGAN,SPECIAL GEOGRAPHIC AREA,BARMM,2022-12-05,False,True
3035,"BOGO CITY - ARG - BINABAG, BINABAG, BOGO CITY, CEBU",10.964765,123.963413,Philippines,DOST-ASTI PhilSensors,arg,BOGO CITY,CEBU,7,2023-05-15,False,True
3327,"MDRRMO BUILDING, TUBUNGAN, KAYAPA, NUEVA VIZCAYA",16.362506,120.882329,Philippines,DOST-ASTI PhilSensors,arg,KAYAPA,NUEVA VIZCAYA,2,2026-08-04,False,True
2673,"TALITAY MUNICIPAL HALL, TALITAY, Maguindanao",7.03488,124.37392,Philippines,DOST-ASTI PhilSensors,arg,TALITAY,Maguindanao,BARMM,2019-01-15,False,True
1478,"DOST VII, CEBU CITY, Cebu",10.325944,123.896806,Philippines,DOST-ASTI PhilSensors,arg,CEBU CITY,Cebu,7,2014-07-17,False,True
3200,"FAMADOR INTEGRATED SCHOOL, BRGY BAYABASON, MARAMAG, BUKIDNON",7.82073,125.01774,Philippines,DOST-ASTI PhilSensors,arg,MARAMAG,BUKIDNON,10,2025-08-06,False,True
3268,"BRGY. SAN GREGORIO, SAN GREGORIO, LAUREL, BATANGAS",14.027047,120.873564,Philippines,DOST-ASTI PhilSensors,arg,LAUREL,BATANGAS,4-A,2025-11-26,False,True
1578,"LRC BLDG. - USC - TALABAN CAMPUS, TALAMBAN, Cebu",10.353892,123.909558,Philippines,DOST-ASTI PhilSensors,arg,TALAMBAN,Cebu,7,2015-01-04,False,True
3217,"LOOC NORTE NATIONAL HIGH SCHOOL, LOOC NORTE, ASTURIAS, CEBU",10.573234,123.728128,Philippines,DOST-ASTI PhilSensors,arg,ASTURIAS,CEBU,7,2025-09-26,False,True
3275,"QUITUINAN HILLS, BRGY. TINAGO, CAMALIG, ALBAY",13.169893,123.664824,Philippines,DOST-ASTI PhilSensors,arg,CAMALIG,ALBAY,5,2026-02-24,False,True
3294,"PANTALAN BRIGDE NASUGBU, PANTALAN, NASUGBU, BATANGAS",14.088475,120.629959,Philippines,DOST-ASTI PhilSensors,arg,NASUGBU,BATANGAS,4-A,2026-06-08,False,True
3269,"BRGY. AGONCILLO, AGONCILLO, BARIGON, BATANGAS",13.99984,120.913842,Philippines,DOST-ASTI PhilSensors,arg,BARIGON,BATANGAS,4-A,2025-11-26,False,True
3110,"GOSSOOD PEOPLE'S PARK, Brgy. Gosood, MAYANTOC, TARLAC",15.557333,120.366333,Philippines,DOST-ASTI PhilSensors,arg,MAYANTOC,TARLAC,3,2024-05-02,False,True
2962,"OPCEN DATU PIANG, POBLACION, DATU PIANG, MAGUINDANAO",7.027172,124.505884,Philippines,DOST-ASTI PhilSensors,arg,DATU PIANG,MAGUINDANAO,BARMM,2022-10-17,False,True
2973,"SULTAN MASTURA MUNICIPAL HALL, POBLACION, SULTAN MASTURA, MAGUINDANAO",7.297331,124.285402,Philippines,DOST-ASTI PhilSensors,arg,SULTAN MASTURA,MAGUINDANAO,BARMM,2022-12-02,False,True
3028,"IRISAN FIRE STATION, IRISAN, BAGUIO CITY, BENGUET",16.4191808,120.5572988,Philippines,DOST-ASTI PhilSensors,arg,BAGUIO CITY,BENGUET,CAR,2023-03-28,False,True
3116,"BRGY. CENTRAL AZUCARERA DE TARLAC 2, TARLAC CITY, TARLAC",15.43575,120.646361,Philippines,DOST-ASTI PhilSensors,arg,TARLAC CITY,TARLAC,3,2024-05-02,False,True
3133,"BRGY. ANTIPOLO ZONE 1, BAAO CAMARINES SUR, BRGY. ANTIPOLO, BAAO, CAMARINES SUR",13.486771,123.3829887,Philippines,DOST-ASTI PhilSensors,arg,BAAO,CAMARINES SUR,5,2024-09-27,False,True
3174,"ALANGILAN INTEGRATED SCHOOL BOHOL, BUGANG NORTE, BILAR, BOHOL",9.70207,124.102664,Philippines,DOST-ASTI PhilSensors,arg,BILAR,BOHOL,7,2025-06-28,False,True
3189,"DATU SAUDI AMPATUAN MUNICIPAL HALL, DAS, POBLACION, DATU SAUDI, MAGUINDANAO DEL SUR",6.92592,124.414451,Philippines,DOST-ASTI PhilSensors,arg,DATU SAUDI,MAGUINDANAO DEL SUR,BARMM,2025-06-30,False,True
3194,"TUBIGON ELEMENTARY SCHOOL, BRGY TUBIGON, MARAMAG, BUKIDNON",7.835332,125.021065,Philippines,DOST-ASTI PhilSensors,arg,MARAMAG,BUKIDNON,10,2025-08-04,False,True
3197,"P-5 BAGONG SILANG, BRGY BAGONG SILANG, MARAMAG, BUKIDNON",7.877409,124.908955,Philippines,DOST-ASTI PhilSensors,arg,MARAMAG,BUKIDNON,10,2025-08-04,False,True
2412,"BRGY. LOWER NATIMAO-AN BRGY. HALL, CARMEN, CEBU",10.625331,123.97561,Philippines,DOST-ASTI PhilSensors,arg,CARMEN,CEBU,7,2017-12-28,False,True
137,"BPSU-ORANI CAMPUS, ORANI, BATAAN",14.79277778,120.5313889,Philippines,DOST-ASTI PhilSensors,arg,ORANI,BATAAN,3,2012-05-17,False,True
2531,"SAN ROQUE, SAN MIGUEL, Surigao del Sur",8.877423,126.006671,Philippines,DOST-ASTI PhilSensors,tandem,SAN MIGUEL,Surigao del Sur,13,2014-12-31,True,True
864,"SANGA-SANGA BRIDGE, BONGAO, Tawi-tawi",5.035717,119.741767,Philippines,DOST-ASTI PhilSensors,tandem,BONGAO,Tawi-tawi,BARMM,2013-08-28,True,True
894,"CEBU CITY, CEBU CITY, Cebu",10.292871,123.901636,Philippines,DOST-ASTI PhilSensors,tandem,CEBU CITY,Cebu,7,2013-09-15,True,True
492,"MANUPALI BRIDGE, VALENCIA CITY, Bukidnon",7.98796,125.134367,Philippines,DOST-ASTI PhilSensors,tandem,VALENCIA CITY,Bukidnon,10,2013-07-14,True,True
423,"GANANO BRIDGE (PRESIDENT BRIDGE), DIFFUN, Quirino",16.586458,121.515031,Philippines,DOST-ASTI PhilSensors,tandem,DIFFUN,Quirino,2,2013-05-23,True,True
551,"PAGSANJAN BRIDGE, ORMOC CITY, Leyte",11.0375,124.600556,Philippines,DOST-ASTI PhilSensors,tandem,ORMOC CITY,Leyte,8,2013-07-10,True,True
1233,"TAGOLOAN BRIDGE II, MANOLO FORTICH, Bukidnon",8.414867,124.911067,Philippines,DOST-ASTI PhilSensors,tandem,MANOLO FORTICH,Bukidnon,10,2014-03-24,True,True
907,"QUIAOT BRIDGE, BATAC CITY, Ilocos Norte",18.052869,120.564047,Philippines,DOST-ASTI PhilSensors,tandem,BATAC CITY,Ilocos Norte,1,2013-09-02,True,True
512,"TAGAMUSING BRIDGE, URDANETA CITY, Pangasinan",16.014767,120.579,Philippines,DOST-ASTI PhilSensors,tandem,URDANETA CITY,Pangasinan,1,2013-06-27,True,True
1913,"KAWAIG BRIDGE, PM SOBRECAREY, CARAGA, Davao Oriental",7.33151,126.48217,Philippines,DOST-ASTI PhilSensors,tandem,CARAGA,Davao Oriental,11,2009-12-31,True,True
1194,"TAMUGAN, DAVAO CITY, Davao City",7.25,125.39929,Philippines,DOST-ASTI PhilSensors,tandem,DAVAO CITY,Davao City,11,2014-02-17,True,True
649,"ALORAGAT BRIDGE, BINALONAN, Pangasinan",16.0873026,120.5786649,Philippines,DOST-ASTI PhilSensors,tandem,BINALONAN,Pangasinan,1,2013-07-11,True,True
1193,"SUAWAN BRIDGE, DAVAO CITY, Davao City",7.247,125.3535,Philippines,DOST-ASTI PhilSensors,tandem,DAVAO CITY,Davao City,11,2014-02-17,True,True
1848,"SABLAYAN, SABLAYAN, Occidental Mindoro",12.95611,120.894249,Philippines,DOST-ASTI PhilSensors,tandem,SABLAYAN,Occidental Mindoro,4-B,2015-10-04,True,True
650,"DIPALO BRIDGE, SAN QUINTIN, Pangasinan",16.00705556,120.8065556,Philippines,DOST-ASTI PhilSensors,tandem,SAN QUINTIN,Pangasinan,1,2013-07-08,True,True
1441,"PAULOG BRIDGE, LIGAO, Albay",13.2367167,123.5621,Philippines,DOST-ASTI PhilSensors,tandem,LIGAO,Albay,5,2014-07-07,True,True
1785,"STATE LAND - DAM SIDE, GEN. TRIAS, Cavite",14.816,120.9113,Philippines,DOST-ASTI PhilSensors,tandem,GEN. TRIAS,Cavite,4-A,2016-04-14,True,True
849,"CABAROAN BRIDGE, SAN JUAN, La Union",16.667528,120.392278,Philippines,DOST-ASTI PhilSensors,tandem,SAN JUAN,La Union,1,2013-08-13,True,True
686,"PATALON, PATALON, Zamboanga City",7.078333,121.90225,Philippines,DOST-ASTI PhilSensors,tandem,PATALON,Zamboanga City,9,2013-07-17,True,True
2220,"CARAC-AN BRIDGE, Madrid, Surigao del Sur",9.24838,125.98144,Philippines,DOST-ASTI PhilSensors,tandem,Madrid,Surigao del Sur,13,2017-07-10,True,True
1415,"PARACELIS, PARACELIS, Mountain Province",17.18971,121.39918,Philippines,DOST-ASTI PhilSensors,tandem,PARACELIS,Mountain Province,CAR,2014-06-27,True,True
1784,"ANTEL BRIDGE, GEN. TRIAS, Cavite",14.403434,120.891477,Philippines,DOST-ASTI PhilSensors,tandem,GEN. TRIAS,Cavite,4-A,2016-04-14,True,True
1089,"NINOY AQUINO BRIDGE, TUAO, Cagayan",17.6853254,121.4429623,Philippines,DOST-ASTI PhilSensors,tandem,TUAO,Cagayan,2,2013-11-27,True,True
2112,"MIAGAO, Iloilo",10.6591529,122.2314271,Philippines,DOST-ASTI PhilSensors,tandem,,Iloilo,6,2016-10-15,True,True
411,"SIFFU BRIDGE, ROXAS, Isabela",17.1296692,121.61451,Philippines,DOST-ASTI PhilSensors,tandem,ROXAS,Isabela,2,2013-06-27,True,True
1070,"BANAOANG BRIDGE, BANTAY, ILOCOS SUR",17.556833,120.466528,Philippines,DOST-ASTI PhilSensors,tandem,BANTAY,ILOCOS SUR,1,2013-11-13,True,True
891,"CARES BRIDGE, PUGO, La Union",16.32275,120.4742222,Philippines,DOST-ASTI PhilSensors,tandem,PUGO,La Union,1,2013-09-10,True,True
1199,"KALAW BRIDGE, MONKAYO, Compostela Valley",7.83,126.050434,Philippines,DOST-ASTI PhilSensors,tandem,MONKAYO,Compostela Valley,11,2014-02-17,True,True
1284,"MANAT BRIDGE, POBLACION, MONTEVISTA, Compostela Valley",7.707788,126.003941,Philippines,DOST-ASTI PhilSensors,tandem,MONTEVISTA,Compostela Valley,11,2014-02-20,True,True
1794,"SEGUIDAN BRIDGE, TUBUNGAN, Iloilo",10.7744159,122.3146105,Philippines,DOST-ASTI PhilSensors,tandem,TUBUNGAN,Iloilo,6,2015-12-02,True,True
1413,"CHICO-KARAYAN BRIDGE, BONTOC, MOUNTAIN PROVINCE",17.088,120.9794,Philippines,DOST-ASTI PhilSensors,tandem,BONTOC,MOUNTAIN PROVINCE,CAR,2014-06-26,True,True
421,"MALALAM BRIDGE, ILAGAN, Isabela",17.1214519,121.9071721,Philippines,DOST-ASTI PhilSensors,tandem,ILAGAN,Isabela,2,2013-07-01,True,True
1286,"UNION BRIDGE, MONKAYO, Compostela Valley",7.814824,126.096198,Philippines,DOST-ASTI PhilSensors,tandem,MONKAYO,Compostela Valley,11,2014-03-20,True,True
1426,"SWAN DAM, PUDTOL, Apayao",18.199968,121.365951,Philippines,DOST-ASTI PhilSensors,tandem,PUDTOL,Apayao,CAR,2014-06-29,True,True
778,"VITALI BRIDGE, VITALI, Zamboanga City",7.366667,122.285833,Philippines,DOST-ASTI PhilSensors,tandem,VITALI,Zamboanga City,9,2013-07-28,True,True
508,"VIRAY BRIDGE, NATIVIDAD, Pangasinan",16.03236111,120.8000556,Philippines,DOST-ASTI PhilSensors,tandem,NATIVIDAD,Pangasinan,1,2013-06-10,True,True
1663,"MARAGANDANG BRIDGE, BAGO CITY, Negros Occidental",10.482632,122.94699,Philippines,DOST-ASTI PhilSensors,tandem,BAGO CITY,Negros Occidental,6,2015-09-14,True,True
2018,"BARASAN BRIDGE, Igbaras, Iloilo",10.7394485,122.2442883,Philippines,DOST-ASTI PhilSensors,tandem,Igbaras,Iloilo,6,2016-10-11,True,True
415,"NAGUILIAN BRIDGE, NAGUILIAN, Isabela",17.0062888,121.8337454,Philippines,DOST-ASTI PhilSensors,tandem,NAGUILIAN,Isabela,2,2013-06-14,True,True
635,"VALENCIA BRIDGE, VALENCIA CITY, Bukidnon",7.940309,125.126056,Philippines,DOST-ASTI PhilSensors,tandem,VALENCIA CITY,Bukidnon,10,2013-07-14,True,True
1856,"BALILI BRIDGE, Sta. Cruz, KAPATAGAN WEST LDN, LANAO DEL NORTE",7.891094,123.734652,Philippines,DOST-ASTI PhilSensors,tandem,KAPATAGAN WEST LDN,LANAO DEL NORTE,10,2016-04-24,True,True
655,"DAO BRIDGE, DAO, Capiz",11.3922083,122.687125,Philippines,DOST-ASTI PhilSensors,tandem,DAO,Capiz,6,2013-07-08,True,True
1821,"MANOOT, RIZAL, Occidental Mindoro",12.55229,121.12416,Philippines,DOST-ASTI PhilSensors,tandem,RIZAL,Occidental Mindoro,4-B,2016-01-07,True,True
1418,"SIBALOM, LEON, Iloilo",10.79043,122.39062,Philippines,DOST-ASTI PhilSensors,tandem,LEON,Iloilo,6,2014-06-30,True,True
1732,"TAMBACAN BRIDGE, MABINI, Pangasinan",16.07422,119.89419,Philippines,DOST-ASTI PhilSensors,tandem,MABINI,Pangasinan,1,2016-01-06,True,True
1875,"HABA BRIDGE, CANDONI, NEGROS OCCIDENTAL",9.8281545,122.6039994,Philippines,DOST-ASTI PhilSensors,tandem,CANDONI,NEGROS OCCIDENTAL,6,2021-12-31,True,True
416,"DALIBUBUN BRIDGE, JONES, Isabela",16.603731,121.677158,Philippines,DOST-ASTI PhilSensors,tandem,JONES,Isabela,2,2013-05-28,True,True
1961,"KILOLOG BRIDGE, MAGSAYSAY, Davao del Sur",6.78622,125.1475,Philippines,DOST-ASTI PhilSensors,tandem,MAGSAYSAY,Davao del Sur,11,2016-06-09,True,True
659,"JAMINDAN BRIDGE, JAMINDAN, Capiz",11.4073,122.512017,Philippines,DOST-ASTI PhilSensors,tandem,JAMINDAN,Capiz,6,2013-07-07,True,True
2774,"ROXAS-LANGATIAN, LANGATIAN, PRESIDENT MANUEL A. ROXAS, ZAMBOANGA DEL NORTE",8.508338,123.22572,Philippines,DOST-ASTI PhilSensors,tandem,PRESIDENT MANUEL A. ROXAS,ZAMBOANGA DEL NORTE,9,2019-11-21,True,True
787,"LAYAWAN BRIDGE, LGU-MUNICIPALITY OF POLANCO, Zamboanga del Norte",8.402778,123.397222,Philippines,DOST-ASTI PhilSensors,tandem,LGU-MUNICIPALITY OF POLANCO,Zamboanga del Norte,9,2013-07-31,True,True
1177,"WAAN BRIDGE, MANDUG, Davao City",7.131886,125.582833,Philippines,DOST-ASTI PhilSensors,tandem,MANDUG,Davao City,11,2014-02-17,True,True
1332,"LICUAN, BAAY, Abra",17.582917,120.902657,Philippines,DOST-ASTI PhilSensors,tandem,BAAY,Abra,CAR,2014-05-30,True,True
513,"MACALONG BRIDGE, URDANETA CITY, Pangasinan",15.9765,120.5709,Philippines,DOST-ASTI PhilSensors,tandem,URDANETA CITY,Pangasinan,1,2013-06-27,True,True
1604,"MARANLIG, Torrijos, Marinduque",13.34729,122.05996,Philippines,DOST-ASTI PhilSensors,tandem,Torrijos,Marinduque,4-B,2015-02-24,True,True
691,"DUNGCAAN BRIDGE, BAYBAY CITY, LEYTE",10.681993,124.805111,Philippines,DOST-ASTI PhilSensors,tandem,BAYBAY CITY,LEYTE,8,2013-07-10,True,True
2180,"BRGY. CANSALANAN, BADIANGAN, Iloilo",10.9787951,122.4995863,Philippines,DOST-ASTI PhilSensors,tandem,BADIANGAN,Iloilo,6,2017-04-24,True,True
495,"HECTOR MENDOZA BRIDGE, ALCALA, Pangasinan",15.8351,120.500743,Philippines,DOST-ASTI PhilSensors,tandem,ALCALA,Pangasinan,1,2013-06-03,True,True
858,"TALAINGOD, TALAINGOD, Davao del Norte",7.6276415,125.6101211,Philippines,DOST-ASTI PhilSensors,tandem,TALAINGOD,Davao del Norte,11,2013-08-23,True,True
1198,"BABAG BRIDGE, MONKAYO, Compostela Valley",7.75,126.063778,Philippines,DOST-ASTI PhilSensors,tandem,MONKAYO,Compostela Valley,11,2014-02-17,True,True
957,"BANGOY BRIDGE, NEW BATAAN, Compostela Valley",7.578735,126.134194,Philippines,DOST-ASTI PhilSensors,tandem,NEW BATAAN,Compostela Valley,11,2013-09-26,True,True
674,"SUAGE BRIDGE, JANIUAY, Iloilo",10.953456,122.504908,Philippines,DOST-ASTI PhilSensors,tandem,JANIUAY,Iloilo,6,2013-07-09,True,True
723,"LIMBO BRIDGE, BRGY. LIMBO, MACO, Compostela Valley",7.4481667,125.9692639,Philippines,DOST-ASTI PhilSensors,tandem,MACO,Compostela Valley,11,2013-07-15,True,True
1287,"MALINAWON, MAWAB, Compostela Valley",7.526523,125.920721,Philippines,DOST-ASTI PhilSensors,tandem,MAWAB,Compostela Valley,11,2014-03-20,True,True
851,"BRGY. MATLING, MALABANG, Lanao del Sur",7.6276,124.0724,Philippines,DOST-ASTI PhilSensors,tandem,MALABANG,Lanao del Sur,BARMM,2013-08-14,True,True
656,"TAPAZ BRIDGE, TAPAZ, Capiz",11.2648,122.546683,Philippines,DOST-ASTI PhilSensors,tandem,TAPAZ,Capiz,6,2013-07-09,True,True
550,"GANDARA BRIDGE, GANDARA, SAMAR",12.014722,124.813056,Philippines,DOST-ASTI PhilSensors,tandem,GANDARA,SAMAR,8,2013-07-04,True,True
1857,"BUTADON BRIDGE, Butadon, KAPATAGAN, LANAO DEL NORTE",7.8886928,123.755576,Philippines,DOST-ASTI PhilSensors,tandem,KAPATAGAN,LANAO DEL NORTE,10,2016-04-26,True,True
2657,"NIA CHECK DAM, San Jose, Ibajay, Aklan",11.733119,122.178154,Philippines,DOST-ASTI PhilSensors,tandem,Ibajay,Aklan,6,2019-01-31,True,True
765,"LOBOC JUMBO BRIDGE, LOBOC, Bohol",9.63643,124.03044,Philippines,DOST-ASTI PhilSensors,tandem,LOBOC,Bohol,7,2013-07-28,True,True
863,"BAGBAG BRIDGE, SOLSONA, Ilocos Norte",18.119639,120.74925,Philippines,DOST-ASTI PhilSensors,tandem,SOLSONA,Ilocos Norte,1,2013-08-19,True,True
743,"CURUAN BRIDGE, BRGY CURUAN, Zamboanga City",7.205601,122.228415,Philippines,DOST-ASTI PhilSensors,tandem,BRGY CURUAN,Zamboanga City,9,2013-07-19,True,True
419,"SAN PABLO BRIDGE, SAN PABLO, Isabela",17.439667,121.7795,Philippines,DOST-ASTI PhilSensors,tandem,SAN PABLO,Isabela,2,2013-07-03,True,True
2852,"DON MARCELO NAGAL BRIDGE, AGNO, PANGASINAN",16.1115392,119.8007349,Philippines,DOST-ASTI PhilSensors,tandem,AGNO,PANGASINAN,1,2021-12-22,True,True
658,"PANIT-AN BRIDGE, PANIT-AN, Capiz",11.46365,122.77,Philippines,DOST-ASTI PhilSensors,tandem,PANIT-AN,Capiz,6,2013-07-09,True,True
412,"AURORA BRIDGE, AURORA, Isabela",16.9712194,121.6577083,Philippines,DOST-ASTI PhilSensors,tandem,AURORA,Isabela,2,2013-06-30,True,True
2235,"BARBAR BRIDGE, SAN JUAN, Ilocos Sur",17.71425,120.48838,Philippines,DOST-ASTI PhilSensors,tandem,SAN JUAN,Ilocos Sur,1,2017-07-12,True,True
2171,"BRGY. TIGMAMALE, Valderrama, Antique",10.9885191,122.0934355,Philippines,DOST-ASTI PhilSensors,tandem,Valderrama,Antique,6,2017-03-30,True,True
1822,"AMNAY BRIDGE, PAGASA, SABLAYAN, Occidental Mindoro",12.95691,120.89327,Philippines,DOST-ASTI PhilSensors,tandem,SABLAYAN,Occidental Mindoro,4-B,2016-02-02,True,True
393,"PARED BRIDGE, ALCALA, Cagayan",17.894575,121.687786,Philippines,DOST-ASTI PhilSensors,tandem,ALCALA,Cagayan,2,2013-06-16,True,True
1964,"PALAPAS, LIGAO CITY, Albay",13.11541,123.46903,Philippines,DOST-ASTI PhilSensors,tandem,LIGAO CITY,Albay,5,2016-07-27,True,True
842,"MANICAHAN SPILLWAY, ZAMBOANGA CITY, Zamboanga City",7.03625,122.175933,Philippines,DOST-ASTI PhilSensors,tandem,ZAMBOANGA CITY,Zamboanga City,9,2013-08-12,True,True
1872,"LILOAN, MALINAO, Aklan",11.658257,122.285416,Philippines,DOST-ASTI PhilSensors,tandem,MALINAO,Aklan,6,2015-05-31,True,True
1963,"CABRARAN, JOVELLAR, Albay",13.0883,123.59204,Philippines,DOST-ASTI PhilSensors,tandem,JOVELLAR,Albay,5,2016-07-27,True,True
1437,"KILICAO BRIDGE, DARAGA, Albay",13.1585,123.71708,Philippines,DOST-ASTI PhilSensors,tandem,DARAGA,Albay,5,2014-07-07,True,True
1925,"MALBOG, CASTILLA, Sorsogon",12.97837,123.80187,Philippines,DOST-ASTI PhilSensors,tandem,CASTILLA,Sorsogon,5,2016-05-20,True,True
981,"TANJAY BRIDGE, TANJAY CITY, Negros Oriental",9.510194,123.145694,Philippines,DOST-ASTI PhilSensors,tandem,TANJAY CITY,Negros Oriental,7,2013-10-13,True,True
1793,"BUGO BRIDGE, SAN REMIGIO, Antique",10.8744895,122.1248335,Philippines,DOST-ASTI PhilSensors,tandem,SAN REMIGIO,Antique,6,2016-04-06,True,True
1659,"GANANO BRIDGE - DIFFUN, DIFFUN, Quirino",16.569995,121.509885,Philippines,DOST-ASTI PhilSensors,tandem,DIFFUN,Quirino,2,2015-08-12,True,True
1873,"SAN FERNANDO BRIDGE, TALISAY, NEGROS OCCIDENTAL",10.7127564,122.9936117,Philippines,DOST-ASTI PhilSensors,tandem,TALISAY,NEGROS OCCIDENTAL,6,2015-05-31,True,True
1425,"ALULING BRIDGE, TADIAN, Mountain Province",16.98843,120.74741,Philippines,DOST-ASTI PhilSensors,tandem,TADIAN,Mountain Province,CAR,2014-06-29,True,True
2675,"BRGY. CALINAOAN SUR BRIDGE 1, CALINAOAN SUR, DELFIN ALBANO, ISABELA",17.33398,121.76016,Philippines,DOST-ASTI PhilSensors,tandem,DELFIN ALBANO,ISABELA,2,2019-04-03,True,True
1874,"BAGO-MURCIA BRIDGE, MURCIA, Negros Occidental",10.554098,123.079944,Philippines,DOST-ASTI PhilSensors,tandem,MURCIA,Negros Occidental,6,2015-05-31,True,True
1196,"CALINAN, DAVAO CITY, Davao City",7.185895,125.452416,Philippines,DOST-ASTI PhilSensors,tandem,DAVAO CITY,Davao City,11,2014-02-17,True,True
1285,"AGUSAN BRIDGE MARAGUSAN, MARAGUSAN, Compostela Valley",7.315,126.143663,Philippines,DOST-ASTI PhilSensors,tandem,MARAGUSAN,Compostela Valley,11,2013-09-26,True,True
510,"MAGALLANES BRIDGE, TAYUG, Pangasinan",16.013417,120.737167,Philippines,DOST-ASTI PhilSensors,tandem,TAYUG,Pangasinan,1,2013-06-13,True,True
961,"LAWANG BRIDGE, ASUNCION, Davao del Norte",7.5343,125.75814,Philippines,DOST-ASTI PhilSensors,tandem,ASUNCION,Davao del Norte,11,2013-10-04,True,True
1453,"APOKON BRIDGE, TAGUM CITY, Davao del Norte",7.434327,125.827938,Philippines,DOST-ASTI PhilSensors,tandem,TAGUM CITY,Davao del Norte,11,2014-07-17,True,True
1266,"CAUPLASAN BRIDGE, DINGRAS, Ilocos Norte",18.094664,120.712772,Philippines,DOST-ASTI PhilSensors,tandem,DINGRAS,Ilocos Norte,1,2014-02-05,True,True
1152,"KAPALONG, KAPALONG, Davao del Norte",7.59273,125.69877,Philippines,DOST-ASTI PhilSensors,tandem,KAPALONG,Davao del Norte,11,2013-09-28,True,True
955,"BRGY. PANAG, NEW BATAAN, Compostela Valley",7.572987,126.100521,Philippines,DOST-ASTI PhilSensors,tandem,NEW BATAAN,Compostela Valley,11,2013-09-26,True,True
738,"PUGAAN C3 BRIDGE, ILIGAN, Lanao del Norte",8.22287,124.26373,Philippines,DOST-ASTI PhilSensors,tandem,ILIGAN,Lanao del Norte,10,2013-07-17,True,True
1195,"MINTAL, DAVAO CITY, Davao City",7.094917,125.501694,Philippines,DOST-ASTI PhilSensors,tandem,DAVAO CITY,Davao City,11,2014-02-17,True,True
1772,"PAGSANGA-AN BRIDGE, BRGY. LILOAN, ORMOC, Leyte",11.041396,124.545978,Philippines,DOST-ASTI PhilSensors,tandem,ORMOC,Leyte,8,2016-03-31,True,True
2055,"GOOD-YEAR BANKER BRIDGE, KABASALAN, Zamboanga Sibugay",7.829993,122.777171,Philippines,DOST-ASTI PhilSensors,tandem,KABASALAN,Zamboanga Sibugay,9,2016-12-06,True,True
2232,"PUP STA. MESA, STA. MESA, Metro Manila",14.597669,121.004225,Philippines,DOST-ASTI PhilSensors,tandem,STA. MESA,Metro Manila,NCR,2017-07-24,True,True
1440,"SAN FRANCISCO BRIDGE, GUINOBATAN, Albay",13.1880167,123.6039667,Philippines,DOST-ASTI PhilSensors,tandem,GUINOBATAN,Albay,5,2014-07-07,True,True
1197,"OLAYCON BRIDGE, MONKAYO, Compostela Valley",7.795833,126.034139,Philippines,DOST-ASTI PhilSensors,tandem,MONKAYO,Compostela Valley,11,2014-02-17,True,True
1438,"BUSAY BRIDGE, DARAGA, Albay",13.16265,123.69765,Philippines,DOST-ASTI PhilSensors,tandem,DARAGA,Albay,5,2014-07-07,True,True
394,"MAGAPIT BRIDGE, LAL-LO, Cagayan",18.122414,121.672706,Philippines,DOST-ASTI PhilSensors,tandem,LAL-LO,Cagayan,2,2013-06-15,True,True
397,"DUMMUN BRIDGE, GATTARAN, Cagayan",18.041222,121.641694,Philippines,DOST-ASTI PhilSensors,tandem,GATTARAN,Cagayan,2,2013-05-08,True,True
417,"ARKON BRIDGE, TUMAUINI, Isabela",17.273823,121.8267616,Philippines,DOST-ASTI PhilSensors,tandem,TUMAUINI,Isabela,2,2013-06-12,True,True
1787,"GURUYAN, JUBAN, Sorsogon",12.750617,123.97945,Philippines,DOST-ASTI PhilSensors,tandem,JUBAN,Sorsogon,5,2016-04-10,True,True
1442,"KINALE BRIDGE, POLANGUI, Albay",13.2925167,123.4672667,Philippines,DOST-ASTI PhilSensors,tandem,POLANGUI,Albay,5,2014-07-07,True,True
1439,"TAGAYTAY BRIDGE, CAMALIG, Albay",13.16655,123.63917,Philippines,DOST-ASTI PhilSensors,tandem,CAMALIG,Albay,5,2014-07-07,True,True
673,"CALINOG, CALINOG, Iloilo",11.119667,122.538939,Philippines,DOST-ASTI PhilSensors,tandem,CALINOG,Iloilo,6,2013-06-26,True,True
1443,"PACOL BRIDGE, NAGA CITY, Camarines Sur",13.64782,123.23482,Philippines,DOST-ASTI PhilSensors,tandem,NAGA CITY,Camarines Sur,5,2014-07-07,True,True
754,"TUNGGOL BRIDGE, DATU MONTAWAL, Maguindanao",7.0776456,124.7407377,Philippines,DOST-ASTI PhilSensors,tandem,DATU MONTAWAL,Maguindanao,BARMM,2013-07-25,True,True
2188,"BRGY. ROBLES BRIDGE, LA CASTELLANA, AKLAN",10.3244322,123.0230489,Philippines,DOST-ASTI PhilSensors,tandem,LA CASTELLANA,AKLAN,6,2017-05-09,True,True
422,"GAMU BRIDGE, GAMU, Isabela",17.069861,121.843028,Philippines,DOST-ASTI PhilSensors,tandem,GAMU,Isabela,2,2013-07-13,True,True
2169,"NAGA BRIDGE, BRGY. PULANG LUPA DOS, LAS PINAS CITY, Metro Manila",14.46513889,120.9841111,Philippines,DOST-ASTI PhilSensors,tandem,LAS PINAS CITY,Metro Manila,NCR,2017-03-22,True,True
1460,"MAGUPISING BRIDGE, TAGUM CITY, Davao del Norte",7.438699,125.749679,Philippines,DOST-ASTI PhilSensors,tandem,TAGUM CITY,Davao del Norte,11,2014-07-17,True,True
1773,"TAGAYTAY, KANANGA, Leyte",11.18863,124.5538228,Philippines,DOST-ASTI PhilSensors,tandem,KANANGA,Leyte,8,2016-03-31,True,True
410,"MALLIG BRIDGE, MALLIG, Isabela",17.206981,121.610583,Philippines,DOST-ASTI PhilSensors,tandem,MALLIG,Isabela,2,2013-06-13,True,True
413,"MABINI BRIDGE, SANTIAGO CITY, Isabela",16.696344,121.556144,Philippines,DOST-ASTI PhilSensors,tandem,SANTIAGO CITY,Isabela,2,2013-06-30,True,True
553,"CATARMAN BRIDGE, CATARMAN, Northern Samar",12.385389,124.627667,Philippines,DOST-ASTI PhilSensors,tandem,CATARMAN,Northern Samar,8,2013-07-04,True,True
313,"BUBUNAWAN BRIDGE, BAUNGON, Bukidnon",8.312625,124.698414,Philippines,DOST-ASTI PhilSensors,tandem,BAUNGON,Bukidnon,10,2012-11-12,True,True
675,"JALAUR BRIDGE, ZARRAGA, Iloilo",10.847614,122.650389,Philippines,DOST-ASTI PhilSensors,tandem,ZARRAGA,Iloilo,6,2013-07-09,True,True
2023,"LAMBUYAO-ABILAY BRIDGE, OTON, ILOILO, Iloilo",10.7141097,122.4937955,Philippines,DOST-ASTI PhilSensors,tandem,"OTON, ILOILO",Iloilo,6,2015-03-28,True,True
461,"MANABO BRIDGE, MANABO, Abra",17.433662,120.692053,Philippines,DOST-ASTI PhilSensors,tandem,MANABO,Abra,CAR,2013-08-22,True,True
769,"DICALUNGAN BRIDGE, AMPATUAN, Maguindanao",6.8352053,124.4563,Philippines,DOST-ASTI PhilSensors,tandem,AMPATUAN,Maguindanao,BARMM,2013-07-26,True,True
847,"ANA-AO BRIDGE, ALILEM, Ilocos Sur",16.874056,120.54875,Philippines,DOST-ASTI PhilSensors,tandem,ALILEM,Ilocos Sur,1,2013-08-05,True,True
954,"BRGY. MATINA PANGI, DAVAO CITY, Davao City",7.085774,125.557903,Philippines,DOST-ASTI PhilSensors,tandem,DAVAO CITY,Davao City,11,2013-08-14,True,True
1548,"BAGO BRIDGE, BAGO CITY, Negros Occidental",10.520287,122.837611,Philippines,DOST-ASTI PhilSensors,tandem,BAGO CITY,Negros Occidental,6,2014-11-05,True,True
504,"LEMERY, LEMERY, Batangas",13.89663,120.91284,Philippines,DOST-ASTI PhilSensors,tandem,LEMERY,Batangas,4-A,2013-07-25,True,True
531,"AGPANGI, NAVAL, Biliran",11.578662,124.395115,Philippines,DOST-ASTI PhilSensors,tandem,NAVAL,Biliran,8,2013-07-03,True,True
745,"SPILLWAY UPPER PASONANCA, ZAMBOANGA, Zamboanga City",6.962181,122.073432,Philippines,DOST-ASTI PhilSensors,tandem,ZAMBOANGA,Zamboanga City,9,2013-07-21,True,True
1634,"CULIANAN BRIDGE, Zamboanga City, Zamboanga City",6.971641,122.138116,Philippines,DOST-ASTI PhilSensors,tandem,Zamboanga City,Zamboanga City,9,2015-06-18,True,True
1320,"SAN JUAN, SAN JUAN, Abra",17.67945,120.73232,Philippines,DOST-ASTI PhilSensors,tandem,SAN JUAN,Abra,CAR,2014-05-19,True,True
678,"GUADALUPE BRIDGE, MADALAG, Aklan",11.529853,122.309917,Philippines,DOST-ASTI PhilSensors,tandem,MADALAG,Aklan,6,2013-07-08,True,True
651,"MAGBALLO BRIDGE, KABANKALAN CITY, Negros Occidental",9.785875,122.750981,Philippines,DOST-ASTI PhilSensors,tandem,KABANKALAN CITY,Negros Occidental,6,2013-07-08,True,True
518,"LOOM BRIDGE, BORONGAN CITY, Eastern Samar",11.606143,125.433331,Philippines,DOST-ASTI PhilSensors,tandem,BORONGAN CITY,Eastern Samar,8,2013-07-03,True,True
311,"CDO BRIDGE, BRGY. CARMEN, CAGAYAN DE ORO, Misamis Oriental",8.4715139,124.6405139,Philippines,DOST-ASTI PhilSensors,tandem,CAGAYAN DE ORO,Misamis Oriental,10,2012-11-13,True,True
511,"AMBAYAOAN BRIDGE, SAN NICOLAS, Pangasinan",16.07363889,120.7565,Philippines,DOST-ASTI PhilSensors,tandem,SAN NICOLAS,Pangasinan,1,2013-06-13,True,True
1223,"CABACUNGAN BRIDGE, MALAYBALAY, Bukidnon",8.06175,125.161389,Philippines,DOST-ASTI PhilSensors,tandem,MALAYBALAY,Bukidnon,10,2014-03-19,True,True
737,"SUBANGDAKO, SOGOD, Southern Leyte",10.402644,124.989304,Philippines,DOST-ASTI PhilSensors,tandem,SOGOD,Southern Leyte,8,2013-07-04,True,True
509,"BANELA BRIDGE, UMINGAN, Pangasinan",15.938311,120.841857,Philippines,DOST-ASTI PhilSensors,tandem,UMINGAN,Pangasinan,1,2013-06-12,True,True
429,"BATU BRIDGE, Bambang, Nueva Vizcaya",16.43311111,121.1124167,Philippines,DOST-ASTI PhilSensors,tandem,Bambang,Nueva Vizcaya,2,2013-07-04,True,True
1858,"AGUSAN CANYON BRIDGE, LIBONA, Bukidnon",8.321558,124.807279,Philippines,DOST-ASTI PhilSensors,tandem,LIBONA,Bukidnon,10,2016-04-26,True,True
494,"CALVO BRIDGE, BAYAMBANG, Pangasinan",15.809818,120.458202,Philippines,DOST-ASTI PhilSensors,tandem,BAYAMBANG,Pangasinan,1,2013-06-12,True,True
959,"AGUSAN BRIDGE COMPOSTELA, COMPOSTELA, Compostela Valley",7.675833,126.0895,Philippines,DOST-ASTI PhilSensors,tandem,COMPOSTELA,Compostela Valley,11,2013-10-04,True,True
2352,"BONGBONGAN II, SIBALOM, Antique",10.808852,122.03697,Philippines,DOST-ASTI PhilSensors,tandem,SIBALOM,Antique,6,2017-09-17,True,True
1639,"BRGY. GITUAN, Ipil, Zamboanga Sibugay",7.805,122.5995,Philippines,DOST-ASTI PhilSensors,tandem,Ipil,Zamboanga Sibugay,9,2015-06-28,True,True
552,"KAULANGUHAN, CAIBIRAN, Biliran",11.665428,124.522721,Philippines,DOST-ASTI PhilSensors,tandem,CAIBIRAN,Biliran,8,2013-07-04,True,True
1461,"BRGY. ARAIBO, PANTUKAN, Compostela Valley",7.261005,126.171995,Philippines,DOST-ASTI PhilSensors,tandem,PANTUKAN,Compostela Valley,11,2014-04-15,True,True
1554,"SEMONG BRIDGE, Kapalong, Davao del Norte",7.63717,125.6507,Philippines,DOST-ASTI PhilSensors,tandem,Kapalong,Davao del Norte,11,2014-11-10,True,True
2057,"STO. NINO BRIDGE, TUNGAWAN, Zamboanga Sibugay",7.512734,122.372104,Philippines,DOST-ASTI PhilSensors,tandem,TUNGAWAN,Zamboanga Sibugay,9,2016-12-07,True,True
613,"KUMALARANG RIVER, KUMALARANG, Zamboanga del Sur",7.745333,123.168917,Philippines,DOST-ASTI PhilSensors,tandem,KUMALARANG,Zamboanga del Sur,9,2013-07-04,True,True
788,"MUYO BRIDGE, LGU-MUNICIPALITY OF BUUG, Zamboanga Sibugay",7.777057,122.990524,Philippines,DOST-ASTI PhilSensors,tandem,LGU-MUNICIPALITY OF BUUG,Zamboanga Sibugay,9,2013-07-29,True,True
1069,"MAMAT-ING BRIDGE, NAGUILIAN, La Union",16.579567,120.41095,Philippines,DOST-ASTI PhilSensors,tandem,NAGUILIAN,La Union,1,2013-11-12,True,True
428,"SAN LORENZO BRIDGE, BAGABAG, Nueva Vizcaya",16.58327778,121.2690833,Philippines,DOST-ASTI PhilSensors,tandem,BAGABAG,Nueva Vizcaya,2,2013-05-22,True,True
395,"LUCBAN BRIDGE, ABULUG, CAGAYAN",18.3382579,121.4252288,Philippines,DOST-ASTI PhilSensors,tandem,ABULUG,CAGAYAN,2,2013-07-02,True,True
2868,"CARAGA STATE UNIVERSITY-ENGAGE CARAGA PROGRAM - MACAPAGAL BRIDGE, BUTUAN CITY, AGUSAN DEL NORTE",8.92271,125.5534,Philippines,DOST-ASTI PhilSensors,tandem,BUTUAN CITY,AGUSAN DEL NORTE,13,2022-01-03,True,True
2981,"MUNICIPAL HALL, POBLACION, TARAKA, LANAO DEL SUR",7.885556,124.344055,Philippines,DOST-ASTI PhilSensors,tandem,TARAKA,LANAO DEL SUR,BARMM,2022-11-21,True,True
760,"ARCH BRIDGE, MALITBOG, Bukidnon",8.538966,124.882608,Philippines,DOST-ASTI PhilSensors,tandem,MALITBOG,Bukidnon,10,2013-07-25,True,True
2991,"MATLING BRIDGE, BRGY. MATALIN, MAROGONG, LANAO DEL SUR",7.627594,124.072231,Philippines,DOST-ASTI PhilSensors,tandem,MAROGONG,LANAO DEL SUR,BARMM,2022-11-23,True,True
2902,"CANAO BRIDGE – PROJECT 3 BOONDOCK, CALANAN, TABUK, KALINGA",17.403228,121.417933,Philippines,DOST-ASTI PhilSensors,tandem,TABUK,KALINGA,CAR,2022-08-30,True,True
2903,"PASIL BRIDGE - PROJECT 3 BOONDOCK, DUPAG, TABUK, KALINGA",17.412479,121.102294,Philippines,DOST-ASTI PhilSensors,tandem,TABUK,KALINGA,CAR,2022-08-30,True,True
2792,"ARANGUEL BRIDGE, PRESIDENT ROXAS, CAPIZ",11.433268,122.930836,Philippines,DOST-ASTI PhilSensors,tandem,PRESIDENT ROXAS,CAPIZ,6,2021-03-01,True,True
489,"TAGOLOAN BRIDGE, TAGOLOAN, Misamis Oriental",8.5421528,124.7558222,Philippines,DOST-ASTI PhilSensors,tandem,TAGOLOAN,Misamis Oriental,10,2013-07-25,True,True
2974,"OLD MAGANOY, OLD MAGANOY, DATU ABDULLAH SANGKI, MAGUINDANAO",6.868847,124.52519,Philippines,DOST-ASTI PhilSensors,tandem,DATU ABDULLAH SANGKI,MAGUINDANAO,BARMM,2022-12-02,True,True
852,"TALISAWA BRIDGE, DATU ABDULLAH SANGKI, MAGUINDANAO",6.77237,124.482,Philippines,DOST-ASTI PhilSensors,tandem,DATU ABDULLAH SANGKI,MAGUINDANAO,BARMM,2013-08-18,True,True
257,"CAHIGON BRIDGE, CAHIGON, MAASIN, ILOILO",10.897,122.446583,Philippines,DOST-ASTI PhilSensors,tandem,MAASIN,ILOILO,6,2012-04-23,True,True
86,"LOOC, CARDONA, Rizal",14.473367,121.2203,Philippines,DOST-ASTI PhilSensors,tandem,CARDONA,Rizal,4-A,2011-09-19,True,True
3053,"CARIDAD BRIDGE, SAN FRANCISCO, LEGAZPI CITY, ALBAY",13.040393,123.769982,Philippines,DOST-ASTI PhilSensors,tandem,LEGAZPI CITY,ALBAY,5,2023-08-08,True,True
1620,"CUARTERO BRIDGE, CUARTERO, Capiz",11.34569,122.666804,Philippines,DOST-ASTI PhilSensors,tandem,CUARTERO,Capiz,6,2014-09-08,True,True
2860,"SAMOKI BRIDGE – PROJECT 3 BOONDOCK, BONTOC, MOUNTAIN PROVINCE",17.0878786,120.9795383,Philippines,DOST-ASTI PhilSensors,tandem,BONTOC,MOUNTAIN PROVINCE	,CAR,2022-02-22,True,True
1679,"SIOCON BRIDGE, SIOCON, Zamboanga del Norte",7.710983,122.138267,Philippines,DOST-ASTI PhilSensors,tandem,SIOCON,Zamboanga del Norte,9,2015-11-10,True,True
3136,"CONCEPCION BRIDGE, CONCEPCION, PANGANTUCAN, BUKIDNON",7.8456055,124.8300947,Philippines,DOST-ASTI PhilSensors,tandem,PANGANTUCAN,BUKIDNON,10,2024-10-19,True,True
210,"NAPINDAN JS, PASIG CITY, Metro Manila",14.557907,121.06878,Philippines,DOST-ASTI PhilSensors,tandem,PASIG CITY,Metro Manila,NCR,2010-09-28,True,True
2717,"IPO DAM, NORZAGARAY, BULACAN",14.874792,121.147167,Philippines,DOST-ASTI PhilSensors,tandem,NORZAGARAY,BULACAN,3,2019-10-29,True,True
298,"TUKTUKAN BRIDGE, TAGUIG CITY, Metro Manila",14.527594,121.071508,Philippines,DOST-ASTI PhilSensors,tandem,TAGUIG CITY,Metro Manila,NCR,2012-07-30,True,True
464,"IBULAO BRIDGE, LAGAWE, Ifugao",16.78425,121.121333,Philippines,DOST-ASTI PhilSensors,tandem,LAGAWE,Ifugao,CAR,2013-08-07,True,True
3158,"MANUPALI BRIDGE, BALILA, LANTAPAN, BUKIDNON",7.9941519287465335,125.00981128066707,Philippines,DOST-ASTI PhilSensors,tandem,LANTAPAN,BUKIDNON,10,2025-02-21,True,True
3159,"KIBANING BRIDGE, KIBANING, KALILANGAN, BUKIDNON",7.788607739604315,124.75220064599878,Philippines,DOST-ASTI PhilSensors,tandem,KALILANGAN,BUKIDNON,10,2025-02-21,True,True
3061,"CAGDIANAO BRIDGE, POBLACION, CAGDIANAO, DINAGAT ISLANDS",9.91941867,125.6784761,Philippines,DOST-ASTI PhilSensors,tandem,CAGDIANAO,DINAGAT ISLANDS,13,2023-03-06,True,True
1650,"MAUSWAGON BRIDGE, SALUG, Zamboanga del Norte",8.0552,122.8108,Philippines,DOST-ASTI PhilSensors,tandem,SALUG,Zamboanga del Norte,9,2015-07-26,True,True
965,"KIBUNGSOD BRIDGE, MAGSAYSAY, Misamis Oriental",9.00582,125.20336,Philippines,DOST-ASTI PhilSensors,tandem,MAGSAYSAY,Misamis Oriental,10,2013-10-16,True,True
409,"SAN JOSEFA BRIDGE, PENABLANCA, Cagayan",17.6275,121.773283,Philippines,DOST-ASTI PhilSensors,tandem,PENABLANCA,Cagayan,2,2013-07-03,True,True
425,"DISILUAD BRIDGE, AGLIPAY, Quirino",16.46858333,121.6299444,Philippines,DOST-ASTI PhilSensors,tandem,AGLIPAY,Quirino,2,2013-05-21,True,True
312,"SAN SIMON BRIDGE, BRGY. CARMEN, CAGAYAN DE ORO, Misamis Oriental",8.440736,124.568806,Philippines,DOST-ASTI PhilSensors,tandem,CAGAYAN DE ORO,Misamis Oriental,10,2012-11-13,True,True
3153,"ZAMBOANGUITA BRIDGE, ZAMBOANGUITA, MALAYBALAY, BUKIDNON",8.1926,125.29835,Philippines,DOST-ASTI PhilSensors,tandem,MALAYBALAY,BUKIDNON,10,2025-01-22,True,True
3221,"BINOLING BRIDGE SAMAL, BABAK SAMAL, SAMAL, DAVAO DEL NORTE",7.063532,125.716111,Philippines,DOST-ASTI PhilSensors,tandem,SAMAL,DAVAO DEL NORTE,11,2025-10-06,True,True
3140,"SAN REMIGIO BRGY KINAWAHAN, KINAWAHAN, SAN REMIGIO, CEBU",10.948758,123.922382,Philippines,DOST-ASTI PhilSensors,tandem,SAN REMIGIO,CEBU,7,2024-11-05,True,True
3134,"DAMAY BRIDGE, DAMAY, MANOLO FORTICH, BUKIDNON",8.3838495,124.967852,Philippines,DOST-ASTI PhilSensors,tandem,MANOLO FORTICH,BUKIDNON,10,2024-10-16,True,True
2987,"BRGY. TABORO BRIDGE, TABORO, BUBONG, LANAO DEL SUR",7.98071,124.38367,Philippines,DOST-ASTI PhilSensors,tandem,BUBONG,LANAO DEL SUR,BARMM,2022-11-22,True,True
3204,"BRGY CAMP 1 BRIDGE, BRGY CAMP 1, MARAMAG, BUKIDNON",7.71892,125.01298,Philippines,DOST-ASTI PhilSensors,tandem,MARAMAG,BUKIDNON,10,2025-08-14,True,True
3088,"LANAO BRIDGE, LANAO, MOALBOAL, CEBU",9.952331,123.41186,Philippines,DOST-ASTI PhilSensors,tandem,MOALBOAL,CEBU,7,2023-11-17,True,True
3086,"TOMONOY BRIDGE, TAMONOY, MOALBOAL, CEBU",9.929634,123.402045,Philippines,DOST-ASTI PhilSensors,tandem,MOALBOAL,CEBU,7,2023-11-16,True,True
3138,"SAN REMIGIO BRGY BUSOGON, BUSOGON, SAN REMIGIO, CEBU",10.967007,123.925489,Philippines,DOST-ASTI PhilSensors,tandem,SAN REMIGIO,CEBU,7,2024-11-05,True,True
767,"MANGIMA BRIDGE, MANOLO FORTICH, Bukidnon",8.3764905,124.8806638,Philippines,DOST-ASTI PhilSensors,tandem,MANOLO FORTICH,Bukidnon,10,2013-07-29,True,True
420,"GANANO BRIDGE - ALICIA, ALICIA, Isabela",16.7696978,121.6978436,Philippines,DOST-ASTI PhilSensors,tandem,ALICIA,Isabela,2,2013-06-12,True,True
2970,"COTABATO CITY BRIDGE, POBLACION 9, COTABATO CITY, MAGUINDANAO",7.205681,124.2614,Philippines,DOST-ASTI PhilSensors,tandem,COTABATO CITY,MAGUINDANAO,BARMM,2022-12-01,True,True
2968,"BULUAN STEEL BRIDGE, POBLACION, BULUAN, MAGUINDANAO",6.719988,124.796115,Philippines,DOST-ASTI PhilSensors,tandem,BULUAN,MAGUINDANAO,BARMM,2022-10-26,True,True
3205,"SITIO KALAGUTAY BASE CAMP BRIDGE, SITIO KALAGUTAY BASE CAMP, MARAMAG, BUKIDNON",7.75508,124.9706,Philippines,DOST-ASTI PhilSensors,tandem,MARAMAG,BUKIDNON,10,2025-08-14,True,True
3178,"MANTICAO BRIDGE, MANTICAO, MANTICAO, MISAMIS ORIENTAL",8.4065884,124.2926377,Philippines,DOST-ASTI PhilSensors,tandem,MANTICAO,MISAMIS ORIENTAL,10,2025-07-03,True,True
308,"TULLAHAN BRIDGE, MCARTHUR, VALENZUELA CITY, Metro Manila",14.670644,120.981969,Philippines,DOST-ASTI PhilSensors,tandem,VALENZUELA CITY,Metro Manila,NCR,2012-07-29,True,True
323,"BALANTI CREEK, MARIKINA CITY, Metro Manila",14.621475,121.104981,Philippines,DOST-ASTI PhilSensors,tandem,MARIKINA CITY,Metro Manila,NCR,2012-12-10,True,True
297,"KAINGIN BRIDGE, PARANAQUE CITY, Metro Manila",14.499697,121.008875,Philippines,DOST-ASTI PhilSensors,tandem,PARANAQUE CITY,Metro Manila,NCR,2012-10-23,True,True
262,"E. RODRIGUEZ BRIDGE, QUEZON CITY, Metro Manila",14.619406,121.016433,Philippines,DOST-ASTI PhilSensors,tandem,QUEZON CITY,Metro Manila,NCR,2012-10-29,True,True
263,"ESTERO DE CALUBCUB, MANILA, Metro Manila",14.61443,120.99443,Philippines,DOST-ASTI PhilSensors,tandem,MANILA,Metro Manila,NCR,2015-02-23,True,True
463,"ASIN BRIDGE, NANGALISAN, TUBA, Benguet",16.443097,120.493856,Philippines,DOST-ASTI PhilSensors,tandem,TUBA,Benguet,CAR,2013-10-09,True,True
3034,"BOGO CITY - TDM - LPC BRIDGE, LA PURISIMA  CONCEPCION, BOGO CITY, CEBU",11.049946,124.003366,Philippines,DOST-ASTI PhilSensors,tandem,BOGO CITY,CEBU,7,2023-05-15,True,True
841,"CABANCALAN-CANDUMAN BRIDGE, MANDAUE CITY, Cebu",10.360944,123.927333,Philippines,DOST-ASTI PhilSensors,tandem,MANDAUE CITY,Cebu,7,2013-08-12,True,True
3203,"BRGY. BASE CAMP BRIDGE, BRGY BASE CAMP, MARAMAG, BUKIDNON",7.77342,124.98254,Philippines,DOST-ASTI PhilSensors,tandem,MARAMAG,BUKIDNON,10,2025-08-14,True,True
3044,"DITA BRIDGE, DITA, LEGAZPI CITY, ALBAY",13.17904,123.74044,Philippines,DOST-ASTI PhilSensors,tandem,LEGAZPI CITY,ALBAY,5,2023-07-04,True,True
3284,"SANGI BRIDGE, SANTA LUCIA, ASTURIAS, CEBU",10.629506,123.751278,Philippines,DOST-ASTI PhilSensors,tandem,ASTURIAS,CEBU,7,2026-05-13,True,True
305,"MACEDA BRIDGE, VALENZUELA CITY, Metro Manila",14.690461,121.022506,Philippines,DOST-ASTI PhilSensors,tandem,VALENZUELA CITY,Metro Manila,NCR,2012-10-10,True,True
218,"LIBERTAD PS, PASAY CITY, METRO MANILA",14.544711,120.989194,Philippines,DOST-ASTI PhilSensors,tandem,PASAY CITY,METRO MANILA,NCR,2015-04-27,True,True
1528,"NANGKA (ASTI), MARIKINA, Metro Manila",14.673763,121.109448,Philippines,DOST-ASTI PhilSensors,tandem,MARIKINA,Metro Manila,NCR,2014-10-16,True,True
3182,"CAMPISANG BRIDGE, BRGY. MAMBAROTO, MAMBAROTO, SIPALAY CITY, NEGROS OCCIDENTAL",9.752167,122.427762,Philippines,DOST-ASTI PhilSensors,tandem,SIPALAY CITY,NEGROS OCCIDENTAL,6,2025-07-17,True,True
3117,"LUBIGAN BRIDGE, Brgy. Lubigan, San jose Tarlac, SAN JOSE, TARLAC",15.4648055556,120.4506666667,Philippines,DOST-ASTI PhilSensors,tandem,SAN JOSE,TARLAC,3,2024-05-03,True,True
3149,"DIBULO BRIDGE, Brgy. Del Pilar, DEL PILAR, Rizal, NUEVA ECIJA",15.1411521,121.151261,Philippines,DOST-ASTI PhilSensors,tandem,Rizal,NUEVA ECIJA,3,2024-12-20,True,True
892,"CAMP 6 BRIDGE, CAMP 6, TUBA, Benguet",16.350148,120.61348,Philippines,DOST-ASTI PhilSensors,tandem,TUBA,Benguet,CAR,2013-09-10,True,True
1390,"BALILI BRIDGE, BALILI, LA TRINIDAD, Benguet",16.46278,120.58897,Philippines,DOST-ASTI PhilSensors,tandem,LA TRINIDAD,Benguet,CAR,2014-06-24,True,True
460,"CITY CAMP LAGOON, CITY CAMP CENTRAL, BAGUIO CITY, Benguet",16.409297,120.58635,Philippines,DOST-ASTI PhilSensors,tandem,BAGUIO CITY,Benguet,CAR,2013-07-24,True,True
2894,"BROOKSPOINT, BROOKSPOINT, BAGUIO CITY, BENGUET",16.42325,120.60738,Philippines,DOST-ASTI PhilSensors,tandem,BAGUIO CITY,BENGUET,CAR,2022-08-09,True,True
3033,"TAYTAYAN BRIDGE, TAYTAYAN, BOGO, CEBU",11.052092,123.986995,Philippines,DOST-ASTI PhilSensors,tandem,BOGO,CEBU,7,2023-05-15,True,True
3123,"DUNGGUANAN, MANCILANG, MADRIDEJOS, MANCILANG, MADRIDEJOS, CEBU",11.2966688,123.7390485,Philippines,DOST-ASTI PhilSensors,tandem,MADRIDEJOS,CEBU,7,2024-06-29,True,True
3121,"BOARD WALK, KOTA PARK LAWIS, MADRIDEJOS, Lawis, Madridejos, CEBU",11.3005037,123.7290654,Philippines,DOST-ASTI PhilSensors,tandem,Madridejos,CEBU,7,2024-06-29,True,True
3296,"BUNAKAN SEAWALL, MADRIDEJOS, BUNAKAN, MADRIDEJOS, CEBU",11.264724,123.714156,Philippines,DOST-ASTI PhilSensors,tandem,MADRIDEJOS,CEBU,7,2026-07-01,True,True
30,"AMBULONG, TANAUAN CITY, Batangas",14.087681,121.062478,Philippines,DOST-ASTI PhilSensors,aws,TANAUAN CITY,Batangas,4-A,2012-02-15,False,True
188,"PEOPLE'S PALACE GROUNDS, COTABATO CITY, Cotabato",7.196167,124.235167,Philippines,DOST-ASTI PhilSensors,aws,COTABATO CITY,Cotabato,12,2011-08-25,False,True
15,"FELISA, BACOLOD CITY, Negros Occidental",10.589,122.972,Philippines,DOST-ASTI PhilSensors,aws,BACOLOD CITY,Negros Occidental,6,2015-01-08,False,True
28,"PORT AREA, GUIMBAL, Iloilo",10.660233,122.320283,Philippines,DOST-ASTI PhilSensors,aws,GUIMBAL,Iloilo,6,2011-05-10,False,True
79,"CNSC, JOSE PANGANIBAN, Camarines Norte",14.118176,122.687074,Philippines,DOST-ASTI PhilSensors,aws,JOSE PANGANIBAN,Camarines Norte,5,2011-06-27,False,True
283,"KUMARALANG, KUMARALANG, Zamboanga del Sur",7.751828,123.148902,Philippines,DOST-ASTI PhilSensors,aws,KUMARALANG,Zamboanga del Sur,9,2013-07-04,False,True
44,"SINDANGAN PILOT DEMONSTRATION SCHOOL, SINDANGAN, Zamboanga del Norte",8.234278,122.999306,Philippines,DOST-ASTI PhilSensors,aws,SINDANGAN,Zamboanga del Norte,9,2011-05-30,False,True
21,"BRGY. SAN RAYMUNDO, JOLO, Sulu",6.057786,121.0101305,Philippines,DOST-ASTI PhilSensors,aws,JOLO,Sulu,9,2012-12-31,False,True
71,"BRGY. SAN VICENTE, SIRAWAI, Zamboanga del Norte",7.589194,122.15075,Philippines,DOST-ASTI PhilSensors,aws,SIRAWAI,Zamboanga del Norte,9,2011-06-20,False,True
29,"BRGY. BALITOC, CALATAGAN, Batangas",13.854639,120.632222,Philippines,DOST-ASTI PhilSensors,aws,CALATAGAN,Batangas,4-A,2011-05-19,False,True
377,"BRGY. PAG-ASA ISLAND, KALAYAAN, Palawan",11.050254,114.283435,Philippines,DOST-ASTI PhilSensors,aws,KALAYAAN,Palawan,4-B,2013-02-09,False,True
1206,"DA-RFU CANDABA, CANDABA, PAMPANGA",15.10342,120.8349,Philippines,DOST-ASTI PhilSensors,aws,CANDABA,PAMPANGA,3,2014-03-04,False,True
187,"BRGY. BANDIANGON, PALIMBANG, Sultan Kudarat",6.221722,124.206972,Philippines,DOST-ASTI PhilSensors,aws,PALIMBANG,Sultan Kudarat,12,2011-08-22,False,True
180,"SIARGAO ISLAND, SIARGAO ISLAND, Surigao del Norte",9.885296,126.016685,Philippines,DOST-ASTI PhilSensors,aws,SIARGAO ISLAND,Surigao del Norte,13,2011-08-16,False,True
175,"PAGADIAN AIRPORT, PAGADIAN CITY, Zamboanga del Sur",7.83,123.462,Philippines,DOST-ASTI PhilSensors,aws,PAGADIAN CITY,Zamboanga del Sur,9,2011-08-11,False,True
1339,"DA-RFU MANAMBULAN, TUGBOK, DAVAO CITY",7.07739,125.622858,Philippines,DOST-ASTI PhilSensors,aws,TUGBOK,DAVAO CITY,11,2014-06-05,False,True
77,"JTFM VILLA LIBERTAD, EL NIDO, Palawan",11.198584,119.417617,Philippines,DOST-ASTI PhilSensors,aws,EL NIDO,Palawan,4-B,2011-06-23,False,True
119,"STA. JOSEFA GOVERNMENT SITE, STA. JOSEFA, Agusan del Sur",7.984056,126.019884,Philippines,DOST-ASTI PhilSensors,aws,STA. JOSEFA,Agusan del Sur,13,2011-07-19,False,True
1603,"DA-RFU POLANGUI, POLANGUI, Albay",13.28634,123.550655,Philippines,DOST-ASTI PhilSensors,aws,POLANGUI,Albay,5,2015-06-12,False,True
74,"DINALUNGAN NATIONAL HIGH SCHOOL, DINALUNGAN, Aurora",16.1453,121.9564,Philippines,DOST-ASTI PhilSensors,aws,DINALUNGAN,Aurora,3,2011-06-27,False,True
1619,"DA-RFU BRGY. DON MARTIN MARANDAN, MATI, Davao Oriental",6.968693,126.260792,Philippines,DOST-ASTI PhilSensors,aws,MATI,Davao Oriental,11,2015-04-23,False,True
72,"TOETICAL OPERATION GROUP, SANGA-SANGA AIRBASE, Tawi-tawi",5.046167,119.74125,Philippines,DOST-ASTI PhilSensors,aws,SANGA-SANGA AIRBASE,Tawi-tawi,BARMM,2011-06-21,False,True
43,"GARCHITORENA MUNICIPAL GROUNDS, GARCHITORENA, Camarines Sur",13.8845,123.700389,Philippines,DOST-ASTI PhilSensors,aws,GARCHITORENA,Camarines Sur,5,2011-05-30,False,True
73,"PAGASA CABANATUAN STATION, CABANATUAN CITY, Nueva Ecija",15.467815,120.95,Philippines,DOST-ASTI PhilSensors,aws,CABANATUAN CITY,Nueva Ecija,3,2011-06-29,False,True
33,"BRGY. TALISOY, JOMALIG, Quezon",14.696847,122.338889,Philippines,DOST-ASTI PhilSensors,aws,JOMALIG,Quezon,4-A,2011-05-18,False,True
1633,"STO. NINO, TALAINGOD, DAVAO CITY",7.3756629,125.35580236,Philippines,DOST-ASTI PhilSensors,aws,TALAINGOD,DAVAO CITY,11,2015-06-08,False,True
380,"RANGER STATION, TUBBATAHA REEF, PUERTO PRINCESA CITY, Palawan",8.9167,119.9167,Philippines,DOST-ASTI PhilSensors,aws,PUERTO PRINCESA CITY,Palawan,4-B,2013-04-03,False,True
121,"BISLIG CITY NATIONAL HIGH SCHOOL, BISLIG CITY, Surigao del Sur",8.213136,126.315939,Philippines,DOST-ASTI PhilSensors,aws,BISLIG CITY,Surigao del Sur,13,2011-07-19,False,True
57,"CORON, BUSUANGA, Palawan",11.864,120.249,Philippines,DOST-ASTI PhilSensors,aws,BUSUANGA,Palawan,4-B,2011-06-06,False,True
35,"BRGY. INABUAN, SAN FRANCISCO, Quezon",13.346306,122.530833,Philippines,DOST-ASTI PhilSensors,aws,SAN FRANCISCO,Quezon,4-A,2011-05-24,False,True
120,"SAN AGUSTIN MUNICIPAL  TOWN SQUARE, SAN AGUSTIN, Surigao del Sur",8.731382,126.202814,Philippines,DOST-ASTI PhilSensors,aws,SAN AGUSTIN,Surigao del Sur,13,2011-07-18,False,True
117,"BANGUED EAST CENTRAL SCHOOL, BANGUED, Abra",17.612411,120.736219,Philippines,DOST-ASTI PhilSensors,aws,BANGUED,Abra,CAR,2011-07-12,False,True
1205,"DA-RFU FLORIDA BLANCA, FLORIDA BLANCA, PAMPANGA",14.98747,120.5321,Philippines,DOST-ASTI PhilSensors,aws,FLORIDA BLANCA,PAMPANGA,3,2015-04-16,False,True
317,"DIVILACAN, DIVILACAN, Isabela",17.328194,122.296194,Philippines,DOST-ASTI PhilSensors,aws,DIVILACAN,Isabela,2,2014-06-24,False,True
1897,"ILIARC BACNOTAN, BACNOTAN, La Union",16.730767,120.388597,Philippines,DOST-ASTI PhilSensors,aws,BACNOTAN,La Union,1,2009-12-31,False,True
1790,"DA-RFU WVSU, HIMAMAYLAN, HIMAMAYLAN, Negros Occidental",10.07698,122.869938,Philippines,DOST-ASTI PhilSensors,aws,HIMAMAYLAN,Negros Occidental,6,2016-03-03,False,True
179,"URBAN CENTER POBLACION, AJUY, Iloilo",11.169037,123.018532,Philippines,DOST-ASTI PhilSensors,aws,AJUY,Iloilo,6,2011-08-14,False,True
197,"JOSE ABAD SANTOS, JOSE ABAD SANTOS, Davao del Sur",5.903449,125.636532,Philippines,DOST-ASTI PhilSensors,aws,JOSE ABAD SANTOS,Davao del Sur,11,2011-12-07,False,True
112,"ISPSC, STA. MARIA, Ilocos Sur",17.368308,120.475646,Philippines,DOST-ASTI PhilSensors,aws,STA. MARIA,Ilocos Sur,1,2012-12-31,False,True
1753,"DA-RFU BRGY. DETAILEN, Maria Aurora, Aurora",15.777305,121.4793,Philippines,DOST-ASTI PhilSensors,aws,Maria Aurora,Aurora,3,2016-03-21,False,True
1835,"DA-RFU BASCO, BASCO, Batanes",20.43918333,121.96675,Philippines,DOST-ASTI PhilSensors,aws,BASCO,Batanes,2,2016-05-17,False,True
184,"LIBON, LIBON, Albay",13.29946,123.43722,Philippines,DOST-ASTI PhilSensors,aws,LIBON,Albay,5,2011-08-24,False,True
1629,"DA-RFU BATAC, BATAC, Ilocos Norte",18.049324,120.551431,Philippines,DOST-ASTI PhilSensors,aws,BATAC,Ilocos Norte,1,2015-05-12,False,True
47,"HYBRID UPGRADE-VICENZO, SAGUN, Zamboanga del Sur",7.5239,123.186,Philippines,DOST-ASTI PhilSensors,aws,SAGUN,Zamboanga del Sur,9,2011-06-01,False,True
38,"PAMPANGA AGRICULTURAL COLLEGE, MAGALANG, Pampanga",15.218984,120.694932,Philippines,DOST-ASTI PhilSensors,aws,MAGALANG,Pampanga,3,2011-05-26,False,True
115,"STA. ANA MUNICIPAL GROUNDS, STA. ANA, Cagayan",18.456944,122.143417,Philippines,DOST-ASTI PhilSensors,aws,STA. ANA,Cagayan,2,2011-07-10,False,True
160,"PAGASA IBA STATION, IBA, Zambales",15.327,119.968,Philippines,DOST-ASTI PhilSensors,aws,IBA,Zambales,3,2012-07-12,False,True
2229,"BRGY. PASANDALAN, LEBAK, SULTAN KUDARAT",6.636116,124.073972,Philippines,DOST-ASTI PhilSensors,aws,LEBAK,SULTAN KUDARAT,12,2017-07-23,False,True
172,"BRGY. PUNAO, SAN CARLOS CITY, NEGROS OCCIDENTAL",10.502866,123.433944,Philippines,DOST-ASTI PhilSensors,aws,SAN CARLOS CITY,NEGROS OCCIDENTAL,6,2011-07-27,False,True
370,"SAN FRANCISCO, SAN FRANCISCO, Surigao del Norte",9.777527778,125.4165833,Philippines,DOST-ASTI PhilSensors,aws,SAN FRANCISCO,Surigao del Norte,13,2013-09-10,False,True
171,"BRGY. HILAMONAN, KABANKALAN CITY, Negros Occidental",10.001514,122.850773,Philippines,DOST-ASTI PhilSensors,aws,KABANKALAN CITY,Negros Occidental,6,2011-07-26,False,True
1655,"DA RFU - BRGY. LANISE, CLAVERIA, Bukidnon",8.6185667,124.9473833,Philippines,DOST-ASTI PhilSensors,aws,CLAVERIA,Bukidnon,10,2015-07-29,False,True
357,"POLANCO, Brgy. Sto. Nino, POLANCO, Zamboanga del Norte",8.546027778,123.4041389,Philippines,DOST-ASTI PhilSensors,aws,POLANCO,Zamboanga del Norte,9,2013-04-11,False,True
186,"GENERAL SANTOS AIRPORT, GENERAL SANTOS CITY, General Santos City",6.055333,125.097444,Philippines,DOST-ASTI PhilSensors,aws,GENERAL SANTOS CITY,General Santos City,12,2011-08-23,False,True
1987,"DA-RFU AKLAN STATE UNIVERSITY, IBAJAY, Aklan",11.8191118,122.1722093,Philippines,DOST-ASTI PhilSensors,aws,IBAJAY,Aklan,6,2016-08-11,False,True
37,"BRGY. LITA, TAYABAS, Quezon",14.01831,121.5967,Philippines,DOST-ASTI PhilSensors,aws,TAYABAS,Quezon,4-A,2012-12-31,False,True
60,"BATAAN NATIONAL HIGH SCHOOL, BALANGA, Bataan",14.676167,120.517889,Philippines,DOST-ASTI PhilSensors,aws,BALANGA,Bataan,3,2011-08-17,False,True
2108,"MLGU LOPEZ, Quezon",14.08277778,122.51138889,Philippines,DOST-ASTI PhilSensors,aws,,Quezon,4-A,2009-12-31,False,True
75,"BRGY. HALL TANAWAN, DINGALAN, Aurora",15.407667,121.376444,Philippines,DOST-ASTI PhilSensors,aws,DINGALAN,Aurora,3,2011-06-28,False,True
59,"AUTHORITY OF FREEPORT AREA OF BATAAN, MARIVELES, Bataan",14.435583,120.499167,Philippines,DOST-ASTI PhilSensors,aws,MARIVELES,Bataan,3,2011-06-13,False,True
1560,"DA-RFU CAPSU, Pilar, Capiz",11.484262,123.004391,Philippines,DOST-ASTI PhilSensors,aws,Pilar,Capiz,6,2014-11-27,False,True
367,"PLARIDEL, PLARIDEL, Misamis Occidental",8.586833333,123.7090833,Philippines,DOST-ASTI PhilSensors,aws,PLARIDEL,Misamis Occidental,10,2013-09-10,False,True
1791,"DA-RFU BRGY. AMAMAROS, POTOTAN, Iloilo",10.9247876,122.6226622,Philippines,DOST-ASTI PhilSensors,aws,POTOTAN,Iloilo,6,2016-03-10,False,True
1933,"EZPERANZA, CULASI, CULASI, Antique",11.457229,122.0653608,Philippines,DOST-ASTI PhilSensors,aws,CULASI,Antique,6,2016-04-14,False,True
76,"PALAWAN STATE UNIVERSITY., BATARAZA, Palawan",8.6858,117.6453,Philippines,DOST-ASTI PhilSensors,aws,BATARAZA,Palawan,4-B,2011-06-21,False,True
1668,"DA-RFU NMRDC, Jordan, Guimaras",10.584464,122.580758,Philippines,DOST-ASTI PhilSensors,aws,Jordan,Guimaras,6,2015-10-04,False,True
929,"PALAYAN CITY, PALAYAN CITY, Nueva Ecija",15.5658333,121.0943833,Philippines,DOST-ASTI PhilSensors,aws,PALAYAN CITY,Nueva Ecija,3,2013-10-03,False,True
113,"BRGY. SAUD, PAGUDPUD, Ilocos Norte",18.588097,120.786141,Philippines,DOST-ASTI PhilSensors,aws,PAGUDPUD,Ilocos Norte,1,2012-12-31,False,True
903,"BOTOLAN, BOTOLAN, Zambales",15.243,120.0246167,Philippines,DOST-ASTI PhilSensors,aws,BOTOLAN,Zambales,3,2013-10-02,False,True
902,"GERONA, GERONA, Tarlac",15.59952,120.55885,Philippines,DOST-ASTI PhilSensors,aws,GERONA,Tarlac,3,2013-10-01,False,True
920,"GUIMBA, GUIMBA, Nueva Ecija",15.624455,120.751208,Philippines,DOST-ASTI PhilSensors,aws,GUIMBA,Nueva Ecija,3,2013-10-01,False,True
161,"PAGASA-DAGUPAN STATION, DAGUPAN CITY, PANGASINAN",16.086845,120.352294,Philippines,DOST-ASTI PhilSensors,aws,DAGUPAN CITY,PANGASINAN,1,2012-12-31,False,True
877,"DA-RFU IGUIG, DA-RFU IGUIG, Cagayan",17.7516396,121.735449,Philippines,DOST-ASTI PhilSensors,aws,DA-RFU IGUIG,Cagayan,2,2013-09-04,False,True
116,"ILOILO EAST COSTAL-CAPIZ ROAD, ESTANCIA, Iloilo",11.45,123.1475,Philippines,DOST-ASTI PhilSensors,aws,ESTANCIA,Iloilo,6,2011-08-14,False,True
16,"JARO, ILOILO CITY, Iloilo",10.772267,122.5793,Philippines,DOST-ASTI PhilSensors,aws,ILOILO CITY,Iloilo,6,2012-04-25,False,True
503,"AGLIPAY, AGLIPAY, Quirino",16.40634,121.65147,Philippines,DOST-ASTI PhilSensors,aws,AGLIPAY,Quirino,2,2013-06-18,False,True
866,"GUINSILIBAN, GUINSILIBAN, Camiguin",9.105433333,124.7704167,Philippines,DOST-ASTI PhilSensors,aws,GUINSILIBAN,Camiguin,10,2013-09-03,False,True
176,"SARANGANI PROVINCE CAPITOL, ALABEL, Sarangani",6.10127,125.27312,Philippines,DOST-ASTI PhilSensors,aws,ALABEL,Sarangani,12,2011-12-07,False,True
890,"ESPERANZA, ESPERANZA, Agusan del Sur",9.45006,125.578398,Philippines,DOST-ASTI PhilSensors,aws,ESPERANZA,Agusan del Sur,13,2013-09-10,False,True
873,"GINGOOG CITY, Gingoog City, Misamis Oriental",8.811611111,125.1087778,Philippines,DOST-ASTI PhilSensors,aws,Gingoog City,Misamis Oriental,10,2013-09-04,False,True
932,"SULTAN KUDARAT, MAGUINDANAO, SULTAN KUDARAT, Maguindanao",7.272555556,124.3151111,Philippines,DOST-ASTI PhilSensors,aws,SULTAN KUDARAT,Maguindanao,BARMM,2013-10-07,False,True
351,"CARMEN, NUEVA VIDA ESTE, CARMEN, Bohol",9.76697,124.20532,Philippines,DOST-ASTI PhilSensors,aws,CARMEN,Bohol,7,2013-02-13,False,True
967,"STA. CRUZ - MARINDUQUE, STA. CRUZ, MARINDUQUE",13.45963889,122.0763056,Philippines,DOST-ASTI PhilSensors,aws,STA. CRUZ,MARINDUQUE,4-B,2013-10-16,False,True
25,"KALIBO CAPITOL PLAZA, KALIBO, Aklan",11.687176,122.366907,Philippines,DOST-ASTI PhilSensors,aws,KALIBO,Aklan,6,2011-03-06,False,True
341,"STA. MARIA - ILOCOS SUR, STA. MARIA-ISPSC, ILOCOS SUR",17.3683667,120.4756167,Philippines,DOST-ASTI PhilSensors,aws,STA. MARIA-ISPSC,ILOCOS SUR,1,2013-06-19,False,True
183,"MAGAYON DRIVE, LEGAZPI CITY, Albay",13.117778,123.7282,Philippines,DOST-ASTI PhilSensors,aws,LEGAZPI CITY,Albay,5,2011-08-22,False,True
922,"ROXAS PALAWAN, ROXAS, Palawan",10.33711111,119.2536111,Philippines,DOST-ASTI PhilSensors,aws,ROXAS,Palawan,4-B,2013-10-17,False,True
362,"CATEEL, CATEEL, Davao Oriental",7.794055556,126.4416111,Philippines,DOST-ASTI PhilSensors,aws,CATEEL,Davao Oriental,11,2013-02-07,False,True
887,"CANTILAN, CANTILAN, Surigao del Sur",9.302416667,125.9522167,Philippines,DOST-ASTI PhilSensors,aws,CANTILAN,Surigao del Sur,13,2013-09-11,False,True
927,"BAGO CITY, BAGO CITY, Negros Occidental",10.581,122.941778,Philippines,DOST-ASTI PhilSensors,aws,BAGO CITY,Negros Occidental,6,2013-10-23,False,True
899,"CAN-AVID, CAN-AVID, Eastern Samar",12.01566667,125.4188889,Philippines,DOST-ASTI PhilSensors,aws,CAN-AVID,Eastern Samar,8,2013-10-06,False,True
872,"KALILANGAN, KALILANGAN, Bukidnon",7.740333333,124.7451667,Philippines,DOST-ASTI PhilSensors,aws,KALILANGAN,Bukidnon,10,2013-09-03,False,True
376,"PIGCAWAYAN, PIGCAWAYAN, Cotabato",7.297361111,124.4149167,Philippines,DOST-ASTI PhilSensors,aws,PIGCAWAYAN,Cotabato,12,2013-02-21,False,True
356,"KALAWIT, KALAWIT, Zamboanga del Norte",7.917861111,122.5319444,Philippines,DOST-ASTI PhilSensors,aws,KALAWIT,Zamboanga del Norte,9,2013-04-10,False,True
374,"POBLACION LILOY, BRGY. POBLACION, Zamboanga del Norte",8.1219,122.670967,Philippines,DOST-ASTI PhilSensors,aws,,Zamboanga del Norte,9,2013-04-10,False,True
358,"DUMINGAG, DUMINGAG, Zamboanga del Sur",8.189444444,123.3388889,Philippines,DOST-ASTI PhilSensors,aws,DUMINGAG,Zamboanga del Sur,9,2013-04-13,False,True
934,"KAPATAGAN, KAPATAGAN, Lanao del Sur",7.541738889,124.2120444,Philippines,DOST-ASTI PhilSensors,aws,KAPATAGAN,Lanao del Sur,BARMM,2013-10-09,False,True
1128,"ALCANTARA, ALCANTARA, Romblon",12.6196667,122.0693333,Philippines,DOST-ASTI PhilSensors,aws,ALCANTARA,Romblon,4-B,2013-12-13,False,True
870,"LANAO DEL NORTE, KAPATAGAN, LANAO DEL NORTE",7.899166667,123.7668611,Philippines,DOST-ASTI PhilSensors,aws,KAPATAGAN,LANAO DEL NORTE,10,2013-09-02,False,True
917,"CALINOG, CALINOG, Iloilo",11.12216667,122.5410833,Philippines,DOST-ASTI PhilSensors,aws,CALINOG,Iloilo,6,2013-12-16,False,True
919,"PATNONGON, Sitio Tigmanali, Brgy. Igbobon, PATNONGON, Antique",10.9257242,121.9995022,Philippines,DOST-ASTI PhilSensors,aws,PATNONGON,Antique,6,2013-12-18,False,True
626,"KIAMBA, KIAMBA, Sarangani",5.978222222,124.6766111,Philippines,DOST-ASTI PhilSensors,aws,KIAMBA,Sarangani,12,2013-04-28,False,True
924,"PANIT-AN, PANIT-AN, Capiz",11.480043,122.7554114,Philippines,DOST-ASTI PhilSensors,aws,PANIT-AN,Capiz,6,2013-12-17,False,True
85,"HYBRID UPGRADE-ESSU, SALCEDO, Eastern Samar",11.15387,125.639399,Philippines,DOST-ASTI PhilSensors,aws,SALCEDO,Eastern Samar,8,2011-06-29,False,True
84,"PAGASA CATBALOGAN STATION, CATBALOGAN CITY, Samar",11.775139,124.88436,Philippines,DOST-ASTI PhilSensors,aws,CATBALOGAN CITY,Samar,8,2011-06-28,False,True
318,"UBAY, UBAY, Bohol",9.99523,124.40853,Philippines,DOST-ASTI PhilSensors,aws,UBAY,Bohol,7,2012-11-27,False,True
27,"KABULIHAN SANITARY LANDFILL, BRGY. KABULIHAN, MALAY, Aklan",11.868384,121.901606,Philippines,DOST-ASTI PhilSensors,aws,MALAY,Aklan,6,2011-05-12,False,True
250,"DOST BICUTAN, TAGUIG CITY, Metro Manila",14.48966,121.05227,Philippines,DOST-ASTI PhilSensors,aws,TAGUIG CITY,Metro Manila,NCR,2012-05-20,False,True
347,"PANDAN, PANDAN, Catanduanes",14.04652778,124.1724167,Philippines,DOST-ASTI PhilSensors,aws,PANDAN,Catanduanes,5,2013-11-19,False,True
349,"SIQUIJOR, SIQUIJOR, Siquijor",9.58925,123.095,Philippines,DOST-ASTI PhilSensors,aws,SIQUIJOR,Siquijor,7,2013-02-15,False,True
326,"LEMERY, LEMERY, Batangas",13.91844,120.88719,Philippines,DOST-ASTI PhilSensors,aws,LEMERY,Batangas,4-A,2013-01-16,False,True
381,"ARAKAN, ARAKAN, Cotabato",7.34503,125.14095,Philippines,DOST-ASTI PhilSensors,aws,ARAKAN,Cotabato,12,2013-05-01,False,True
189,"BRGY. SANTIAGO, NAUJAN, Oriental Mindoro",13.308997,121.29354,Philippines,DOST-ASTI PhilSensors,aws,NAUJAN,Oriental Mindoro,4-B,2011-08-24,False,True
182,"TIWI COMMUNITY COLLEGE COMPOUND, BRGY. LIBTONG, TIWI, Albay",13.456861,123.680056,Philippines,DOST-ASTI PhilSensors,aws,TIWI,Albay,5,2011-08-24,False,True
114,"QUIRINO STATE COLLEGE, DIFFUN, Quirino",16.60386111,121.5083889,Philippines,DOST-ASTI PhilSensors,aws,DIFFUN,Quirino,2,2011-07-11,False,True
383,"SAN JOSE - NEGROS ORIENTAL, SAN JOSE, Negros Oriental",9.766944444,124.2053889,Philippines,DOST-ASTI PhilSensors,aws,SAN JOSE,Negros Oriental,7,2013-02-15,False,True
36,"MATANDANG SABANG NATIONAL HIGH SCHOOL, CATANAUAN, Quezon",13.602206,122.2928789,Philippines,DOST-ASTI PhilSensors,aws,CATANAUAN,Quezon,4-A,2011-05-24,False,True
1932,"ISATU MIAG-AO CAMPUS, MIAG-AO, Iloilo",10.6493076,122.2411233,Philippines,DOST-ASTI PhilSensors,aws,MIAG-AO,Iloilo,6,2016-06-07,False,True
122,"BAGANGA MUNICIPAL GROUNDS, BAGANGA, Davao Oriental",7.631333,126.54,Philippines,DOST-ASTI PhilSensors,aws,BAGANGA,Davao Oriental,11,2011-07-21,False,True
34,"BRGY. MAGSAYSAY, INFANTA, Quezon",8.615153,123.402827,Philippines,DOST-ASTI PhilSensors,aws,INFANTA,Quezon,4-A,2011-05-16,False,True
372,"ROXAS, ROXAS, Isabela",17.13882,121.61517,Philippines,DOST-ASTI PhilSensors,aws,ROXAS,Isabela,2,2013-09-05,False,True
40,"PARTIDO STATE UNIVERSITY CARAMOAN CAMPUS, CARAMOAN, Camarines Sur",13.770968,123.852042,Philippines,DOST-ASTI PhilSensors,aws,CARAMOAN,Camarines Sur,5,2011-05-30,False,True
329,"SAN ANTONIO, SAN ANTONIO, Quezon",13.88516667,121.1686111,Philippines,DOST-ASTI PhilSensors,aws,SAN ANTONIO,Quezon,4-A,2013-01-16,False,True
338,"STA. BARBARA - PANGASINAN, STA. BARBARA, PANGASINAN",15.982233,120.47055,Philippines,DOST-ASTI PhilSensors,aws,STA. BARBARA,PANGASINAN,1,2013-01-29,False,True
340,"SUAL, SUAL, Pangasinan",16.068867,120.0846833,Philippines,DOST-ASTI PhilSensors,aws,SUAL,Pangasinan,1,2013-01-29,False,True
337,"SUDIPEN, SUDIPEN, La Union",16.90865,120.46268,Philippines,DOST-ASTI PhilSensors,aws,SUDIPEN,La Union,1,2013-01-30,False,True
82,"ST. BERNARD, ST. BERNARD, Southern Leyte",10.322917,125.117083,Philippines,DOST-ASTI PhilSensors,aws,ST. BERNARD,Southern Leyte,8,2011-06-28,False,True
1552,"TUMAUINI(BRGY. ARCON), TUMAUINI, Isabela",17.28588,121.8238,Philippines,DOST-ASTI PhilSensors,aws,TUMAUINI,Isabela,2,2013-09-03,False,True
56,"PAGASA MACTAN STATION, MACTAN, Cebu",10.3223,123.98,Philippines,DOST-ASTI PhilSensors,aws,MACTAN,Cebu,7,2011-06-05,False,True
220,"SAMOKI, BONTOC, Mountain Province",17.09137,120.98353,Philippines,DOST-ASTI PhilSensors,aws,BONTOC,Mountain Province,CAR,2012-12-04,False,True
334,"BARLIG, BARLIG, Mountain Province",17.057701,121.084514,Philippines,DOST-ASTI PhilSensors,aws,BARLIG,Mountain Province,CAR,2013-08-29,False,True
502,"BAGABAG, BAGABAG, Nueva Vizcaya",16.60971,121.29043,Philippines,DOST-ASTI PhilSensors,aws,BAGABAG,Nueva Vizcaya,2,2013-06-18,False,True
336,"BALBALAN, BALBALAN, Kalinga",17.4801,121.2324667,Philippines,DOST-ASTI PhilSensors,aws,BALBALAN,Kalinga,CAR,2014-03-10,False,True
45,"BRGY. VILLAFLOR, OROQUIETA CITY, Misamis Occidental",8.459917,123.743361,Philippines,DOST-ASTI PhilSensors,aws,OROQUIETA CITY,Misamis Occidental,10,2011-05-31,False,True
1103,"ABUCAY, ABUCAY, Bataan",14.73883333,120.4499833,Philippines,DOST-ASTI PhilSensors,aws,ABUCAY,Bataan,3,2013-12-10,False,True
169,"BRGY. FIVE, SIPALAY CITY, Negros Occidental",9.754972,122.399556,Philippines,DOST-ASTI PhilSensors,aws,SIPALAY CITY,Negros Occidental,6,2011-07-26,False,True
900,"CATUBIG, CATUBIG, Northern Samar",12.424583,125.035217,Philippines,DOST-ASTI PhilSensors,aws,CATUBIG,Northern Samar,8,2013-09-24,False,True
918,"SAN LUIS, SAN LUIS, Aurora",15.70863333,121.522,Philippines,DOST-ASTI PhilSensors,aws,SAN LUIS,Aurora,3,2013-10-02,False,True
916,"MAGALANG, MAGALANG, Pampanga",15.23831667,120.7056833,Philippines,DOST-ASTI PhilSensors,aws,MAGALANG,Pampanga,3,2013-09-30,False,True
898,"SAN MIGUEL, SAN MIGUEL, Leyte",11.35972222,124.8131944,Philippines,DOST-ASTI PhilSensors,aws,SAN MIGUEL,Leyte,8,2013-09-23,False,True
333,"BUCAY, BUCAY, Abra",17.50143,120.6996,Philippines,DOST-ASTI PhilSensors,aws,BUCAY,Abra,CAR,2013-08-28,False,True
42,"RAGAY NATIONAL AGRICULTURAL AND FISHERIES SCHOOL, RAGAY, CAMARINES SUR",13.823667,122.733194,Philippines,DOST-ASTI PhilSensors,aws,RAGAY,CAMARINES SUR,5,2011-05-31,False,True
897,"ABUYUG, ABUYUG, Leyte",10.686433,124.959533,Philippines,DOST-ASTI PhilSensors,aws,ABUYUG,Leyte,8,2013-09-23,False,True
83,"CITY FOREST PARK, MAASIN CITY, Southern Leyte",10.197306,124.845194,Philippines,DOST-ASTI PhilSensors,aws,MAASIN CITY,Southern Leyte,8,2011-06-28,False,True
363,"SULOP, POBLACION, SULOP, Davao del Sur",6.6005,125.3478056,Philippines,DOST-ASTI PhilSensors,aws,SULOP,Davao del Sur,11,2013-02-07,False,True
378,"BABATNGON, BABATNGON, Leyte",11.360433,124.943633,Philippines,DOST-ASTI PhilSensors,aws,BABATNGON,Leyte,8,2013-03-25,False,True
319,"NAIC CAMPUS, NAIC, Cavite",14.3165,120.74533,Philippines,DOST-ASTI PhilSensors,aws,NAIC,Cavite,4-A,2012-12-05,False,True
78,"ODIONGAN, ODIONGAN, Romblon",12.39729,121.98561,Philippines,DOST-ASTI PhilSensors,aws,ODIONGAN,Romblon,4-B,2011-06-22,False,True
58,"PAGASA CATARMAN, CATARMAN, Northern Samar",12.505382,124.628544,Philippines,DOST-ASTI PhilSensors,aws,CATARMAN,Northern Samar,8,2011-06-14,False,True
81,"PAGASA TACLOBAN STATION, TACLOBAN CITY, Leyte",11.178872,125.003728,Philippines,DOST-ASTI PhilSensors,aws,TACLOBAN CITY,Leyte,8,2011-06-29,False,True
354,"NAVAL, NAVAL, Biliran",11.592417,124.4212,Philippines,DOST-ASTI PhilSensors,aws,NAVAL,Biliran,8,2013-09-25,False,True
328,"AYUTI, LUCBAN, Quezon",14.1136327,121.5436179,Philippines,DOST-ASTI PhilSensors,aws,LUCBAN,Quezon,4-A,2013-02-21,False,True
879,"TACURONG CITY, TACURONG CITY, Sultan Kudarat",6.664722222,124.6295,Philippines,DOST-ASTI PhilSensors,aws,TACURONG CITY,Sultan Kudarat,12,2013-10-07,False,True
882,"KIDAPAWAN, KIDAPAWAN, Cotabato",7.026916667,125.0680833,Philippines,DOST-ASTI PhilSensors,aws,KIDAPAWAN,Cotabato,12,2013-10-09,False,True
353,"MALITBOG, MALITBOG, Southern Leyte",10.16725,124.9866111,Philippines,DOST-ASTI PhilSensors,aws,MALITBOG,Southern Leyte,8,2013-10-09,False,True
344,"LABO, LABO, Camarines Norte",14.1848333,122.7854444,Philippines,DOST-ASTI PhilSensors,aws,LABO,Camarines Norte,5,2013-09-18,False,True
55,"BRGY. SUBA, BANTAYAN, Cebu",11.166528,123.716861,Philippines,DOST-ASTI PhilSensors,aws,BANTAYAN,Cebu,7,2011-06-07,False,True
359,"IPIL, IPIL, Zamboanga Sibugay",7.797222222,122.6036389,Philippines,DOST-ASTI PhilSensors,aws,IPIL,Zamboanga Sibugay,9,2013-04-10,False,True
1207,"DA-RFU MOLAVE, DA-RFU Molave, Zamboanga del Sur",8.0901,123.49945,Philippines,DOST-ASTI PhilSensors,aws,DA-RFU Molave,Zamboanga del Sur,9,2014-03-04,False,True
80,"PARTIDO STATE UNIVERSITY TINAMBAC, TINAMBAC, Camarines Sur",13.803935,123.335477,Philippines,DOST-ASTI PhilSensors,aws,TINAMBAC,Camarines Sur,5,2011-05-28,False,True
1080,"SABLAYAN, SABLAYAN, OCCIDENTAL MINDORO",12.86036111,120.7894722,Philippines,DOST-ASTI PhilSensors,aws,SABLAYAN,OCCIDENTAL MINDORO,4-B,2014-01-22,False,True
878,"SEN. NINOY AQUINO, SEN. NINOY AQUINO, Sultan Kudarat",6.45933,124.32153,Philippines,DOST-ASTI PhilSensors,aws,SEN. NINOY AQUINO,Sultan Kudarat,12,2013-10-08,False,True
987,"BASILAN, Isabela City, Isabela City",6.7275,122.015694,Philippines,DOST-ASTI PhilSensors,aws,Isabela City,Isabela City,9,2013-11-14,False,True
896,"BARILI, BARILI, Cebu",10.13154,123.54626,Philippines,DOST-ASTI PhilSensors,aws,BARILI,Cebu,7,2013-09-18,False,True
1324,"VILLAREAL, VILLAREAL, Samar",11.56128,124.944681,Philippines,DOST-ASTI PhilSensors,aws,VILLAREAL,Samar,8,2014-05-25,False,True
70,"WMSU COMPOUND, SAN RAMON, Zamboanga City",7.008,121.923,Philippines,DOST-ASTI PhilSensors,aws,SAN RAMON,Zamboanga City,9,2011-06-20,False,True
46,"HYBRID UPGRADE-BUUG, BUUG, Zamboanga Sibugay",7.7383,123.064,Philippines,DOST-ASTI PhilSensors,aws,BUUG,Zamboanga Sibugay,9,2011-05-30,False,True
181,"DEBEMSCAT MANDAON, MANDAON, MASBATE",12.280278,123.355556,Philippines,DOST-ASTI PhilSensors,aws,MANDAON,MASBATE,5,2011-08-14,False,True
32,"IGANG ELEMENTARY SCHOOL, NUEVA VALENCIA, Guimaras",10.5126816,122.524087,Philippines,DOST-ASTI PhilSensors,aws,NUEVA VALENCIA,Guimaras,6,2011-05-11,False,True
168,"UWASCO, BRGY. CALANGGAMAN, UBAY, Bohol",10.018106,124.453537,Philippines,DOST-ASTI PhilSensors,aws,UBAY,Bohol,7,2011-07-20,False,True
196,"LIBONA MUNICIPAL HALL COMPOUND, LIBONA, Bukidnon",8.332417,124.7485,Philippines,DOST-ASTI PhilSensors,aws,LIBONA,Bukidnon,10,2011-11-22,False,True
48,"DIPOLO, MOLAVE, Zamboanga del Sur",8.0967,123.486,Philippines,DOST-ASTI PhilSensors,aws,MOLAVE,Zamboanga del Sur,9,2012-05-31,False,True
185,"BARCELONA PARK, BARCELONA, Sorsogon",12.86681,124.136356,Philippines,DOST-ASTI PhilSensors,aws,BARCELONA,Sorsogon,5,2011-08-18,False,True
54,"PAGASA DAVAO OFFICE, CATITIPAN, Davao City",7.1279,125.655,Philippines,DOST-ASTI PhilSensors,aws,CATITIPAN,Davao City,11,2011-06-05,False,True
284,"BAYOG, BAYOG, Zamboanga del Sur",7.8615,123.035861,Philippines,DOST-ASTI PhilSensors,aws,BAYOG,Zamboanga del Sur,9,2012-09-17,False,True
167,"CITY AGRICULTURE OFFICE, DIPOLOG CITY, Zamboanga del Norte",8.5838992,123.3465732,Philippines,DOST-ASTI PhilSensors,aws,DIPOLOG CITY,Zamboanga del Norte,9,2011-07-21,False,True
364,"MARAGUSAN, MARAGUSAN, Compostela Valley",7.289972222,126.01833333,Philippines,DOST-ASTI PhilSensors,aws,MARAGUSAN,Compostela Valley,11,2013-02-05,False,True
316,"STO TOMAS, STO TOMAS, Davao del Norte",7.495,125.5982222,Philippines,DOST-ASTI PhilSensors,aws,STO TOMAS,Davao del Norte,11,2012-11-22,False,True
1079,"PINAMALAYAN, PINAMALAYAN, ORIENTAL MINDORO",13.04725,121.4250278,Philippines,DOST-ASTI PhilSensors,aws,PINAMALAYAN,ORIENTAL MINDORO,4-B,2013-11-26,False,True
876,"ABULUG, ABULUG, Cagayan",18.34899,121.44237,Philippines,DOST-ASTI PhilSensors,aws,ABULUG,Cagayan,2,2013-09-03,False,True
1143,"MASBATE, MASBATE, MASBATE",12.28508333,123.5504722,Philippines,DOST-ASTI PhilSensors,aws,MASBATE,MASBATE,5,2013-12-19,False,True
345,"CASTILLA, CASTILLA, Sorsogon",12.98219444,123.7945833,Philippines,DOST-ASTI PhilSensors,aws,CASTILLA,Sorsogon,5,2013-09-16,False,True
342,"PAMPLONA, PAMPLONA, Camarines Sur",13.46705556,123.4128889,Philippines,DOST-ASTI PhilSensors,aws,PAMPLONA,Camarines Sur,5,2013-09-18,False,True
881,"KORONADAL, KORONADAL, South Cotabato",6.476667,124.862778,Philippines,DOST-ASTI PhilSensors,aws,KORONADAL,South Cotabato,12,2013-10-06,False,True
893,"PROSPERIDAD, PROSPERIDAD, Agusan del Sur",8.43626,125.73788,Philippines,DOST-ASTI PhilSensors,aws,PROSPERIDAD,Agusan del Sur,13,2013-09-11,False,True
365,"BANAYBANAY, BANAYBANAY, Davao Oriental",6.967861111,126.0093056,Philippines,DOST-ASTI PhilSensors,aws,BANAYBANAY,Davao Oriental,11,2013-02-05,False,True
3027,"APAYAO STATE COLLEGE AGROMET STATION, SAN GREGORIO, LUNA, APAYAO",18.304734,121.358789,Philippines,DOST-ASTI PhilSensors,aws,LUNA,APAYAO,CAR,2023-03-15,False,True
327,"STA. CRUZ - LAGUNA, STA. CRUZ, LAGUNA",14.27527778,121.4005556,Philippines,DOST-ASTI PhilSensors,aws,STA. CRUZ,LAGUNA,4-A,2013-10-29,False,True
375,"DULAG, DULAG, Leyte",10.91905556,125.0101111,Philippines,DOST-ASTI PhilSensors,aws,DULAG,Leyte,8,2013-02-18,False,True
361,"VITALI DISTRICT, Zamboanga City, Zamboanga City",7.379277778,122.2934444,Philippines,DOST-ASTI PhilSensors,aws,Zamboanga City,Zamboanga City,9,2013-04-14,False,True
379,"SAN JOSE - CAMARINES SUR, SAN JOSE, Camarines Sur",13.69841667,123.50975,Philippines,DOST-ASTI PhilSensors,aws,SAN JOSE,Camarines Sur,5,2013-03-20,False,True
933,"UPI AGRICULTURAL SCHOOL, NORTH UPI, Maguindanao",7.025861111,124.1664722,Philippines,DOST-ASTI PhilSensors,aws,NORTH UPI,Maguindanao,BARMM,2013-10-08,False,True
865,"ILAGAN, ILAGAN, Isabela",17.1309,121.88942,Philippines,DOST-ASTI PhilSensors,aws,ILAGAN,Isabela,2,2013-09-03,False,True
885,"MAINIT, MAINIT, Surigao del Norte",9.537972222,125.5563611,Philippines,DOST-ASTI PhilSensors,aws,MAINIT,Surigao del Norte,13,2013-09-10,False,True
373,"TANAY, TANAY, Rizal",14.60027778,121.3455556,Philippines,DOST-ASTI PhilSensors,aws,TANAY,Rizal,4-A,2013-02-11,False,True
867,"DANGCAGAN, DANGCAGAN, Bukidnon",7.577611111,124.9995278,Philippines,DOST-ASTI PhilSensors,aws,DANGCAGAN,Bukidnon,10,2013-09-04,False,True
118,"BUTUAN PAGASA COMPOUND, BUTUAN, Agusan del Norte",8.933333,125.516667,Philippines,DOST-ASTI PhilSensors,aws,BUTUAN,Agusan del Norte,13,2011-07-17,False,True
348,"BAIS, BAIS, Negros Oriental",9.38108,123.20212,Philippines,DOST-ASTI PhilSensors,aws,BAIS,Negros Oriental,7,2013-02-15,False,True
295,"NSWRRDC SAN ILDEFONSO, SAN ILDEFONSO, Bulacan",15.0784,120.9541667,Philippines,DOST-ASTI PhilSensors,aws,SAN ILDEFONSO,Bulacan,3,2012-11-06,False,True
368,"KITCHARAO, KITCHARAO, Agusan del Norte",8.974722222,125.5886111,Philippines,DOST-ASTI PhilSensors,aws,KITCHARAO,Agusan del Norte,13,2013-09-09,False,True
880,"T'BOLI, T'BOLI, South Cotabato",6.213194444,124.82294444,Philippines,DOST-ASTI PhilSensors,aws,T'BOLI,South Cotabato,12,2013-10-07,False,True
1141,"STA. BARBARA - ILOILO, TAGSING, STA. BARBARA, Iloilo",10.79147222,122.5078056,Philippines,DOST-ASTI PhilSensors,aws,STA. BARBARA,Iloilo,6,2013-12-10,False,True
1081,"SAN JOSE - OCCIDENTAL MINDORO, SAN JOSE, Occidental Mindoro",12.45022222,121.043222,Philippines,DOST-ASTI PhilSensors,aws,SAN JOSE,Occidental Mindoro,4-B,2013-11-26,False,True
853,"BANGA, BANGA, Aklan",11.63578,122.33097,Philippines,DOST-ASTI PhilSensors,aws,BANGA,Aklan,6,2013-08-17,False,True
862,"TABUK, TABUK, Kalinga",17.41387,121.43575,Philippines,DOST-ASTI PhilSensors,aws,TABUK,Kalinga,CAR,2013-08-28,False,True
875,"LASAM, LASAM, Cagayan",18.0746,121.61637,Philippines,DOST-ASTI PhilSensors,aws,LASAM,Cagayan,2,2013-09-04,False,True
339,"STA. MARIA - PANGASINAN, STA. MARIA, Pangasinan",15.95419444,120.6774167,Philippines,DOST-ASTI PhilSensors,aws,STA. MARIA,Pangasinan,1,2014-05-11,False,True
869,"MALAYBALAY, MALAYBALAY, Bukidnon",8.209583333,125.0336944,Philippines,DOST-ASTI PhilSensors,aws,MALAYBALAY,Bukidnon,10,2013-09-02,False,True
366,"ISING, CARMEN, Davao del Norte",7.362777778,125.7044444,Philippines,DOST-ASTI PhilSensors,aws,CARMEN,Davao del Norte,11,2014-07-08,False,True
