gauge_id,station_name,latitude,longitude,country,source,station_code,agency,province,basin
2005,บ้านห้วยใหญ่,10.116851,99.017516,Thailand,ThaiWater (HII),STN0726,DWR,Chumphon,Peninsula - Upper East Coast Basin
597,Thap Than,15.45764,99.89484,Thailand,ThaiWater (HII),TPTN,HII,Uthai Thani,Sakae Krang Basin
1316804,บ้านโป่งเปื่อย,18.314566,103.525551,Thailand,ThaiWater (HII),ridtele_TKS.120,RID,Bueng Kan,Northeast Khong Basin
501243,บ้านบึงหล่ม,14.732977,99.707595,Thailand,ThaiWater (HII),STN1209,DWR,Kanchanaburi,Tha Chin Basin
501443,บ้านเลยวังไสย์,17.056282,101.518405,Thailand,ThaiWater (HII),STN1413,DWR,Loei,Northeast Khong Basin
1109506,Upper Na Bua Gate,17.065418,104.57897,Thailand,ThaiWater (HII),ONE017,HII,Nakhon Phanom,Northeast Khong Basin
1316781,บ้านเลยวังไสย์,17.056541,101.516053,Thailand,ThaiWater (HII),ridtele_TKL.122,RID,Loei,Northeast Khong Basin
938,Nong Phan Tha,18.1073,103.41307,Thailand,ThaiWater (HII),NOKW,HII,Bueng Kan,Northeast Khong Basin
1080867,บ้านเขาวง,9.089847,99.755967,Thailand,ThaiWater (HII),STN1578,DWR,Surat Thani,Peninsula - Upper East Coast Basin
1109507,Na Bua Gate,17.064768,104.578865,Thailand,ThaiWater (HII),ONE018,HII,Nakhon Phanom,Northeast Khong Basin
698,Wichiang Buri,15.65728,101.12476,Thailand,ThaiWater (HII),WCBR,HII,Phetchabun,Pasak Basin
455218,NAKORNNAYOK,14.36222,101.39278,Thailand,ThaiWater (HII),48417,TMD,Nakhon Nayok,Bang Pakong Basin
1743,บ้านซำบุ่น,17.069559,101.331859,Thailand,ThaiWater (HII),STN0671,DWR,Phetchabun,Pasak Basin
1109558,Ban Na Dokmai School,17.177256,104.60828,Thailand,ThaiWater (HII),ONE069,HII,Nakhon Phanom,Northeast Khong Basin
1396858,Khlong Nang Rong Bridge,14.315195,101.312836,Thailand,ThaiWater (HII),MOU461,FOP,Nakhon Nayok,Bang Pakong Basin
1113287,อ.วัดโบสถ์ (N.22A),16.998826,100.325921,Thailand,ThaiWater (HII),SKD09,EGAT,Phitsanulok,Nan Basin
1109503,Upper BanNa Kham Gate,17.00136,104.42568,Thailand,ThaiWater (HII),ONE014,HII,Nakhon Phanom,Northeast Khong Basin
3657,NAKHON PHANOM,17.41083,104.7825,Thailand,ThaiWater (HII),48357,TMD,Nakhon Phanom,Northeast Khong Basin
1459118,ชุมชนตลาดเมืองใหม่,6.552701,101.266779,Thailand,ThaiWater (HII),STN2253,DWR,Yala,Peninsula - Lower East Coast Basin
3658,NAKHON PHANOM AGROMET.,17.27642,104.77367,Thailand,ThaiWater (HII),48358,TMD,Nakhon Phanom,Not specify
1109502,Mittraphap Tha Lat Pak Bang,16.993015,104.591446,Thailand,ThaiWater (HII),ONE013,HII,Nakhon Phanom,Northeast Khong Basin
1055,ที่ทำการน้ำตกนางรอง,14.333356,101.320856,Thailand,ThaiWater (HII),STN0553,DWR,Nakhon Nayok,Bang Pakong Basin
1109557,Khao Chang Temple,16.870373,104.552475,Thailand,ThaiWater (HII),ONE068,HII,Nakhon Phanom,Northeast Khong Basin
401,Ban Phueng,17.35149,104.6204,Thailand,ThaiWater (HII),BPUG,HII,Nakhon Phanom,Northeast Khong Basin
1394937,Khlong Sonthi Bridge,15.511389,101.34012,Thailand,ThaiWater (HII),MOU419,FOP,Lop Buri,Pasak Basin
1081079,บ้านดง,14.321565,101.306075,Thailand,ThaiWater (HII),STN1790,DWR,Nakhon Nayok,Bang Pakong Basin
1316899,หอทะหลา มเหศักดิ์,16.684656,104.082387,Thailand,ThaiWater (HII),ridtele_TE.119,RID,Kalasin,Chi Basin Basin
709863,สะพานท่าสาป อ.เมือง จ.ยะลา,6.552715,101.266197,Thailand,ThaiWater (HII),BLGTD03,EGAT,Yala,Peninsula - Lower East Coast Basin
1106456,Pak Khlong Ha Wa,14.818599,100.576515,Thailand,ThaiWater (HII),TCP010,HII,Lop Buri,Chao Phraya Basin
399,Dan Muang Kam,17.07908,104.32599,Thailand,ThaiWater (HII),DMKH,HII,Sakon Nakhon,Northeast Khong Basin
672,Wat Bot,16.95813,100.33734,Thailand,ThaiWater (HII),WTBT,HII,Phitsanulok,Nan Basin
1101046,ศาลาเอนกประสงค์ หมู่ 7,13.45788,99.44012,Thailand,ThaiWater (HII),TD99,DISASTER,Ratchaburi,Mae Klong Basin
402,Phum Kae,16.90886,104.61869,Thailand,ThaiWater (HII),BNKE,HII,Nakhon Phanom,Northeast Khong Basin
501226,บ้านซับชมพู่,15.917351,101.298972,Thailand,ThaiWater (HII),STN1192,DWR,Phetchabun,Pasak Basin
1764,บ้านหนองโก,13.427751,99.49674,Thailand,ThaiWater (HII),STN0693,DWR,Ratchaburi,Mae Klong Basin
1109504,BanNa Kham Gate,17.000439,104.42528,Thailand,ThaiWater (HII),ONE015,HII,Nakhon Phanom,Northeast Khong Basin
3652,NONG KHAI,17.86717,102.73303,Thailand,ThaiWater (HII),48352,TMD,Nong Khai,Northeast Khong Basin
1653,บ้านเขาแหลม,15.646343,99.424945,Thailand,ThaiWater (HII),STN0941,DWR,Nakhon Sawan,Sakae Krang Basin
1109501,Ban Na Khu Gate,16.961792,104.52589,Thailand,ThaiWater (HII),ONE012,HII,Nakhon Phanom,Northeast Khong Basin
1109500,Upper Ban Na Khu Gate,16.962238,104.52524,Thailand,ThaiWater (HII),ONE011,HII,Nakhon Phanom,Northeast Khong Basin
1109505,Nam Kam Ban Nong Khaen,17.05715,104.3636,Thailand,ThaiWater (HII),ONE016,HII,Nakhon Phanom,Northeast Khong Basin
1483131,Khek Bridge,16.835382,100.56083,Thailand,ThaiWater (HII),MOU386,FOP,Phitsanulok,Nan Basin
1109499,Kaeng Pho Bridge,16.929113,104.700676,Thailand,ThaiWater (HII),ONE010,HII,Nakhon Phanom,Northeast Khong Basin
259,Ban Nam Yen Temple,14.61575,104.65009,Thailand,ThaiWater (HII),BHPK,HII,Si Sa Ket,Mun Basin
1109508,Upper Ban Tap Tao Gate,17.115396,104.53788,Thailand,ThaiWater (HII),ONE019,HII,Nakhon Phanom,Northeast Khong Basin
1123800,บ้านป่าไม้พัฒนา,16.821098,104.118973,Thailand,ThaiWater (HII),STN1962,DWR,Mukdahan,Northeast Khong Basin
501152,บ้านสนามบิน,15.396463,99.661082,Thailand,ThaiWater (HII),STN1111,DWR,Uthai Thani,Tha Chin Basin
3680,CHAIYAPHUM,15.8,102.03333,Thailand,ThaiWater (HII),48403,TMD,Chaiyaphum,Chi Basin Basin
1123720,บ้านพระซอง,17.013011,104.568232,Thailand,ThaiWater (HII),STN1882,DWR,Nakhon Phanom,Northeast Khong Basin
1123748,บ้านน้ำโตน,15.34415,101.445125,Thailand,ThaiWater (HII),STN1910,DWR,Nakhon Ratchasima,Pasak Basin
340,Ban Phue,17.6868,102.47648,Thailand,ThaiWater (HII),BNPU,HII,Udon Thani,Northeast Khong Basin
1123712,บ้านวังบ่าง,15.312792,99.658732,Thailand,ThaiWater (HII),STN1873,DWR,Uthai Thani,Tha Chin Basin
1081001,บ้านพรุตู,6.800199,100.888308,Thailand,ThaiWater (HII),STN1712,DWR,Songkhla,Thale Sap Songkhla Basin
366,Kaset Wisai,15.66534,103.5742,Thailand,ThaiWater (HII),KWSI,HII,Roi Et,Mun Basin
1769,บ้านหนองธง,13.45973,99.439887,Thailand,ThaiWater (HII),STN0223,DWR,Ratchaburi,Mae Klong Basin
684,Ho Krai,16.04947,100.37354,Thailand,ThaiWater (HII),BMNK,HII,Phichit,Nan Basin
664,Yom 8,16.70818,100.17179,Thailand,ThaiWater (HII),YOM008,HII,Phitsanulok,Yom Basin
3709,BANG NA AGROMET.,13.66639,100.60611,Thailand,ThaiWater (HII),48453,TMD,Bangkok,Chao Phraya Basin
1109559,Tham Ta Chai Temple,16.923096,104.392746,Thailand,ThaiWater (HII),ONE070,HII,Nakhon Phanom,Northeast Khong Basin
1316908,บุ่งเลิศ,16.432483,104.185458,Thailand,ThaiWater (HII),ridtele_TE.128,RID,Roi Et,Chi Basin Basin
1316409,ฝายทับเสลา,15.407623,99.714458,Thailand,ThaiWater (HII),ridtele_TSK.9,RID,Uthai Thani,Sakae Krang Basin
1109509,Ban Tap Tao Gate,17.11483,104.53841,Thailand,ThaiWater (HII),ONE020,HII,Nakhon Phanom,Northeast Khong Basin
855504,Khao Yai National Parks,14.434425,101.372604,Thailand,ThaiWater (HII),MOU114,FOP,Nakhon Nayok,Mun Basin
1109517,Upper Ban Nong Bueng Gate,17.081032,104.36085,Thailand,ThaiWater (HII),ONE028,HII,Sakon Nakhon,Northeast Khong Basin
133,Takhian Thong,12.9131,102.0815,Thailand,ThaiWater (HII),TKNT,HII,Chanthaburi,East Coast Gulf Basin
383,Na Khu,16.79785,104.04477,Thailand,ThaiWater (HII),NAKU,HII,Kalasin,Chi Basin Basin
1396844,Watershed Management and Community Development Unit in the Lam Sonthi Conservation Forest Area,15.485842,101.322525,Thailand,ThaiWater (HII),MOU429,FOP,Lop Buri,Pasak Basin
1069,บ้านคลองอีเฒ่า,14.499696,101.700696,Thailand,ThaiWater (HII),STN0550,DWR,Nakhon Ratchasima,Mun Basin
501580,บ้านหลังเขา,17.010981,100.664648,Thailand,ThaiWater (HII),STN1554,DWR,Phitsanulok,Nan Basin
1121253,Watershed Management and Community Development Unit in the Sakae Krang Conservation Forest Area,15.502394,99.46196,Thailand,ThaiWater (HII),MOU415,FOP,Uthai Thani,Sakae Krang Basin
1080915,บ้านห้วยกบ,15.212611,98.368496,Thailand,ThaiWater (HII),STN1626,DWR,Kanchanaburi,Mae Klong Basin
1109518,Ban Nong Bueng Gate,17.080175,104.360695,Thailand,ThaiWater (HII),ONE029,HII,Sakon Nakhon,Northeast Khong Basin
207,Nong Bua Lakhon,15.25427,101.86642,Thailand,ThaiWater (HII),NBLK,HII,Nakhon Ratchasima,Mun Basin
855498,Pha Mo I Daeng (A Cho Khao Phra Wihan),14.404393,104.688,Thailand,ThaiWater (HII),MOU108,FOP,Si Sa Ket,Mun Basin
1761,บ้านหินสี,13.324017,99.558695,Thailand,ThaiWater (HII),STN0479,DWR,Ratchaburi,Phetchaburi - Prachuap Khiri Khan Basin
855513,Watershed Management and Community Development Unit in Songkalia Forest Reserve,15.215669,98.386665,Thailand,ThaiWater (HII),MOU123,FOP,Kanchanaburi,Mae Klong Basin
528830,จุดวัด ค.เก้า-วัดศรีสุขฯ,13.92046,100.79228,Thailand,ThaiWater (HII),RF.KSW.03,BMA,Bangkok,Bang Pakong Basin
1459150,บ้านนาเยีย,15.070855,105.067469,Thailand,ThaiWater (HII),STN2285,DWR,Ubon Ratchathani,Mun Basin
352,Nong Nang,17.69514,102.61527,Thailand,ThaiWater (HII),NONA,HII,Nong Khai,Northeast Khong Basin
1109496,Ni Naruemit Gate,16.922241,104.71625,Thailand,ThaiWater (HII),ONE007,HII,Nakhon Phanom,Northeast Khong Basin
1109544,Ban Nong Prue Pong School,15.603799,102.217926,Thailand,ThaiWater (HII),ONE055,HII,Nakhon Ratchasima,Chi Basin Basin
1459080,บ้านคลองตีนเป็ด,9.075341,99.814225,Thailand,ThaiWater (HII),STN2215,DWR,Nakhon Si Thammarat,Peninsula - Upper East Coast Basin
1459152,บ้านนาส่วง,15.025852,104.947411,Thailand,ThaiWater (HII),STN2287,DWR,Ubon Ratchathani,Mun Basin
1080977,บ้านวังใหญ่,6.735723,100.858556,Thailand,ThaiWater (HII),STN1688,DWR,Songkhla,Thale Sap Songkhla Basin
479240,Num Kum 1,17.03068,104.41476,Thailand,ThaiWater (HII),TBW032,HII,Nakhon Phanom,Northeast Khong Basin
1158,บ้านกุดตอเรือ,17.214657,101.6776,Thailand,ThaiWater (HII),STN0961,DWR,Loei,Northeast Khong Basin
1316816,สะพานห้วยบ้าน,17.798357,103.030347,Thailand,ThaiWater (HII),ridtele_TKH.120,RID,Udon Thani,Northeast Khong Basin
1773,บ้านตะเคียนงาม,13.812958,99.169915,Thailand,ThaiWater (HII),STN0267,DWR,Kanchanaburi,Mae Klong Basin
275,Kaeng,14.71031,105.018,Thailand,ThaiWater (HII),KANG,HII,Ubon Ratchathani,Mun Basin
274,Na Suang,15.0115,104.94815,Thailand,ThaiWater (HII),NASG,HII,Ubon Ratchathani,Mun Basin
1763,บ้านบึงเหนือ,13.454239,99.374164,Thailand,ThaiWater (HII),STN0140,DWR,Ratchaburi,Mae Klong Basin
1924,บ้านทับชัน,9.659163,99.118059,Thailand,ThaiWater (HII),STN0828,DWR,Surat Thani,Peninsula - Upper East Coast Basin
501119,บ้านหินประกาย,16.928188,100.534279,Thailand,ThaiWater (HII),STN1078,DWR,Phitsanulok,Nan Basin
1123741,บ้านน้ำคำ,16.67387,103.964021,Thailand,ThaiWater (HII),STN1903,DWR,Kalasin,Chi Basin Basin
1109498,Huai Kean Gate,16.927904,104.72032,Thailand,ThaiWater (HII),ONE009,HII,Nakhon Phanom,Northeast Khong Basin
1316853,(บ้านโนนสมอ),15.821446,102.034489,Thailand,ThaiWater (HII),ridtele_TE.103,RID,Chaiyaphum,Chi Basin Basin
1109497,Upper Huai Kean Upper Gate,16.928366,104.72031,Thailand,ThaiWater (HII),ONE008,HII,Nakhon Phanom,Northeast Khong Basin
1109584,Ban Kuan Bun School,16.90028,104.18287,Thailand,ThaiWater (HII),ONE095,HII,Sakon Nakhon,Northeast Khong Basin
602,Nong Khayang,15.36227,99.93845,Thailand,ThaiWater (HII),NKYG,HII,Uthai Thani,Sakae Krang Basin
740749,Aiya Yoe Weng Sea ​​Fog,5.998522,101.176605,Thailand,ThaiWater (HII),FOP048,FOP,Yala,Peninsula - Lower East Coast Basin
179,Si Ka-ang,14.27798,101.12879,Thailand,ThaiWater (HII),WRRS,HII,Nakhon Nayok,Bang Pakong Basin
1109539,Ban Huai Daeng School,16.548258,104.20809,Thailand,ThaiWater (HII),ONE050,HII,Kalasin,Chi Basin Basin
933,Cho-airong Agriculture Office,6.22419,101.81099,Thailand,ThaiWater (HII),STH025,HII,Narathiwat,Peninsula - Lower East Coast Basin
1109495,Upper Ni Naruemit Gate,16.92321,104.71615,Thailand,ThaiWater (HII),ONE006,HII,Nakhon Phanom,Northeast Khong Basin
501128,บ้านกกงิ้ว,15.304712,99.648582,Thailand,ThaiWater (HII),STN1087,DWR,Uthai Thani,Tha Chin Basin
1459067,บ้านสุมทุม,14.988341,101.683315,Thailand,ThaiWater (HII),STN2202,DWR,Nakhon Ratchasima,Mun Basin
1121273,KhaoChaMao-KhaoWong National Park,12.912333,101.72454,Thailand,ThaiWater (HII),MOU479,FOP,Rayong,East Coast Gulf Basin
1080982,บ้านสำนักเอาะ,6.485849,100.779058,Thailand,ThaiWater (HII),STN1693,DWR,Songkhla,Thale Sap Songkhla Basin
671,Yom-Nan2,16.95387,100.12127,Thailand,ThaiWater (HII),DIV002,HII,Phitsanulok,Yom Basin
1119607,วัดพุศิลามงคล หมู่ 13,13.295032,99.431667,Thailand,ThaiWater (HII),TD95,DISASTER,Ratchaburi,Mae Klong Basin
501253,บ้านแม่เกี่ยม,18.15379,99.824678,Thailand,ThaiWater (HII),STN1220,DWR,Phrae,Yom Basin
1123801,บ้านแมด,16.640448,104.376085,Thailand,ThaiWater (HII),STN1963,DWR,Mukdahan,Northeast Khong Basin
501162,บ้านแยง,16.893437,100.79906,Thailand,ThaiWater (HII),STN1122,DWR,Phitsanulok,Nan Basin
1121212,Watershed Management and Community Development Unit in Huai Hin So Conservation Forest Area,17.30552,101.38282,Thailand,ThaiWater (HII),MOU211,FOP,Loei,Northeast Khong Basin
286,Chok Chamrae,14.73264,104.90761,Thailand,ThaiWater (HII),TSUD,HII,Ubon Ratchathani,Mun Basin
37,Lam Luk Ka Klong8,13.9416,100.77499,Thailand,ThaiWater (HII),BKK015,HII,Pathum Thani,Bang Pakong Basin
1316907,ฝายยางลำน้ำยัง,16.059906,104.031955,Thailand,ThaiWater (HII),ridtele_TE.127,RID,Roi Et,Chi Basin Basin
311,Na Kham Hai,17.26206,102.33822,Thailand,ThaiWater (HII),BNHI,HII,Nong Bua Lam Phu,Chi Basin Basin
385582,Lam Pathia Bridge,14.617108,102.900345,Thailand,ThaiWater (HII),TBW017,HII,Buri Ram,Mun Basin
185,Na Hin Lat,14.20724,101.35025,Thailand,ThaiWater (HII),BHUN,HII,Nakhon Nayok,Bang Pakong Basin
1316513,บ้านโชคชัยพัฒนา-หินดาต,16.085972,99.420639,Thailand,ThaiWater (HII),ridtele_TP.103,RID,Kamphaeng Phet,Ping Basin
1805,บ้านตะแบกโพรง,11.444753,99.478557,Thailand,ThaiWater (HII),STN0092,DWR,Prachuap Khiri Khan,Phetchaburi - Prachuap Khiri Khan Basin
1740,บ้านอีเลิศใหม่,17.00782,101.252134,Thailand,ThaiWater (HII),STN0942,DWR,Phetchabun,Pasak Basin
1316784,บ้านฟากเลย,17.299521,101.77633,Thailand,ThaiWater (HII),ridtele_TKL.28A,RID,Loei,Northeast Khong Basin
395,Nathom Bridge,17.777582,104.01503,Thailand,ThaiWater (HII),SKM001,HII,Sakon Nakhon,Northeast Khong Basin
1810,บ้านมรสวบ,11.404027,99.496821,Thailand,ThaiWater (HII),STN0093,DWR,Prachuap Khiri Khan,Phetchaburi - Prachuap Khiri Khan Basin
1123859,บ้านทรงธรรม,15.128338,102.011196,Thailand,ThaiWater (HII),STN2021,DWR,Nakhon Ratchasima,Mun Basin
529399,Lamnam Yam Bridge,17.594904,103.969406,Thailand,ThaiWater (HII),FOP014,FOP,Sakon Nakhon,Northeast Khong Basin
1100944,ศาลาหมู่บ้าน บ้านโนนเจดีย์ หมู่ 1,15.1965,101.89808,Thailand,ThaiWater (HII),TC00,DISASTER,Nakhon Ratchasima,Mun Basin
24,Phra Pimol Sai Noi,13.97396,100.31901,Thailand,ThaiWater (HII),BKK018,HII,Nonthaburi,Chao Phraya Basin
3714,CHACHOENGSAO,13.51556,101.45833,Thailand,ThaiWater (HII),48458,TMD,Chachoengsao,Bang Pakong Basin
173,Si Chula,14.07064,101.13746,Thailand,ThaiWater (HII),BSCL,HII,Nakhon Nayok,Bang Pakong Basin
1100949,บ้านผู้ใหญ่บ้าน หมู่ 3,9.29857,99.83434,Thailand,ThaiWater (HII),TH58,DISASTER,Nakhon Si Thammarat,Peninsula - Upper East Coast Basin
1912,บ้านหล่อยูง,8.275831,98.339267,Thailand,ThaiWater (HII),STN1053,DWR,Phangnga,Peninsula - West Coast Basin
1756,บ้านถ้ำหิน,13.6222,99.2934,Thailand,ThaiWater (HII),STN0565,DWR,Ratchaburi,Mae Klong Basin
1123802,บ้านแก้งช้างเนียม,16.569722,104.277896,Thailand,ThaiWater (HII),STN1964,DWR,Mukdahan,Northeast Khong Basin
1100891,TJ05 - อาคารเอนกประสงค์เกาะขามใหญ่ ต.ท่าเทววงษ์ อ.เกาะสีชัง จ.ชลบุรี,13.16563,100.8214,Thailand,ThaiWater (HII),TJ05,DISASTER,Chon Buri,East Coast Gulf Basin
855530,National Park Protection Unit of Bo Lo 4  (Namtok La ong Rung),5.996956,101.187065,Thailand,ThaiWater (HII),MOU140,FOP,Yala,Peninsula - Lower East Coast Basin
435369,Tha Sao,15.98997,100.22159,Thailand,ThaiWater (HII),TBR013,HII,Phichit,Nan Basin
1109591,Khuean Kaeo Temple,14.467241,103.61528,Thailand,ThaiWater (HII),ONE102,HII,Surin,Mun Basin
1119632,ที่ทำการผู้ใหญ่บ้าน หมู่ 8 บ้านโคกสว่าง,17.419913,102.004725,Thailand,ThaiWater (HII),TF69,DISASTER,Nong Bua Lam Phu,Chi Basin Basin
1116843,Ban Sa Nak Ao School,6.483326,100.779366,Thailand,ThaiWater (HII),FOP069,FOP,Songkhla,Thale Sap Songkhla Basin
528783,จุดวัดศูนย์ราชการ-ถ.แจ้งวัฒนะ,13.8921,100.56383,Thailand,ThaiWater (HII),RF.LSI.03,BMA,Bangkok,Chao Phraya Basin
1080973,บ้านวังใหญ่,6.705379,100.742996,Thailand,ThaiWater (HII),STN1684,DWR,Songkhla,Thale Sap Songkhla Basin
1081042,บ้านบูโล๊ะสะนีแย,6.078228,101.188344,Thailand,ThaiWater (HII),STN1753,DWR,Yala,Peninsula - Lower East Coast Basin
528759,สนข.สะพานสูง,13.76881,100.68545,Thailand,ThaiWater (HII),RF.SPS.01,BMA,Bangkok,Chao Phraya Basin
1080916,บ้านเวียคะดี้,15.184407,98.325739,Thailand,ThaiWater (HII),STN1627,DWR,Kanchanaburi,Mae Klong Basin
501501,บ้านซับพลู,15.200306,101.468902,Thailand,ThaiWater (HII),STN1473,DWR,Nakhon Ratchasima,Mun Basin
278,Trakan Phuet Phon,15.62158,105.02307,Thailand,ThaiWater (HII),TKPP,HII,Ubon Ratchathani,Mun Basin
713,Ban Bueng,13.33639,99.45017,Thailand,ThaiWater (HII),PKTG,HII,Ratchaburi,Mae Klong Basin
1316896,บ้านหนองเป็ด,16.011084,101.649338,Thailand,ThaiWater (HII),ridtele_TE.116,RID,Chaiyaphum,Chi Basin Basin
1316814,ปตร.ห้วยหลวง,18.016285,103.08178,Thailand,ThaiWater (HII),ridtele_TKH.118,RID,Nong Khai,Northeast Khong Basin
528839,จุดวัดบึงหนองบอน,13.69529,100.65375,Thailand,ThaiWater (HII),RF.PWT.03,BMA,Bangkok,Chao Phraya Basin
1132569,Ban Mae Wei Subdistrict Health Promoting Hospital,17.695904,97.88761,Thailand,ThaiWater (HII),ONE110,HII,Tak,Salawin Basin
1109572,Bamrung Phong U Patham School,16.341194,104.52085,Thailand,ThaiWater (HII),ONE083,HII,Mukdahan,Northeast Khong Basin
1091551,Khao Wong,15.181689,100.41453,Thailand,ThaiWater (HII),CHK002,HII,Nakhon Sawan,Chao Phraya Basin
855514,Wildlife Sanctuary of Khao Som Phot,15.181677,101.29398,Thailand,ThaiWater (HII),MOU124,FOP,Lop Buri,Pasak Basin
740751,Kong Mong Tha Lai Wo School,15.30931,98.50981,Thailand,ThaiWater (HII),FOP050,FOP,Kanchanaburi,Mae Klong Basin
528811,ปตร.วัดกระทุ่มฯ,13.7241,100.68957,Thailand,ThaiWater (HII),RF.PWT.02,BMA,Bangkok,Chao Phraya Basin
1137,บ้านตาดข่า (บ้านห้วยผักกูด),17.05156,101.463759,Thailand,ThaiWater (HII),STN0452,DWR,Phetchabun,Pasak Basin
1109555,Thung Tong Temple Temple,12.515793,102.59027,Thailand,ThaiWater (HII),ONE066,HII,Trat,East Coast Gulf Basin
1851,บ้านห้วยหินลับ,9.079253,99.83205,Thailand,ThaiWater (HII),STN0746,DWR,Nakhon Si Thammarat,Peninsula - Upper East Coast Basin
1080925,บ้านห้วยคลุม,13.582815,99.325864,Thailand,ThaiWater (HII),STN1636,DWR,Ratchaburi,Mae Klong Basin
435493,Pa phu tham Communuty,15.8393,102.41481,Thailand,ThaiWater (HII),VLGE46,HII,Khon Kaen,Chi Basin Basin
501512,บ้านซับกระสังข์,15.046621,101.445704,Thailand,ThaiWater (HII),STN1484,DWR,Nakhon Ratchasima,Pasak Basin
394,Nong Paen,17.70356,103.43509,Thailand,ThaiWater (HII),BTHO,HII,Sakon Nakhon,Northeast Khong Basin
582,Phaisali,15.60012,100.6572,Thailand,ThaiWater (HII),PSLI,HII,Nakhon Sawan,Chao Phraya Basin
254,Ban Charn,14.56653,103.74237,Thailand,ThaiWater (HII),BJAN,HII,Surin,Mun Basin
1459151,บ้านสร้างขุนศรี,15.12773,104.959635,Thailand,ThaiWater (HII),STN2286,DWR,Ubon Ratchathani,Mun Basin
1066,บ้านหนองไผ่,14.967927,101.56721,Thailand,ThaiWater (HII),STN0988,DWR,Nakhon Ratchasima,Mun Basin
1316666,เขื่อนนายก,14.18205,101.162164,Thailand,ThaiWater (HII),ridtele_TNy11,RID,Nakhon Nayok,Bang Pakong Basin
1459064,บ้านดงกลาง 2,16.159821,103.993656,Thailand,ThaiWater (HII),STN2199,DWR,Roi Et,Chi Basin Basin
3684,UBON RATCHATHANI AGROMET.,15.23914,105.0235,Thailand,ThaiWater (HII),48408,TMD,Ubon Ratchathani,Mun Basin
501172,บ้านโคกสว่าง,17.658108,101.703269,Thailand,ThaiWater (HII),STN1133,DWR,Loei,Northeast Khong Basin
351,Nong Thin Public Park,17.87704,102.72711,Thailand,ThaiWater (HII),PTWY,HII,Nong Khai,Northeast Khong Basin
1119,บ้านแก้วเมธี,17.476083,102.002819,Thailand,ThaiWater (HII),STN0964,DWR,Loei,Chi Basin Basin
562797,วัดคอกช้าง อ.ธารโต จ.ยะลา,6.045787,101.160038,Thailand,ThaiWater (HII),BLGTU03,EGAT,Yala,Peninsula - Lower East Coast Basin
663,Bang Rakam,16.74887,100.0903,Thailand,ThaiWater (HII),BRKM,HII,Phitsanulok,Yom Basin
1459122,บ้านกาโสด,6.226293,101.222264,Thailand,ThaiWater (HII),STN2257,DWR,Yala,Peninsula - Lower East Coast Basin
775,Ko Lak,11.80297,99.75459,Thailand,ThaiWater (HII),YKPC,HII,Prachuap Khiri Khan,Phetchaburi - Prachuap Khiri Khan Basin
501515,บ้านศรีเมือง,14.476917,104.988447,Thailand,ThaiWater (HII),STN1487,DWR,Ubon Ratchathani,Mun Basin
500139,บ้านเชียงคาน,17.889774,101.643148,Thailand,ThaiWater (HII),STN1394,DWR,Loei,Northeast Khong Basin
501227,บ้านซับตะแบก,15.753169,101.284559,Thailand,ThaiWater (HII),STN1193,DWR,Phetchabun,Pasak Basin
1100873,เทศบาลตำบลวังแซ้ม,12.75996,102.15578,Thailand,ThaiWater (HII),TA75,DISASTER,Chanthaburi,East Coast Gulf Basin
1762,บ้านไทยประจัน,13.27772,99.559503,Thailand,ThaiWater (HII),STN0272,DWR,Ratchaburi,Phetchaburi - Prachuap Khiri Khan Basin
935,Nong Loeng,18.33914,103.39765,Thailand,ThaiWater (HII),HKNL,HII,Bueng Kan,Northeast Khong Basin
796,Pak Phanang,8.38821,100.23183,Thailand,ThaiWater (HII),PANG,HII,Nakhon Si Thammarat,Peninsula - Upper East Coast Basin
1316817,ศูนย์การเรียนรู้ อบต.เตาไห,17.638449,103.098806,Thailand,ThaiWater (HII),ridtele_TKH.121,RID,Udon Thani,Northeast Khong Basin
700560,วัดปากลำขาแข้ง,14.92634,99.12273,Thailand,ThaiWater (HII),MKSNU04,EGAT,Kanchanaburi,Mae Klong Basin
528784,จุดวัด ซ.แอนเน็กซ์,13.93786,100.62661,Thailand,ThaiWater (HII),RF.SMI.04,BMA,Bangkok,Bang Pakong Basin
855474,Nam Nao National Parks,16.739025,101.56976,Thailand,ThaiWater (HII),MOU084,FOP,Phetchabun,Chi Basin Basin
1109582,Tambon Health Promoting Hospital of Thapthim Siam 07,14.486939,104.45375,Thailand,ThaiWater (HII),ONE093,HII,Si Sa Ket,Mun Basin
3716,KO SICHANG,13.16167,100.80194,Thailand,ThaiWater (HII),48460,TMD,Chon Buri,East Coast Gulf Basin
827,Chai Buri,8.45064,99.08304,Thailand,ThaiWater (HII),CBUR,HII,Surat Thani,Peninsula - Upper East Coast Basin
1121264,Forest Protection Of Ang Chang nam,13.2743,101.082,Thailand,ThaiWater (HII),MOU468,FOP,Chon Buri,Bang Pakong Basin
1123975,บ้านผักหย่า,15.184943,105.147196,Thailand,ThaiWater (HII),STN2138,DWR,Ubon Ratchathani,Mun Basin
501122,บ้านห้วยกอก,16.911726,100.870513,Thailand,ThaiWater (HII),STN1081,DWR,Phitsanulok,Nan Basin
122,Pong Nam Ron,12.90515,102.26646,Thailand,ThaiWater (HII),PNRN,HII,Chanthaburi,Tonle Sap Basin
1394921,At the office of Thung Salaeng Luang,16.842468,100.879684,Thailand,ThaiWater (HII),MOU399,FOP,Phitsanulok,Nan Basin
1383,บ้านบ่อแก้ว,17.913996,99.896699,Thailand,ThaiWater (HII),STN0545,DWR,Phrae,Yom Basin
1081069,บ้านพรุเตย,8.108704,99.140828,Thailand,ThaiWater (HII),STN1780,DWR,Krabi,Peninsula - West Coast Basin
1681,บ้านไพรสวรรค์,16.060747,99.384051,Thailand,ThaiWater (HII),STN0914,DWR,Kamphaeng Phet,Ping Basin
11567323,National Park Protection Unit at SL 12 (Rak Thai),16.74035,100.67061,Thailand,ThaiWater (HII),DNP067,FOP,Phitsanulok,Nan Basin
11648468,Khlong Da,17.38925,103.08734,Thailand,ThaiWater (HII),UDN001,HII,Udon Thani,Northeast Khong Basin
700,Pa Sak 3,16.11497,101.09709,Thailand,ThaiWater (HII),PAS003,HII,Phetchabun,Pasak Basin
479219,Hong Saeng,16.26808,104.40591,Thailand,ThaiWater (HII),TBR020,HII,Yasothon,Mun Basin
528810,ปตร.คลองประเวศฯ-ลาดกระบัง,13.72386,100.74979,Thailand,ThaiWater (HII),RF.LKB.02,BMA,Bangkok,Bang Pakong Basin
336,Kumphawapi,17.07686,103.02154,Thailand,ThaiWater (HII),BDMG,HII,Udon Thani,Chi Basin Basin
1101022,โรงเรียนบ้านนาขุมคัน หมู่ 5,17.27858,100.81426,Thailand,ThaiWater (HII),TD43,DISASTER,Phitsanulok,Nan Basin
1137130,บ้านเลขที่ 17/1 หมู่ 2,15.92757,99.96876,Thailand,ThaiWater (HII),TC31,DISASTER,Nakhon Sawan,Ping Basin
175,Khao Nang Buat Bridge,14.245718,101.27481,Thailand,ThaiWater (HII),NYK008,HII,Nakhon Nayok,Bang Pakong Basin
1601380,Huai Lat Kao Reservoir,17.405943,102.07798,Thailand,ThaiWater (HII),RES058,HII,Nong Bua Lam Phu,Chi Basin Basin
1080873,บ้านท่ามะปราง,14.222935,101.356088,Thailand,ThaiWater (HII),STN1584,DWR,Nakhon Nayok,Bang Pakong Basin
528760,สนข.ประเวศ,13.71701,100.69472,Thailand,ThaiWater (HII),RF.PWT.01,BMA,Bangkok,Chao Phraya Basin
482,Nan 4,17.29433,100.08282,Thailand,ThaiWater (HII),NAN004,HII,Uttaradit,Nan Basin
528748,สนข.ดอนเมือง,13.91053,100.59492,Thailand,ThaiWater (HII),RF.DMG.01,BMA,Bangkok,Chao Phraya Basin
1041,บ้านตะบกเตี้ย,12.822394,102.233618,Thailand,ThaiWater (HII),STN0784,DWR,Chanthaburi,East Coast Gulf Basin
528747,สนข.หลักสี่,13.88748,100.57893,Thailand,ThaiWater (HII),RF.LSI.01,BMA,Bangkok,Chao Phraya Basin
391,Kham Ta Kla,17.83105,103.75675,Thailand,ThaiWater (HII),KMTK,HII,Sakon Nakhon,Northeast Khong Basin
199,Tha Kham,13.62763,102.57487,Thailand,ThaiWater (HII),KOSB,HII,Sa Kaeo,Tonle Sap Basin
1121285,National Park Protection Unit of Ho Yo (Kha on Waterfall),11.4481,99.41958,Thailand,ThaiWater (HII),MOU492,FOP,Prachuap Khiri Khan,Phetchaburi - Prachuap Khiri Khan Basin
1396896,The Khao Kheow-Khao Chomphu Wildlife Sanctuary,13.240835,101.04208,Thailand,ThaiWater (HII),MOU482,FOP,Chon Buri,East Coast Gulf Basin
1137416,บ้านผู้ใหญ่บ้าน เลขที่ 136/4 หมู่ 10,16.98187,99.81192,Thailand,ThaiWater (HII),TE99,DISASTER,Sukhothai,Yom Basin
501309,บ้านห้วยแห้ง,17.102959,98.419306,Thailand,ThaiWater (HII),STN1276,DWR,Tak,Salawin Basin
1830,บ้านเหนือฟ้า,8.53029,99.638021,Thailand,ThaiWater (HII),STN0752,DWR,Nakhon Si Thammarat,Peninsula - Upper East Coast Basin
1317179,บ้านกูหมัง,6.226084,101.222579,Thailand,ThaiWater (HII),ridtele_Tpat.21,RID,Yala,Peninsula - Lower East Coast Basin
1316811,บ้านดงหนองบัว,17.692018,104.148535,Thailand,ThaiWater (HII),ridtele_TKS.118,RID,Nakhon Phanom,Northeast Khong Basin
658,Yom-Nan4,16.67167,100.24581,Thailand,ThaiWater (HII),DIV004,HII,Phitsanulok,Yom Basin
600,Nong Chang,15.38896,99.84505,Thailand,ThaiWater (HII),NGCG,HII,Uthai Thani,Sakae Krang Basin
1121220,Watershed Management and Community Development Unit in the Huai Siat Cha Eung Conservation Forest Area,14.4554,103.915,Thailand,ThaiWater (HII),MOU252,FOP,Surin,Mun Basin
295,Tat Ton Communuty,15.87735,102.01361,Thailand,ThaiWater (HII),VLGE37,HII,Chaiyaphum,Chi Basin Basin
1316961,Tใต้ฝายห้วยขะยุง,14.680312,104.693597,Thailand,ThaiWater (HII),ridtele_TM.199,RID,Si Sa Ket,Mun Basin
1459117,บ้านสามร้อยไร่,5.991883,101.146417,Thailand,ThaiWater (HII),STN2252,DWR,Yala,Peninsula - Lower East Coast Basin
1080951,บ้านทุ่งม่วง,12.85727,102.306321,Thailand,ThaiWater (HII),STN1662,DWR,Chanthaburi,Tonle Sap Basin
1757,บ้านตะโกล่าง,13.652907,99.211473,Thailand,ThaiWater (HII),STN0273,DWR,Ratchaburi,Mae Klong Basin
501394,บ้านเขานมนาง,14.906886,101.413813,Thailand,ThaiWater (HII),STN1364,DWR,Saraburi,Pasak Basin
1316812,บ้านป่งไฮ,18.023161,103.821339,Thailand,ThaiWater (HII),ridtele_TKS.121,RID,Bueng Kan,Northeast Khong Basin
13869,Kaen Makrut,15.16183,99.28896,Thailand,ThaiWater (HII),SWR002,HII,Uthai Thani,Mae Klong Basin
840,Khao Chai Rat,10.94432,99.29758,Thailand,ThaiWater (HII),BPLA,HII,Chumphon,Peninsula - Upper East Coast Basin
203,Khong,15.44376,102.32843,Thailand,ThaiWater (HII),KHOG,HII,Nakhon Ratchasima,Mun Basin
657,Nan 12,16.86469,100.24476,Thailand,ThaiWater (HII),NAN012,HII,Phitsanulok,Nan Basin
501297,บ้านสบเติ๋น,18.270178,99.790215,Thailand,ThaiWater (HII),STN1264,DWR,Lampang,Wang Basin
1373275,Pa Mok Bridge,14.498074,100.44962,Thailand,ThaiWater (HII),HDA009,HII,Ang Thong,Chao Phraya Basin
1767,บ้านพุน้ำร้อน,13.249012,99.428235,Thailand,ThaiWater (HII),STN0692,DWR,Ratchaburi,Mae Klong Basin
128,Kaeng Hang Maeo,12.986792,101.89965,Thailand,ThaiWater (HII),CHN004,HII,Chanthaburi,East Coast Gulf Basin
1317218,บ้านคลองตานี,12.896003,102.271006,Thailand,ThaiWater (HII),ridtele_TTL.09,RID,Chanthaburi,Tonle Sap Basin
1038,บ้านคลองกะพง,12.709741,102.053537,Thailand,ThaiWater (HII),STN0467,DWR,Chanthaburi,East Coast Gulf Basin
606,Huai Kot,15.30362,99.60969,Thailand,ThaiWater (HII),HIKT,HII,Uthai Thani,Tha Chin Basin
370,Pho Thong,16.12729,104.11499,Thailand,ThaiWater (HII),BNHO,HII,Roi Et,Chi Basin Basin
1459106,บ้านตะบิ้ง,6.700474,101.607109,Thailand,ThaiWater (HII),STN2241,DWR,Pattani,Peninsula - Lower East Coast Basin
8,Klong Ladprao Klong 2 Sai Tai,13.93183,100.63952,Thailand,ThaiWater (HII),BKK020,HII,Bangkok,Bang Pakong Basin
740532,Nam Loei Bridge,17.860956,101.61144,Thailand,ThaiWater (HII),AIT002,HII,Loei,Northeast Khong Basin
341,Ban Dung,17.70451,103.26375,Thailand,ThaiWater (HII),BDGN,HII,Udon Thani,Northeast Khong Basin
745,Tha Chin 7,14.01636,100.17979,Thailand,ThaiWater (HII),THA007,HII,Nakhon Pathom,Tha Chin Basin
1765,บ้านโป่งกระทิงล่าง,13.340467,99.453281,Thailand,ThaiWater (HII),STN0142,DWR,Ratchaburi,Mae Klong Basin
287,Na Tan,15.9017,105.27872,Thailand,ThaiWater (HII),NTAN,HII,Ubon Ratchathani,Northeast Khong Basin
1316662,ศรีมหาโพธิ์,13.973075,101.512525,Thailand,ThaiWater (HII),ridtele_TKgt62,RID,Prachin Buri,Bang Pakong Basin
245,Mun 9,14.875494,103.37887,Thailand,ThaiWater (HII),MUN009,HII,Surin,Mun Basin
740752,Kong Mong Tha Sa La Wa School,15.344161,98.52554,Thailand,ThaiWater (HII),FOP051,FOP,Kanchanaburi,Mae Klong Basin
501217,บ้านครกหนานทา,18.481138,100.409021,Thailand,ThaiWater (HII),STN1183,DWR,Phrae,Yom Basin
501328,บ้านขุนน้ำคับ,17.39288,100.705015,Thailand,ThaiWater (HII),STN1295,DWR,Phitsanulok,Nan Basin
501496,บ้านโคกสะอาด,15.675843,101.473081,Thailand,ThaiWater (HII),STN1468,DWR,Chaiyaphum,Chi Basin Basin
1852,บ้านในเพลา,9.125776,99.874655,Thailand,ThaiWater (HII),STN0742,DWR,Nakhon Si Thammarat,Peninsula - Upper East Coast Basin
1123904,บ้านคลองวังช้าง,10.756167,99.336119,Thailand,ThaiWater (HII),STN2067,DWR,Chumphon,Peninsula - Upper East Coast Basin
1109548,Khok Ta Phong Temple,12.78168,102.17328,Thailand,ThaiWater (HII),ONE059,HII,Chanthaburi,East Coast Gulf Basin
479238,Num Pung,16.996609,104.17364,Thailand,ThaiWater (HII),TBW030,HII,Sakon Nakhon,Northeast Khong Basin
11648469,Khlong Nam Ngao,17.69902,102.4467,Thailand,ThaiWater (HII),UDN002,HII,Udon Thani,Northeast Khong Basin
1116457,Si Racha Fisheries Research Station,13.185876,100.916916,Thailand,ThaiWater (HII),GOT001,HII,Chon Buri,East Coast Gulf Basin
1241188,Phae Mueang Phi Forest Park,18.184513,100.21077,Thailand,ThaiWater (HII),MOU344,FOP,Phrae,Yom Basin
1075,บ้านปอหู,14.497153,101.554237,Thailand,ThaiWater (HII),STN0984,DWR,Nakhon Ratchasima,Mun Basin
1129393,Hydro-Informatics Institute (Public Organization),13.85604,100.57558,Thailand,ThaiWater (HII),HII001,HII,Bangkok,Not specify
1123727,บ้านนาผาง,16.940265,104.066208,Thailand,ThaiWater (HII),STN1889,DWR,Sakon Nakhon,Northeast Khong Basin
3666,PHITSANULOK,16.79481,100.2793,Thailand,ThaiWater (HII),48378,TMD,Phitsanulok,Nan Basin
3686,WICHIAN BURI,15.657,101.108,Thailand,ThaiWater (HII),48413,TMD,Phetchabun,Pasak Basin
1123734,บ้านบุญทัน,17.553497,102.157657,Thailand,ThaiWater (HII),STN1896,DWR,Nong Bua Lam Phu,Northeast Khong Basin
3718,ARANYA PRATHET,13.68869,102.50417,Thailand,ThaiWater (HII),48462,TMD,Sa Kaeo,Not specify
283,Ban Pha Chan Communuty,15.75599,105.49682,Thailand,ThaiWater (HII),VLGE02,HII,Ubon Ratchathani,Northeast Khong Basin
396,Sawang Daen Din,17.594717,103.38448,Thailand,ThaiWater (HII),SKM005,HII,Sakon Nakhon,Northeast Khong Basin
501106,บ้านใหม่คลองอังวะ,15.161769,99.28896,Thailand,ThaiWater (HII),STN1065,DWR,Uthai Thani,Mae Klong Basin
1659,บ้านหนองจอก,15.277273,99.554759,Thailand,ThaiWater (HII),STN0226,DWR,Uthai Thani,Tha Chin Basin
1316406,เขื่อนทับเสลา,15.543873,99.447679,Thailand,ThaiWater (HII),ridtele_TSK.6,RID,Uthai Thani,Sakae Krang Basin
1316921,TM.145,14.49238,101.6835,Thailand,ThaiWater (HII),ridtele_TM.145,RID,Nakhon Ratchasima,Mun Basin
3754,YALA AGROMET.,6.51667,101.28333,Thailand,ThaiWater (HII),48581,TMD,Yala,Peninsula - Lower East Coast Basin
47,Chao Phraya 10,14.42303,100.48186,Thailand,ThaiWater (HII),CPY010,HII,Phra Nakhon Si Ayutthaya,Chao Phraya Basin
13906,Trang 5,7.668987,99.45936,Thailand,ThaiWater (HII),TNG005,HII,Trang,Peninsula - West Coast Basin
1483144,National Park Protection Unit 6 (Nam Phor),17.9472,100.3647,Thailand,ThaiWater (HII),MOU393,FOP,Uttaradit,Nan Basin
1766,บ้านพุบอนบน,13.390971,99.499611,Thailand,ThaiWater (HII),STN0791,DWR,Ratchaburi,Mae Klong Basin
1115,บ้านโป่ง,17.703019,101.709001,Thailand,ThaiWater (HII),STN0150,DWR,Loei,Northeast Khong Basin
1459110,บ้านลูกไม้ไผ่,6.617193,101.424317,Thailand,ThaiWater (HII),STN2245,DWR,Pattani,Peninsula - Lower East Coast Basin
528793,จุดวัด ค.บางบัว,13.85796,100.58682,Thailand,ThaiWater (HII),RF.BKA.02,BMA,Bangkok,Chao Phraya Basin
1080954,บ้านคลองใหญ่,12.972159,102.057715,Thailand,ThaiWater (HII),STN1665,DWR,Chanthaburi,East Coast Gulf Basin
1100929,บ้านผู้ช่วยผู้ใหญ่บ้าน หมู่ 6,14.23455,101.35369,Thailand,ThaiWater (HII),TB87,DISASTER,Nakhon Nayok,Bang Pakong Basin
1109519,Diak Bridge,17.126015,104.140945,Thailand,ThaiWater (HII),ONE030,HII,Sakon Nakhon,Northeast Khong Basin
316,Wang Thong,17.32078,102.02481,Thailand,ThaiWater (HII),NNPT,HII,Nong Bua Lam Phu,Chi Basin Basin
479216,Mueang Yasothon,15.79536,104.1403,Thailand,ThaiWater (HII),TBR017,HII,Yasothon,Chi Basin Basin
379,Chum Chang Communuty,16.428444,104.073875,Thailand,ThaiWater (HII),VLGE43,HII,Kalasin,Chi Basin Basin
1666,บ้านกลาง,15.313404,99.58156,Thailand,ThaiWater (HII),STN0951,DWR,Uthai Thani,Tha Chin Basin
1691,บ้านท้องฟ้า,17.049327,98.976112,Thailand,ThaiWater (HII),STN0048,DWR,Tak,Ping Basin
740725,Ban Wa Noi School,17.68971,103.94735,Thailand,ThaiWater (HII),FOP024,FOP,Sakon Nakhon,Northeast Khong Basin
528838,จุดวัด ค.ประเวศฯ-ถ.ร่วมพัฒนา,13.70097,100.85106,Thailand,ThaiWater (HII),RF.LKB.04,BMA,Bangkok,Bang Pakong Basin
1317212,บ้านฟากห้วย,13.684085,102.501103,Thailand,ThaiWater (HII),ridtele_TTL.04,RID,Sa Kaeo,Tonle Sap Basin
1109565,Huai Kasian Temple,14.181127,101.413635,Thailand,ThaiWater (HII),ONE076,HII,Prachin Buri,Bang Pakong Basin
1109589,Khlong Khan Tho Temple,13.94595,102.28505,Thailand,ThaiWater (HII),ONE100,HII,Sa Kaeo,Bang Pakong Basin
458737,Na Khaem Communuty,14.04255,101.72051,Thailand,ThaiWater (HII),VLGE50,HII,Prachin Buri,Bang Pakong Basin
1787,บ้านโป่งนก,13.786399,99.310888,Thailand,ThaiWater (HII),STN1007,DWR,Kanchanaburi,Mae Klong Basin
1845,บ้านเขาเหล็ก,8.976837,99.848052,Thailand,ThaiWater (HII),STN0741,DWR,Nakhon Si Thammarat,Peninsula - Upper East Coast Basin
277,Ban Mat,14.85454,105.32193,Thailand,ThaiWater (HII),BNAK,HII,Ubon Ratchathani,Mun Basin
48,Chao Phraya 9,14.4158,100.44071,Thailand,ThaiWater (HII),CPY009,HII,Phra Nakhon Si Ayutthaya,Chao Phraya Basin
1316911,สถานีฝายกุมภวาปี,17.0762,103.0233,Thailand,ThaiWater (HII),ridtele_LP-02,RID,Udon Thani,Chi Basin Basin
1316664,สมบูรณ์,13.970389,101.138699,Thailand,ThaiWater (HII),ridtele_TNy9,RID,Nakhon Nayok,Bang Pakong Basin
1317046,บ้านสองพี่น้อง,8.301503,100.193082,Thailand,ThaiWater (HII),ridtele_TPN02,RID,Nakhon Si Thammarat,Peninsula - Upper East Coast Basin
1316389,TC.60,15.67,100.334167,Thailand,ThaiWater (HII),ridtele_TC.60,RID,Nakhon Sawan,Chao Phraya Basin
1151,บ้านยาง,17.569542,101.418109,Thailand,ThaiWater (HII),STN0958,DWR,Loei,Northeast Khong Basin
1123805,บ้านโนนน้อย,15.659902,101.932975,Thailand,ThaiWater (HII),STN1967,DWR,Chaiyaphum,Chi Basin Basin
1316795,บ้านโพธิ์ชัยทอง,17.600224,103.980975,Thailand,ThaiWater (HII),ridtele_TKS.112,RID,Sakon Nakhon,Northeast Khong Basin
9931006,Ban Nam Phueng,15.95243,103.19807,Thailand,ThaiWater (HII),LDD003,HII,Maha Sarakham,Mun Basin
11567325,National Park Protection Unit No. KK.2 (Nam Phiang Din),16.88352,101.12778,Thailand,ThaiWater (HII),DNP069,FOP,Phetchabun,Pasak Basin
250,Chom Phra,15.11378,103.61037,Thailand,ThaiWater (HII),CHPA,HII,Surin,Mun Basin
749,Saladin Communuty,13.80777,100.27417,Thailand,ThaiWater (HII),VLGE20,HII,Nakhon Pathom,Tha Chin Basin
528785,จุดวัด ถ.เทศบาลสงเคราะห์,13.83978,100.54175,Thailand,ThaiWater (HII),RF.CTC.03,BMA,Bangkok,Chao Phraya Basin
1459091,บ้านบระเอ็ง,6.32279,101.62186,Thailand,ThaiWater (HII),STN2226,DWR,Narathiwat,Peninsula - Lower East Coast Basin
1064,บ้านซับสมบูรณ์,13.950064,102.556857,Thailand,ThaiWater (HII),STN1002,DWR,Sa Kaeo,Tonle Sap Basin
1316575,วัดท่าไม้,15.915063,100.247163,Thailand,ThaiWater (HII),ridtele_TY.58,RID,Nakhon Sawan,Yom Basin
1812,บ้านไร่บน,11.051626,99.324568,Thailand,ThaiWater (HII),STN0483,DWR,Prachuap Khiri Khan,Phetchaburi - Prachuap Khiri Khan Basin
1316434,คลองท่าเสา,15.893215,101.09118,Thailand,ThaiWater (HII),ridtele_TS.20,RID,Phetchabun,Pasak Basin
645,Yom 7,16.92732,99.95933,Thailand,ThaiWater (HII),YOM007,HII,Sukhothai,Yom Basin
11567324,National Park Protection Unit at S.L.11 (Phet Dam),16.72957,100.98895,Thailand,ThaiWater (HII),DNP068,FOP,Phetchabun,Nan Basin
1118487,เขาน้อย,14.322683,101.293798,Thailand,ThaiWater (HII),CG01,DISASTER,Nakhon Nayok,Bang Pakong Basin
349,Khao Luang,17.31744,101.63533,Thailand,ThaiWater (HII),BSIK,HII,Loei,Northeast Khong Basin
702,Bueng Sam Phan,15.77805,101.02094,Thailand,ThaiWater (HII),BSMP,HII,Phetchabun,Pasak Basin
3715,CHON BURI,13.36667,100.98333,Thailand,ThaiWater (HII),48459,TMD,Chon Buri,East Coast Gulf Basin
937,Pa Faek,18.06305,103.73639,Thailand,ThaiWater (HII),PNCR,HII,Bueng Kan,Northeast Khong Basin
1123729,บ้านสนามชัย,17.403565,102.145088,Thailand,ThaiWater (HII),STN1891,DWR,Nong Bua Lam Phu,Chi Basin Basin
1099,บ้านผาทอง,15.841406,101.363924,Thailand,ThaiWater (HII),STN0980,DWR,Chaiyaphum,Chi Basin Basin
501449,บ้านห้วยทรายคำ,17.660049,101.643454,Thailand,ThaiWater (HII),STN1419,DWR,Loei,Northeast Khong Basin
57,Sena,14.31976,100.37952,Thailand,ThaiWater (HII),CPY017,HII,Phra Nakhon Si Ayutthaya,Chao Phraya Basin
21,Sri Varee Noi Temple,13.66949,100.80058,Thailand,ThaiWater (HII),BKK017,HII,Samut Prakan,Bang Pakong Basin
483,Yom-Nan 3,17.29251,100.07764,Thailand,ThaiWater (HII),DIV003,HII,Uttaradit,Nan Basin
1121250,Phu Hin Rong Kla National Park,17.004087,100.992645,Thailand,ThaiWater (HII),MOU397,FOP,Phitsanulok,Nan Basin
1123733,บ้านดอนยานาง,17.268434,102.392105,Thailand,ThaiWater (HII),STN1895,DWR,Nong Bua Lam Phu,Chi Basin Basin
378,Non Si Charoen Communuty,16.61616,103.71739,Thailand,ThaiWater (HII),VLGE39,HII,Kalasin,Chi Basin Basin
1316953,TM.4,15.367572,103.775118,Thailand,ThaiWater (HII),ridtele_TM.4,RID,Surin,Mun Basin
1316793,บ้านโป่ง,17.710319,101.710897,Thailand,ThaiWater (HII),ridtele_TKL.126,RID,Loei,Northeast Khong Basin
1123862,บ้านหนองจานเหนือ,15.294763,102.908641,Thailand,ThaiWater (HII),STN2024,DWR,Nakhon Ratchasima,Mun Basin
850,Na Tawi,6.738124,100.69319,Thailand,ThaiWater (HII),JNA002,HII,Songkhla,Thale Sap Songkhla Basin
313,Pang Ku,17.01999,102.59124,Thailand,ThaiWater (HII),SOKL,HII,Nong Bua Lam Phu,Chi Basin Basin
2012,บ้านตลาดนาทวี,6.741373,100.694815,Thailand,ThaiWater (HII),STN0845,DWR,Songkhla,Thale Sap Songkhla Basin
1109510,Khlong Chiang Krai Ban Don,15.240714,101.786194,Thailand,ThaiWater (HII),ONE021,HII,Nakhon Ratchasima,Mun Basin
1317045,ปตร.อุทกวิภาชประสิทธิ,8.321786,100.206081,Thailand,ThaiWater (HII),ridtele_TPN01,RID,Nakhon Si Thammarat,Peninsula - Upper East Coast Basin
3693,SUPHAN BURI,14.47444,100.13889,Thailand,ThaiWater (HII),48425,TMD,Suphan Buri,Tha Chin Basin
1021,บ้านโคกแสมสาร,15.336768,100.831599,Thailand,ThaiWater (HII),STN0675,DWR,Lop Buri,Chao Phraya Basin
1080980,บ้านหว้าหลัง,6.644711,100.734254,Thailand,ThaiWater (HII),STN1691,DWR,Songkhla,Thale Sap Songkhla Basin
1652,บ้านปางสัก,15.751256,99.313844,Thailand,ThaiWater (HII),STN0940,DWR,Nakhon Sawan,Sakae Krang Basin
1123728,บ้านฝั่งแดง,17.267301,102.227385,Thailand,ThaiWater (HII),STN1890,DWR,Nong Bua Lam Phu,Chi Basin Basin
731,Tha Chin 5,14.4705,100.11475,Thailand,ThaiWater (HII),THA005,HII,Suphan Buri,Tha Chin Basin
405,Sri Songkram,17.67484,104.28581,Thailand,ThaiWater (HII),SKM004,HII,Nakhon Phanom,Northeast Khong Basin
696,Tat Kloi,17.0035,101.36601,Thailand,ThaiWater (HII),TAKL,HII,Phetchabun,Pasak Basin
699,Si Thep,15.43789,101.16249,Thailand,ThaiWater (HII),SITP,HII,Phetchabun,Pasak Basin
891,Manang Dalam,6.67271,101.60943,Thailand,ThaiWater (HII),MUNG,HII,Pattani,Peninsula - Lower East Coast Basin
889,Thung Yang Daeng Agri. Office,6.61733,101.42686,Thailand,ThaiWater (HII),STH029,HII,Pattani,Peninsula - Lower East Coast Basin
1107582,Sena,14.327773,100.405464,Thailand,ThaiWater (HII),TCP012,HII,Phra Nakhon Si Ayutthaya,Chao Phraya Basin
1048,บ้านตาบาด,12.60122,102.567709,Thailand,ThaiWater (HII),STN0278,DWR,Trat,East Coast Gulf Basin
1316414,อบต.สว่างแจ้งสบายใจ,15.559001,99.864809,Thailand,ThaiWater (HII),ridtele_TSK.14,RID,Uthai Thani,Sakae Krang Basin
1811,บ้านห้วยตะเคียน,11.380407,99.451136,Thailand,ThaiWater (HII),STN0282,DWR,Prachuap Khiri Khan,Phetchaburi - Prachuap Khiri Khan Basin
1369,บ้านปากกลาย,18.053803,100.305515,Thailand,ThaiWater (HII),STN0177,DWR,Phrae,Yom Basin
862851,Yasothon,15.79494,104.21436,Thailand,ThaiWater (HII),48406,TMD,Yasothon,Chi Basin Basin
528795,จุดวัด ค.ลำชะล่า-ถ.นวมินทร์,13.83637,100.66131,Thailand,ThaiWater (HII),RF.KNY.02,BMA,Bangkok,Chao Phraya Basin
11567322,National Park Protection Unit No. 1 (Phu Daeng Ron),16.9061,100.67745,Thailand,ThaiWater (HII),DNP066,FOP,Phitsanulok,Nan Basin
1109529,Yom Sai Kao - Tambon Krai Nai Bridge,17.074213,100.00566,Thailand,ThaiWater (HII),ONE040,HII,Sukhothai,Yom Basin
855494,Hin Ngam National Parks,15.632897,101.38918,Thailand,ThaiWater (HII),MOU104,FOP,Chaiyaphum,Chi Basin Basin
1082427,Bo Din Khao,15.169044,100.41471,Thailand,ThaiWater (HII),CHK001,HII,Nakhon Sawan,Chao Phraya Basin
369,Akkha Kham,16.3871,103.75212,Thailand,ThaiWater (HII),SACS,HII,Roi Et,Chi Basin Basin
661,Nakhon Thai,17.10701,100.84587,Thailand,ThaiWater (HII),KWN001,HII,Phitsanulok,Nan Basin
220,Wang Rong Yai,15.05111,101.66181,Thailand,ThaiWater (HII),WGRY,HII,Nakhon Ratchasima,Mun Basin
592,Sakae Krang 4,15.84175,99.41808,Thailand,ThaiWater (HII),SKG004,HII,Nakhon Sawan,Sakae Krang Basin
1092544,จุดวัด ค.แสนแสบ-วัดทรัพย์ฯ,13.8515,100.80361,Thailand,ThaiWater (HII),RF.NJK.07,BMA,Bangkok,Bang Pakong Basin
1123731,บ้านภูพานทอง,17.228966,102.47278,Thailand,ThaiWater (HII),STN1893,DWR,Nong Bua Lam Phu,Chi Basin Basin
1020,บ้านรังเตี้ย,15.210777,100.932682,Thailand,ThaiWater (HII),STN0451,DWR,Lop Buri,Chao Phraya Basin
528762,สนข.บึงกุ่ม,13.7855,100.66949,Thailand,ThaiWater (HII),RF.BKM.01,BMA,Bangkok,Chao Phraya Basin
1157,บ้านน้ำมี,17.518407,101.372713,Thailand,ThaiWater (HII),STN0458,DWR,Loei,Northeast Khong Basin
528822,ส.คลองสำโรง,13.64819,100.59514,Thailand,ThaiWater (HII),RF.SPK.01,BMA,Samut Prakan,Chao Phraya Basin
3650,LOEI AGROMET.,17.4,101.73333,Thailand,ThaiWater (HII),48350,TMD,Loei,Northeast Khong Basin
20,Sisa Chorakhe Noi,13.67777,100.7945,Thailand,ThaiWater (HII),BST1,HII,Samut Prakan,Bang Pakong Basin
233,Ban Khok Puang Communuty,14.59236,102.66768,Thailand,ThaiWater (HII),VLGE07,HII,Buri Ram,Mun Basin
712,Municipality Thung Luang Communuty,13.43388,99.67017,Thailand,ThaiWater (HII),VLGE30,HII,Ratchaburi,Phetchaburi - Prachuap Khiri Khan Basin
1154,บ้านห้วยไค้,17.527745,101.466048,Thailand,ThaiWater (HII),STN0461,DWR,Loei,Northeast Khong Basin
528834,ปตร.คลองหลวงแพ่ง,13.81321,100.93742,Thailand,ThaiWater (HII),RF.NJK.05,BMA,Chachoengsao,Bang Pakong Basin
1760,บ้านสวนผึ้ง,13.509854,99.338775,Thailand,ThaiWater (HII),STN0690,DWR,Ratchaburi,Mae Klong Basin
685631,Tham Sa Koen National Parks,19.383726,100.53885,Thailand,ThaiWater (HII),MOU026,FOP,Nan,Yom Basin
3510,ลำพะเนียง อ.เมือง,17.182448,102.431941,Thailand,ThaiWater (HII),URTU03,EGAT,Nong Bua Lam Phu,Chi Basin Basin
716,Ko Samrong,13.94239,99.49628,Thailand,ThaiWater (HII),KOSR,HII,Kanchanaburi,Mae Klong Basin
1100,บ้านซับชมภู,15.766963,101.377482,Thailand,ThaiWater (HII),STN0979,DWR,Chaiyaphum,Chi Basin Basin
1081002,บ้านทับยาง,6.589842,100.813667,Thailand,ThaiWater (HII),STN1713,DWR,Songkhla,Thale Sap Songkhla Basin
667,Nan 6,16.58046,100.23858,Thailand,ThaiWater (HII),NAN006,HII,Phitsanulok,Nan Basin
276,Nam Yuen,14.49962,104.99805,Thailand,ThaiWater (HII),NYUN,HII,Ubon Ratchathani,Mun Basin
1316515,สำนักสงฆ์มอหินเพลิง,16.151548,99.527517,Thailand,ThaiWater (HII),ridtele_TP.105,RID,Kamphaeng Phet,Ping Basin
1123871,บ้านเหนือ,17.107092,100.845891,Thailand,ThaiWater (HII),STN2033,DWR,Phitsanulok,Nan Basin
1080936,บ้านลิ้นช้าง,13.188978,99.607813,Thailand,ThaiWater (HII),STN1647,DWR,Phetchaburi,Phetchaburi - Prachuap Khiri Khan Basin
1123900,บ้านกะดุ,6.632195,100.06077,Thailand,ThaiWater (HII),STN2063,DWR,Satun,Peninsula - West Coast Basin
936,Bueng Kan,18.36219,103.65973,Thailand,ThaiWater (HII),BUSW,HII,Bueng Kan,Northeast Khong Basin
558591,"Sebok River, Baan Nong Ped",15.417083,105.0601,Thailand,ThaiWater (HII),PMSD04,EGAT,Ubon Ratchathani,Mun Basin
638735,National Park Protection Unit of Ro Kho 2 (Khlong Suan),17.026957,99.62328,Thailand,ThaiWater (HII),MOU075,FOP,Sukhothai,Yom Basin
3681,ROI ET AGROMET.,16.07322,103.60844,Thailand,ThaiWater (HII),48404,TMD,Roi Et,Chi Basin Basin
11,Krung Thep 1,13.92245,100.63438,Thailand,ThaiWater (HII),BKK001,HII,Bangkok,Chao Phraya Basin
501505,บ้านสระน้ำใส,14.550237,101.505542,Thailand,ThaiWater (HII),STN1477,DWR,Nakhon Ratchasima,Mun Basin
1394935,Khlong Lam Sonthi Bridge,15.246861,101.19566,Thailand,ThaiWater (HII),MOU418,FOP,Lop Buri,Pasak Basin
1808,บ้านหัวเขา,11.662392,99.636728,Thailand,ThaiWater (HII),STN0091,DWR,Prachuap Khiri Khan,Phetchaburi - Prachuap Khiri Khan Basin
1123742,บ้านแก้งกะอาม,16.778025,103.837717,Thailand,ThaiWater (HII),STN1904,DWR,Kalasin,Chi Basin Basin
558652,Nam Nao National Park,16.738939,101.569736,Thailand,ThaiWater (HII),URCU02,EGAT,Phetchabun,Chi Basin Basin
1459149,บ้านโนนว่าน,14.637576,105.15976,Thailand,ThaiWater (HII),STN2284,DWR,Ubon Ratchathani,Mun Basin
1459145,บ้านเลิงนกทา,16.195462,104.525644,Thailand,ThaiWater (HII),STN2280,DWR,Yasothon,Mun Basin
528750,สนข.บางเขน,13.87349,100.59643,Thailand,ThaiWater (HII),RF.BKA.01,BMA,Bangkok,Chao Phraya Basin
189,Ongkharak,14.113633,101.01952,Thailand,ThaiWater (HII),NYK000,HII,Nakhon Nayok,Bang Pakong Basin
940,Bung Khla Communuty,18.29481,103.99486,Thailand,ThaiWater (HII),VLGE34,HII,Bueng Kan,Northeast Khong Basin
744,Nakhon Chai Si,13.79036,100.19051,Thailand,ThaiWater (HII),TANA,HII,Nakhon Pathom,Tha Chin Basin
1121236,Watershed Management and Community Development Unit in the Mae Jang Conservation Forest Area,18.385023,99.82247,Thailand,ThaiWater (HII),MOU329,FOP,Lampang,Wang Basin
528749,สนข.สายไหม,13.89531,100.6609,Thailand,ThaiWater (HII),RF.SMI.01,BMA,Bangkok,Chao Phraya Basin
1123750,บ้านท่าช้างเหนือ,14.547743,101.420603,Thailand,ThaiWater (HII),STN1912,DWR,Nakhon Ratchasima,Mun Basin
1081077,บ้านแม่น้ำ,9.565863,99.995151,Thailand,ThaiWater (HII),STN1788,DWR,Surat Thani,Peninsula - Upper East Coast Basin
1817,บ้านหนองใหญ่,12.331384,99.978762,Thailand,ThaiWater (HII),STN0688,DWR,Prachuap Khiri Khan,Phetchaburi - Prachuap Khiri Khan Basin
1080945,บ้านเขาหวาย,12.874416,101.470981,Thailand,ThaiWater (HII),STN1656,DWR,Rayong,East Coast Gulf Basin
376,Upper Roi Et Weir,16.172573,103.78899,Thailand,ThaiWater (HII),WEI071,HII,Roi Et,Chi Basin Basin
705,Thung Samo,16.70502,101.04407,Thailand,ThaiWater (HII),KOKO,HII,Phetchabun,Nan Basin
1121265,Khlong Chanthakloem Bridge,13.003336,102.04864,Thailand,ThaiWater (HII),MOU471,FOP,Chanthaburi,East Coast Gulf Basin
619,Ton num Bridge,15.91465,99.4194,Thailand,ThaiWater (HII),SKG003,HII,Kamphaeng Phet,Sakae Krang Basin
573,Nan 8,15.86923,100.26481,Thailand,ThaiWater (HII),NAN008,HII,Nakhon Sawan,Nan Basin
1119568,บ้านท้องฟ้า หมู่ 2,17.04738,98.97895,Thailand,ThaiWater (HII),TB59,DISASTER,Tak,Ping Basin
918,Ba Jor Hospital,6.51914,101.65873,Thailand,ThaiWater (HII),STH023,HII,Narathiwat,Peninsula - Lower East Coast Basin
221,Khanong Phra,14.60689,101.45632,Thailand,ThaiWater (HII),TLPC,HII,Nakhon Ratchasima,Mun Basin
1123945,บ้านสระสี่มุม,9.028814,99.847819,Thailand,ThaiWater (HII),STN2108,DWR,Nakhon Si Thammarat,Peninsula - Upper East Coast Basin
528790,ปตร.คลองสองสายใต้,13.92314,100.63447,Thailand,ThaiWater (HII),RF.SMI.02,BMA,Bangkok,Chao Phraya Basin
1316512,คลองวังหิน,16.229583,99.696722,Thailand,ThaiWater (HII),ridtele_TP.102,RID,Kamphaeng Phet,Ping Basin
365,Weluwan Temple,16.05476,103.66426,Thailand,ThaiWater (HII),ABRT,HII,Roi Et,Chi Basin Basin
1112,บ้านโป่งป่าติ้ว,17.571597,101.597224,Thailand,ThaiWater (HII),STN0320,DWR,Loei,Northeast Khong Basin
344,Na Sao,17.82424,101.66917,Thailand,ThaiWater (HII),NASW,HII,Loei,Northeast Khong Basin
170,Prachinburi 5,13.97348,101.51751,Thailand,ThaiWater (HII),PRC005,HII,Prachin Buri,Bang Pakong Basin
855477,Phu Ruea National Parks,17.507849,101.345345,Thailand,ThaiWater (HII),MOU087,FOP,Loei,Northeast Khong Basin
616,Ping 4,16.06475,99.8603,Thailand,ThaiWater (HII),PIN004,HII,Kamphaeng Phet,Ping Basin
1068,บ้านวังกะทะ,14.535877,101.630446,Thailand,ThaiWater (HII),STN0775,DWR,Nakhon Ratchasima,Mun Basin
1081080,บ้านแก้มอ้น,13.745911,99.464418,Thailand,ThaiWater (HII),STN1791,DWR,Ratchaburi,Mae Klong Basin
1153,บ้านปากยาง,17.678646,101.55232,Thailand,ThaiWater (HII),STN0771,DWR,Loei,Northeast Khong Basin
1802,บ้านบางเจริญ,11.017051,99.262337,Thailand,ThaiWater (HII),STN0567,DWR,Prachuap Khiri Khan,Peninsula - Upper East Coast Basin
588,Tak Fa,15.2965,100.50282,Thailand,ThaiWater (HII),TKFA,HII,Nakhon Sawan,Chao Phraya Basin
656,Regional Irrigation Office,16.81502,100.25992,Thailand,ThaiWater (HII),WCTK,HII,Phitsanulok,Nan Basin
377,nua,16.42528,103.55949,Thailand,ThaiWater (HII),BMOD,HII,Kalasin,Chi Basin Basin
578,Takli,15.29119,100.38288,Thailand,ThaiWater (HII),TAKI,HII,Nakhon Sawan,Chao Phraya Basin
315,Khong 3,17.57572,102.273346,Thailand,ThaiWater (HII),KON003,HII,Nong Bua Lam Phu,Northeast Khong Basin
1119569,ที่ทำการ อบต. ป่าขะ,14.301295,101.07008,Thailand,ThaiWater (HII),CG02,DISASTER,Nakhon Nayok,Bang Pakong Basin
1316726,วัดมณีวรรณ,14.3969,100.153,Thailand,ThaiWater (HII),ridtele_TTC05,RID,Suphan Buri,Tha Chin Basin
1483127,Phra Ruang Bridge across the Kwai Noi,17.185375,100.68031,Thailand,ThaiWater (HII),MOU384,FOP,Phitsanulok,Nan Basin
1459089,บ้านยานิง,6.238611,101.821081,Thailand,ThaiWater (HII),STN2224,DWR,Narathiwat,Peninsula - Lower East Coast Basin
1316500,บ้านท้องฟ้า,17.04663,98.978991,Thailand,ThaiWater (HII),ridtele_TP.109,RID,Tak,Ping Basin
501384,บ้านดอนมูล,18.16671,100.635727,Thailand,ThaiWater (HII),STN1354,DWR,Nan,Nan Basin
939,Bueng Khong Long,17.96783,104.0496,Thailand,ThaiWater (HII),BKHL,HII,Bueng Kan,Northeast Khong Basin
501241,บ้านน้ำอ้อม,15.805833,101.317528,Thailand,ThaiWater (HII),STN1207,DWR,Phetchabun,Pasak Basin
152,Don Chimphli,13.90535,100.97028,Thailand,ThaiWater (HII),DKLG,HII,Chachoengsao,Bang Pakong Basin
3694,LOP BURI,14.79972,100.645,Thailand,ThaiWater (HII),48426,TMD,Lop Buri,Chao Phraya Basin
1109567,Wang Plachon Temple,13.242124,99.65333,Thailand,ThaiWater (HII),ONE078,HII,Ratchaburi,Phetchaburi - Prachuap Khiri Khan Basin
1100900,ศาลาเอนกประสงค์ ม.4,15.30132,99.78449,Thailand,ThaiWater (HII),TA95,DISASTER,Chai Nat,Tha Chin Basin
1373276,Lop Buri Bridge Ban Pho Kao Ton,14.794374,100.60633,Thailand,ThaiWater (HII),HDA010,HII,Lop Buri,Chao Phraya Basin
726,Nong Lu,15.19546,98.46124,Thailand,ThaiWater (HII),SKBI,HII,Kanchanaburi,Mae Klong Basin
13874,Pu Sawan,13.00646,99.7397,Thailand,ThaiWater (HII),SWR007,HII,Phetchaburi,Phetchaburi - Prachuap Khiri Khan Basin
599,Sawang Arom,15.58538,99.86514,Thailand,ThaiWater (HII),SWAR,HII,Uthai Thani,Sakae Krang Basin
1044,บ้านโป่งเกตุ,13.146923,101.978621,Thailand,ThaiWater (HII),STN0993,DWR,Chanthaburi,East Coast Gulf Basin
1316674,ประจันตคาม,14.069966,101.518579,Thailand,ThaiWater (HII),ridtele_TKgt51,RID,Prachin Buri,Bang Pakong Basin
1745,บ้านกลาง,17.088518,101.374042,Thailand,ThaiWater (HII),STN0453,DWR,Phetchabun,Pasak Basin
501429,บ้านวังยาว,16.749439,101.438423,Thailand,ThaiWater (HII),STN1399,DWR,Phetchabun,Pasak Basin
2071,บ้านธารโต,6.16782,101.182061,Thailand,ThaiWater (HII),STN0031,DWR,Yala,Peninsula - Lower East Coast Basin
1758,บ้านกล้วย,13.579069,99.384323,Thailand,ThaiWater (HII),STN0228,DWR,Ratchaburi,Mae Klong Basin
1360,บ้านน้ำลี,17.876747,100.266946,Thailand,ThaiWater (HII),STN0170,DWR,Uttaradit,Nan Basin
1080874,บ้านกระบกเตี้ย,13.682595,101.528919,Thailand,ThaiWater (HII),STN1585,DWR,Chachoengsao,Bang Pakong Basin
406,Ban Kham a Huan School,16.49673,104.66867,Thailand,ThaiWater (HII),KAHN,HII,Mukdahan,Northeast Khong Basin
492362,Pho Phraya Gate,14.53181,100.12245,Thailand,ThaiWater (HII),ATG142,HII,Suphan Buri,Tha Chin Basin
327,Dong Bung Communuty,15.91652,102.5363,Thailand,ThaiWater (HII),VLGE24,HII,Khon Kaen,Chi Basin Basin
296,Chi 3,15.68157,102.0095,Thailand,ThaiWater (HII),CHI003,HII,Chaiyaphum,Chi Basin Basin
1316788,บ้านหนองบอน,17.41509,101.715413,Thailand,ThaiWater (HII),ridtele_TKL.123,RID,Loei,Northeast Khong Basin
1650,บ้านปางข้าวสาร,15.840499,99.323096,Thailand,ThaiWater (HII),STN0561,DWR,Nakhon Sawan,Sakae Krang Basin
1080871,บ้านหัวบุ่ง,14.199403,101.402909,Thailand,ThaiWater (HII),STN1582,DWR,Prachin Buri,Bang Pakong Basin
1316576,ปตร.บ้านวังสะตือ,16.87341,100.02551,Thailand,ThaiWater (HII),ridtele_TY.57,RID,Phitsanulok,Yom Basin
1459112,บ้านจุฬาภรณ์พัฒนา 10,5.856161,101.235071,Thailand,ThaiWater (HII),STN2247,DWR,Yala,Peninsula - Lower East Coast Basin
500131,บ้านหมื่นฤาชัย,16.371397,98.662017,Thailand,ThaiWater (HII),STN1272,DWR,Tak,Salawin Basin
1113288,บ้านแสนตอ,17.66514,100.29809,Thailand,ThaiWater (HII),SKD10,EGAT,Uttaradit,Nan Basin
1080848,บ้านหัวเตย,9.040798,99.711619,Thailand,ThaiWater (HII),STN1559,DWR,Surat Thani,Peninsula - Upper East Coast Basin
218,Mun 3,15.28663,102.68459,Thailand,ThaiWater (HII),MUN003,HII,Nakhon Ratchasima,Mun Basin
501313,บ้านไทยสามัคคี,16.791076,98.595603,Thailand,ThaiWater (HII),STN1280,DWR,Tak,Salawin Basin
501231,บ้านตาดน้ำพุ,17.915225,102.318742,Thailand,ThaiWater (HII),STN1197,DWR,Udon Thani,Northeast Khong Basin
1071,บ้านโคกสง่า,14.712083,101.454595,Thailand,ThaiWater (HII),STN0987,DWR,Nakhon Ratchasima,Mun Basin
1093079,Khlong Cha Uat,7.96636,99.99436,Thailand,ThaiWater (HII),CHAU01,HII,Nakhon Si Thammarat,Peninsula - Upper East Coast Basin
1601382,Huai Yang Ngok Reservoir,17.22575,102.51817,Thailand,ThaiWater (HII),RES060,HII,Nong Bua Lam Phu,Northeast Khong Basin
1118481,บ้านกำนันตำบลท้องฟ้า หมู่ 3,17.0585,98.97545,Thailand,ThaiWater (HII),TB58,DISASTER,Tak,Ping Basin
492361,Upper Pho Phraya Gate,14.53248,100.12224,Thailand,ThaiWater (HII),ATG141,HII,Suphan Buri,Tha Chin Basin
492324,Chulalongkorn Gate,13.98135,100.6057,Thailand,ThaiWater (HII),ATG101,HII,Pathum Thani,Chao Phraya Basin
146,Bang Khwan,13.74984,101.07751,Thailand,ThaiWater (HII),BKWN,HII,Chachoengsao,Bang Pakong Basin
328,Nong Kung Thanasan,16.63868,102.42059,Thailand,ThaiWater (HII),PTYS,HII,Khon Kaen,Chi Basin Basin
281,Mun 11,15.249705,105.2393,Thailand,ThaiWater (HII),MUN011,HII,Ubon Ratchathani,Mun Basin
372,Nong Thap Thai,15.75445,103.91742,Thailand,ThaiWater (HII),NTTI,HII,Roi Et,Chi Basin Basin
380,Yang Talad,16.411083,103.467125,Thailand,ThaiWater (HII),CHI013,HII,Kalasin,Chi Basin Basin
13872,National Park Protection Kaeng Krachan,12.97823,99.37312,Thailand,ThaiWater (HII),SWR005,HII,Phetchaburi,Phetchaburi - Prachuap Khiri Khan Basin
3682,ROI ET,16.02,103.74389,Thailand,ThaiWater (HII),48405,TMD,Roi Et,Chi Basin Basin
1121263,Watershed Management and Community Development Unit in the Phu Thai Conservation Forest Area,13.417764,101.883095,Thailand,ThaiWater (HII),MOU467,FOP,Chachoengsao,Bang Pakong Basin
501508,บ้านไทรงาม,14.636177,101.508056,Thailand,ThaiWater (HII),STN1480,DWR,Nakhon Ratchasima,Mun Basin
1459119,บ้านปุยุต,6.167344,101.190206,Thailand,ThaiWater (HII),STN2254,DWR,Yala,Peninsula - Lower East Coast Basin
1150,บ้านโนนสมบูรณ์,17.456776,101.505349,Thailand,ThaiWater (HII),STN0324,DWR,Loei,Northeast Khong Basin
528796,ปตร.ประชาร่วมใจ,13.8212,100.74717,Thailand,ThaiWater (HII),RF.MBR.02,BMA,Bangkok,Chao Phraya Basin
1080991,บ้านละหาด,6.007395,101.194236,Thailand,ThaiWater (HII),STN1702,DWR,Yala,Peninsula - Lower East Coast Basin
1459070,ชุมชนวังปาตอง,13.682056,102.504417,Thailand,ThaiWater (HII),STN2205,DWR,Sa Kaeo,Tonle Sap Basin
62,Tha Manao,15.19934,101.16389,Thailand,ThaiWater (HII),LNR1,HII,Lop Buri,Pasak Basin
855497,Upper Mun Basin Watershed Conservation Development Study Center,14.467833,101.590866,Thailand,ThaiWater (HII),MOU107,FOP,Nakhon Ratchasima,Mun Basin
492351,Dhammaraja Gate,14.07636,100.89392,Thailand,ThaiWater (HII),ATG082,HII,Pathum Thani,Chao Phraya Basin
64,Nong Makha,15.4321,100.9245,Thailand,ThaiWater (HII),NMKH,HII,Lop Buri,Pasak Basin
241,Lam Nang Rong,14.1899,102.68618,Thailand,ThaiWater (HII),LNRG,HII,Buri Ram,Mun Basin
501497,บ้านท่าปุยตก,17.238224,99.021362,Thailand,ThaiWater (HII),STN1469,DWR,Tak,Ping Basin
1316898,โรงเรียนบ้านหนองหอย,16.20698,103.137005,Thailand,ThaiWater (HII),ridtele_TE.118,RID,Maha Sarakham,Chi Basin Basin
1083,บ้านระเริง,14.581153,101.710822,Thailand,ThaiWater (HII),STN0276,DWR,Nakhon Ratchasima,Mun Basin
167,Yothaka Bridge,13.974951,101.14307,Thailand,ThaiWater (HII),NYK014,HII,Prachin Buri,Bang Pakong Basin
1768,บ้านห้วยน้ำใส,13.352029,99.395485,Thailand,ThaiWater (HII),STN0792,DWR,Ratchaburi,Mae Klong Basin
1117,บ้านใหม่พัฒนา,17.593252,101.703724,Thailand,ThaiWater (HII),STN0321,DWR,Loei,Northeast Khong Basin
501198,บ้านหนองบัว,17.136536,101.641995,Thailand,ThaiWater (HII),STN1160,DWR,Loei,Northeast Khong Basin
479236,Songkhram 3,17.59971,103.98087,Thailand,ThaiWater (HII),TBW028,HII,Sakon Nakhon,Northeast Khong Basin
1101122,บ้านเลขที่ 29/2 หมู่ 1,16.907274,99.880561,Thailand,ThaiWater (HII),TE92,DISASTER,Sukhothai,Yom Basin
1109543,Ban Non Teng School,15.486808,102.24148,Thailand,ThaiWater (HII),ONE054,HII,Nakhon Ratchasima,Mun Basin
669,Phrom Phiram,17.02166,100.19216,Thailand,ThaiWater (HII),PPRM,HII,Phitsanulok,Nan Basin
455217,UTHAITHANI,15.37417,100.03889,Thailand,ThaiWater (HII),48410,TMD,Uthai Thani,Sakae Krang Basin
1109594,Ban Nong O Noi School,17.356909,102.60082,Thailand,ThaiWater (HII),ONE105,HII,Udon Thani,Northeast Khong Basin
748,Nakhon Chai Si Bridge,13.79217,100.19817,Thailand,ThaiWater (HII),THA008,HII,Nakhon Pathom,Tha Chin Basin
897,Yala Irragation,6.5374,101.25938,Thailand,ThaiWater (HII),STH017,HII,Yala,Peninsula - Lower East Coast Basin
3653,LOEI,17.45,101.73333,Thailand,ThaiWater (HII),48353,TMD,Loei,Northeast Khong Basin
668,Nakhon Pa Mak Ruamjai Bridge,16.60887,100.36977,Thailand,ThaiWater (HII),VLGE12,HII,Phitsanulok,Nan Basin
240,Nong Kong,14.69467,102.88834,Thailand,ThaiWater (HII),BNKP,HII,Buri Ram,Mun Basin
501509,บ้านคลองเดื่อ,14.514054,101.442372,Thailand,ThaiWater (HII),STN1481,DWR,Nakhon Ratchasima,Mun Basin
1799,บ้านปางไม้,12.66131,99.540425,Thailand,ThaiWater (HII),STN1013,DWR,Phetchaburi,Phetchaburi - Prachuap Khiri Khan Basin
1040,บ้านดงจิก,12.992358,102.304401,Thailand,ThaiWater (HII),STN0991,DWR,Chanthaburi,Tonle Sap Basin
528797,ส.คลองบางเขนใหม่,13.81729,100.5105,Thailand,ThaiWater (HII),RF.BSU.02,BMA,Bangkok,Chao Phraya Basin
1123867,บ้านห้วยขะยุง,14.911552,104.594625,Thailand,ThaiWater (HII),STN2029,DWR,Si Sa Ket,Mun Basin
1123732,บ้านถ้ำกองเพล,17.23537,102.533205,Thailand,ThaiWater (HII),STN1894,DWR,Nong Bua Lam Phu,Northeast Khong Basin
1316850,ท้ายเขื่อนลำปะทาว,16.063514,102.040562,Thailand,ThaiWater (HII),ridtele_TE.102,RID,Chaiyaphum,Chi Basin Basin
1138,บ้านผึ้ง,17.230988,101.325125,Thailand,ThaiWater (HII),STN0456,DWR,Loei,Pasak Basin
1109511,Khlong Sam Bat Ban Kut Phiman,15.31065,101.74405,Thailand,ThaiWater (HII),ONE022,HII,Nakhon Ratchasima,Mun Basin
3743,KRABI,8.10361,98.97528,Thailand,ThaiWater (HII),48563,TMD,Krabi,Peninsula - West Coast Basin
172,Krok Sombun,13.77716,101.65875,Thailand,ThaiWater (HII),RBPI,HII,Prachin Buri,Bang Pakong Basin
325,Ban Phai,16.11661,102.70679,Thailand,ThaiWater (HII),BNPI,HII,Khon Kaen,Chi Basin Basin
298,Chi 1,15.93316,101.69951,Thailand,ThaiWater (HII),CHI001,HII,Chaiyaphum,Chi Basin Basin
9931004,Ban Kamphi,15.95648,103.1543,Thailand,ThaiWater (HII),LDD002,HII,Maha Sarakham,Mun Basin
1080880,บ้านแผ่นดินเย็น,13.960406,102.505896,Thailand,ThaiWater (HII),STN1591,DWR,Sa Kaeo,Tonle Sap Basin
271,Upper Tat Noi Weir,15.310568,104.45604,Thailand,ThaiWater (HII),WEI091,HII,Ubon Ratchathani,Chi Basin Basin
638730,Watershed Management Unit of Pha Wiang,17.730116,99.574196,Thailand,ThaiWater (HII),MOU065,FOP,Sukhothai,Yom Basin
1080877,บ้านใหม่ศรีจำปา,13.907834,102.377541,Thailand,ThaiWater (HII),STN1588,DWR,Sa Kaeo,Bang Pakong Basin
492350,Upper Dhammaraja Gate,14.07771,100.89208,Thailand,ThaiWater (HII),ATG081,HII,Pathum Thani,Chao Phraya Basin
558654,Ban Kut Lo,16.293755,101.904798,Thailand,ThaiWater (HII),URCD02,EGAT,Chaiyaphum,Chi Basin Basin
1667,บ้านปางขนุน,16.46868,99.258865,Thailand,ThaiWater (HII),STN0445,DWR,Kamphaeng Phet,Ping Basin
1755,บ้านทุ่งเจดีย์,13.585505,99.251429,Thailand,ThaiWater (HII),STN0094,DWR,Ratchaburi,Mae Klong Basin
1018,ชุมชนเขาสามยอด (บ้านน้ำจั้น หมู่ 2),14.825584,100.69195,Thailand,ThaiWater (HII),STN0674,DWR,Lop Buri,Chao Phraya Basin
1070,บ้านคลองเพล,14.516402,101.377397,Thailand,ThaiWater (HII),STN0551,DWR,Nakhon Ratchasima,Mun Basin
1239669,Mae Thang River Bridge,18.2166,100.3885,Thailand,ThaiWater (HII),MOU341,FOP,Phrae,Yom Basin
1101044,ศาลาเอนกประสงค์ หมู่ 6,13.32752,99.42513,Thailand,ThaiWater (HII),TD93,DISASTER,Ratchaburi,Mae Klong Basin
1121217,Watershed Management and Community Development Unit in the Thung Lui Lai Conservation Forest Area,16.499163,101.67309,Thailand,ThaiWater (HII),MOU233,FOP,Chaiyaphum,Chi Basin Basin
1121271,Pa Sak Watershed Conservation Development Study Center,17.082167,101.45538,Thailand,ThaiWater (HII),MOU477,FOP,Phetchabun,Pasak Basin
516208,Doi Phu Kha National Park,19.20395,101.07764,Thailand,ThaiWater (HII),FOP003,FOP,Nan,Nan Basin
642,Tanot,16.83377,99.80269,Thailand,ThaiWater (HII),KRMT,HII,Sukhothai,Yom Basin
479217,Na So,15.983,104.31134,Thailand,ThaiWater (HII),TBR018,HII,Yasothon,Mun Basin
501295,บ้านม่วง,18.175632,102.169178,Thailand,ThaiWater (HII),STN1262,DWR,Nong Khai,Northeast Khong Basin
1080984,บ้านสลาแด,6.32976,101.262076,Thailand,ThaiWater (HII),STN1695,DWR,Yala,Peninsula - Lower East Coast Basin
1155,บ้านร่องไผ่,17.55791,101.509354,Thailand,ThaiWater (HII),STN0148,DWR,Loei,Northeast Khong Basin
1096,บ้านโป่งนกสามัคคี,15.769466,101.52341,Thailand,ThaiWater (HII),STN0977,DWR,Chaiyaphum,Chi Basin Basin
500145,บ้านโนนสมบูรณ์,14.777422,101.341215,Thailand,ThaiWater (HII),STN1476,DWR,Nakhon Ratchasima,Pasak Basin
1772,บ้านพุน้ำร้อน,13.931164,99.082945,Thailand,ThaiWater (HII),STN0265,DWR,Kanchanaburi,Mae Klong Basin
1771,บ้านห้วยน้ำขาว,13.897841,99.146975,Thailand,ThaiWater (HII),STN0266,DWR,Kanchanaburi,Mae Klong Basin
1459090,บ้านปูโง๊ะ,6.242772,101.680284,Thailand,ThaiWater (HII),STN2225,DWR,Narathiwat,Peninsula - Lower East Coast Basin
1160,บ้านน้ำจันทร์,17.348342,101.576757,Thailand,ThaiWater (HII),STN0355,DWR,Loei,Northeast Khong Basin
1649,บ้านใหม่ศรีนคร,15.788101,99.458804,Thailand,ThaiWater (HII),STN0559,DWR,Nakhon Sawan,Sakae Krang Basin
1651,บ้านตลิ่งสูง,15.912504,99.418904,Thailand,ThaiWater (HII),STN0560,DWR,Nakhon Sawan,Sakae Krang Basin
720,Bo Phloi,14.30446,99.50889,Thailand,ThaiWater (HII),BOP1,HII,Kanchanaburi,Mae Klong Basin
13895,Ban Nong Khla School,7.61854,99.4491,Thailand,ThaiWater (HII),SWR028,HII,Trang,Peninsula - West Coast Basin
492360,Cholmakpijarn Gate,14.7706,100.08824,Thailand,ThaiWater (HII),ATG132,HII,Suphan Buri,Tha Chin Basin
1109560,Ban Hin Thoen School,14.064819,102.01052,Thailand,ThaiWater (HII),ONE071,HII,Prachin Buri,Bang Pakong Basin
232,Nong Kut YaiCommunuty,14.85901,103.36127,Thailand,ThaiWater (HII),VLGE44,HII,Buri Ram,Mun Basin
501460,บ้านใหม่พัฒนา,17.944352,101.970657,Thailand,ThaiWater (HII),STN1431,DWR,Loei,Northeast Khong Basin
1316823,อ่างเก็บน้ำห้วยหลวง,17.375118,102.599133,Thailand,ThaiWater (HII),ridtele_TKH.130,RID,Udon Thani,Northeast Khong Basin
1149,บ้านห้วยม่วง,17.467121,101.842099,Thailand,ThaiWater (HII),STN0151,DWR,Loei,Northeast Khong Basin
3461,อ.นากลาง,17.307088,102.1888,Thailand,ThaiWater (HII),URTU12,EGAT,Nong Bua Lam Phu,Chi Basin Basin
855492,Tat Ton National Parks,15.984448,102.03773,Thailand,ThaiWater (HII),MOU102,FOP,Chaiyaphum,Chi Basin Basin
1317010,บ้านท่าปาบ(X.230),7.565272,99.686577,Thailand,ThaiWater (HII),ridtele_TX.230,RID,Trang,Peninsula - West Coast Basin
528813,จุดวัด ค.ประเวศฯ-วัดขจรศิริ,13.71545,100.6415,Thailand,ThaiWater (HII),RF.SLG.02,BMA,Bangkok,Chao Phraya Basin
501581,บ้านห้วยทรายเหนือ,16.868553,100.977428,Thailand,ThaiWater (HII),STN1555,DWR,Phitsanulok,Nan Basin
1074,บ้านคลองดินดำ,14.523982,101.476869,Thailand,ThaiWater (HII),STN0986,DWR,Nakhon Ratchasima,Mun Basin
501551,บ้านเหล่ากอหก,17.496022,100.879407,Thailand,ThaiWater (HII),STN1523,DWR,Loei,Northeast Khong Basin
908,Yala Land Office,6.17036,101.18082,Thailand,ThaiWater (HII),STH016,HII,Yala,Peninsula - Lower East Coast Basin
1459066,ชุมชนหนองสาหร่าย (สะพานขาว),14.717627,101.430923,Thailand,ThaiWater (HII),STN2201,DWR,Nakhon Ratchasima,Mun Basin
1601379,Huai So reservoir,17.6021,102.11572,Thailand,ThaiWater (HII),RES057,HII,Nong Bua Lam Phu,Northeast Khong Basin
1118529,ศาลากลางบ้าน บ้านนาดง หมู่ 4,18.09839,99.62976,Thailand,ThaiWater (HII),TE08,DISASTER,Lampang,Wang Basin
479233,Chi 1-1,16.259254,103.69041,Thailand,ThaiWater (HII),TBW025,HII,Kalasin,Chi Basin Basin
3746,KO LANTA,7.54267,99.04953,Thailand,ThaiWater (HII),48566,TMD,Krabi,Not specify
492359,Upper Cholmakpijarn Gate,14.77118,100.0884,Thailand,ThaiWater (HII),ATG131,HII,Suphan Buri,Tha Chin Basin
3659,NONG BUA LAM PHU,17.2325,102.42944,Thailand,ThaiWater (HII),48360,TMD,Nong Bua Lam Phu,Chi Basin Basin
192,Ta Phraya,14.051278,102.88541,Thailand,ThaiWater (HII),TON001,HII,Sa Kaeo,Tonle Sap Basin
3670,MAHASARAKHAM,16.24722,103.06805,Thailand,ThaiWater (HII),48382,TMD,Maha Sarakham,Chi Basin Basin
740724,Ban Khao Paeng School,17.689745,103.94735,Thailand,ThaiWater (HII),FOP023,FOP,Sakon Nakhon,Northeast Khong Basin
11648258,Ban Khan Maenam Bon Bridge,16.81476,99.80374,Thailand,ThaiWater (HII),SKT004,HII,Sukhothai,Yom Basin
501451,บ้านซำม่วง,16.91873,101.585674,Thailand,ThaiWater (HII),STN1422,DWR,Phetchabun,Chi Basin Basin
528798,ปตร.บึงขวาง,13.79988,100.74482,Thailand,ThaiWater (HII),RF.MBR.03,BMA,Bangkok,Bang Pakong Basin
1080878,บ้านหนองผักแว่น,14.040789,102.577395,Thailand,ThaiWater (HII),STN1589,DWR,Sa Kaeo,Tonle Sap Basin
501552,บ้านพุม่วง,15.015938,100.863294,Thailand,ThaiWater (HII),STN1524,DWR,Lop Buri,Chao Phraya Basin
528806,จุดวัด ค.แสนแสบ-เขตบางกะปิ,13.76528,100.64773,Thailand,ThaiWater (HII),RF.BKP.02,BMA,Bangkok,Chao Phraya Basin
1123810,บ้านหนองกวาง,12.561886,102.288815,Thailand,ThaiWater (HII),STN1972,DWR,Chanthaburi,East Coast Gulf Basin
1316792,บ้านเพีย,17.531059,101.834182,Thailand,ThaiWater (HII),ridtele_TKL.125,RID,Loei,Northeast Khong Basin
1094,บ้านซับมงคล,15.830751,101.458516,Thailand,ThaiWater (HII),STN0975,DWR,Chaiyaphum,Chi Basin Basin
1027,บ้านโป่งไทร,15.001741,101.369572,Thailand,ThaiWater (HII),STN0676,DWR,Saraburi,Pasak Basin
1123879,บ้านไร่อ้อย,17.357691,100.066589,Thailand,ThaiWater (HII),STN2041,DWR,Uttaradit,Nan Basin
1754,บ้านห้วยผาก,13.511301,99.2544,Thailand,ThaiWater (HII),STN0564,DWR,Ratchaburi,Mae Klong Basin
675,Nan 13,16.8222,100.43159,Thailand,ThaiWater (HII),NAN013,HII,Phitsanulok,Nan Basin
617,Sa Lok Bat,15.97907,99.82462,Thailand,ThaiWater (HII),SLBC,HII,Kamphaeng Phet,Chao Phraya Basin
1601358,Ang Mae Yon Santonkaew,17.97243,99.48753,Thailand,ThaiWater (HII),RES036,HII,Lampang,Wang Basin
1241194,Ton Nam Yom Research Station,18.2346,100.3548,Thailand,ThaiWater (HII),MOU350,FOP,Phrae,Yom Basin
27,Krung Thep 2,13.96562,100.60262,Thailand,ThaiWater (HII),BKK002,HII,Pathum Thani,Chao Phraya Basin
501457,บ้านสำนักตูมกา,15.865841,101.593516,Thailand,ThaiWater (HII),STN1428,DWR,Chaiyaphum,Chi Basin Basin
1080881,บ้าน กม.80,14.317818,101.837874,Thailand,ThaiWater (HII),STN1592,DWR,Prachin Buri,Bang Pakong Basin
740729,Ban Pak Suat Community Bridge,8.889655,98.82028,Thailand,ThaiWater (HII),FOP028,FOP,Surat Thani,Peninsula - Upper East Coast Basin
501120,บ้านท่าแพ,17.492346,101.699451,Thailand,ThaiWater (HII),STN1079,DWR,Loei,Northeast Khong Basin
3656,SAKON NAKHON,17.15,104.13333,Thailand,ThaiWater (HII),48356,TMD,Sakon Nakhon,Northeast Khong Basin
1674,บ้านคลองมดแดง,16.406402,99.237542,Thailand,ThaiWater (HII),STN0443,DWR,Kamphaeng Phet,Ping Basin
1734,บ้านวังลาด,16.17415,100.911551,Thailand,ThaiWater (HII),STN0316,DWR,Phetchabun,Nan Basin
1316915,สถานีเขื่อนลำปาว,16.604,103.46321,Thailand,ThaiWater (HII),ridtele_LP-06,RID,Kalasin,Chi Basin Basin
501415,บ้านห้วยทอง,17.256431,101.288375,Thailand,ThaiWater (HII),STN1385,DWR,Loei,Northeast Khong Basin
357,Don Wan,16.008,103.31885,Thailand,ThaiWater (HII),BDWN,HII,Maha Sarakham,Chi Basin Basin
528791,ปตร.พระยาสุเรนทร์,13.92126,100.68741,Thailand,ThaiWater (HII),RF.SMI.03,BMA,Bangkok,Chao Phraya Basin
1080869,บ้านเขาหัวนา,14.344969,101.11381,Thailand,ThaiWater (HII),STN1580,DWR,Nakhon Nayok,Bang Pakong Basin
348,Khong 1,17.312359,101.7726,Thailand,ThaiWater (HII),KON001,HII,Loei,Northeast Khong Basin
162,Prachinburi 1,13.986616,101.70547,Thailand,ThaiWater (HII),PRC001,HII,Prachin Buri,Bang Pakong Basin
130,Na Yai Am,12.77083,101.85303,Thailand,ThaiWater (HII),MMNY,HII,Chanthaburi,East Coast Gulf Basin
25,Rajniyom,14.10388,100.32209,Thailand,ThaiWater (HII),BKNH,HII,Nonthaburi,Chao Phraya Basin
1987,บ้านหัวเขาท่ากอ,9.953241,99.127043,Thailand,ThaiWater (HII),STN0724,DWR,Chumphon,Peninsula - Upper East Coast Basin
1100860,ศาลาประชาคม บ้านท่าเยี่ยม หมู่ 6,16.20684,103.52388,Thailand,ThaiWater (HII),TA20,DISASTER,Kalasin,Chi Basin Basin
528755,สนข.คลองสามวา,13.8599,100.70424,Thailand,ThaiWater (HII),RF.KSW.01,BMA,Bangkok,Chao Phraya Basin
1080896,บ้านทุ่งลัง,6.547067,100.734004,Thailand,ThaiWater (HII),STN1607,DWR,Songkhla,Thale Sap Songkhla Basin
500152,บ้านปากรอง,17.302652,100.671239,Thailand,ThaiWater (HII),STN1549,DWR,Phitsanulok,Nan Basin
3727,CHANTHA BURI,12.61667,102.11333,Thailand,ThaiWater (HII),48480,TMD,Chanthaburi,East Coast Gulf Basin
501112,บ้านท่าวังแคน,17.599579,101.75623,Thailand,ThaiWater (HII),STN1071,DWR,Loei,Northeast Khong Basin
1396860,Khlong Takhrai Bridge,14.321305,101.30604,Thailand,ThaiWater (HII),MOU462,FOP,Nakhon Nayok,Bang Pakong Basin
3678,TAKFA AGROMET.,15.34944,100.53028,Thailand,ThaiWater (HII),48401,TMD,Nakhon Sawan,Chao Phraya Basin
13880,Dong Mai Ngam,11.31588,99.4664,Thailand,ThaiWater (HII),SWR013,HII,Prachuap Khiri Khan,Phetchaburi - Prachuap Khiri Khan Basin
1137134,ที่ทำการผู้ใหญ่บ้าน หมู่ 5,15.97592,100.13627,Thailand,ThaiWater (HII),TC29,DISASTER,Nakhon Sawan,Nan Basin
690,Phetchabun,16.44121,101.14906,Thailand,ThaiWater (HII),KHPB,HII,Phetchabun,Pasak Basin
693,Pa Sak 1,16.78151,101.2467,Thailand,ThaiWater (HII),PAS001,HII,Phetchabun,Pasak Basin
1109590,Tambon Health Promoting Hospital of Charat,14.431366,103.962074,Thailand,ThaiWater (HII),ONE101,HII,Surin,Mun Basin
3683,UBON RATCHATHANI,15.25,104.86667,Thailand,ThaiWater (HII),48407,TMD,Ubon Ratchathani,Mun Basin
665,Chum Saeng Songkhram Communuty,16.8586,100.05965,Thailand,ThaiWater (HII),VLGE13,HII,Phitsanulok,Yom Basin
3696,SUVARNABHUMI AIRPORT,13.68639,100.7675,Thailand,ThaiWater (HII),48429,TMD,Samut Prakan,Bang Pakong Basin
855505,National Park Protection Unit of Ko Yo 10 (Prachantakham),14.181167,101.592064,Thailand,ThaiWater (HII),MOU115,FOP,Prachin Buri,Bang Pakong Basin
492370,Chong Khae Gate,15.14554,100.41321,Thailand,ThaiWater (HII),ATG182,HII,Nakhon Sawan,Chao Phraya Basin
3689,BUA CHUM,15.26667,101.18736,Thailand,ThaiWater (HII),48418,TMD,Lop Buri,Pasak Basin
492369,Upper Chong Khae Gate,15.14624,100.41298,Thailand,ThaiWater (HII),ATG181,HII,Nakhon Sawan,Chao Phraya Basin
149,Bang Nam Priao,13.83819,100.9666,Thailand,ThaiWater (HII),BKK016,HII,Chachoengsao,Bang Pakong Basin
1601378,Taluk Hin Reservoir,16.81018,99.08733,Thailand,ThaiWater (HII),RES056,HII,Tak,Ping Basin
528756,สนข.มีนบุรี,13.8136,100.73122,Thailand,ThaiWater (HII),RF.MBR.01,BMA,Bangkok,Chao Phraya Basin
1080,บ้านวังขอน,14.514877,101.761444,Thailand,ThaiWater (HII),STN0776,DWR,Nakhon Ratchasima,Mun Basin
1079,บ้านซับไทรทอง,14.503397,101.81842,Thailand,ThaiWater (HII),STN0983,DWR,Nakhon Ratchasima,Mun Basin
1123751,บ้านไทรคู่,11.306489,99.448436,Thailand,ThaiWater (HII),STN1913,DWR,Prachuap Khiri Khan,Phetchaburi - Prachuap Khiri Khan Basin
855503,National Park Protection Unit of To Yo 5 (Ba Ranae),14.249989,102.97801,Thailand,ThaiWater (HII),MOU113,FOP,Buri Ram,Mun Basin
1316906,วัดโพธิ์ศรีท่าแห่,16.236934,103.429004,Thailand,ThaiWater (HII),ridtele_TE.126,RID,Kalasin,Chi Basin Basin
1316459,ท่าก่อบง,20.125752,100.030184,Thailand,ThaiWater (HII),ridtele_TG16,RID,Chiang Rai,North Khong Basin
272,Tat Noi Weir,15.310821,104.45699,Thailand,ThaiWater (HII),WEI092,HII,Ubon Ratchathani,Chi Basin Basin
501229,บ้านด่าน,17.996171,99.509398,Thailand,ThaiWater (HII),STN1195,DWR,Lampang,Wang Basin
1080863,บ้านม่วงลีบ,8.988996,99.602351,Thailand,ThaiWater (HII),STN1574,DWR,Surat Thani,Peninsula - Upper East Coast Basin
700591,สะพานมิตรภาพชุมพล,13.56012,99.36201,Thailand,ThaiWater (HII),MKVKD08,EGAT,Ratchaburi,Mae Klong Basin
358,Mueang Maha Sarakham,16.23231,103.27106,Thailand,ThaiWater (HII),CHI012,HII,Maha Sarakham,Chi Basin Basin
1316771,วัดบางคนฑีใน,13.4913,99.9445,Thailand,ThaiWater (HII),ridtele_TK.72,RID,Samut Songkhram,Mae Klong Basin
528761,สนข.สวนหลวง,13.73043,100.65154,Thailand,ThaiWater (HII),RF.SLG.01,BMA,Bangkok,Chao Phraya Basin
9701060,วัดศรีบุญเรือง หมู่ที่ 4 บ้านน้ำจันทร์,17.3483,101.57654,Thailand,ThaiWater (HII),NN06,DISASTER,Loei,Northeast Khong Basin
743,Kamphaeng Saen,14.00326,99.98091,Thailand,ThaiWater (HII),KSKP,HII,Nakhon Pathom,Tha Chin Basin
279,Khi Lek,15.34233,104.82156,Thailand,ThaiWater (HII),BHRA,HII,Ubon Ratchathani,Mun Basin
342,Khong 2,17.509344,101.73663,Thailand,ThaiWater (HII),KON002,HII,Loei,Northeast Khong Basin
528800,ปตร.คลองแสนแสบ-บางชัน,13.79734,100.70451,Thailand,ThaiWater (HII),RF.SPS.02,BMA,Bangkok,Chao Phraya Basin
1665,บ้านโป่งสามสิบ,15.44668,99.453534,Thailand,ThaiWater (HII),STN0270,DWR,Uthai Thani,Sakae Krang Basin
501127,บ้านกกโพธิ์ริมน้ำสาน,17.423521,101.301646,Thailand,ThaiWater (HII),STN1086,DWR,Loei,Northeast Khong Basin
1032,บ้านเจ็ดลูกเนิน,12.777539,101.3988,Thailand,ThaiWater (HII),STN0277,DWR,Rayong,East Coast Gulf Basin
501121,บ้านซำรู้,16.939047,100.816776,Thailand,ThaiWater (HII),STN1080,DWR,Phitsanulok,Nan Basin
1877,บ้านคลองแรด,8.34012,98.683089,Thailand,ThaiWater (HII),STN0815,DWR,Krabi,Peninsula - West Coast Basin
501230,บ้านแดนชุมพล,18.367695,100.205709,Thailand,ThaiWater (HII),STN1196,DWR,Phrae,Yom Basin
3669,KHON KAEN,16.46111,102.78972,Thailand,ThaiWater (HII),48381,TMD,Khon Kaen,Chi Basin Basin
13875,Naresuan Ban Huai Sok Border Patrol Police School,12.66014,99.53867,Thailand,ThaiWater (HII),SWR008,HII,Phetchaburi,Phetchaburi - Prachuap Khiri Khan Basin
163,Kong Udom,14.06948,101.80991,Thailand,ThaiWater (HII),MKKB,HII,Prachin Buri,Bang Pakong Basin
855482,Watershed Management and Community Development Unit in the Huai Luang Conservation Forest Area,17.078602,102.56056,Thailand,ThaiWater (HII),MOU092,FOP,Udon Thani,Northeast Khong Basin
1121270,Watershed Management and Community Development Unit in the Khlong Sato Conservation Forest Area,12.5973,102.608,Thailand,ThaiWater (HII),MOU476,FOP,Trat,East Coast Gulf Basin
1121243,Tha Sa Kae Bridge,17.253153,100.62827,Thailand,ThaiWater (HII),MOU385,FOP,Phitsanulok,Nan Basin
3,Krung Thep 9,13.7407,100.79468,Thailand,ThaiWater (HII),BKK009,HII,Bangkok,Bang Pakong Basin
1106454,Khlong Sai Huai Kaeo Pumping Station,15.082755,100.554504,Thailand,ThaiWater (HII),TCP008,HII,Lop Buri,Chao Phraya Basin
246,Na Nong Phai,15.35046,103.47537,Thailand,ThaiWater (HII),NANP,HII,Surin,Mun Basin
1119540,บ้านคลองประสงค์ หมู่2,8.02719,98.88746,Thailand,ThaiWater (HII),WB16,DISASTER,Krabi,Peninsula - West Coast Basin
159,Khlong Takrao,13.41823,101.64146,Thailand,ThaiWater (HII),NKOK,HII,Chachoengsao,Bang Pakong Basin
3703,NANG RONG,14.58333,102.8,Thailand,ThaiWater (HII),48436,TMD,Buri Ram,Mun Basin
501388,บ้านปลาบ่า,17.383948,101.358,Thailand,ThaiWater (HII),STN1358,DWR,Loei,Northeast Khong Basin
363,Non Daeng,15.89121,103.07812,Thailand,ThaiWater (HII),NNDG,HII,Maha Sarakham,Mun Basin
1080872,บ้านวังชุมทอง,13.383704,102.016914,Thailand,ThaiWater (HII),STN1583,DWR,Sa Kaeo,Bang Pakong Basin
1144,บ้านขามป้อม,17.345099,101.295021,Thailand,ThaiWater (HII),STN0149,DWR,Loei,Northeast Khong Basin
1317019,คลองท่าแซะ,10.921667,99.218889,Thailand,ThaiWater (HII),ridtele_TSN03,RID,Chumphon,Peninsula - Upper East Coast Basin
1073,บ้านขนงพระใต้,14.618429,101.443977,Thailand,ThaiWater (HII),STN0985,DWR,Nakhon Ratchasima,Mun Basin
1980,บ้านวังทอง,10.745374,99.274829,Thailand,ThaiWater (HII),STN0495,DWR,Chumphon,Peninsula - Upper East Coast Basin
1121215,Watershed Management and Community Development Unit in the Lamchi Conservation Forest Area,16.824013,103.77959,Thailand,ThaiWater (HII),MOU231,FOP,Kalasin,Chi Basin Basin
389,Nikhom Nam Un,17.20412,103.68705,Thailand,ThaiWater (HII),NKNN,HII,Sakon Nakhon,Northeast Khong Basin
475,NAN 14,17.41834,100.13075,Thailand,ThaiWater (HII),NAN014,HII,Uttaradit,Nan Basin
625,Tak Province,16.87779,99.13964,Thailand,ThaiWater (HII),KTKB,HII,Tak,Ping Basin
72,Pho Chai,14.9972,100.42356,Thailand,ThaiWater (HII),PCHI,HII,Sing Buri,Chao Phraya Basin
334,Khlang Mueang Udon,17.41293,102.78866,Thailand,ThaiWater (HII),KUDN,HII,Udon Thani,Northeast Khong Basin
1109566,Huai Chan Temple,13.98736,102.43794,Thailand,ThaiWater (HII),ONE077,HII,Sa Kaeo,Bang Pakong Basin
740728,Ban Pak Suat Community Museum,8.900032,98.80356,Thailand,ThaiWater (HII),FOP027,FOP,Surat Thani,Peninsula - Upper East Coast Basin
3705,KABIN BURI,13.98333,101.70722,Thailand,ThaiWater (HII),48439,TMD,Prachin Buri,Bang Pakong Basin
3655,SAKON NAKHON AGROMET.,17.12503,104.061,Thailand,ThaiWater (HII),48355,TMD,Sakon Nakhon,Northeast Khong Basin
1076,บ้านเทพนิมิตร,14.457912,101.643218,Thailand,ThaiWater (HII),STN0058,DWR,Nakhon Ratchasima,Mun Basin
528835,จุดวัด ค.บึงใหญ่-วัดทองสัมฤทธิ์,13.80045,100.78827,Thailand,ThaiWater (HII),RF.MBR.05,BMA,Bangkok,Bang Pakong Basin
1918,บ้านเหนือ,9.705919,100.02576,Thailand,ThaiWater (HII),STN0831,DWR,Surat Thani,Peninsula - Upper East Coast Basin
3533,ลำโดมใหญ่ บ้านนาเยีย,15.07663,105.07114,Thailand,ThaiWater (HII),PMTS7,EGAT,Ubon Ratchathani,Mun Basin
501419,บ้านห้วยลาด,16.95588,101.503643,Thailand,ThaiWater (HII),STN1389,DWR,Phetchabun,Pasak Basin
1123743,บ้านวังโพน,16.013158,101.986295,Thailand,ThaiWater (HII),STN1905,DWR,Chaiyaphum,Chi Basin Basin
1376,บ้านเกี๋ยงพา,18.164938,99.949071,Thailand,ThaiWater (HII),STN0908,DWR,Phrae,Yom Basin
1080876,บ้านกลุ่มตาขวัญ,13.339044,102.31078,Thailand,ThaiWater (HII),STN1587,DWR,Sa Kaeo,Bang Pakong Basin
1316803,เขื่อนน้ำอูน,17.308556,103.737882,Thailand,ThaiWater (HII),ridtele_TKS.107,RID,Sakon Nakhon,Northeast Khong Basin
501272,บ้านหนองปลิง,14.710845,99.759001,Thailand,ThaiWater (HII),STN1239,DWR,Kanchanaburi,Tha Chin Basin
1785,บ้านเขาวงพระจันทร์,14.712119,99.642757,Thailand,ThaiWater (HII),STN0682,DWR,Kanchanaburi,Tha Chin Basin
1556822,Mae Ramat Bridge,16.983826,98.52675,Thailand,ThaiWater (HII),MOU172,FOP,Tak,Salawin Basin
855471,Watershed Management and Community Development Unit in the Nam Phang Conservation Forest Area,16.950552,101.62511,Thailand,ThaiWater (HII),MOU081,FOP,Phetchabun,Chi Basin Basin
695,Lom Kao,16.88067,101.23835,Thailand,ThaiWater (HII),LMKO,HII,Phetchabun,Pasak Basin
1391957,Watershed Management and Community Development Unit in Khlong Song Conservation Forest Area,14.595323,101.73728,Thailand,ThaiWater (HII),MOU257,FOP,Nakhon Ratchasima,Mun Basin
855483,Chi River Basin Watershed Conservation Development Study Center,16.931898,102.70161,Thailand,ThaiWater (HII),MOU093,FOP,Khon Kaen,Chi Basin Basin
1121256,Huai Sak Watershed Conservation and Management Unit,17.249916,101.383064,Thailand,ThaiWater (HII),MOU426,FOP,Loei,Northeast Khong Basin
1121262,Forest Protection Of Khlong Phok,13.246144,102.110344,Thailand,ThaiWater (HII),MOU464,FOP,Chanthaburi,Bang Pakong Basin
692,Chon Daen,16.17908,100.90167,Thailand,ThaiWater (HII),CNDN,HII,Phetchabun,Nan Basin
388,Phang Khon,17.3986,103.71425,Thailand,ThaiWater (HII),PGKH,HII,Sakon Nakhon,Northeast Khong Basin
200,Klong Prom Hod,13.705864,102.48168,Thailand,ThaiWater (HII),SKE003,HII,Sa Kaeo,Tonle Sap Basin
1123996,บ้านไทยพัฒนา,6.139619,101.109049,Thailand,ThaiWater (HII),STN2159,DWR,Yala,Peninsula - Lower East Coast Basin
3671,MUKDAHAN,16.54139,104.72889,Thailand,ThaiWater (HII),48383,TMD,Mukdahan,Northeast Khong Basin
3726,HUAI PONG AGROMET.,12.735,101.135,Thailand,ThaiWater (HII),48479,TMD,Rayong,East Coast Gulf Basin
1123730,บ้านกุดแห่,17.332035,102.183672,Thailand,ThaiWater (HII),STN1892,DWR,Nong Bua Lam Phu,Chi Basin Basin
115,Mueang Klaeng,12.802991,101.65024,Thailand,ThaiWater (HII),RAY001,HII,Rayong,East Coast Gulf Basin
501350,บ้านนาริน,17.57444,99.07966,Thailand,ThaiWater (HII),STN1320,DWR,Lampang,Wang Basin
685,Pho Thale,16.09378,100.26013,Thailand,ThaiWater (HII),PTLE,HII,Phichit,Yom Basin
501436,บ้านหนองบัว,17.447872,101.359649,Thailand,ThaiWater (HII),STN1406,DWR,Loei,Northeast Khong Basin
501248,บ้านโป่งแดง,17.061694,99.271171,Thailand,ThaiWater (HII),STN1214,DWR,Tak,Ping Basin
558661,วัดศิริมังคละเต่างอย,16.994,104.172,Thailand,ThaiWater (HII),NPNPD02,EGAT,Sakon Nakhon,Northeast Khong Basin
501239,บ้านน้ำพุ,16.790193,99.624121,Thailand,ThaiWater (HII),STN1205,DWR,Sukhothai,Yom Basin
501441,บ้านซับปลากั้ง,14.941044,101.375958,Thailand,ThaiWater (HII),STN1411,DWR,Saraburi,Pasak Basin
1162,บ้านน้ำทบ,17.269411,101.597259,Thailand,ThaiWater (HII),STN0960,DWR,Loei,Northeast Khong Basin
501560,บ้านห้วยเอียด,18.284968,100.417124,Thailand,ThaiWater (HII),STN1533,DWR,Phrae,Yom Basin
1788,บ้านหินแด้น,13.780584,99.420933,Thailand,ThaiWater (HII),STN0053,DWR,Kanchanaburi,Mae Klong Basin
501513,บ้านเกษนาค้อ,14.584122,104.249948,Thailand,ThaiWater (HII),STN1485,DWR,Si Sa Ket,Mun Basin
236,Mun 12,14.633034,103.23046,Thailand,ThaiWater (HII),MUN012,HII,Buri Ram,Mun Basin
1197955,Kabinburi Industrial Zone,14.072372,101.837494,Thailand,ThaiWater (HII),KIZ001,HII,Prachin Buri,Bang Pakong Basin
9931008,Ban Krayom,15.82878,103.35448,Thailand,ThaiWater (HII),LDD004,HII,Maha Sarakham,Mun Basin
1101123,บ้านเลขที่ 221 หมู่ 8 ประปาหมู่บ้าน,16.87701,99.86265,Thailand,ThaiWater (HII),TE93,DISASTER,Sukhothai,Yom Basin
1109522,Khlong Mong Bridge,17.166727,104.118996,Thailand,ThaiWater (HII),ONE033,HII,Sakon Nakhon,Northeast Khong Basin
1082073,Wildlife Sanctuary of Khao Soidao,13.10355,102.19194,Thailand,ThaiWater (HII),SDO001,HII,Chanthaburi,Bang Pakong Basin
1101139,ศาลากลางบ้าน หมู่ 10  บ้านหนองแกกลาง,17.07616,102.29997,Thailand,ThaiWater (HII),TF64,DISASTER,Nong Bua Lam Phu,Chi Basin Basin
1601354,Huai Si Phan Reservoir,18.86476,100.47229,Thailand,ThaiWater (HII),RES032,HII,Nan,Yom Basin
1316673,วัดสง่างาม,14.031635,101.42646,Thailand,ThaiWater (HII),ridtele_TKgt52,RID,Prachin Buri,Bang Pakong Basin
1123874,บ้านท่าโปร่ง,16.835209,100.460953,Thailand,ThaiWater (HII),STN2036,DWR,Phitsanulok,Nan Basin
1123804,บ้านท่าฉาง,15.867757,102.324973,Thailand,ThaiWater (HII),STN1966,DWR,Chaiyaphum,Chi Basin Basin
501578,บ้านแก่งหิน,16.896385,99.335101,Thailand,ThaiWater (HII),STN1552,DWR,Tak,Ping Basin
1125,บ้านท่าบม (หมู่ 8),17.779542,101.77748,Thailand,ThaiWater (HII),STN0454,DWR,Loei,Northeast Khong Basin
1979,บ้านห้วยใหญ่,10.962328,99.246334,Thailand,ThaiWater (HII),STN0802,DWR,Chumphon,Peninsula - Upper East Coast Basin
1114,บ้านสะอาด,17.667466,101.836518,Thailand,ThaiWater (HII),STN0766,DWR,Loei,Northeast Khong Basin
2011,บ้านคูนายสังข์,6.833787,100.617833,Thailand,ThaiWater (HII),STN0220,DWR,Songkhla,Thale Sap Songkhla Basin
595,Sakae Krang 2,15.37086,100.04418,Thailand,ThaiWater (HII),SKG002,HII,Uthai Thani,Sakae Krang Basin
740730,Ban Suan Prang Bridge,9.021284,99.633125,Thailand,ThaiWater (HII),FOP029,FOP,Surat Thani,Peninsula - Upper East Coast Basin
110,Phlu Ta Luang,12.69861,100.9762,Thailand,ThaiWater (HII),PLTL,HII,Chon Buri,East Coast Gulf Basin
855507,National Park Protection Unit of To Yo 1 (Thap Thai),14.138174,102.88573,Thailand,ThaiWater (HII),MOU117,FOP,Sa Kaeo,Tonle Sap Basin
525,Mae Sai,19.13212,99.8765,Thailand,ThaiWater (HII),WBYN,HII,Phayao,North Khong Basin
83,Chao Phraya 3,15.3277,100.10913,Thailand,ThaiWater (HII),CPY003,HII,Chai Nat,Chao Phraya Basin
3733,RANONG,9.98333,98.61667,Thailand,ThaiWater (HII),48532,TMD,Ranong,Peninsula - West Coast Basin
3667,PHETCHABUN,16.43333,101.15,Thailand,ThaiWater (HII),48379,TMD,Phetchabun,Pasak Basin
26,Chao Phraya 14,13.94749,100.53507,Thailand,ThaiWater (HII),CPY014,HII,Nonthaburi,Chao Phraya Basin
3664,TAK,16.87833,99.14333,Thailand,ThaiWater (HII),48376,TMD,Tak,Ping Basin
1197957,Huai Yang Canal,14.136408,101.857475,Thailand,ThaiWater (HII),KIZ003,HII,Prachin Buri,Bang Pakong Basin
1396722,Watershed River Research Station,14.527594,101.33372,Thailand,ThaiWater (HII),MOU258,FOP,Nakhon Ratchasima,Mun Basin
1080935,บ้านห้วยรางโพธิ์,13.075589,99.630825,Thailand,ThaiWater (HII),STN1646,DWR,Phetchaburi,Phetchaburi - Prachuap Khiri Khan Basin
528744,สนข.บางซื่อ,13.80973,100.53723,Thailand,ThaiWater (HII),RF.BSU.01,BMA,Bangkok,Chao Phraya Basin
685649,Watershed Management and Community Development Unit in the Mae Khaning Conservation Forest Area,18.75281,100.54113,Thailand,ThaiWater (HII),MOU044,FOP,Nan,Nan Basin
1693,บ้านไหล่ท่า,16.983803,98.526704,Thailand,ThaiWater (HII),STN0839,DWR,Tak,Salawin Basin
479241,Yasothon 1,16.195435,104.52569,Thailand,ThaiWater (HII),TBW033,HII,Yasothon,Mun Basin
503103,บ้านม่วงเจริญราษฎร์,18.738199,100.683482,Thailand,ThaiWater (HII),STN1531,DWR,Nan,Nan Basin
500137,บ้านสวัสดิ์พัฒนา,17.61576,101.410068,Thailand,ThaiWater (HII),STN1357,DWR,Loei,Northeast Khong Basin
528837,ค.ประเวศฯ-รพ.ลาดกระบัง,13.72398,100.78407,Thailand,ThaiWater (HII),RF.LKB.03,BMA,Bangkok,Bang Pakong Basin
126,Thap Chang,13.2346,102.18735,Thailand,ThaiWater (HII),BTCH,HII,Chanthaburi,Bang Pakong Basin
1317217,บ้านวังกระแพร่,12.971751,102.285409,Thailand,ThaiWater (HII),ridtele_TTL.07,RID,Chanthaburi,Tonle Sap Basin
1394793,Chi Bridge,16.15583,101.65372,Thailand,ThaiWater (HII),MOU226,FOP,Chaiyaphum,Chi Basin Basin
725,Hin Dat,14.61504,98.72972,Thailand,ThaiWater (HII),BPTG,HII,Kanchanaburi,Mae Klong Basin
124,Patthawi,12.74261,102.23263,Thailand,ThaiWater (HII),PVEE,HII,Chanthaburi,East Coast Gulf Basin
1109588,Ban Khlong Yai In School,13.383314,102.127266,Thailand,ThaiWater (HII),ONE099,HII,Sa Kaeo,Bang Pakong Basin
243,Khaen Dong,15.30825,103.12405,Thailand,ThaiWater (HII),KNDG,HII,Buri Ram,Mun Basin
862849,Bueng Kan,18.41361,103.51672,Thailand,ThaiWater (HII),48363,TMD,Bueng Kan,Northeast Khong Basin
335,Khong 4,17.482368,102.79713,Thailand,ThaiWater (HII),KON004,HII,Udon Thani,Northeast Khong Basin
1198762,Huai Mae Phuak,17.96871,100.06352,Thailand,ThaiWater (HII),YOM016,HII,Phrae,Yom Basin
839,Pathiuwittaya School Communuty,10.70853,99.34739,Thailand,ThaiWater (HII),VLGE17,HII,Chumphon,Peninsula - Upper East Coast Basin
740732,Plio Waterfall,8.16269,99.75916,Thailand,ThaiWater (HII),FOP031,FOP,Nakhon Si Thammarat,Peninsula - West Coast Basin
269,Chi 11,15.32248,104.54649,Thailand,ThaiWater (HII),CHI011,HII,Ubon Ratchathani,Chi Basin Basin
855511,Wildlife Sanctuary of Khao Chi On,12.768159,100.97308,Thailand,ThaiWater (HII),MOU121,FOP,Chon Buri,East Coast Gulf Basin
849,Chana 1,6.916742,100.72962,Thailand,ThaiWater (HII),JNA001,HII,Songkhla,Thale Sap Songkhla Basin
742,Chedi,14.38422,99.96114,Thailand,ThaiWater (HII),KYKT,HII,Suphan Buri,Tha Chin Basin
1101089,บ้านด่านชัยพัฒนา หมู่ 8,13.536051,102.04176,Thailand,ThaiWater (HII),TE83,DISASTER,Sa Kaeo,Bang Pakong Basin
1484458,Watershed Management and Community Development Unit in the Regional Water Conservation Forest Area,17.4691,100.6753,Thailand,ThaiWater (HII),MOU407,FOP,Phitsanulok,Nan Basin
913,Ka Bang,6.48018,100.98265,Thailand,ThaiWater (HII),KABG,HII,Yala,Thale Sap Songkhla Basin
93,Hankha,14.96964,100.01039,Thailand,ThaiWater (HII),HNKA,HII,Chai Nat,Tha Chin Basin
9931002,Ban Hua Na Nong Chik,15.98427,103.14799,Thailand,ThaiWater (HII),LDD001,HII,Maha Sarakham,Mun Basin
1459062,บ้านคำแคน,16.301109,102.501109,Thailand,ThaiWater (HII),STN2197,DWR,Khon Kaen,Chi Basin Basin
1081003,บ้านคลองไข่มุก,6.640181,100.619208,Thailand,ThaiWater (HII),STN1714,DWR,Songkhla,Thale Sap Songkhla Basin
1123989,บ้านกาเยาะมาตี,6.550472,101.644607,Thailand,ThaiWater (HII),STN2152,DWR,Narathiwat,Peninsula - Lower East Coast Basin
1057,บ้านเขาเลื่อมใต้,13.406297,102.304654,Thailand,ThaiWater (HII),STN0998,DWR,Sa Kaeo,Bang Pakong Basin
1101038,บ้านผู้ใหญ่บ้าน หมู่ 2 บ้านบางเบน,9.60252,98.47897,Thailand,ThaiWater (HII),TH02,DISASTER,Ranong,Peninsula - West Coast Basin
501420,บ้านวังเวินพัฒนา,17.023781,101.372247,Thailand,ThaiWater (HII),STN1390,DWR,Phetchabun,Pasak Basin
501,Ban Ka Sai,18.86399,100.67626,Thailand,ThaiWater (HII),TB0001,HII,Nan,Nan Basin
3750,SATUN,6.65,100.08333,Thailand,ThaiWater (HII),48570,TMD,Satun,Peninsula - West Coast Basin
492340,Manorom Gate,15.33046,100.10331,Thailand,ThaiWater (HII),ATG021,HII,Chai Nat,Chao Phraya Basin
196,Tha Kwian,13.68734,102.28413,Thailand,ThaiWater (HII),TON004,HII,Sa Kaeo,Tonle Sap Basin
9700504,เกาะไหง หมู่ที่ 4 บ้านเกาะปอ,7.41144,99.21017,Thailand,ThaiWater (HII),WB45,DISASTER,Krabi,Peninsula - West Coast Basin
455701,Khlong Maduea,14.3693,101.2712,Thailand,ThaiWater (HII),ONWR02,HII,Nakhon Nayok,Bang Pakong Basin
364,Nong Pho,15.77424,103.10276,Thailand,ThaiWater (HII),NOKG,HII,Maha Sarakham,Mun Basin
1123866,ชุมชนบ้านห้วย,14.714408,104.190419,Thailand,ThaiWater (HII),STN2028,DWR,Si Sa Ket,Mun Basin
1316680,บ้านเนินหินกอง,13.782015,101.900566,Thailand,ThaiWater (HII),ridtele_TKgt48,RID,Prachin Buri,Bang Pakong Basin
165,Na Di,14.133605,101.72767,Thailand,ThaiWater (HII),PRC003,HII,Prachin Buri,Bang Pakong Basin
1366,บ้านห้วยไผ่,18.304029,101.109367,Thailand,ThaiWater (HII),STN0189,DWR,Uttaradit,Nan Basin
1316764,สะพานข้ามลำภาชี,13.7521,99.4374,Thailand,ThaiWater (HII),ridtele_TK.68,RID,Ratchaburi,Mae Klong Basin
1113282,บ้านหาดสองแคว (N.60),17.418528,100.130819,Thailand,ThaiWater (HII),SKD04,EGAT,Uttaradit,Nan Basin
500144,บ้านหนองกะโตวา,14.718076,101.364047,Thailand,ThaiWater (HII),STN1475,DWR,Nakhon Ratchasima,Mun Basin
1848,บ้านน้ำร้อน,8.985978,99.76951,Thailand,ThaiWater (HII),STN0067,DWR,Nakhon Si Thammarat,Peninsula - Upper East Coast Basin
61,Lop Buri 2,14.76049,100.5996,Thailand,ThaiWater (HII),LBI002,HII,Lop Buri,Chao Phraya Basin
411,Mae Had Communuty,18.46006,98.65094,Thailand,ThaiWater (HII),VLGE25,HII,Chiang Mai,Ping Basin
1081076,บ้านทุ่งหยีเพ็ง,7.586185,99.069234,Thailand,ThaiWater (HII),STN1787,DWR,Krabi,Peninsula - West Coast Basin
1316430,คลองปู่เจ้า,16.146186,101.08415,Thailand,ThaiWater (HII),ridtele_TS.16,RID,Phetchabun,Pasak Basin
1166,บ้านผางาม,17.042995,101.755616,Thailand,ThaiWater (HII),STN0963,DWR,Loei,Northeast Khong Basin
326,Non Kha,15.78141,102.59655,Thailand,ThaiWater (HII),PHON,HII,Khon Kaen,Mun Basin
261,Suk Sawat,14.86402,104.35035,Thailand,ThaiWater (HII),NOPU,HII,Si Sa Ket,Mun Basin
1911,บ้านพรุสมภาร,8.043238,98.327966,Thailand,ThaiWater (HII),STN0577,DWR,Phuket,Peninsula - West Coast Basin
225,Wang Nam Khiao,14.37476,101.86537,Thailand,ThaiWater (HII),WNKH,HII,Nakhon Ratchasima,Mun Basin
1119616,บ้านปากบารา ม.2,6.856393,99.725867,Thailand,ThaiWater (HII),WK01,DISASTER,Satun,Peninsula - West Coast Basin
691,Pa Sak 2,16.44786,101.17017,Thailand,ThaiWater (HII),PAS002,HII,Phetchabun,Pasak Basin
120,Chanthaburi 1,12.613584,102.11407,Thailand,ThaiWater (HII),CHN001,HII,Chanthaburi,East Coast Gulf Basin
1394808,Lam Takhong Nam Bridge,14.550208,101.459465,Thailand,ThaiWater (HII),MOU246,FOP,Nakhon Ratchasima,Mun Basin
226,Wang Mi,14.4157,101.68403,Thailand,ThaiWater (HII),WNMI,HII,Nakhon Ratchasima,Mun Basin
717,Sai Yok,14.11265,99.14635,Thailand,ThaiWater (HII),KRN002,HII,Kanchanaburi,Mae Klong Basin
1101138,ศาลากลางบ้าน หมู่ 5  บ้านโนนประดู่,17.09765,102.28419,Thailand,ThaiWater (HII),TF62,DISASTER,Nong Bua Lam Phu,Chi Basin Basin
253,That,15.31666,103.93546,Thailand,ThaiWater (HII),THAT,HII,Surin,Mun Basin
528832,ปตร.คลองสิบสาม,13.85859,100.86754,Thailand,ThaiWater (HII),RF.NJK.04,BMA,Bangkok,Bang Pakong Basin
501236,บ้านนกเขาเปล้า,15.017018,100.793065,Thailand,ThaiWater (HII),STN1202,DWR,Lop Buri,Chao Phraya Basin
501164,บ้านห้วยน้ำไซ,17.023547,100.934506,Thailand,ThaiWater (HII),STN1124,DWR,Phitsanulok,Nan Basin
1035,บ้านกงษีไร่ (หมู่ 6),12.489468,102.230779,Thailand,ThaiWater (HII),STN0469,DWR,Chanthaburi,East Coast Gulf Basin
1134,บ้านทุ่งน้ำใส,17.16945,101.201377,Thailand,ThaiWater (HII),STN0457,DWR,Loei,Pasak Basin
1080899,บ้านทรายขาวออก,6.67341,101.105619,Thailand,ThaiWater (HII),STN1610,DWR,Pattani,Peninsula - Lower East Coast Basin
1123861,บ้านพระบึงนอก,14.654204,101.899117,Thailand,ThaiWater (HII),STN2023,DWR,Nakhon Ratchasima,Mun Basin
501499,บ้านเทพพนา,15.681306,101.41098,Thailand,ThaiWater (HII),STN1471,DWR,Chaiyaphum,Chi Basin Basin
1123746,บ้านโหล่น,16.254529,101.481703,Thailand,ThaiWater (HII),STN1908,DWR,Chaiyaphum,Chi Basin Basin
1123666,บ้านพะละ,17.047318,98.574007,Thailand,ThaiWater (HII),STN1828,DWR,Tak,Salawin Basin
1081056,บ้านทางด่าน,9.186204,98.425327,Thailand,ThaiWater (HII),STN1767,DWR,Phangnga,Peninsula - West Coast Basin
1081060,บ้านโล๊ะดุหยง,7.633624,99.046947,Thailand,ThaiWater (HII),STN1771,DWR,Krabi,Peninsula - West Coast Basin
1081085,บ้านพระเลียบ,8.68438,99.857601,Thailand,ThaiWater (HII),STN1796,DWR,Nakhon Si Thammarat,Peninsula - Upper East Coast Basin
1696,บ้านป่าไร่เหนือ,16.962662,98.63341,Thailand,ThaiWater (HII),STN0930,DWR,Tak,Salawin Basin
1981,บ้านเนินสำลี,10.605542,99.265443,Thailand,ThaiWater (HII),STN0489,DWR,Chumphon,Peninsula - Upper East Coast Basin
501544,บ้านบุ่งผำ,17.438095,100.837086,Thailand,ThaiWater (HII),STN1516,DWR,Phitsanulok,Nan Basin
166,Bu Phram,14.20791,101.90556,Thailand,ThaiWater (HII),TLAN,HII,Prachin Buri,Bang Pakong Basin
1109585,Ban Na Kham Witthayakhan School,17.120417,104.05052,Thailand,ThaiWater (HII),ONE096,HII,Sakon Nakhon,Northeast Khong Basin
901,Patthani 2,6.67525,101.286354,Thailand,ThaiWater (HII),PAT002,HII,Yala,Peninsula - Lower East Coast Basin
346,Lao Ko Hok,17.49638,100.88749,Thailand,ThaiWater (HII),LHOK,HII,Loei,Northeast Khong Basin
1316941,T-MUN3 (ฝายโคกตอง),15.29435,102.6924,Thailand,ThaiWater (HII),ridtele_TM.196,RID,Nakhon Ratchasima,Mun Basin
390,Khua Kai,17.6021,103.80708,Thailand,ThaiWater (HII),YBKM,HII,Sakon Nakhon,Northeast Khong Basin
151,Bang Nam Priao,13.87032,101.14574,Thailand,ThaiWater (HII),BPK003,HII,Chachoengsao,Bang Pakong Basin
121,Thep Nimit,13.04028,102.44956,Thailand,ThaiWater (HII),KHHM,HII,Chanthaburi,Tonle Sap Basin
3691,Samut Prakarn,13.51667,100.76167,Thailand,ThaiWater (HII),48420,TMD,Samut Prakan,Bang Pakong Basin
604,Lan Sak,15.47279,99.53976,Thailand,ThaiWater (HII),LNSK,HII,Uthai Thani,Sakae Krang Basin
1459063,บ้านโนนระเวียง,16.01213,101.491527,Thailand,ThaiWater (HII),STN2198,DWR,Chaiyaphum,Chi Basin Basin
1316415,วัดโคกหม้อ,15.534278,99.899083,Thailand,ThaiWater (HII),ridtele_TSK.15,RID,Uthai Thani,Sakae Krang Basin
1109491,Krabi Yai 1 Bridge,8.187541,98.87916,Thailand,ThaiWater (HII),ONE002,HII,Krabi,Peninsula - West Coast Basin
1950,บ้านห้วยน้ำใส,9.727078,98.602777,Thailand,ThaiWater (HII),STN0758,DWR,Ranong,Peninsula - West Coast Basin
1341,บ้านปางปง-ปางทราย,18.427697,99.266721,Thailand,ThaiWater (HII),STN0246,DWR,Lampang,Wang Basin
1316665,คลองแม่น้ำใน(โพธิ์แทน),14.212921,100.942453,Thailand,ThaiWater (HII),ridtele_TNy10,RID,Nakhon Nayok,Chao Phraya Basin
1080929,บ้านแม่คะเมย,12.999495,99.586067,Thailand,ThaiWater (HII),STN1640,DWR,Phetchaburi,Phetchaburi - Prachuap Khiri Khan Basin
1109,บ้านนาแค,17.891834,102.07539,Thailand,ThaiWater (HII),STN0952,DWR,Udon Thani,Northeast Khong Basin
1042,บ้านตามูล,13.081181,102.261012,Thailand,ThaiWater (HII),STN0004,DWR,Chanthaburi,Tonle Sap Basin
1081014,บ้านทุ่งมังกะตาล,10.884505,99.314796,Thailand,ThaiWater (HII),STN1725,DWR,Chumphon,Peninsula - Upper East Coast Basin
1109545,Chin Wong Upatham School,14.772799,101.71571,Thailand,ThaiWater (HII),ONE056,HII,Nakhon Ratchasima,Mun Basin
1124,บ้านตาดซ้อ,17.808398,101.770772,Thailand,ThaiWater (HII),STN0323,DWR,Loei,Northeast Khong Basin
154,Bangpakong 1,13.54901,101.00111,Thailand,ThaiWater (HII),BPK001,HII,Chachoengsao,Bang Pakong Basin
755,Phra Ram 2,13.38362,99.9836,Thailand,ThaiWater (HII),MKG006,HII,Samut Songkhram,Mae Klong Basin
501310,บ้านตลุกป่าตาล,16.985977,99.273449,Thailand,ThaiWater (HII),STN1277,DWR,Tak,Ping Basin
1121219,Forest Fire Control Unit of Huai Sala,14.5013,104.276,Thailand,ThaiWater (HII),MOU251,FOP,Si Sa Ket,Mun Basin
8269879,National Park Protection Unit at Sor.4 (Pha Tat),14.64951,98.77478,Thailand,ThaiWater (HII),MOU214,FOP,Kanchanaburi,Mae Klong Basin
1601381,Huai Sub Muang Reservoir,17.14697,102.09344,Thailand,ThaiWater (HII),RES059,HII,Nong Bua Lam Phu,Chi Basin Basin
11567321,Lam Nam Nan National Park Protection Unit No. 4 (Huai Phai),18.04706,100.69142,Thailand,ThaiWater (HII),DNP065,FOP,Uttaradit,Nan Basin
642767,Forest Protection Unit of Khao Pan So,15.23958,99.40895,Thailand,ThaiWater (HII),MOU080,FOP,Uthai Thani,Tha Chin Basin
330,Chi 5,16.09691,102.56997,Thailand,ThaiWater (HII),CHI005,HII,Khon Kaen,Chi Basin Basin
740747,Ban Na Sua 2 Community Learning Center,6.272022,101.15671,Thailand,ThaiWater (HII),FOP046,FOP,Yala,Peninsula - Lower East Coast Basin
5,Krung Thep 3,13.79965,100.43863,Thailand,ThaiWater (HII),BKK003,HII,Bangkok,Chao Phraya Basin
1101087,ที่ทำการกองทุนบ้านหนองผักแว่น หมู่ 9,14.04115,102.57745,Thailand,ThaiWater (HII),TE65,DISASTER,Sa Kaeo,Tonle Sap Basin
303,Chao Thong,15.90696,101.42754,Thailand,ThaiWater (HII),CHTG,HII,Chaiyaphum,Chi Basin Basin
855501,National Park Protection Unit of Ko Yo (Khlong Pla Kang),14.356375,101.72591,Thailand,ThaiWater (HII),MOU111,FOP,Nakhon Ratchasima,Mun Basin
1391940,Hin Hearb Forest Protection Unit,16.1253,101.459,Thailand,ThaiWater (HII),MOU229,FOP,Chaiyaphum,Chi Basin Basin
255,Mueang Sisaket,15.118111,104.31859,Thailand,ThaiWater (HII),MUN010,HII,Si Sa Ket,Mun Basin
1093,บ้านไร่พัฒนา,15.538066,101.417525,Thailand,ThaiWater (HII),STN0978,DWR,Chaiyaphum,Chi Basin Basin
1081041,บ้านเงาะกาโป,6.257291,101.249595,Thailand,ThaiWater (HII),STN1752,DWR,Yala,Peninsula - Lower East Coast Basin
1054,บ้านวังหิน,14.263495,101.891589,Thailand,ThaiWater (HII),STN0178,DWR,Prachin Buri,Bang Pakong Basin
501199,บ้านก้อทุ่ง,17.62713,98.78962,Thailand,ThaiWater (HII),STN1161,DWR,Lamphun,Ping Basin
1080955,บ้านมะม่วง,12.549057,102.57967,Thailand,ThaiWater (HII),STN1666,DWR,Trat,East Coast Gulf Basin
501206,บ้านเด่นไม้ซุง,17.239535,99.249512,Thailand,ThaiWater (HII),STN1172,DWR,Tak,Wang Basin
1123912,บ้านบางสาน,8.789444,98.795575,Thailand,ThaiWater (HII),STN2075,DWR,Surat Thani,Peninsula - Upper East Coast Basin
501541,บ้านน้ำชุน,16.759858,101.167249,Thailand,ThaiWater (HII),STN1513,DWR,Phetchabun,Pasak Basin
528792,ปตร.คลองสามวา,13.85954,100.72909,Thailand,ThaiWater (HII),RF.KSW.02,BMA,Bangkok,Bang Pakong Basin
1678,บ้านตากฟ้าพัฒนา,15.974194,99.37996,Thailand,ThaiWater (HII),STN0441,DWR,Kamphaeng Phet,Ping Basin
500134,บ้านหาดเบี้ย,18.056833,101.803953,Thailand,ThaiWater (HII),STN1333,DWR,Loei,Northeast Khong Basin
1656,บ้านกระแหน่,15.294661,99.43493,Thailand,ThaiWater (HII),STN0165,DWR,Uthai Thani,Tha Chin Basin
1658,บ้านหินโหง่น,15.234026,99.588856,Thailand,ThaiWater (HII),STN0950,DWR,Uthai Thani,Tha Chin Basin
1989,บ้านรุ่งเรือง,9.735958,98.93504,Thailand,ThaiWater (HII),STN0225,DWR,Chumphon,Peninsula - Upper East Coast Basin
1991,บ้านนาจีนซิ้ว,9.738943,99.101275,Thailand,ThaiWater (HII),STN0729,DWR,Chumphon,Peninsula - Upper East Coast Basin
1113,บ้านเสี้ยวเหนือ,17.481701,101.616282,Thailand,ThaiWater (HII),STN0770,DWR,Loei,Northeast Khong Basin
1109580,PluakDaeng,12.970066,101.20457,Thailand,ThaiWater (HII),ONE091,HII,Rayong,East Coast Gulf Basin
54,Chao Phraya 16,14.16476,100.30725,Thailand,ThaiWater (HII),CPY016,HII,Phra Nakhon Si Ayutthaya,Chao Phraya Basin
3662,LOM SAK,16.77361,101.24944,Thailand,ThaiWater (HII),48374,TMD,Phetchabun,Pasak Basin
855502,National Park Protection Unit of To Lo 11 (Thai Samakkhi),14.322821,101.93274,Thailand,ThaiWater (HII),MOU112,FOP,Nakhon Ratchasima,Bang Pakong Basin
1105332,Ku Ti,14.412405,100.40116,Thailand,ThaiWater (HII),TCP006,HII,Phra Nakhon Si Ayutthaya,Chao Phraya Basin
435367,Wiang Tan,18.31132,99.3252,Thailand,ThaiWater (HII),TBR011,HII,Lampang,Wang Basin
1082074,Chit Ma Ni Weir,13.11548,102.20316,Thailand,ThaiWater (HII),SDO002,HII,Chanthaburi,Bang Pakong Basin
3700,SURIN AGROMET.,14.883333,103.45,Thailand,ThaiWater (HII),48433,TMD,Surin,Mun Basin
1923,บ้านสามแยกอินทรีทอง,9.684296,98.940948,Thailand,ThaiWater (HII),STN0135,DWR,Surat Thani,Peninsula - Upper East Coast Basin
500125,บ้านน้ำพาย,17.125555,100.862292,Thailand,ThaiWater (HII),STN1125,DWR,Phitsanulok,Nan Basin
1030,บ้านคลองกระท้อน,12.823198,101.381608,Thailand,ThaiWater (HII),STN0786,DWR,Rayong,East Coast Gulf Basin
528823,ปตร.คลองแสนแสบ,13.85516,100.87292,Thailand,ThaiWater (HII),RF.NJK.02,BMA,Bangkok,Bang Pakong Basin
501414,บ้านลาดเรือ,17.458886,100.787504,Thailand,ThaiWater (HII),STN1384,DWR,Phitsanulok,Nan Basin
558592,Naleon Temple,15.6045,105.371567,Thailand,ThaiWater (HII),PMSD05,EGAT,Ubon Ratchathani,Mun Basin
501113,บ้านแก่งลาด,16.959094,100.928315,Thailand,ThaiWater (HII),STN1072,DWR,Phitsanulok,Nan Basin
1378,บ้านสันติสุข,18.252471,99.978555,Thailand,ThaiWater (HII),STN0907,DWR,Phrae,Yom Basin
1316756,วัดศรัทธาธรรม,13.3773,99.993,Thailand,ThaiWater (HII),ridtele_TMK01,RID,Samut Songkhram,Mae Klong Basin
1685,บ้านลีซอ,16.766504,98.934656,Thailand,ThaiWater (HII),STN0296,DWR,Tak,Salawin Basin
1109562,Ban Sai Tho 4 Tai School,14.370019,103.14561,Thailand,ThaiWater (HII),ONE073,HII,Buri Ram,Mun Basin
1081075,บ้านบางโจ,7.989735,98.330272,Thailand,ThaiWater (HII),STN1786,DWR,Phuket,Peninsula - West Coast Basin
375,Roi Et Weir,16.17222,103.78973,Thailand,ThaiWater (HII),WEI072,HII,Roi Et,Chi Basin Basin
1724,บ้านโป่งสอ,17.397498,100.883799,Thailand,ThaiWater (HII),STN0562,DWR,Phitsanulok,Nan Basin
1080933,บ้านพุไทร,12.857866,99.552015,Thailand,ThaiWater (HII),STN1644,DWR,Phetchaburi,Phetchaburi - Prachuap Khiri Khan Basin
1459037,บ้านหัวเสือ,18.453265,98.640097,Thailand,ThaiWater (HII),STN2172,DWR,Chiang Mai,Ping Basin
1883,บ้านเขาไว้ข้าว,8.011052,99.389929,Thailand,ThaiWater (HII),STN0730,DWR,Krabi,Peninsula - Upper East Coast Basin
740735,Khlong Poek Weir,8.193899,99.73481,Thailand,ThaiWater (HII),FOP034,FOP,Nakhon Si Thammarat,Peninsula - West Coast Basin
1382,บ้านปางเคาะ,17.949734,99.962193,Thailand,ThaiWater (HII),STN0333,DWR,Phrae,Yom Basin
3676,KALASIN,16.3325,103.58833,Thailand,ThaiWater (HII),48390,TMD,Kalasin,Chi Basin Basin
1396724,Watershed Management and Community Development Unit in the Lam Takhong Conservation Forest Area,14.735245,101.3785,Thailand,ThaiWater (HII),MOU263,FOP,Nakhon Ratchasima,Mun Basin
3699,SURIN,14.88333,103.5,Thailand,ThaiWater (HII),48432,TMD,Surin,Mun Basin
1396284,Watershed Management and Community Development Unit in the Khlong Yang Conservation Forest Area,14.324904,101.84176,Thailand,ThaiWater (HII),MOU465,FOP,Prachin Buri,Bang Pakong Basin
687,Nong Sano,16.39612,100.05419,Thailand,ThaiWater (HII),NSNO,HII,Phichit,Yom Basin
1121276,Kung Krabaen Bay Forestry Study and Development Center,12.571805,101.8964,Thailand,ThaiWater (HII),MOU483,FOP,Chanthaburi,East Coast Gulf Basin
1459069,บ้านหาดใหญ่,12.797868,101.4683,Thailand,ThaiWater (HII),STN2204,DWR,Rayong,East Coast Gulf Basin
501291,บ้านนางิ้ว,18.133777,102.133588,Thailand,ThaiWater (HII),STN1258,DWR,Nong Khai,Northeast Khong Basin
501143,บ้านห้วยขอบ,18.198861,102.063845,Thailand,ThaiWater (HII),STN1102,DWR,Loei,Northeast Khong Basin
1080868,บ้านใหม่ไทยถาวร,14.094721,102.694658,Thailand,ThaiWater (HII),STN1579,DWR,Sa Kaeo,Tonle Sap Basin
528831,จุดวัด ค.สิบสอง-ถ.ประชาสำราญ,13.91368,100.86244,Thailand,ThaiWater (HII),RF.NJK.03,BMA,Bangkok,Bang Pakong Basin
1123744,บ้านโนนพระคำ,15.950174,102.008527,Thailand,ThaiWater (HII),STN1906,DWR,Chaiyaphum,Chi Basin Basin
1123808,บ้านเกิ้งพัฒนา,16.216735,103.340724,Thailand,ThaiWater (HII),STN1970,DWR,Maha Sarakham,Chi Basin Basin
1123813,บ้านหมื่นด่าน,12.595746,102.578773,Thailand,ThaiWater (HII),STN1975,DWR,Trat,East Coast Gulf Basin
1142,บ้านโคก,17.315108,101.056347,Thailand,ThaiWater (HII),STN0955,DWR,Loei,Northeast Khong Basin
1080928,บ้านหุบเฉลา,12.661321,99.65458,Thailand,ThaiWater (HII),STN1639,DWR,Phetchaburi,Phetchaburi - Prachuap Khiri Khan Basin
1238461,Watershed Management and Community Development Unit in the Mae Kon-Mae Sai Conservation Forest Area,17.9958,100.2656,Thailand,ThaiWater (HII),MOU339,FOP,Phrae,Yom Basin
300,Non Kok,16.19924,101.93238,Thailand,ThaiWater (HII),NNKO,HII,Chaiyaphum,Chi Basin Basin
190,Klong Pra Prong,13.937376,101.922035,Thailand,ThaiWater (HII),SKE001,HII,Sa Kaeo,Bang Pakong Basin
829,Mueang Ranong,9.961575,98.644485,Thailand,ThaiWater (HII),RNG001,HII,Ranong,Peninsula - West Coast Basin
685684,Watershed Management and Community Development Unit in the Mae Klong Noi-Mae Klong Yai Conservation Forest Area,16.28706,98.99642,Thailand,ThaiWater (HII),MOU079,FOP,Tak,Mae Klong Basin
818,Pak Chalui,9.30059,99.02602,Thailand,ThaiWater (HII),KAKG,HII,Surat Thani,Peninsula - Upper East Coast Basin
169,Prachinburi 4,14.070941,101.51893,Thailand,ThaiWater (HII),PRC004,HII,Prachin Buri,Bang Pakong Basin
1109569,Ban Khao AngKaeo School,12.668859,99.65604,Thailand,ThaiWater (HII),ONE080,HII,Phetchaburi,Phetchaburi - Prachuap Khiri Khan Basin
333,Chi 6,16.3259,102.78601,Thailand,ThaiWater (HII),CHI006,HII,Khon Kaen,Chi Basin Basin
740742,Su Nga Ba Ru 4,6.737094,101.27308,Thailand,ThaiWater (HII),FOP041,FOP,Pattani,Peninsula - Lower East Coast Basin
3729,PRACHUAP KHIRIKHAN,11.83333,99.83333,Thailand,ThaiWater (HII),48500,TMD,Prachuap Khiri Khan,Phetchaburi - Prachuap Khiri Khan Basin
622,Lan Krabue,16.61806,99.88005,Thailand,ThaiWater (HII),LKBU,HII,Kamphaeng Phet,Yom Basin
1118500,บ้านดอนสำราญ ม.1,11.20343,99.56173,Thailand,ThaiWater (HII),EF03,DISASTER,Prachuap Khiri Khan,Phetchaburi - Prachuap Khiri Khan Basin
1123960,บ้านกงษี,9.597371,98.604169,Thailand,ThaiWater (HII),STN2123,DWR,Ranong,Peninsula - West Coast Basin
3724,SATTAHIP,12.68333,100.98333,Thailand,ThaiWater (HII),48477,TMD,Chon Buri,East Coast Gulf Basin
729,Thung Krabam,14.58876,99.63505,Thailand,ThaiWater (HII),NAPJ,HII,Kanchanaburi,Tha Chin Basin
809,Mai Khao,8.18129,98.2988,Thailand,ThaiWater (HII),BMKO,HII,Phuket,Peninsula - West Coast Basin
700557,สำนักงานสาธารณสุข อ.อุ้มผาง,16.01545,98.86454,Thailand,ThaiWater (HII),MKSNU01,EGAT,Tak,Mae Klong Basin
1028,บ้านหนองเอี่ยวใน,14.900096,101.321716,Thailand,ThaiWater (HII),STN0947,DWR,Saraburi,Pasak Basin
1081021,บ้านสระเกศ,9.480717,99.953094,Thailand,ThaiWater (HII),STN1732,DWR,Surat Thani,Peninsula - Upper East Coast Basin
700589,บ้านวังเย็น (K.37),13.9382,99.41518,Thailand,ThaiWater (HII),MKVKD06,EGAT,Kanchanaburi,Mae Klong Basin
1316790,บ้านไร่ม่วง,17.490452,101.687589,Thailand,ThaiWater (HII),ridtele_TKL.86,RID,Loei,Northeast Khong Basin
501373,บ้านแม่แก่ง,17.700725,99.163618,Thailand,ThaiWater (HII),STN1343,DWR,Lampang,Wang Basin
1725,บ้านป่ารวก,17.1799,101.009,Thailand,ThaiWater (HII),STN0563,DWR,Phitsanulok,Nan Basin
1113280,บ้านผาจุก,17.668222,100.21413,Thailand,ThaiWater (HII),SKD02,EGAT,Uttaradit,Nan Basin
501212,บ้านมุงเหนือ,16.562786,100.692792,Thailand,ThaiWater (HII),STN1178,DWR,Phitsanulok,Nan Basin
501126,บ้านนาล้อม,17.282266,100.535536,Thailand,ThaiWater (HII),STN1085,DWR,Phitsanulok,Nan Basin
1078,บ้านคลองสอง,14.37957,101.849891,Thailand,ThaiWater (HII),STN0216,DWR,Nakhon Ratchasima,Mun Basin
1317210,บ้านหนองน้ำใส,13.85454,102.377483,Thailand,ThaiWater (HII),ridtele_TTL.02,RID,Sa Kaeo,Tonle Sap Basin
309,Na Yom,15.8619,104.51559,Thailand,ThaiWater (HII),BNYM,HII,Amnat Charoen,Mun Basin
68,Chao Phraya 7,14.79091,100.45184,Thailand,ThaiWater (HII),CPY007,HII,Sing Buri,Chao Phraya Basin
1422364,สะพานเชี่ยวไทร อ.พนม,8.822734,98.832075,Thailand,ThaiWater (HII),RPBD04,EGAT,Surat Thani,Peninsula - Upper East Coast Basin
3441,น้ำพรม อ.เกษตรสมบูรณ์,16.309406,101.971772,Thailand,ThaiWater (HII),URTU09,EGAT,Chaiyaphum,Chi Basin Basin
1255,บ้านแม่แวน,18.107093,98.212278,Thailand,ThaiWater (HII),STN0043,DWR,Chiang Mai,Salawin Basin
1316577,สะพานเขาโค้ง,16.925978,99.890301,Thailand,ThaiWater (HII),ridtele_TY.56,RID,Sukhothai,Yom Basin
1913,บ้านหมากปรก,8.120778,98.336092,Thailand,ThaiWater (HII),STN0109,DWR,Phuket,Peninsula - West Coast Basin
3531,แม่น้ำมูล ท้ายแก่งสะพือ (M.11B),15.23735,105.24523,Thailand,ThaiWater (HII),PMTS5,EGAT,Ubon Ratchathani,Mun Basin
1316660,บางขนาก,13.874795,101.141647,Thailand,ThaiWater (HII),ridtele_TKgt60,RID,Chachoengsao,Bang Pakong Basin
1198627,Khlong Sano,12.513374,102.50484,Thailand,ThaiWater (HII),TRD006,HII,Trat,East Coast Gulf Basin
164,Wang Tha Chang,13.75941,101.88693,Thailand,ThaiWater (HII),WTCH,HII,Prachin Buri,Bang Pakong Basin
3654,UDON THANI,17.38333,102.8,Thailand,ThaiWater (HII),48354,TMD,Udon Thani,Northeast Khong Basin
1396856,Lam Phaya Than Bridge,14.26568,101.89133,Thailand,ThaiWater (HII),MOU460,FOP,Prachin Buri,Bang Pakong Basin
1109512,Khlong ThaPhae Bridge,8.166437,99.704285,Thailand,ThaiWater (HII),ONE023,HII,Nakhon Si Thammarat,Peninsula - West Coast Basin
1101043,ศาลาเอนกประสงค์ หมู่ 7 (ที่ทำการกองทุนหมู่บ้าน บ้านบึงใต้),13.43858,99.37302,Thailand,ThaiWater (HII),TD89,DISASTER,Ratchaburi,Mae Klong Basin
1100932,อบต.นาแก,16.92991,104.51618,Thailand,ThaiWater (HII),NB03,DISASTER,Nakhon Phanom,Northeast Khong Basin
845,Sawi 1,10.2312,99.09844,Thailand,ThaiWater (HII),SVI001,HII,Chumphon,Peninsula - Upper East Coast Basin
501423,บ้านวังผา,17.773956,101.977476,Thailand,ThaiWater (HII),STN1393,DWR,Loei,Northeast Khong Basin
1123668,บ้านห้วยกระทิง,17.052353,98.671388,Thailand,ThaiWater (HII),STN1830,DWR,Tak,Salawin Basin
1459147,บ้านโนนหนองผือ,16.05422,104.533683,Thailand,ThaiWater (HII),STN2282,DWR,Yasothon,Mun Basin
1080947,บ้านเครือหวาย,12.902447,102.406244,Thailand,ThaiWater (HII),STN1658,DWR,Chanthaburi,Tonle Sap Basin
1459108,บ้านบาโงสาเมาะ,6.641935,101.526486,Thailand,ThaiWater (HII),STN2243,DWR,Pattani,Peninsula - Lower East Coast Basin
1043,บ้านปะตงล่าง (เขาสอยดาว),13.099654,102.196354,Thailand,ThaiWater (HII),STN0785,DWR,Chanthaburi,Bang Pakong Basin
1080914,บ้านวังขยาย,14.941283,98.617612,Thailand,ThaiWater (HII),STN1625,DWR,Kanchanaburi,Mae Klong Basin
501498,บ้านวังอ้ายโพธิ์,15.596487,101.459107,Thailand,ThaiWater (HII),STN1470,DWR,Chaiyaphum,Chi Basin Basin
1316517,บ้านคลองสีนวล,16.343056,99.598389,Thailand,ThaiWater (HII),ridtele_TP.107,RID,Kamphaeng Phet,Ping Basin
1060,บ้านซับแม็ก,13.874664,102.42264,Thailand,ThaiWater (HII),STN1001,DWR,Sa Kaeo,Tonle Sap Basin
1137142,ศาลาเอนกประสงค์บ้านมอช้างงาม หมู่ 21,15.91099,99.3303,Thailand,ThaiWater (HII),TC47,DISASTER,Nakhon Sawan,Sakae Krang Basin
1081090,บ้านตลาดเทพา,6.825205,100.972583,Thailand,ThaiWater (HII),STN1801,DWR,Songkhla,Thale Sap Songkhla Basin
1120,บ้านโนนตะวัน,17.533764,101.986768,Thailand,ThaiWater (HII),STN0769,DWR,Loei,Chi Basin Basin
1081020,บ้านควน,9.787064,98.788012,Thailand,ThaiWater (HII),STN1731,DWR,Chumphon,Peninsula - Upper East Coast Basin
1459113,บ้านกาลอ,6.395517,101.374972,Thailand,ThaiWater (HII),STN2248,DWR,Yala,Peninsula - Lower East Coast Basin
1731,บ้านโนนโก,16.369505,101.075871,Thailand,ThaiWater (HII),STN0945,DWR,Phetchabun,Pasak Basin
492366,Yang Manee Gate,14.75033,100.41498,Thailand,ThaiWater (HII),ATG162,HII,Sing Buri,Chao Phraya Basin
492365,Upper Yang Manee Gate,14.751,100.41463,Thailand,ThaiWater (HII),ATG161,HII,Sing Buri,Chao Phraya Basin
603,Ban Rai,15.08265,99.51935,Thailand,ThaiWater (HII),BARI,HII,Uthai Thani,Not specify
855481,Forest Fire Control Unit of Pa Phu Foi Lom,17.15843,102.69399,Thailand,ThaiWater (HII),MOU091,FOP,Udon Thani,Chi Basin Basin
3755,NARATHIWAT,6.41667,101.81667,Thailand,ThaiWater (HII),48583,TMD,Narathiwat,Peninsula - Lower East Coast Basin
1252774,Huai Mae Payang Reservoir,17.773138,99.41834,Thailand,ThaiWater (HII),DMS001,HII,Phrae,Yom Basin
1109528,Khlong Ranot Bridge,7.769855,100.30203,Thailand,ThaiWater (HII),ONE039,HII,Songkhla,Thale Sap Songkhla Basin
13873,Ka Moei Temple,13.00169,99.5863,Thailand,ThaiWater (HII),SWR006,HII,Phetchaburi,Phetchaburi - Prachuap Khiri Khan Basin
209,Takhu,14.72923,101.98731,Thailand,ThaiWater (HII),BKUG,HII,Nakhon Ratchasima,Mun Basin
238,Mun 14,15.299888,103.29234,Thailand,ThaiWater (HII),MUN014,HII,Buri Ram,Mun Basin
1124861,Si Mak Ya Temple,17.250784,102.60559,Thailand,ThaiWater (HII),NWSO,HII,Udon Thani,Northeast Khong Basin
1109575,Ban Sok School,16.798079,104.516464,Thailand,ThaiWater (HII),ONE086,HII,Mukdahan,Northeast Khong Basin
400,Khok Phu,17.00638,103.91604,Thailand,ThaiWater (HII),PPAN,HII,Sakon Nakhon,Northeast Khong Basin
1082075,Khlong Pa Tong Weir,13.120727,102.21833,Thailand,ThaiWater (HII),SDO003,HII,Chanthaburi,Bang Pakong Basin
435372,Ban Mai Samakkhi,15.09718,102.86682,Thailand,ThaiWater (HII),TBR016,HII,Buri Ram,Mun Basin
1109523,Huai Samo Bridge,17.208937,104.101845,Thailand,ThaiWater (HII),ONE034,HII,Sakon Nakhon,Northeast Khong Basin
1317215,อ่างเก็บน้ำห้วยยาง,14.013375,102.644844,Thailand,ThaiWater (HII),ridtele_TTL.01,RID,Sa Kaeo,Tonle Sap Basin
800,Khlong Hin,8.2842,98.7971,Thailand,ThaiWater (HII),NANG,HII,Krabi,Peninsula - West Coast Basin
501428,บ้านฟองใต้,16.844283,101.687272,Thailand,ThaiWater (HII),STN1398,DWR,Phetchabun,Chi Basin Basin
1123865,บ้านปะคำ,14.445005,102.716273,Thailand,ThaiWater (HII),STN2027,DWR,Buri Ram,Mun Basin
1316818,สะพานห้วยน้ำขุ่น,17.550091,102.958432,Thailand,ThaiWater (HII),ridtele_TKH.124,RID,Udon Thani,Northeast Khong Basin
1123738,บ้านโคกล่าม,17.06926,102.631423,Thailand,ThaiWater (HII),STN1900,DWR,Udon Thani,Northeast Khong Basin
345,Kok Sathon,17.08953,101.11006,Thailand,ThaiWater (HII),POCE,HII,Loei,Northeast Khong Basin
501549,บ้านพร้าว,17.124356,100.775528,Thailand,ThaiWater (HII),STN1521,DWR,Phitsanulok,Nan Basin
1123974,บ้านบุญฑริก,14.758714,105.409076,Thailand,ThaiWater (HII),STN2137,DWR,Ubon Ratchathani,Mun Basin
1080855,บ้านหนองปลิง,9.582668,99.12802,Thailand,ThaiWater (HII),STN1566,DWR,Surat Thani,Peninsula - Upper East Coast Basin
1143,บ้านนาน้อย,17.379243,101.493916,Thailand,ThaiWater (HII),STN0959,DWR,Loei,Northeast Khong Basin
1124000,บ้านกาสัง,6.37459,101.297925,Thailand,ThaiWater (HII),STN2163,DWR,Yala,Peninsula - Lower East Coast Basin
1316437,คลองส้ม,14.822028,101.014594,Thailand,ThaiWater (HII),ridtele_TS.23,RID,Lop Buri,Pasak Basin
1121227,Doi Soi Malai National Park Office - Petrified Wood,17.056845,99.0743,Thailand,ThaiWater (HII),MOU296,FOP,Tak,Ping Basin
1025,บ้านเจ้าพ่อเขาตก,14.693386,100.784861,Thailand,ThaiWater (HII),STN0677,DWR,Saraburi,Pasak Basin
501500,บ้านท่าหินโงม,16.057943,102.032975,Thailand,ThaiWater (HII),STN1472,DWR,Chaiyaphum,Chi Basin Basin
1373690,Khlong Khon Bridge,13.3319,99.96896,Thailand,ThaiWater (HII),PTTEP1,HII,Samut Songkhram,Phetchaburi - Prachuap Khiri Khan Basin
3644,LAMPANG,18.28333,99.51667,Thailand,ThaiWater (HII),48328,TMD,Lampang,Wang Basin
3677,NAKHON SAWAN,15.67183,100.13236,Thailand,ThaiWater (HII),48400,TMD,Nakhon Sawan,Chao Phraya Basin
855531,Si Po National Parks,6.271502,101.64063,Thailand,ThaiWater (HII),MOU141,FOP,Narathiwat,Peninsula - Lower East Coast Basin
855500,Watershed Management and Community Development Unit in the Huai Samran Conservation Forest Area,14.43152,104.05005,Thailand,ThaiWater (HII),MOU110,FOP,Surin,Mun Basin
1459098,ชุมชนยะกัง,6.39927,101.821229,Thailand,ThaiWater (HII),STN2233,DWR,Narathiwat,Peninsula - Lower East Coast Basin
1152,บ้านน้ำพาน,17.632476,101.354994,Thailand,ThaiWater (HII),STN0460,DWR,Loei,Northeast Khong Basin
501208,บ้านน้ำโจน,17.17912,100.462738,Thailand,ThaiWater (HII),STN1174,DWR,Phitsanulok,Nan Basin
1087,บ้านสันติสุข,14.500621,104.211514,Thailand,ThaiWater (HII),STN0990,DWR,Si Sa Ket,Mun Basin
1089,บ้านคำแสนสุข,14.553568,105.334389,Thailand,ThaiWater (HII),STN0306,DWR,Ubon Ratchathani,Mun Basin
1954,บ้านหาดส้มแป้น,9.95134,98.693319,Thailand,ThaiWater (HII),STN0283,DWR,Ranong,Peninsula - West Coast Basin
1123860,บ้านธรรมจักรพัฒนา,15.502502,102.753831,Thailand,ThaiWater (HII),STN2022,DWR,Nakhon Ratchasima,Mun Basin
501392,บ้านนาข่า,17.522128,101.178313,Thailand,ThaiWater (HII),STN1362,DWR,Loei,Northeast Khong Basin
1676,บ้านโป่งน้ำร้อน,16.328463,99.298103,Thailand,ThaiWater (HII),STN0442,DWR,Kamphaeng Phet,Ping Basin
1081023,บ้านปลายคลองวัน,10.510739,98.858783,Thailand,ThaiWater (HII),STN1734,DWR,Ranong,Peninsula - West Coast Basin
501280,บ้านห้วยหิน,15.080861,100.965868,Thailand,ThaiWater (HII),STN1247,DWR,Lop Buri,Pasak Basin
1159,บ้านน้ำค้อ,17.183282,101.623331,Thailand,ThaiWater (HII),STN0962,DWR,Loei,Northeast Khong Basin
1316661,หอทอง,13.960857,101.216475,Thailand,ThaiWater (HII),ridtele_TKgt61,RID,Prachin Buri,Bang Pakong Basin
2059,บ้านกลาง,7.623491,99.783481,Thailand,ThaiWater (HII),STN0703,DWR,Trang,Peninsula - West Coast Basin
2055,บ้านในปง,7.89256,99.38705,Thailand,ThaiWater (HII),STN0509,DWR,Trang,Peninsula - West Coast Basin
528836,จุดวัด ค.ลำผักชี-รร.ลำผักชี,13.79205,100.83524,Thailand,ThaiWater (HII),RF.NJK.06,BMA,Bangkok,Bang Pakong Basin
1080978,บ้านปริก,6.683635,100.877629,Thailand,ThaiWater (HII),STN1689,DWR,Songkhla,Thale Sap Songkhla Basin
1109592,Non Nam Thaeng School,15.927198,104.62799,Thailand,ThaiWater (HII),ONE103,HII,Amnat Charoen,Mun Basin
252,Nong Yai Communuty,14.5727,103.47313,Thailand,ThaiWater (HII),VLGE27,HII,Surin,Mun Basin
855508,Bang Pakong Basin Watershed Conservation Development Study Center,13.351688,101.99863,Thailand,ThaiWater (HII),MOU118,FOP,Sa Kaeo,Bang Pakong Basin
3745,PHUKET AIRPORT,8.145,98.31444,Thailand,ThaiWater (HII),48565,TMD,Phuket,Peninsula - West Coast Basin
273,Nong Phue,15.97889,105.03522,Thailand,ThaiWater (HII),NGPH,HII,Ubon Ratchathani,Northeast Khong Basin
1121249,Chat Trakan National Park,17.299711,100.679344,Thailand,ThaiWater (HII),MOU396,FOP,Phitsanulok,Nan Basin
1121231,Tak Sin Maharat National Park,16.775963,98.92825,Thailand,ThaiWater (HII),MOU305,FOP,Tak,Salawin Basin
862850,Amnat Charoen,15.90375,104.61805,Thailand,ThaiWater (HII),48391,TMD,Amnat Charoen,Mun Basin
306,Ban Jiang,16.01884,101.50008,Thailand,ThaiWater (HII),BJIG,HII,Chaiyaphum,Chi Basin Basin
3672,THA PHRA AGROMET.,16.33333,102.81667,Thailand,ThaiWater (HII),48384,TMD,Khon Kaen,Chi Basin Basin
237,Krok Pradu Communuty,14.93522,102.88857,Thailand,ThaiWater (HII),VLGE21,HII,Buri Ram,Mun Basin
239,Huai Rat,14.97335,103.18654,Thailand,ThaiWater (HII),HYRT,HII,Buri Ram,Mun Basin
1727,บ้านชมภูเหนือ,16.696366,100.656815,Thailand,ThaiWater (HII),STN0331,DWR,Phitsanulok,Nan Basin
1316436,ฝายคลองสุคต,14.863621,101.119957,Thailand,ThaiWater (HII),ridtele_TS.22,RID,Saraburi,Pasak Basin
1359,บ้านน้ำต๊ะ,17.847961,100.267478,Thailand,ThaiWater (HII),STN0166,DWR,Uttaradit,Nan Basin
1316658,ฝายท่าลาด,13.707719,101.401415,Thailand,ThaiWater (HII),ridtele_TKgt59,RID,Chachoengsao,Bang Pakong Basin
1080962,บ้านน้ำเคิม,18.103164,100.4444,Thailand,ThaiWater (HII),STN1673,DWR,Nan,Nan Basin
2,Krung Thep 8,13.76131,100.61601,Thailand,ThaiWater (HII),BKK008,HII,Bangkok,Chao Phraya Basin
1080885,บ้านนาท้อน,8.790631,99.825486,Thailand,ThaiWater (HII),STN1596,DWR,Nakhon Si Thammarat,Peninsula - Upper East Coast Basin
1062,บ้านด่าน,13.721552,102.465027,Thailand,ThaiWater (HII),STN1003,DWR,Sa Kaeo,Tonle Sap Basin
1061,บ้านบีกริม,13.638481,102.393412,Thailand,ThaiWater (HII),STN1004,DWR,Sa Kaeo,Tonle Sap Basin
1037,บ้านสะโทย,12.561464,102.265038,Thailand,ThaiWater (HII),STN0468,DWR,Chanthaburi,East Coast Gulf Basin
1316958,Tสบห้วยเหนือ+ห้วยสำราญ,14.889,104.133,Thailand,ThaiWater (HII),ridtele_TM.198,RID,Si Sa Ket,Mun Basin
1317030,คลองวัดหญ้า,8.476777,99.924205,Thailand,ThaiWater (HII),ridtele_TNA.02,RID,Nakhon Si Thammarat,Peninsula - Upper East Coast Basin
1081062,บ้านเจ๊ะหลี,7.557419,99.071713,Thailand,ThaiWater (HII),STN1773,DWR,Krabi,Peninsula - West Coast Basin
3525,แม่น้ำชี บ้านหินกอง,16.250316,102.743923,Thailand,ThaiWater (HII),URTD05,EGAT,Khon Kaen,Chi Basin Basin
3519,น้ำพอง บ้านผานกเค้า (E.29),16.847333,101.943603,Thailand,ThaiWater (HII),URTU07,EGAT,Loei,Chi Basin Basin
3464,ลำเชิญ อ.บ้านแท่น (ท้ายฝายน้ำเชิญ),16.445603,102.294167,Thailand,ThaiWater (HII),URTU01,EGAT,Chaiyaphum,Chi Basin Basin
1317085,สถานีปากคลองระโนด,7.769627,100.302102,Thailand,ThaiWater (HII),ridtele_TSL03,RID,Songkhla,Thale Sap Songkhla Basin
760,Nong Ya Plong,13.16995,99.68775,Thailand,ThaiWater (HII),BCAP,HII,Phetchaburi,Phetchaburi - Prachuap Khiri Khan Basin
1100907,ศาลาเอนกประสงค์ บ้านสระขาว หมู่ 16,9.77439,98.95418,Thailand,ThaiWater (HII),TB06,DISASTER,Chumphon,Peninsula - Upper East Coast Basin
501276,บ้านห้วยรวก,14.666945,99.617884,Thailand,ThaiWater (HII),STN1243,DWR,Kanchanaburi,Tha Chin Basin
636,Phop Phra,16.41632,98.68712,Thailand,ThaiWater (HII),PPCT,HII,Tak,Salawin Basin
501340,บ้านดงลึก,16.284535,100.811791,Thailand,ThaiWater (HII),STN1307,DWR,Phetchabun,Nan Basin
558658,เขื่อนน้ำพุง บ้านคำเพิ่ม,16.97249,103.983376,Thailand,ThaiWater (HII),NPNPU01,EGAT,Sakon Nakhon,Northeast Khong Basin
1813,บ้านช่องลม,11.123157,99.366443,Thailand,ThaiWater (HII),STN0689,DWR,Prachuap Khiri Khan,Phetchaburi - Prachuap Khiri Khan Basin
1106448,Khlong Bang So,14.194874,100.13267,Thailand,ThaiWater (HII),TCP002,HII,Suphan Buri,Tha Chin Basin
1888,บ้านคลองบอน,8.043961,98.602907,Thailand,ThaiWater (HII),STN0497,DWR,Phangnga,Peninsula - West Coast Basin
501556,บ้านวังท่าดี,15.999677,101.209693,Thailand,ThaiWater (HII),STN1528,DWR,Phetchabun,Pasak Basin
1601353,Nam Kian Reservoir,18.75228,100.853,Thailand,ThaiWater (HII),RES031,HII,Nan,Nan Basin
1109579,Tambon Health Promoting Hospital of Ban Chak Mak,12.796795,101.027664,Thailand,ThaiWater (HII),ONE090,HII,Rayong,East Coast Gulf Basin
883,Ban Tha Dan Communuty,6.834729,101.20043,Thailand,ThaiWater (HII),VLGE29,HII,Pattani,Peninsula - Lower East Coast Basin
747,Khlong Narapirom,13.88207,100.29086,Thailand,ThaiWater (HII),BKK019,HII,Nakhon Pathom,Chao Phraya Basin
685666,National Park Protection Unit of  Wo So 1 (Mae Khaem),18.031466,99.70319,Thailand,ThaiWater (HII),MOU061,FOP,Phrae,Yom Basin
213,Samrit,15.21211,102.44619,Thailand,ThaiWater (HII),BSUM,HII,Nakhon Ratchasima,Mun Basin
1100855,องค์การบริหารส่วนตำบลช่องสะเดา หมู่ 6,14.21526,99.21879,Thailand,ThaiWater (HII),TA08,DISASTER,Kanchanaburi,Mae Klong Basin
479235,Songkhram 2,17.322742,103.97923,Thailand,ThaiWater (HII),TBW027,HII,Sakon Nakhon,Northeast Khong Basin
195,Wang Nam Yen,13.50019,102.18437,Thailand,ThaiWater (HII),TTWY,HII,Sa Kaeo,Bang Pakong Basin
338,Ba Yao,17.08087,103.39912,Thailand,ThaiWater (HII),NKTP,HII,Udon Thani,Chi Basin Basin
1101092,บ้านใหม่พัฒนา หมู่ 10,13.541551,101.95172,Thailand,ThaiWater (HII),TE79,DISASTER,Sa Kaeo,Bang Pakong Basin
1109550,Ban Talat Noen Hin School,13.298696,101.36016,Thailand,ThaiWater (HII),ONE061,HII,Chon Buri,Bang Pakong Basin
864,Pakae Bohin,7.05861,99.80006,Thailand,ThaiWater (HII),SPWA,HII,Satun,Peninsula - West Coast Basin
1120560,National Park Protection Unit of So To (Ko Samui),9.47909,99.9874,Thailand,ThaiWater (HII),MOU501,FOP,Surat Thani,Peninsula - Upper East Coast Basin
1373689,Pak Tae Canal Bridge Songkhla Lake community,7.779112,100.36791,Thailand,ThaiWater (HII),PTTEP4,HII,Songkhla,Thale Sap Songkhla Basin
13870,Wang Yao,14.89012,99.37758,Thailand,ThaiWater (HII),SWR003,HII,Suphan Buri,Mae Klong Basin
1109541,Tambon Health Promoting Hospital of Kham Mueat Kaeo,16.533266,103.20552,Thailand,ThaiWater (HII),ONE052,HII,Kalasin,Chi Basin Basin
709,Ratchaburi 2,13.81866,99.86508,Thailand,ThaiWater (HII),RAJ002,HII,Ratchaburi,Mae Klong Basin
1123807,บ้านหนองโน,16.195865,103.156029,Thailand,ThaiWater (HII),STN1969,DWR,Maha Sarakham,Chi Basin Basin
1123803,บ้านหนองไห,16.208084,102.665055,Thailand,ThaiWater (HII),STN1965,DWR,Khon Kaen,Chi Basin Basin
1459136,บ้านนาแซะ,10.502486,98.985835,Thailand,ThaiWater (HII),STN2271,DWR,Chumphon,Peninsula - Upper East Coast Basin
1123735,บ้านโสมเยี่ยม,17.81421,102.231495,Thailand,ThaiWater (HII),STN1897,DWR,Udon Thani,Northeast Khong Basin
1806,บ้านสวนส้ม,11.564273,99.55855,Thailand,ThaiWater (HII),STN0081,DWR,Prachuap Khiri Khan,Phetchaburi - Prachuap Khiri Khan Basin
1781,บ้านประจำไม้,14.589914,98.586428,Thailand,ThaiWater (HII),STN0478,DWR,Kanchanaburi,Mae Klong Basin
501183,บ้านศรีบุญเรือง,20.181795,100.137431,Thailand,ThaiWater (HII),STN1145,DWR,Chiang Rai,North Khong Basin
501439,บ้านวังเจริญรัตน์,16.150813,101.21186,Thailand,ThaiWater (HII),STN1409,DWR,Phetchabun,Pasak Basin
501320,บ้านรวมไทยพัฒนาที่ 8,16.435125,98.820199,Thailand,ThaiWater (HII),STN1287,DWR,Tak,Salawin Basin
1063,บ้านนาคันหัก,13.608058,102.049221,Thailand,ThaiWater (HII),STN0997,DWR,Sa Kaeo,Bang Pakong Basin
1316748,บ้านท่ามะนาว,14.1647,99.2754,Thailand,ThaiWater (HII),ridtele_TK.36,RID,Kanchanaburi,Mae Klong Basin
1080879,บ้านบึงไม้,14.417774,101.146889,Thailand,ThaiWater (HII),STN1590,DWR,Saraburi,Bang Pakong Basin
528799,ส.คลองบางซื่อ,13.80023,100.51848,Thailand,ThaiWater (HII),RF.BSU.03,BMA,Bangkok,Chao Phraya Basin
1080996,บ้านมะนังบังแยง,6.097933,101.691364,Thailand,ThaiWater (HII),STN1707,DWR,Narathiwat,Peninsula - Lower East Coast Basin
1123988,บ้านดุซงญอ,6.171471,101.705746,Thailand,ThaiWater (HII),STN2151,DWR,Narathiwat,Peninsula - Lower East Coast Basin
1459148,บ้านแข้ด่อน,14.415027,105.112882,Thailand,ThaiWater (HII),STN2283,DWR,Ubon Ratchathani,Mun Basin
1118515,วัดขวดน้ำมัน หมู่ 2,17.42461,100.77148,Thailand,ThaiWater (HII),TD45,DISASTER,Phitsanulok,Nan Basin
855475,National Park Protection Unit of Chang Ta Lut,16.573484,101.33621,Thailand,ThaiWater (HII),MOU085,FOP,Phetchabun,Pasak Basin
1109546,Ta Khop,14.635938,101.844635,Thailand,ThaiWater (HII),ONE057,HII,Nakhon Ratchasima,Mun Basin
12350,Trang 6,7.96409,99.59775,Thailand,ThaiWater (HII),TNG006,HII,Trang,Peninsula - West Coast Basin
476,Tha Phaek,17.94566,100.63106,Thailand,ThaiWater (HII),SRKT,HII,Uttaradit,Nan Basin
1316939,T ปตร.น้ำเค็ม (D/S),15.20617,102.50055,Thailand,ThaiWater (HII),ridtele_TM.201 (D/S),RID,Nakhon Ratchasima,Mun Basin
141,Sato,12.53639,102.44429,Thailand,ThaiWater (HII),STOR,HII,Trat,East Coast Gulf Basin
216,Chum Phuang Weir,15.38654,102.71913,Thailand,ThaiWater (HII),WEI142,HII,Nakhon Ratchasima,Mun Basin
724,Tha Khanun,14.74405,98.64233,Thailand,ThaiWater (HII),TPAE,HII,Kanchanaburi,Mae Klong Basin
922,Sai Buri 2,6.227293,101.49695,Thailand,ThaiWater (HII),SAY002,HII,Narathiwat,Peninsula - Lower East Coast Basin
1556931,National Park Protection Unit Kor Lor 4 (Khlong Suan Mak),16.3287,99.2576,Thailand,ThaiWater (HII),MOU326,FOP,Kamphaeng Phet,Ping Basin
1119646,บ้านนายสมชาย (ผู้นำชุมชน) หมู่ 2,15.35148,99.53145,Thailand,ThaiWater (HII),TG20,DISASTER,Uthai Thani,Tha Chin Basin
1081081,บ้านสวนขนุน,11.509864,99.56995,Thailand,ThaiWater (HII),STN1792,DWR,Prachuap Khiri Khan,Phetchaburi - Prachuap Khiri Khan Basin
3526,แม่น้ำชี ฝายมหาสารคาม(เหนือ),16.368304,102.946387,Thailand,ThaiWater (HII),URTD03,EGAT,Maha Sarakham,Chi Basin Basin
1058,บ้านหนองแวง,13.591549,102.257092,Thailand,ThaiWater (HII),STN0999,DWR,Sa Kaeo,Bang Pakong Basin
501188,บ้านดงเจริญ,19.778868,99.811669,Thailand,ThaiWater (HII),STN1150,DWR,Chiang Rai,North Khong Basin
1081078,บ้านหนองน้ำเย็น,12.786534,101.726321,Thailand,ThaiWater (HII),STN1789,DWR,Rayong,East Coast Gulf Basin
2057,บ้านควนขวาง,7.691034,99.436419,Thailand,ThaiWater (HII),STN0702,DWR,Trang,Peninsula - West Coast Basin
135,Pred Nai Communuty,12.14203,102.52977,Thailand,ThaiWater (HII),VLGE03,HII,Trat,East Coast Gulf Basin
1088,บ้านกลาง,14.477116,104.147175,Thailand,ThaiWater (HII),STN0989,DWR,Si Sa Ket,Mun Basin
1657,บ้านปางสวรรค์,15.203169,99.420237,Thailand,ThaiWater (HII),STN0472,DWR,Uthai Thani,Tha Chin Basin
1110,บ้านนาเมืองทอง,17.968984,102.124636,Thailand,ThaiWater (HII),STN0302,DWR,Udon Thani,Northeast Khong Basin
782,Pran Buri,12.37836,99.89328,Thailand,ThaiWater (HII),MPBR,HII,Prachuap Khiri Khan,Phetchaburi - Prachuap Khiri Khan Basin
2013,บ้านคลองทุเรียน,6.732478,100.800317,Thailand,ThaiWater (HII),STN0505,DWR,Songkhla,Thale Sap Songkhla Basin
1373278,"Managen Nam Nam Bridge, Ban Na Chong",14.546983,100.88976,Thailand,ThaiWater (HII),HDA012,HII,Saraburi,Pasak Basin
1704,บ้านห้วยน้ำนัก,16.429841,98.668023,Thailand,ThaiWater (HII),STN0366,DWR,Tak,Salawin Basin
1993,บ้านทับขอน,9.774972,98.6933,Thailand,ThaiWater (HII),STN0811,DWR,Chumphon,Peninsula - Upper East Coast Basin
1161,บ้านหมากแข้ง,17.415744,101.551594,Thailand,ThaiWater (HII),STN0325,DWR,Loei,Northeast Khong Basin
1080875,บ้านคลองมะนาว,13.635338,102.280666,Thailand,ThaiWater (HII),STN1586,DWR,Sa Kaeo,Tonle Sap Basin
1123814,บ้านโคกเขื่อน,14.159991,101.521952,Thailand,ThaiWater (HII),STN1976,DWR,Prachin Buri,Bang Pakong Basin
1170,บ้านแม่ปอน,18.467068,98.609275,Thailand,ThaiWater (HII),STN0014,DWR,Chiang Mai,Ping Basin
501579,บ้านหนองขาหย่าง,17.231528,100.493167,Thailand,ThaiWater (HII),STN1553,DWR,Phitsanulok,Nan Basin
501292,บ้านนายาบ,18.143931,99.713698,Thailand,ThaiWater (HII),STN1259,DWR,Lampang,Wang Basin
1316744,วัดท่าขนุน,14.742605,98.635243,Thailand,ThaiWater (HII),ridtele_TK.13,RID,Kanchanaburi,Mae Klong Basin
1759,บ้านห้วยม่วง,13.392453,99.267852,Thailand,ThaiWater (HII),STN0691,DWR,Ratchaburi,Mae Klong Basin
528757,สนข.หนองจอก,13.85584,100.86259,Thailand,ThaiWater (HII),RF.NJK.01,BMA,Bangkok,Bang Pakong Basin
1780,บ้านดงโคร่ง,14.625644,98.759389,Thailand,ThaiWater (HII),STN0476,DWR,Kanchanaburi,Mae Klong Basin
584,Chao Phraya 2,15.42655,100.13471,Thailand,ThaiWater (HII),CPY002,HII,Nakhon Sawan,Chao Phraya Basin
501346,บ้านแม่วังช้าง,19.281614,100.224559,Thailand,ThaiWater (HII),STN1316,DWR,Phayao,North Khong Basin
1798,บ้านสวนใหญ่พัฒนา,12.61253,99.531717,Thailand,ThaiWater (HII),STN1014,DWR,Phetchaburi,Phetchaburi - Prachuap Khiri Khan Basin
242,Non Khwang Communuty,15.18076,103.15744,Thailand,ThaiWater (HII),VLGE08,HII,Buri Ram,Mun Basin
1080920,บ้านทับศิลา,14.233617,99.155551,Thailand,ThaiWater (HII),STN1631,DWR,Kanchanaburi,Mae Klong Basin
1316502,บ้านวังชะโอน,16.703333,99.435278,Thailand,ThaiWater (HII),ridtele_TP.111,RID,Kamphaeng Phet,Ping Basin
501393,บ้านนาปอ,17.470911,100.92317,Thailand,ThaiWater (HII),STN1363,DWR,Loei,Northeast Khong Basin
1124003,บ้าน กม.38,5.974051,101.202508,Thailand,ThaiWater (HII),STN2166,DWR,Yala,Peninsula - Lower East Coast Basin
1100972,บ้านผู้ใหญ่บ้านโคกป่าคา หมู่ 9,6.43653,101.80173,Thailand,ThaiWater (HII),TH43,DISASTER,Narathiwat,Peninsula - Lower East Coast Basin
1118565,สนง. อบต. ห้วยไร่,17.913085,100.06669,Thailand,ThaiWater (HII),FN04,DISASTER,Phrae,Yom Basin
157,Nong Nae,13.68338,101.32512,Thailand,ThaiWater (HII),NGNG,HII,Chachoengsao,Bang Pakong Basin
385583,Khu Khad,14.559949,102.95148,Thailand,ThaiWater (HII),TBW018,HII,Buri Ram,Mun Basin
455700,Krok I Dok,14.4417,101.17281,Thailand,ThaiWater (HII),ONWR01,HII,Saraburi,Bang Pakong Basin
740746,Kham Maenam Pattani Bridge,6.411704,101.27776,Thailand,ThaiWater (HII),FOP045,FOP,Yala,Peninsula - Lower East Coast Basin
1121242,Khlong Tron Bridge,17.463362,100.23722,Thailand,ThaiWater (HII),MOU383,FOP,Uttaradit,Nan Basin
156,Phanom Sarakham,13.72662,101.35298,Thailand,ThaiWater (HII),BPK004,HII,Chachoengsao,Bang Pakong Basin
117,Ban Khai,12.706804,101.30041,Thailand,ThaiWater (HII),RAY004,HII,Rayong,East Coast Gulf Basin
1654,บ้านพุบอน,15.07572,99.419734,Thailand,ThaiWater (HII),STN0680,DWR,Uthai Thani,Tha Chin Basin
1101185,โรงเรียนบ้านวังเวิน หมู่ 6,17.23752,101.3577,Thailand,ThaiWater (HII),TH95,DISASTER,Loei,Pasak Basin
1123963,บ้านบางนอนนอก,9.994826,98.647922,Thailand,ThaiWater (HII),STN2126,DWR,Ranong,Peninsula - West Coast Basin
1316672,บ้านตะเภาลาย,14.012733,101.265193,Thailand,ThaiWater (HII),ridtele_TKgt53,RID,Prachin Buri,Bang Pakong Basin
2024,บ้านท่าโต้,6.756746,100.533575,Thailand,ThaiWater (HII),STN1024,DWR,Songkhla,Thale Sap Songkhla Basin
528820,ส.บางนา,13.67493,100.58757,Thailand,ThaiWater (HII),RF.BNA.02,BMA,Bangkok,Chao Phraya Basin
1123995,บ้านบันนังดามา,6.477096,101.013911,Thailand,ThaiWater (HII),STN2158,DWR,Yala,Thale Sap Songkhla Basin
1123870,บ้านนาเมือง,17.295934,100.830007,Thailand,ThaiWater (HII),STN2032,DWR,Phitsanulok,Nan Basin
1123911,บ้านสวนทุเรียน,8.962793,98.904826,Thailand,ThaiWater (HII),STN2074,DWR,Surat Thani,Peninsula - Upper East Coast Basin
1123907,บ้านกระชุม,8.751979,99.237098,Thailand,ThaiWater (HII),STN2070,DWR,Surat Thani,Peninsula - Upper East Coast Basin
1080988,บ้านปาลอบาเต๊ะ,6.422481,101.673226,Thailand,ThaiWater (HII),STN1699,DWR,Narathiwat,Peninsula - Lower East Coast Basin
1894,บ้านกะไหล,8.328016,98.405674,Thailand,ThaiWater (HII),STN0097,DWR,Phangnga,Peninsula - West Coast Basin
1316749,วัดยางเกาะ,13.901244,99.462219,Thailand,ThaiWater (HII),ridtele_TK.37A,RID,Kanchanaburi,Mae Klong Basin
1109552,Wat Nong Nam Khiao School,13.234701,101.11684,Thailand,ThaiWater (HII),ONE063,HII,Chon Buri,Bang Pakong Basin
35,Ban Noi Sawang,14.1652,100.77855,Thailand,ThaiWater (HII),LK13,HII,Pathum Thani,Chao Phraya Basin
3734,KO SAMUI,9.45097,100.03361,Thailand,ThaiWater (HII),48550,TMD,Surat Thani,Not specify
3692,THONG PHAPHUM,14.74222,98.63639,Thailand,ThaiWater (HII),48421,TMD,Kanchanaburi,Mae Klong Basin
740722,Mae Phun Waterfall,17.72906,99.97804,Thailand,ThaiWater (HII),FOP021,FOP,Uttaradit,Nan Basin
738,Tha Chin 4,14.75138,100.09592,Thailand,ThaiWater (HII),THA004,HII,Suphan Buri,Tha Chin Basin
855491,Phu Laen Kha National Parks,15.997084,101.88816,Thailand,ThaiWater (HII),MOU101,FOP,Chaiyaphum,Chi Basin Basin
784,Pran Buri 1,12.38992,99.91119,Thailand,ThaiWater (HII),PRN001,HII,Prachuap Khiri Khan,Phetchaburi - Prachuap Khiri Khan Basin
3712,DON MUANG AIRPORT,13.91917,100.605,Thailand,ThaiWater (HII),48456,TMD,Bangkok,Chao Phraya Basin
1317048,บ้านปากแพรก,8.219533,100.200906,Thailand,ThaiWater (HII),ridtele_TPN04,RID,Nakhon Si Thammarat,Peninsula - Upper East Coast Basin
1090,บ้านใหม่สามัคคี,15.933043,101.699489,Thailand,ThaiWater (HII),STN0974,DWR,Chaiyaphum,Chi Basin Basin
500127,บ้านน้ำไพร,18.106906,102.227385,Thailand,ThaiWater (HII),STN1206,DWR,Nong Khai,Northeast Khong Basin
1316815,สะพานห้วยลม,17.323277,102.543788,Thailand,ThaiWater (HII),ridtele_TKH.119,RID,Udon Thani,Northeast Khong Basin
1316693,เขื่อนปราณบุรี,12.457138,99.794328,Thailand,ThaiWater (HII),ridtele_TPR.4,RID,Prachuap Khiri Khan,Phetchaburi - Prachuap Khiri Khan Basin
1695,บ้านขะเนจื้อ,17.04138,98.491642,Thailand,ThaiWater (HII),STN0054,DWR,Tak,Salawin Basin
855499,Chong Na Yoi National Parks,14.435199,105.25578,Thailand,ThaiWater (HII),MOU109,FOP,Ubon Ratchathani,Mun Basin
1617,บ้านแม่หาร,18.210277,97.887441,Thailand,ThaiWater (HII),STN0933,DWR,Mae Hong Son,Salawin Basin
528765,สนข.พระโขนง,13.70233,100.60197,Thailand,ThaiWater (HII),RF.PKN.01,BMA,Bangkok,Chao Phraya Basin
583,Khao Thong,15.5707,100.18319,Thailand,ThaiWater (HII),BKDN,HII,Nakhon Sawan,Chao Phraya Basin
1316393,T.ปตร.ช่องแค,15.145483,100.411717,Thailand,ThaiWater (HII),ridtele_T.ChongKhaeRegulator,RID,Nakhon Sawan,Chao Phraya Basin
1123737,บ้านทับไฮ,17.108731,102.771099,Thailand,ThaiWater (HII),STN1899,DWR,Udon Thani,Chi Basin Basin
501563,บ้านสามพวง 1,16.79757,99.787305,Thailand,ThaiWater (HII),STN1536,DWR,Sukhothai,Yom Basin
1123782,บ้านคลองสระ,9.037549,99.628744,Thailand,ThaiWater (HII),STN1944,DWR,Surat Thani,Peninsula - Upper East Coast Basin
1130137,Ton Phrae Thong Waterfall,7.48415,99.8918,Thailand,ThaiWater (HII),MOU510,FOP,Phatthalung,Thale Sap Songkhla Basin
1126,บ้านอุมุง,17.885913,101.761202,Thailand,ThaiWater (HII),STN0767,DWR,Loei,Northeast Khong Basin
1796,บ้านพุตูม,13.024462,99.753521,Thailand,ThaiWater (HII),STN0281,DWR,Phetchaburi,Phetchaburi - Prachuap Khiri Khan Basin
1081054,บ้านลุ่มเกรียบ,8.531789,98.651947,Thailand,ThaiWater (HII),STN1765,DWR,Phangnga,Peninsula - West Coast Basin
1123958,บ้านปลายคลองวัน,10.498321,98.838336,Thailand,ThaiWater (HII),STN2121,DWR,Ranong,Peninsula - West Coast Basin
1601355,Huai Chang Reservoir,18.85078,100.47182,Thailand,ThaiWater (HII),RES033,HII,Nan,Yom Basin
3673,UMPHANG,16.02472,98.86444,Thailand,ThaiWater (HII),48385,TMD,Tak,Mae Klong Basin
1109542,Tambon Health Promoting Hospital of Ban Nong Bot,14.418631,102.22089,Thailand,ThaiWater (HII),ONE053,HII,Nakhon Ratchasima,Mun Basin
1121216,Watershed Management and Community Development Unit in the Lang San Conservation Forest Area,15.9385,101.521,Thailand,ThaiWater (HII),MOU232,FOP,Chaiyaphum,Chi Basin Basin
1109595,Nong Waeng Chumphon School,17.041039,102.62484,Thailand,ThaiWater (HII),ONE106,HII,Udon Thani,Northeast Khong Basin
1483166,Watershed Management and Community Development Unit in the Nam Kwang Conservation Forest Area,19.1848,101.072,Thailand,ThaiWater (HII),MOU404,FOP,Nan,Nan Basin
1101150,วัดห้วยกั้งราษฎร์ศรัทธาธรรม,17.76913,100.109472,Thailand,ThaiWater (HII),TF94,DISASTER,Uttaradit,Nan Basin
8269928,Sai Yok National Park Office,14.4545,98.84806,Thailand,ThaiWater (HII),MOU240,FOP,Kanchanaburi,Mae Klong Basin
343,Tha Sa-at,17.49024,101.93209,Thailand,ThaiWater (HII),BPIA,HII,Loei,Northeast Khong Basin
310,Kai Kham,15.78806,104.6422,Thailand,ThaiWater (HII),ACRU,HII,Amnat Charoen,Mun Basin
1121226,Lan Sang National Park,16.77711,99.005714,Thailand,ThaiWater (HII),MOU295,FOP,Tak,Ping Basin
846,Sawi 2,10.203275,99.04355,Thailand,ThaiWater (HII),SVI002,HII,Chumphon,Peninsula - Upper East Coast Basin
1121279,National Park Protection Unit of So Yo 3 (Rong Che),12.227969,99.93135,Thailand,ThaiWater (HII),MOU486,FOP,PrachuapKhiriKhan,Phetchaburi - Prachuap Khiri Khan Basin
1080986,บ้านวังไทร,6.008383,101.269002,Thailand,ThaiWater (HII),STN1697,DWR,Yala,Peninsula - Lower East Coast Basin
501139,บ้านแก่งไฮ,16.985166,100.772579,Thailand,ThaiWater (HII),STN1098,DWR,Phitsanulok,Nan Basin
1123809,บ้านน้ำพอง,16.827698,101.848349,Thailand,ThaiWater (HII),STN1971,DWR,Loei,Chi Basin Basin
1123790,บ้านหน้าช่องฉันทนา (บ้านไสใหญ่),8.244067,99.209211,Thailand,ThaiWater (HII),STN1952,DWR,Krabi,Peninsula - Upper East Coast Basin
1123976,บ้านดุมใหญ่,15.65165,104.74357,Thailand,ThaiWater (HII),STN2139,DWR,Ubon Ratchathani,Mun Basin
3697,PRACHIN BURI,14.05842,101.3693,Thailand,ThaiWater (HII),48430,TMD,Prachin Buri,Bang Pakong Basin
501374,บ้านห้วยน้ำเค็ม,18.385754,99.615819,Thailand,ThaiWater (HII),STN1344,DWR,Lampang,Wang Basin
1459153,บ้านธาตุน้อย,15.311814,104.436683,Thailand,ThaiWater (HII),STN2288,DWR,Ubon Ratchathani,Chi Basin Basin
1316653,ปากแม่น้ำบางปะกง,13.474833,100.98196,Thailand,ThaiWater (HII),ridtele_TKgt54,RID,Chachoengsao,Bang Pakong Basin
1316510,ฝายคลองสวนหมาก,16.330917,99.26475,Thailand,ThaiWater (HII),ridtele_TP.100,RID,Kamphaeng Phet,Ping Basin
1941,บ้านบางหยด,8.541172,99.204936,Thailand,ThaiWater (HII),STN1048,DWR,Surat Thani,Peninsula - Upper East Coast Basin
1081037,บ้านสะพานหิน,10.835051,99.257766,Thailand,ThaiWater (HII),STN1748,DWR,Chumphon,Peninsula - Upper East Coast Basin
1067,บ้านเขายายเที่ยง,14.805396,101.567403,Thailand,ThaiWater (HII),STN0549,DWR,Nakhon Ratchasima,Mun Basin
1130,บ้านห้วยตาด,17.314633,101.207059,Thailand,ThaiWater (HII),STN0957,DWR,Loei,Northeast Khong Basin
1677,บ้านเพชรนิยม,16.289125,99.274877,Thailand,ThaiWater (HII),STN0300,DWR,Kamphaeng Phet,Ping Basin
1684,บ้านลานสาง,16.794436,99.031213,Thailand,ThaiWater (HII),STN0927,DWR,Tak,Ping Basin
1095,บ้านสะพานหิน,15.753988,101.461433,Thailand,ThaiWater (HII),STN0976,DWR,Chaiyaphum,Chi Basin Basin
1342,บ้านทุ่งเกวียน,18.332701,99.249899,Thailand,ThaiWater (HII),STN0533,DWR,Lampang,Wang Basin
1107,บ้านคีรีวงกต,18.054818,102.08834,Thailand,ThaiWater (HII),STN0773,DWR,Udon Thani,Northeast Khong Basin
1985,บ้านโตนดห้าต้น,9.873742,99.104788,Thailand,ThaiWater (HII),STN0723,DWR,Chumphon,Peninsula - Upper East Coast Basin
1123759,บ้านป่าแก่บ่อหิน,7.030333,99.79666,Thailand,ThaiWater (HII),STN1921,DWR,Satun,Peninsula - West Coast Basin
1556896,"National Park Protection Unit, Kor Por 3 (Sam Muen)",17.0225,98.7486,Thailand,ThaiWater (HII),MOU292,FOP,Tak,Ping Basin
632,Mae Omki,17.75395,97.96277,Thailand,ThaiWater (HII),TSYG,HII,Tak,Salawin Basin
235,Lahan Sai,14.39567,102.84726,Thailand,ThaiWater (HII),BSKJ,HII,Buri Ram,Mun Basin
479242,Sub Lek,14.814826,100.77581,Thailand,ThaiWater (HII),TBW034,HII,Lop Buri,Chao Phraya Basin
407,Don Tan,16.31839,104.91895,Thailand,ThaiWater (HII),DTAN,HII,Mukdahan,Northeast Khong Basin
1121278,Kui Buri National Park,12.051988,99.62372,Thailand,ThaiWater (HII),MOU485,FOP,Prachuap Khiri Khan,Phetchaburi - Prachuap Khiri Khan Basin
3708,NAKHONPATHOM,14.01167,99.97,Thailand,ThaiWater (HII),48451,TMD,Nakhon Pathom,Tha Chin Basin
685675,Watershed Management and Community Development Unit in the Doi Paper Conservation Forest Area,17.264994,98.35863,Thailand,ThaiWater (HII),MOU070,FOP,Tak,Salawin Basin
12484,Tapi 6,8.537499,99.181015,Thailand,ThaiWater (HII),TPI006,HII,Surat Thani,Peninsula - Upper East Coast Basin
740734,Nam Tok Yong National Park,8.172421,99.74128,Thailand,ThaiWater (HII),FOP033,FOP,Nakhon Si Thammarat,Peninsula - West Coast Basin
9701059,วัดโนนทอง หมู่ที่ 2 บ้านแก่งม่วง,17.38335,101.48586,Thailand,ThaiWater (HII),NN05,DISASTER,Loei,Northeast Khong Basin
501514,บ้านไพรพัฒนา,14.468717,104.068436,Thailand,ThaiWater (HII),STN1486,DWR,Si Sa Ket,Mun Basin
1316429,วัดท่าแร่,16.744616,101.228165,Thailand,ThaiWater (HII),ridtele_TS.15,RID,Phetchabun,Pasak Basin
1316426,เหนือเขื่อนป่าสัก,14.848254,101.090205,Thailand,ThaiWater (HII),ridtele_TS.10,RID,Lop Buri,Pasak Basin
1080944,บ้านหนองผักกูด,12.818632,101.038965,Thailand,ThaiWater (HII),STN1655,DWR,Chon Buri,East Coast Gulf Basin
1700,บ้านแม่กาษาใหม่ไหล่ท่า,16.876106,98.621776,Thailand,ThaiWater (HII),STN0924,DWR,Tak,Salawin Basin
501124,บ้านบ่อโพธิ์,17.23296,101.053442,Thailand,ThaiWater (HII),STN1083,DWR,Phitsanulok,Nan Basin
1840,บ้านไสใหญ่เหนือ,8.17327,99.719523,Thailand,ThaiWater (HII),STN0753,DWR,Nakhon Si Thammarat,Peninsula - West Coast Basin
1970,บ้านดวงดี,10.901199,99.148828,Thailand,ThaiWater (HII),STN0801,DWR,Chumphon,Peninsula - Upper East Coast Basin
1316897,บ้านโนนเขวา,16.35233,102.88133,Thailand,ThaiWater (HII),ridtele_TE.117,RID,Khon Kaen,Chi Basin Basin
1316801,บ้านพันนา,17.441923,103.570547,Thailand,ThaiWater (HII),ridtele_TKS.110,RID,Sakon Nakhon,Northeast Khong Basin
1081030,บ้านหน้าซึง,9.305716,98.949609,Thailand,ThaiWater (HII),STN1741,DWR,Surat Thani,Peninsula - Upper East Coast Basin
1123663,บ้านห้วยต้นนุ่น,18.753525,97.829615,Thailand,ThaiWater (HII),STN1825,DWR,Mae Hong Son,Salawin Basin
1317068,สะพานยะกัง,6.40016,101.82338,Thailand,ThaiWater (HII),ridtele_BNR.08,RID,Narathiwat,Peninsula - Lower East Coast Basin
501315,บ้านปากห้วยแม่ปะ,16.760177,98.526575,Thailand,ThaiWater (HII),STN1282,DWR,Tak,Salawin Basin
528841,ปตร.คลองบัว-ทางรถไฟ,13.79974,100.41609,Thailand,ThaiWater (HII),RF.TLC.02,BMA,Bangkok,Chao Phraya Basin
1081072,บ้านท่าคลอง,8.1105,98.908151,Thailand,ThaiWater (HII),STN1783,DWR,Krabi,Peninsula - West Coast Basin
501166,บ้านไร่ใหม่,15.230766,99.463888,Thailand,ThaiWater (HII),STN1126,DWR,Uthai Thani,Tha Chin Basin
528819,ส.บางอ้อ,13.68212,100.59254,Thailand,ThaiWater (HII),RF.PKN.03,BMA,Bangkok,Chao Phraya Basin
1317035,ฝายท่าดี,8.391047,99.864547,Thailand,ThaiWater (HII),ridtele_TNB.07,RID,Nakhon Si Thammarat,Peninsula - Upper East Coast Basin
1123966,วังโป่ง,18.330513,100.327475,Thailand,ThaiWater (HII),STN2129,DWR,Phrae,Yom Basin
562804,ฝายละแอ อ.บันนังสตา จ.ยะลา,6.143055,101.309167,Thailand,ThaiWater (HII),BLGTU06,EGAT,Yala,Peninsula - Lower East Coast Basin
562800,สะพานหัวสะพาน อ.บันนังสตา จ.ยะลา,6.262132,101.268237,Thailand,ThaiWater (HII),BLGTD02,EGAT,Yala,Peninsula - Lower East Coast Basin
562799,สะพานท้ายเขื่อนบางลาง อ.บันนังสตา จ.ยะลา,6.160477,101.276104,Thailand,ThaiWater (HII),BLGTD01,EGAT,Yala,Peninsula - Lower East Coast Basin
3509,น้ำพอง อ.สีชมพู,16.88054,102.145442,Thailand,ThaiWater (HII),URTU02,EGAT,Khon Kaen,Chi Basin Basin
1821,บ้านวังลุง,8.591058,99.777887,Thailand,ThaiWater (HII),STN0217,DWR,Nakhon Si Thammarat,Peninsula - Upper East Coast Basin
1316432,คลองลำกง,15.996484,101.171142,Thailand,ThaiWater (HII),ridtele_TS.18,RID,Phetchabun,Pasak Basin
1123990,บ้านตันหยงมัส,6.297846,101.731383,Thailand,ThaiWater (HII),STN2153,DWR,Narathiwat,Peninsula - Lower East Coast Basin
558587,Baan Sanghom,14.575683,105.36185,Thailand,ThaiWater (HII),PMSU02,EGAT,Ubon Ratchathani,Mun Basin
1123736,บ้านทับกุง,17.166869,102.767568,Thailand,ThaiWater (HII),STN1898,DWR,Udon Thani,Chi Basin Basin
1317168,ท้ายเขื่อนบางลาง,6.160801,101.276081,Thailand,ThaiWater (HII),ridtele_Tpat.10,RID,Yala,Peninsula - Lower East Coast Basin
1091,บ้านลาดผักหนาม,16.137616,102.048616,Thailand,ThaiWater (HII),STN0304,DWR,Chaiyaphum,Chi Basin Basin
1316413,อบต.ศาลเจ้าไก่ต่อ,15.773471,99.667092,Thailand,ThaiWater (HII),ridtele_TSK.13,RID,Nakhon Sawan,Sakae Krang Basin
501235,บ้านทุ่งพล้อ,17.541266,99.782301,Thailand,ThaiWater (HII),STN1201,DWR,Sukhothai,Yom Basin
1081011,บ้านหนองจิก,8.218715,98.794988,Thailand,ThaiWater (HII),STN1722,DWR,Krabi,Peninsula - West Coast Basin
1080921,บ้านพุพง,14.219713,99.099697,Thailand,ThaiWater (HII),STN1632,DWR,Kanchanaburi,Mae Klong Basin
59,Ban Phran,14.70217,100.29819,Thailand,ThaiWater (HII),SWH1,HII,Ang Thong,Chao Phraya Basin
81,Khung Sam Phao,15.31006,100.08173,Thailand,ThaiWater (HII),MNRM,HII,Chai Nat,Chao Phraya Basin
479220,Bung Kha,16.16702,104.64115,Thailand,ThaiWater (HII),TBR021,HII,Yasothon,Mun Basin
791,Wat Tayikaram School,8.08212,100.16427,Thailand,ThaiWater (HII),BTWN,HII,Nakhon Si Thammarat,Peninsula - Upper East Coast Basin
1392057,Watershed Management and Community Development Unit in the Huai Tabao Conservation Forest Area,16.3302,101.3166,Thailand,ThaiWater (HII),MOU417,FOP,Phetchabun,Pasak Basin
1121289,Forest Protection of Khao Chali,9.227045,98.52561,Thailand,ThaiWater (HII),MOU497,FOP,Surat Thani,Peninsula - Upper East Coast Basin
1109593,Phu khao Kham School,15.9399,104.78428,Thailand,ThaiWater (HII),ONE104,HII,Amnat Charoen,Northeast Khong Basin
1121233,Watershed Research Unit ofNam Wang,17.7567,99.1794,Thailand,ThaiWater (HII),MOU321,FOP,Lampang,Wang Basin
455219,SAMUTSONGKRAM,13.40778,100.03222,Thailand,ThaiWater (HII),48438,TMD,Samut Songkhram,Tha Chin Basin
29,Rabibadhana West Section,14.20612,100.74476,Thailand,ThaiWater (HII),CAN001,HII,Pathum Thani,Chao Phraya Basin
1100853,มัสยิดบ้านโล๊ะบาหรา,7.63494,99.03396,Thailand,ThaiWater (HII),TG74,DISASTER,Krabi,Peninsula - West Coast Basin
1109553,Tham Ni Mit Temple Temple,13.168441,101.03034,Thailand,ThaiWater (HII),ONE064,HII,Chon Buri,East Coast Gulf Basin
1595,บ้านนาป่าแปก,19.532468,97.928517,Thailand,ThaiWater (HII),STN0633,DWR,Mae Hong Son,Salawin Basin
1357,บ้านขุนฝาง,17.787722,100.207208,Thailand,ThaiWater (HII),STN0188,DWR,Uttaradit,Nan Basin
1086,บ้านห้วยน้ำเค็ม,14.464046,101.905837,Thailand,ThaiWater (HII),STN0982,DWR,Nakhon Ratchasima,Mun Basin
1123868,บ้านกู่,15.078301,103.435149,Thailand,ThaiWater (HII),STN2030,DWR,Surin,Mun Basin
1123864,ชุมชนวัดขุนก้อง,14.633308,102.801539,Thailand,ThaiWater (HII),STN2026,DWR,Buri Ram,Mun Basin
501264,บ้านวังโตก,17.086395,99.438507,Thailand,ThaiWater (HII),STN1231,DWR,Sukhothai,Yom Basin
1123718,บ้านเลิง,17.711112,102.00688,Thailand,ThaiWater (HII),STN1880,DWR,Loei,Northeast Khong Basin
1127,บ้านห้วยสีดา,17.734433,101.621549,Thailand,ThaiWater (HII),STN0455,DWR,Loei,Northeast Khong Basin
1123725,บ้านโคกภูใหม่,17.025049,103.832257,Thailand,ThaiWater (HII),STN1887,DWR,Sakon Nakhon,Northeast Khong Basin
1775,บ้านวังน้ำเขียว,14.035485,99.1185,Thailand,ThaiWater (HII),STN1009,DWR,Kanchanaburi,Mae Klong Basin
1459144,บ้านสำราญ,15.806083,104.112764,Thailand,ThaiWater (HII),STN2279,DWR,Yasothon,Chi Basin Basin
1459123,บ้านบ่อโพธิ์,17.232192,101.053443,Thailand,ThaiWater (HII),STN2258,DWR,Phitsanulok,Nan Basin
3476,แม่น้ำมูล วัดปากโดม,15.30606,105.17113,Thailand,ThaiWater (HII),PMTS4,EGAT,Ubon Ratchathani,Mun Basin
1855,บ้านทุ่งอินทนิน,8.077816,99.425652,Thailand,ThaiWater (HII),STN0818,DWR,Nakhon Si Thammarat,Peninsula - West Coast Basin
1663,บ้านซับป่าพลู,15.417764,99.509529,Thailand,ThaiWater (HII),STN0271,DWR,Uthai Thani,Tha Chin Basin
1459120,บ้านป่าหวังนอก,6.277054,101.288632,Thailand,ThaiWater (HII),STN2255,DWR,Yala,Peninsula - Lower East Coast Basin
1896,บ้านแหลมหิน,8.18838,98.343469,Thailand,ThaiWater (HII),STN0173,DWR,Phangnga,Peninsula - West Coast Basin
1080979,บ้านไสยาง,7.629327,100.025012,Thailand,ThaiWater (HII),STN1690,DWR,Phatthalung,Thale Sap Songkhla Basin
1123792,บ้านหัวสวน,9.136265,98.451955,Thailand,ThaiWater (HII),STN1954,DWR,Phangnga,Peninsula - West Coast Basin
1784,บ้านหนองใหญ่,14.765087,99.60336,Thailand,ThaiWater (HII),STN0263,DWR,Kanchanaburi,Tha Chin Basin
1080948,บ้านธรรมสถิตย์,12.702964,101.444685,Thailand,ThaiWater (HII),STN1659,DWR,Rayong,East Coast Gulf Basin
1121,บ้านห้วยตาดใต้,17.5816,101.9083,Thailand,ThaiWater (HII),STN0557,DWR,Loei,Northeast Khong Basin
1316501,บ้านปากร้อง,16.863934,99.11409,Thailand,ThaiWater (HII),ridtele_TP.110,RID,Tak,Ping Basin
1123902,บ้านหาดส้มแป้น,10.694409,99.058498,Thailand,ThaiWater (HII),STN2065,DWR,Chumphon,Peninsula - Upper East Coast Basin
1903,บ้านบางซอย,9.230213,98.453567,Thailand,ThaiWater (HII),STN0285,DWR,Phangnga,Peninsula - West Coast Basin
1370,บ้านนาตอง,18.001685,100.248436,Thailand,ThaiWater (HII),STN0176,DWR,Phrae,Yom Basin
902,Border patrols 445,6.00923,101.26753,Thailand,ThaiWater (HII),STH031,HII,Yala,Peninsula - Lower East Coast Basin
118,Nong Bua,12.849195,101.301346,Thailand,ThaiWater (HII),RAY002,HII,Rayong,East Coast Gulf Basin
227,Udomsup,14.55706,101.97418,Thailand,ThaiWater (HII),UDMS,HII,Nakhon Ratchasima,Mun Basin
714,Kanchanaburi 1,14.06047,99.48325,Thailand,ThaiWater (HII),KRN001,HII,Kanchanaburi,Mae Klong Basin
838,Hong Charoen,10.77972,99.19108,Thailand,ThaiWater (HII),HJRN1,HII,Chumphon,Peninsula - Upper East Coast Basin
881,Demonstration Farm Mae Lan,6.65788,101.24636,Thailand,ThaiWater (HII),STH015,HII,Pattani,Peninsula - Lower East Coast Basin
905,Patthani 1,6.262041,101.268036,Thailand,ThaiWater (HII),PAT001,HII,Yala,Peninsula - Lower East Coast Basin
8270337,Watershed Management and Community Development Unit in the Khlong Ngu Conservation Forest Area,14.849774,98.824,Thailand,ThaiWater (HII),MOU445,FOP,Kanchanaburi,Mae Klong Basin
1101019,บ้านบ่อโพธิ์ ม.1,17.23197,101.05288,Thailand,ThaiWater (HII),FH01,DISASTER,Phitsanulok,Nan Basin
1119580,หาดวาสุกรี,6.708428,101.642851,Thailand,ThaiWater (HII),EN04,DISASTER,Pattani,Peninsula - Lower East Coast Basin
516217,Ban Pang Chang School,18.89351,101.02293,Thailand,ThaiWater (HII),FOP012,FOP,Nan,Nan Basin
1198761,Mother Ta,18.243488,99.97737,Thailand,ThaiWater (HII),YOM015,HII,Phrae,Yom Basin
721,Na Suan,14.61133,99.12579,Thailand,ThaiWater (HII),DGSL,HII,Kanchanaburi,Mae Klong Basin
1116844,Nam Chiao,6.48154,100.82659,Thailand,ThaiWater (HII),FOP070,FOP,Songkhla,Thale Sap Songkhla Basin
251,Kang Aen,14.64535,103.43627,Thailand,ThaiWater (HII),PRST,HII,Surin,Mun Basin
861,Satun 1,6.726527,100.06259,Thailand,ThaiWater (HII),STU001,HII,Satun,Peninsula - West Coast Basin
12480,Trang 3,7.568049,99.65109,Thailand,ThaiWater (HII),TNG003,HII,Trang,Peninsula - West Coast Basin
350,Si Than,16.87717,101.86141,Thailand,ThaiWater (HII),PHKD,HII,Loei,Chi Basin Basin
3129891,Labu Mining Mosque,6.297677,101.09836,Thailand,ThaiWater (HII),FOP073,HII,Yala,Peninsula - Lower East Coast Basin
11567345,Mae Ping National Park Office,17.67078,98.87005,Thailand,ThaiWater (HII),DNP089,FOP,Lamphun,Ping Basin
1100899,ศาลาเอนกประสงค์ หมู่ 1,15.29858,99.85879,Thailand,ThaiWater (HII),TA94,DISASTER,Chai Nat,Tha Chin Basin
1119561,บ้านแหลมไทร หมู่3,7.62952,99.24422,Thailand,ThaiWater (HII),WN19,DISASTER,Trang,Peninsula - West Coast Basin
528840,ปตร.คลองทวีวัฒนา,13.80042,100.32959,Thailand,ThaiWater (HII),RF.TWW.02,BMA,Nakhon Pathom,Chao Phraya Basin
490,Rong Kwang,18.3588,100.3339,Thailand,ThaiWater (HII),RGKG,HII,Phrae,Yom Basin
474,Tron,17.48609,100.10562,Thailand,ThaiWater (HII),TRON,HII,Uttaradit,Nan Basin
3523,ลำน้ำพอง (เหนือฝายหนองหวาย),16.724766,102.803416,Thailand,ThaiWater (HII),URTD01,EGAT,Khon Kaen,Chi Basin Basin
528825,ส.บางจาก,13.6891,100.59068,Thailand,ThaiWater (HII),RF.PKN.04,BMA,Bangkok,Chao Phraya Basin
1599,บ้านห้วยผึ้ง,19.559252,98.006172,Thailand,ThaiWater (HII),STN0630,DWR,Mae Hong Son,Salawin Basin
1475102,"National Park Protection Unit, Village No. 5 (Looko)",16.4495,99.1115,Thailand,ThaiWater (HII),MOU290,FOP,Kamphaeng Phet,Ping Basin
700584,อ.ทองผาภูมิ,14.73758,98.63576,Thailand,ThaiWater (HII),MKVKD01,EGAT,Kanchanaburi,Mae Klong Basin
1556917,Doi Pha Mueang Wildlife Sanctuary,18.36925,99.23496,Thailand,ThaiWater (HII),MOU313,FOP,Lampang,Wang Basin
1621,บ้านห้วยหลวง,18.228757,97.922069,Thailand,ThaiWater (HII),STN0131,DWR,Mae Hong Son,Salawin Basin
1622,บ้านแม่เหาะ,18.156277,98.072615,Thailand,ThaiWater (HII),STN0049,DWR,Mae Hong Son,Salawin Basin
528777,สนข.ทวีวัฒนา,13.77281,100.35324,Thailand,ThaiWater (HII),RF.TWW.01,BMA,Bangkok,Chao Phraya Basin
1316553,TW.34,17.553855,99.178195,Thailand,ThaiWater (HII),ridtele_TW.34,RID,Lampang,Wang Basin
1316578,แม่น้ำยม ปากคลองเข้า ปตร.บางพระ,16.9145,99.8438,Thailand,ThaiWater (HII),ridtele_TY.55,RID,Sukhothai,Yom Basin
1121280,Watershed Management and Community Development Unit in Pranburi Conservation Forest Area,12.611995,99.54675,Thailand,ThaiWater (HII),MOU487,FOP,Phetchaburi,Phetchaburi - Prachuap Khiri Khan Basin
1123797,บ้านแพรกขวา,9.54677,98.707785,Thailand,ThaiWater (HII),STN1959,DWR,Ranong,Peninsula - West Coast Basin
628,Ping 1,17.04066,99.06628,Thailand,ThaiWater (HII),PIN001,HII,Tak,Ping Basin
1156,บ้านวังเป่ง,17.617782,101.301214,Thailand,ThaiWater (HII),STN0459,DWR,Loei,Northeast Khong Basin
3661,SI SAMRONG AGROMET.,17.16136,99.86167,Thailand,ThaiWater (HII),48373,TMD,Sukhothai,Yom Basin
1394954,Charoen Rat Rangsan Bridge,14.067594,101.75532,Thailand,ThaiWater (HII),MOU463,FOP,Prachin Buri,Bang Pakong Basin
501572,บ้านร่องกล้า,16.980447,101.025851,Thailand,ThaiWater (HII),STN1545,DWR,Phitsanulok,Nan Basin
1856,บ้านเคี่ยมงาม,7.955905,99.441404,Thailand,ThaiWater (HII),STN0817,DWR,Nakhon Si Thammarat,Peninsula - West Coast Basin
1904,ที่ทำการหน่วยพิทักษ์อุทยานแห่งชาติ ที่ ลป. 2 (น้ำตกลำปี),8.464413,98.280999,Thailand,ThaiWater (HII),STN0824,DWR,Phangnga,Peninsula - West Coast Basin
13893,Ban Phun School,8.03829,99.6431,Thailand,ThaiWater (HII),SWR026,HII,Nakhon Si Thammarat,Peninsula - West Coast Basin
1109516,Khlong Ka Poe Bridge,9.590022,98.63291,Thailand,ThaiWater (HII),ONE027,HII,Ranong,Peninsula - West Coast Basin
1317155,สถานีบ้านบางน้ำเย็น,8.924333,98.840194,Thailand,ThaiWater (HII),ridtele_TTP25,RID,Surat Thani,Peninsula - Upper East Coast Basin
1373273,Bang Rachan Camp Bridge,14.815288,100.36448,Thailand,ThaiWater (HII),HDA007,HII,Sing Buri,Chao Phraya Basin
3698,NAKHON RATCHASIMA,14.9683,102.08603,Thailand,ThaiWater (HII),48431,TMD,Nakhon Ratchasima,Mun Basin
1080930,บ้านหนองเกตุ,12.948548,99.669796,Thailand,ThaiWater (HII),STN1641,DWR,Phetchaburi,Phetchaburi - Prachuap Khiri Khan Basin
1316999,บ้านปากมูด,7.978436,99.604113,Thailand,ThaiWater (HII),ridtele_TTr4,RID,Nakhon Si Thammarat,Peninsula - West Coast Basin
1137128,ศูนย์เรียนรู้บ้านเขาจักจั่น,15.62556,99.54784,Thailand,ThaiWater (HII),TC60,DISASTER,Nakhon Sawan,Sakae Krang Basin
1859,บ้านเหนือคลอง,8.076932,99.775356,Thailand,ThaiWater (HII),STN0291,DWR,Nakhon Si Thammarat,Peninsula - Upper East Coast Basin
1317014,บ้านเกาะเคี่ยม,7.336656,99.508572,Thailand,ThaiWater (HII),ridtele_TTr16,RID,Trang,Peninsula - West Coast Basin
1779,บ้านหินดาดทอง,14.586722,99.398312,Thailand,ThaiWater (HII),STN0264,DWR,Kanchanaburi,Mae Klong Basin
1100957,โรงพยาบาลส่งเสริมสุขภาพตำบล บ้านบึง หมู่ 1,15.97242,100.09669,Thailand,ThaiWater (HII),TC27,DISASTER,Nakhon Sawan,Nan Basin
1316416,วัดเวฬุวนาราม,15.325393,100.070035,Thailand,ThaiWater (HII),ridtele_TSK.16,RID,Uthai Thani,Sakae Krang Basin
1271,บ้านอูตูม,17.864283,98.209037,Thailand,ThaiWater (HII),STN0206,DWR,Chiang Mai,Salawin Basin
1317226,บ้านแม่กึ๊ดสามท่า,16.835852,98.59166,Thailand,ThaiWater (HII),ridtele_TSW.05,RID,Tak,Salawin Basin
1080913,บ้านไร่,14.707321,98.527799,Thailand,ThaiWater (HII),STN1624,DWR,Kanchanaburi,Mae Klong Basin
501573,บ้านห้วยปูด,19.203774,100.997196,Thailand,ThaiWater (HII),STN1546,DWR,Nan,Nan Basin
1317072,สถานี X.181,7.060311,100.454271,Thailand,ThaiWater (HII),ridtele_STN02,RID,Songkhla,Thale Sap Songkhla Basin
1356,บ้านฝางแล้ง,17.736302,100.214115,Thailand,ThaiWater (HII),STN1039,DWR,Uttaradit,Nan Basin
1886,บ้านสวนพริก,8.466596,98.477123,Thailand,ThaiWater (HII),STN0822,DWR,Phangnga,Peninsula - West Coast Basin
1885,บ้านโรงกลวง,8.547071,98.528008,Thailand,ThaiWater (HII),STN0172,DWR,Phangnga,Peninsula - West Coast Basin
1316701,อ่างเก็บน้ำโป่งสามสิบ,11.1831,99.3493,Thailand,ThaiWater (HII),ridtele_TPR.12,RID,Prachuap Khiri Khan,Phetchaburi - Prachuap Khiri Khan Basin
9930664,CHD002,19.39301,98.86552,Thailand,ThaiWater (HII),CHD002,HII,Chiang Mai,Ping Basin
3742,TAKUA PA,8.68417,98.25222,Thailand,ThaiWater (HII),48561,TMD,Phangnga,Peninsula - West Coast Basin
495,Haui Rai Communuty,17.88574,100.04161,Thailand,ThaiWater (HII),VLGE36,HII,Phrae,Yom Basin
842,Thung Kha Wat,9.74115,99.02649,Thailand,ThaiWater (HII),TUKW,HII,Chumphon,Peninsula - Upper East Coast Basin
508,Chai Watthana,19.22249,100.91779,Thailand,ThaiWater (HII),PUAA,HII,Nan,Nan Basin
1109540,Ban Kham Phi Mun Bridge,16.923698,103.59711,Thailand,ThaiWater (HII),ONE051,HII,Kalasin,Chi Basin Basin
638733,Wildlife Sanctuary of Chao Ram,17.24367,99.486084,Thailand,ThaiWater (HII),MOU071,FOP,Sukhothai,Yom Basin
1101097,ศูนย์พัฒนาเด็กเล็ก บ้านหนองมะเขือ หมู่ 5,14.81616,99.35731,Thailand,ThaiWater (HII),TF23,DISASTER,Suphan Buri,Mae Klong Basin
1109556,Tambon Health Promoting Hospital of Ban Khlong Khwang,12.344451,102.64169,Thailand,ThaiWater (HII),ONE067,HII,Trat,East Coast Gulf Basin
688,Tap Khlo,16.16959,100.566,Thailand,ThaiWater (HII),TPKO,HII,Phichit,Nan Basin
1198626,"Khlong Praneat, Talung Village",12.511324,102.37168,Thailand,ThaiWater (HII),TRD005,HII,Trat,East Coast Gulf Basin
1,Klong Ladprao Bang Bua Temple,13.85402,100.58746,Thailand,ThaiWater (HII),BKK021,HII,Bangkok,Chao Phraya Basin
685639,Watershed Management and Community Development Unit in Khun Wa Conservation Forest Area,19.236826,101.183914,Thailand,ThaiWater (HII),MOU034,FOP,Nan,Nan Basin
642751,Watershed Management and Community Development Unit in the Left Bank Water Conservation Forest Area,19.310799,101.01177,Thailand,ThaiWater (HII),MOU030,FOP,Nan,Nan Basin
1109578,Ban Si Ra Man School,13.038727,101.66171,Thailand,ThaiWater (HII),ONE089,HII,Rayong,East Coast Gulf Basin
855487,Watershed Management and Community Development Unit in Phu Wiang Conservation Forest Area,16.677942,102.354195,Thailand,ThaiWater (HII),MOU097,FOP,Khon Kaen,Chi Basin Basin
65,Phra Bot,15.18496,100.68131,Thailand,ThaiWater (HII),SBT1,HII,Lop Buri,Chao Phraya Basin
1081095,บ้านหวายหนิม,9.137128,98.957323,Thailand,ThaiWater (HII),STN1806,DWR,Surat Thani,Peninsula - Upper East Coast Basin
501146,บ้านน้ำพริก,17.19839,100.912409,Thailand,ThaiWater (HII),STN1105,DWR,Phitsanulok,Nan Basin
1080890,บ้านคลองพี,6.363169,101.042869,Thailand,ThaiWater (HII),STN1601,DWR,Yala,Thale Sap Songkhla Basin
1878,บ้านช่องไม้ดำ,8.306129,98.885883,Thailand,ThaiWater (HII),STN0734,DWR,Krabi,Peninsula - Upper East Coast Basin
1713,บ้านตลิ่งชัน,17.144002,99.394548,Thailand,ThaiWater (HII),STN0721,DWR,Sukhothai,Yom Basin
1882,บ้านภูผา,7.9376,99.341963,Thailand,ThaiWater (HII),STN0732,DWR,Krabi,Peninsula - West Coast Basin
1702,บ้านห้วยพลู,16.792853,98.803716,Thailand,ThaiWater (HII),STN0437,DWR,Tak,Salawin Basin
1179,บ้านแม่ลอง,18.427973,98.240371,Thailand,ThaiWater (HII),STN0599,DWR,Chiang Mai,Ping Basin
1688,บ้านชัยมงคล,17.015963,99.191959,Thailand,ThaiWater (HII),STN0666,DWR,Tak,Ping Basin
1686,บ้านโป่งแค,16.926296,99.409849,Thailand,ThaiWater (HII),STN0926,DWR,Tak,Yom Basin
501282,บ้านหัวพุ,15.564188,100.705829,Thailand,ThaiWater (HII),STN1249,DWR,Nakhon Sawan,Chao Phraya Basin
1080966,บ้านย่านยาว,9.577557,98.666177,Thailand,ThaiWater (HII),STN1677,DWR,Ranong,Peninsula - West Coast Basin
1123937,บ้านแก้วแสน,8.26008,99.549406,Thailand,ThaiWater (HII),STN2100,DWR,Nakhon Si Thammarat,Peninsula - Upper East Coast Basin
1459143,บ้านสวัสดิ์,10.446506,98.821075,Thailand,ThaiWater (HII),STN2278,DWR,Ranong,Peninsula - West Coast Basin
1459134,บ้านคลองสง,9.736841,98.989378,Thailand,ThaiWater (HII),STN2269,DWR,Chumphon,Peninsula - Upper East Coast Basin
1417,บ้านสกาดกลาง,19.265408,101.005332,Thailand,ThaiWater (HII),STN0086,DWR,Nan,Nan Basin
1459097,บ้านกูโบร์,6.461544,101.568332,Thailand,ThaiWater (HII),STN2232,DWR,Narathiwat,Peninsula - Lower East Coast Basin
501389,บ้านห้วยคำ,18.789658,100.91363,Thailand,ThaiWater (HII),STN1359,DWR,Nan,Nan Basin
3702,PAKCHONG AGROMET.,14.64389,101.33194,Thailand,ThaiWater (HII),48435,TMD,Nakhon Ratchasima,Pasak Basin
1123646,บ้านห้วยลาด,17.225973,101.230274,Thailand,ThaiWater (HII),STN1876,DWR,Loei,Pasak Basin
1123765,บ้านล่องน้ำ,7.972701,99.703762,Thailand,ThaiWater (HII),STN1927,DWR,Trang,Peninsula - West Coast Basin
740723,Wat Mongkhon Ruamchai Bridge,16.670555,100.32789,Thailand,ThaiWater (HII),FOP022,FOP,Phitsanulok,Nan Basin
384,Wang Yang Weir,16.200127,103.47363,Thailand,ThaiWater (HII),WEI062,HII,Kalasin,Chi Basin Basin
770,Bang Taboon and East Bang Taboon,13.26553,99.9418,Thailand,ThaiWater (HII),GLF003,HII,Phetchaburi,Not specify
777,Yang Chum Temple,12.09903,99.7065,Thailand,ThaiWater (HII),YCUM,HII,Prachuap Khiri Khan,Phetchaburi - Prachuap Khiri Khan Basin
841,Luang Suan,9.953369,99.06444,Thailand,ThaiWater (HII),CMP002,HII,Chumphon,Peninsula - Upper East Coast Basin
385,Upper Wang Yang Weir,16.199501,103.47284,Thailand,ThaiWater (HII),WEI061,HII,Kalasin,Chi Basin Basin
479243,Som,14.865248,100.861244,Thailand,ThaiWater (HII),TBW035,HII,Lop Buri,Pasak Basin
1601369,Mae Pak Reservoir,17.99031,99.64955,Thailand,ThaiWater (HII),RES047,HII,Phrae,Yom Basin
361,Maha Sarakham Weir,16.365969,102.94979,Thailand,ThaiWater (HII),WEI052,HII,Maha Sarakham,Chi Basin Basin
1118467,เทศบาลตำบลวังโพธิ์,14.116602,99.148415,Thailand,ThaiWater (HII),TA02,DISASTER,Kanchanaburi,Mae Klong Basin
685661,Watershed Management and Community Development Unit in the Queen Sirikit Forest Park Conservation Forest Area,18.36419,98.46656,Thailand,ThaiWater (HII),MOU056,FOP,Chiang Mai,Ping Basin
865,Trang 2,7.555884,99.57825,Thailand,ThaiWater (HII),TNG002,HII,Trang,Peninsula - West Coast Basin
3688,THA TUM,15.31667,103.68333,Thailand,ThaiWater (HII),48416,TMD,Surin,Mun Basin
3685,SI SAKET AGROMET.,15.0,104.05,Thailand,ThaiWater (HII),48409,TMD,Si Sa Ket,Mun Basin
1118287,บ้านเลขที่ 82 (นายปาน ทองปรุ) บ้านช่องสะเดา หมู่ 1,14.248381,99.218536,Thailand,ThaiWater (HII),TA05,DISASTER,Kanchanaburi,Mae Klong Basin
1316736,ไซฟอนกระเสียว,14.844778,100.015492,Thailand,ThaiWater (HII),ridtele_TTC15,RID,Suphan Buri,Tha Chin Basin
1317227,บ้านวังผา,16.830552,98.539078,Thailand,ThaiWater (HII),ridtele_TSW.06,RID,Tak,Salawin Basin
1287,บ้านแม่กำปอง,18.865894,99.352648,Thailand,ThaiWater (HII),STN0203,DWR,Chiang Mai,Ping Basin
1317162,บ้านบาซาเอ,6.737495,101.273177,Thailand,ThaiWater (HII),ridtele_Tpat.4,RID,Pattani,Peninsula - Lower East Coast Basin
1744,บ้านโป่งสามขา,17.085187,101.242926,Thailand,ThaiWater (HII),STN0299,DWR,Phetchabun,Pasak Basin
1316387,T.ปตร.พลเทพ,15.214294,100.073325,Thailand,ThaiWater (HII),ridtele_T.PholarhepRegulator,RID,Chai Nat,Chao Phraya Basin
1682,บ้านไร่พิจิตร,16.510575,99.2561,Thailand,ThaiWater (HII),STN0002,DWR,Kamphaeng Phet,Ping Basin
1316655,บ้านโพธิ์,13.58335,101.070917,Thailand,ThaiWater (HII),ridtele_TKgt56,RID,Chachoengsao,Bang Pakong Basin
501258,บ้านแม่อิบ,18.028741,99.55689,Thailand,ThaiWater (HII),STN1225,DWR,Lampang,Wang Basin
501157,บ้านปากเนียม,18.055707,101.92967,Thailand,ThaiWater (HII),STN1117,DWR,Loei,Northeast Khong Basin
1317005,บ้านลำภูรา,7.675344,99.581903,Thailand,ThaiWater (HII),ridtele_TTr9,RID,Trang,Peninsula - West Coast Basin
768,Khao Kapuk,12.71212,99.7317,Thailand,ThaiWater (HII),BPGD,HII,Phetchaburi,Phetchaburi - Prachuap Khiri Khan Basin
1109514,Khlong Lampam Bridge,7.62273,100.146835,Thailand,ThaiWater (HII),ONE025,HII,Phatthalung,Thale Sap Songkhla Basin
1316940,"Tเขื่อนพิมาย (U/S), (D/S)",15.22783,102.50134,Thailand,ThaiWater (HII),"ridtele_TM.202 (U/S), (D/S)",RID,Nakhon Ratchasima,Mun Basin
1080856,บ้านจำปาทอง,8.860429,98.905762,Thailand,ThaiWater (HII),STN1567,DWR,Surat Thani,Peninsula - Upper East Coast Basin
1317062,ปตร.น้ำแบ่ง,6.331683,101.957297,Thailand,ThaiWater (HII),ridtele_BNR.02,RID,Narathiwat,Peninsula - Lower East Coast Basin
855479,Wildlife Sanctuary of Nong Han Kum Pha Wa Pi,17.210785,103.00368,Thailand,ThaiWater (HII),MOU089,FOP,Udon Thani,Chi Basin Basin
685659,Wildlife Sanctuary of Doi Luang,18.433992,100.11433,Thailand,ThaiWater (HII),MOU054,FOP,Phrae,Yom Basin
501182,บ้านนาตอน,17.386596,100.757562,Thailand,ThaiWater (HII),STN1144,DWR,Phitsanulok,Nan Basin
855480,Phupha Hak,17.187212,103.45421,Thailand,ThaiWater (HII),MOU090,FOP,Udon Thani,Chi Basin Basin
528746,บ่อสูบศาลอาญารัชดา,13.80967,100.57498,Thailand,ThaiWater (HII),RF.CTC.01,BMA,Bangkok,Chao Phraya Basin
1316730,วัดท่ากระบือ,13.662052,100.223332,Thailand,ThaiWater (HII),ridtele_TTC09,RID,Samut Sakhon,Tha Chin Basin
1316903,ฝายพรม-เชิญ,16.539065,102.0318,Thailand,ThaiWater (HII),ridtele_TE.123,RID,Khon Kaen,Chi Basin Basin
1131,บ้านนาลานข้าว,17.273207,101.348539,Thailand,ThaiWater (HII),STN0322,DWR,Loei,Northeast Khong Basin
528859,ปตร.คลองขุนศรีฯ-ค.มหาสวัสดิ์,13.80244,100.3707,Thailand,ThaiWater (HII),RF.TWW.03,BMA,Bangkok,Chao Phraya Basin
1316648,วัดวุรุณดิตถาราม,12.282,102.615378,Thailand,ThaiWater (HII),ridtele_TTR.10,RID,Trat,East Coast Gulf Basin
662771,Forest Protection Unit of  Nam Sao,19.044817,100.49141,Thailand,ThaiWater (HII),MOU062,FOP,Phayao,Yom Basin
1317123,ฝายนาท่อม,7.59192,100.00982,Thailand,ThaiWater (HII),ridtele_TX141,RID,Phatthalung,Thale Sap Songkhla Basin
1120564,KhaoPhanom Bencha National Park,8.240531,98.91488,Thailand,ThaiWater (HII),MOU507,FOP,Krabi,Peninsula - West Coast Basin
1123856,บ้านหนองโสน,14.537411,102.165851,Thailand,ThaiWater (HII),STN2018,DWR,Nakhon Ratchasima,Mun Basin
1123844,บ้านปางอ้า,17.428228,99.361444,Thailand,ThaiWater (HII),STN2006,DWR,Lampang,Yom Basin
685668,Wiang Ko Sai National Parks,17.966373,99.59613,Thailand,ThaiWater (HII),MOU063,FOP,Phrae,Yom Basin
1316767,วัดลิ่นถิ่น,14.5613,98.7925,Thailand,ThaiWater (HII),ridtele_TK.77,RID,Kanchanaburi,Mae Klong Basin
1316773,โรงเรียนบ้านลาดใหญ่สามัคคี,13.482,100.044,Thailand,ThaiWater (HII),ridtele_TK.74,RID,Samut Songkhram,Mae Klong Basin
501535,บ้านจำวาย,18.331959,100.436023,Thailand,ThaiWater (HII),STN1507,DWR,Phrae,Yom Basin
1965,บ้านหนองจรเข้,10.558255,99.248849,Thailand,ThaiWater (HII),STN0490,DWR,Chumphon,Peninsula - Upper East Coast Basin
1316504,บ้านเกาะตาล,16.135833,99.784167,Thailand,ThaiWater (HII),ridtele_TP.113,RID,Kamphaeng Phet,Ping Basin
501525,บ้านก่อก๋วง,19.181045,101.120537,Thailand,ThaiWater (HII),STN1497,DWR,Nan,Nan Basin
1971,บ้านปากแพรก,10.600074,99.151689,Thailand,ThaiWater (HII),STN0799,DWR,Chumphon,Peninsula - Upper East Coast Basin
647,Yom 5,17.51715,99.75877,Thailand,ThaiWater (HII),YOM005,HII,Sukhothai,Yom Basin
3706,SA KAEW,13.78889,102.03472,Thailand,ThaiWater (HII),48440,TMD,Sa Kaeo,Bang Pakong Basin
202,Ban Ang Kone - Huai Sai School,14.49607,102.2472,Thailand,ThaiWater (HII),BUGN,HII,Nakhon Ratchasima,Mun Basin
685678,Mae Tuen Bridge,17.12535,98.6394,Thailand,ThaiWater (HII),MOU073,FOP,Tak,Ping Basin
3675,DOI MU SOE AGROMET.,16.75,98.93333,Thailand,ThaiWater (HII),48387,TMD,Tak,Salawin Basin
1121230,Mae Wong National Park,16.039022,99.233345,Thailand,ThaiWater (HII),MOU304,FOP,Kamphaeng Phet,Ping Basin
1100856,ศาลาเอนกประสงค์ บ้านท่าเสา หมู่ 2,14.10875,99.40845,Thailand,ThaiWater (HII),TA13,DISASTER,Kanchanaburi,Mae Klong Basin
314,Na Kok,16.898,102.20174,Thailand,ThaiWater (HII),LDKS,HII,Nong Bua Lam Phu,Chi Basin Basin
1109490,Tha Nam Bridge,8.109219,98.905525,Thailand,ThaiWater (HII),ONE001,HII,Krabi,Peninsula - West Coast Basin
1109596,Dom Pradit,14.420149,105.17981,Thailand,ThaiWater (HII),ONE107,HII,Ubon Ratchathani,Mun Basin
1373277,Khlong Chon Bridge (Ban Sang Sok),14.650794,100.742775,Thailand,ThaiWater (HII),HDA011,HII,Saraburi,Pasak Basin
80,Chao Phraya 4,15.25029,100.08347,Thailand,ThaiWater (HII),CPY004,HII,Chai Nat,Chao Phraya Basin
1475131,Watershed Management and Community Development Unit in the Mae Hom Conservation Forest Area,19.3907,99.622,Thailand,ThaiWater (HII),MOU315,FOP,Chiang Rai,Wang Basin
776,Kui Buri,12.07006,99.8673,Thailand,ThaiWater (HII),KUBR,HII,Prachuap Khiri Khan,Phetchaburi - Prachuap Khiri Khan Basin
1100940,บ้านนาตม หมู่ 9,15.02313,102.06743,Thailand,ThaiWater (HII),TB96,DISASTER,Nakhon Ratchasima,Mun Basin
567,Pang Mapha,19.59061,98.215,Thailand,ThaiWater (HII),PMPA,HII,Mae Hong Son,Salawin Basin
1085,บ้านซับเต่า,14.460456,101.986167,Thailand,ThaiWater (HII),STN0778,DWR,Nakhon Ratchasima,Mun Basin
501277,บ้านห้วยโรงนอก,18.416457,100.479245,Thailand,ThaiWater (HII),STN1244,DWR,Phrae,Yom Basin
1992,บ้านท่าตีน,9.817266,98.791604,Thailand,ThaiWater (HII),STN0850,DWR,Chumphon,Peninsula - Upper East Coast Basin
1833,บ้านจุฬาภรณ์พัฒนา,8.594321,99.57307,Thailand,ThaiWater (HII),STN0062,DWR,Nakhon Si Thammarat,Peninsula - Upper East Coast Basin
501210,บ้านปงแท่น,18.359534,99.890464,Thailand,ThaiWater (HII),STN1176,DWR,Lampang,Wang Basin
1625,บ้านโก๊ะไม้หลู่,18.283374,98.08442,Thailand,ThaiWater (HII),STN0207,DWR,Mae Hong Son,Salawin Basin
501584,บ้านแม่รากกลาง,17.584356,99.810257,Thailand,ThaiWater (HII),STN1558,DWR,Sukhothai,Yom Basin
528817,ส.คลองเจ็ก,13.69223,100.58991,Thailand,ThaiWater (HII),RF.PKN.02,BMA,Bangkok,Chao Phraya Basin
1084,บ้านอุดมทรัพย์พัฒนา,14.533591,101.971095,Thailand,ThaiWater (HII),STN0981,DWR,Nakhon Ratchasima,Mun Basin
1080976,บ้านน้ำเชี่ยว,6.466831,100.833499,Thailand,ThaiWater (HII),STN1687,DWR,Songkhla,Thale Sap Songkhla Basin
1722,บ้านน้ำตอน,17.242213,100.873726,Thailand,ThaiWater (HII),STN1036,DWR,Phitsanulok,Nan Basin
1092,บ้านลาดเหนือ,16.119843,101.797321,Thailand,ThaiWater (HII),STN0781,DWR,Chaiyaphum,Chi Basin Basin
501507,บ้านซับใต้,14.542774,101.243758,Thailand,ThaiWater (HII),STN1479,DWR,Nakhon Ratchasima,Pasak Basin
1106,บ้านกุดนาคำ,17.783174,102.098833,Thailand,ThaiWater (HII),STN0774,DWR,Udon Thani,Northeast Khong Basin
1459132,บ้านกียา,6.471154,101.200778,Thailand,ThaiWater (HII),STN2267,DWR,Yala,Peninsula - Lower East Coast Basin
1080985,บ้านเตราะบอน,6.687275,101.533633,Thailand,ThaiWater (HII),STN1696,DWR,Pattani,Peninsula - Lower East Coast Basin
1123888,บ้านพรุจูด,7.571998,99.331805,Thailand,ThaiWater (HII),STN2050,DWR,Trang,Peninsula - West Coast Basin
1123887,ชุมชนรัษฎา,7.737214,99.406359,Thailand,ThaiWater (HII),STN2049,DWR,Trang,Peninsula - West Coast Basin
1081052,บ้านคลองเรือ,9.688383,98.669213,Thailand,ThaiWater (HII),STN1763,DWR,Chumphon,Peninsula - Upper East Coast Basin
1953,บ้านบางนอนใน,10.007695,98.655673,Thailand,ThaiWater (HII),STN0065,DWR,Ranong,Peninsula - West Coast Basin
501511,บ้านไทรงาม,14.621957,101.72213,Thailand,ThaiWater (HII),STN1483,DWR,Nakhon Ratchasima,Mun Basin
501390,บ้านกลาง,16.37945,101.79831,Thailand,ThaiWater (HII),STN1360,DWR,Chaiyaphum,Chi Basin Basin
1081004,บ้านทุ่งไพล,6.547668,100.836957,Thailand,ThaiWater (HII),STN1715,DWR,Songkhla,Thale Sap Songkhla Basin
1997,บ้านหนองปลา,10.223702,99.154602,Thailand,ThaiWater (HII),STN0573,DWR,Chumphon,Peninsula - Upper East Coast Basin
1837,บ้านหน้าเขา,8.123834,99.549491,Thailand,ThaiWater (HII),STN0500,DWR,Nakhon Si Thammarat,Peninsula - West Coast Basin
1917,บ้านโฉลกบ้านเก่า,9.742652,99.995607,Thailand,ThaiWater (HII),STN0829,DWR,Surat Thani,Peninsula - Upper East Coast Basin
1728,บ้านทุ่งนาดี,16.461441,100.732394,Thailand,ThaiWater (HII),STN0899,DWR,Phitsanulok,Nan Basin
1661,บ้านบุ่ง,15.12854,99.464856,Thailand,ThaiWater (HII),STN0171,DWR,Uthai Thani,Tha Chin Basin
1655,บ้านหินตุ้ม,15.046578,99.476521,Thailand,ThaiWater (HII),STN0679,DWR,Uthai Thani,Tha Chin Basin
1101130,โรงเรียนบ้านผาเวียง หมู่ 3,17.67497,99.64759,Thailand,ThaiWater (HII),TF14,DISASTER,Sukhothai,Yom Basin
752,Bang Kra Chao,13.52146,100.19283,Thailand,ThaiWater (HII),BKJO,HII,Samut Sakhon,Tha Chin Basin
892,Mai Kaen District Office,6.61046,101.66753,Thailand,ThaiWater (HII),STH027,HII,Pattani,Peninsula - Lower East Coast Basin
1556912,Watershed Management and Community Development Unit in the Mae Liang Conservation Forest Area,18.169743,99.18275,Thailand,ThaiWater (HII),MOU308,FOP,Lampang,Wang Basin
8270113,Mae Pla Soi Forest Protection Unit,14.6054,99.1704,Thailand,ThaiWater (HII),MOU332,FOP,Kanchanaburi,Mae Klong Basin
8270348,National Park Protection Unit No. 6 (Khao Phlu),14.266877,98.77193,Thailand,ThaiWater (HII),MOU451,FOP,Kanchanaburi,Mae Klong Basin
3704,BURIRUM,15.22575,103.24808,Thailand,ThaiWater (HII),48437,TMD,Buri Ram,Mun Basin
677,Noen Maprang,16.57068,100.6494,Thailand,ThaiWater (HII),NMPR,HII,Phitsanulok,Nan Basin
642761,Mae Moei National Park,17.483812,98.07418,Thailand,ThaiWater (HII),MOU068,FOP,Tak,Salawin Basin
1121221,National Park Protection Unit of To Lo 3 (Lam Praeng),14.2047,102.211,Thailand,ThaiWater (HII),MOU256,FOP,Nakhon Ratchasima,Mun Basin
635,Huai Pla Lot Communuty,16.783789,98.89485,Thailand,ThaiWater (HII),VLGE45,HII,Tak,Salawin Basin
1472982,Hua Thung Forest Protection Unit,18.30243,99.229454,Thailand,ThaiWater (HII),MOU259,FOP,Lampang,Wang Basin
916,Narathiwat Road Office,6.04925,101.57049,Thailand,ThaiWater (HII),STH013,HII,Narathiwat,Peninsula - Lower East Coast Basin
685665,National Park Protection Unit of Pho Ko 2 (Erawan Kaeng Luang),18.036455,99.94229,Thailand,ThaiWater (HII),MOU060,FOP,Phrae,Yom Basin
9700981,องค์การบริหารส่วนตำบลบ่อทอง หมู่ที่ 7,17.40699,100.32585,Thailand,ThaiWater (HII),FK06,DISASTER,Uttaradit,Nan Basin
1316734,บ้านผาทั่ง,15.1054,99.5358,Thailand,ThaiWater (HII),ridtele_TTC13,RID,Uthai Thani,Tha Chin Basin
1119637,อบต.นาวัง,15.99938,104.56758,Thailand,ThaiWater (HII),NK05,DISASTER,Amnat Charoen,Mun Basin
1317077,สถานีคลองหวะ,6.970027,100.515863,Thailand,ThaiWater (HII),ridtele_STN07,RID,Songkhla,Thale Sap Songkhla Basin
528815,ส.พระโขนง,13.70857,100.59542,Thailand,ThaiWater (HII),RF.KTY.03,BMA,Bangkok,Chao Phraya Basin
1113281,บ้านท่าทอง,17.563179,100.125342,Thailand,ThaiWater (HII),SKD03,EGAT,Uttaradit,Nan Basin
528771,สนข.บางพลัด,13.79429,100.50479,Thailand,ThaiWater (HII),RF.BPD.01,BMA,Bangkok,Chao Phraya Basin
1123779,บ้านนาสัก,10.195399,99.048489,Thailand,ThaiWater (HII),STN1941,DWR,Chumphon,Peninsula - Upper East Coast Basin
1317224,ห้วยแม่สอด,16.716882,98.558861,Thailand,ThaiWater (HII),ridtele_TSW.03,RID,Tak,Salawin Basin
1123964,บ้านบางสังตี,9.959389,98.690417,Thailand,ThaiWater (HII),STN2127,DWR,Ranong,Peninsula - West Coast Basin
1694,บ้านแม่ระมาดน้อย,17.021685,98.546123,Thailand,ThaiWater (HII),STN0050,DWR,Tak,Salawin Basin
528802,ส.สามเสน,13.78483,100.50825,Thailand,ThaiWater (HII),RF.DST.02,BMA,Bangkok,Chao Phraya Basin
3513,เขื่อนอุบลรัตน์,16.776001,102.619199,Thailand,ThaiWater (HII),URTU05,EGAT,Khon Kaen,Chi Basin Basin
1080892,บ้านลูโบ๊ะปันยัง,6.479678,100.982874,Thailand,ThaiWater (HII),STN1603,DWR,Yala,Thale Sap Songkhla Basin
817,Ban Thap Christ 2 Communuty,8.725811,98.821014,Thailand,ThaiWater (HII),VLGE40,HII,Surat Thani,Peninsula - Upper East Coast Basin
501111,บ้านหัวฝาย,17.519618,101.74813,Thailand,ThaiWater (HII),STN1070,DWR,Loei,Northeast Khong Basin
1080889,บ้านบือจะ,6.656689,101.451863,Thailand,ThaiWater (HII),STN1600,DWR,Pattani,Peninsula - Lower East Coast Basin
1128,บ้านห้วยอ้อย,17.280431,101.113088,Thailand,ThaiWater (HII),STN0956,DWR,Loei,Northeast Khong Basin
1897,บ้านหาดทรายเปลือกหอย,8.204365,98.439159,Thailand,ThaiWater (HII),STN0823,DWR,Phangnga,Peninsula - West Coast Basin
1964,บ้านหินซอง,10.527524,98.90281,Thailand,ThaiWater (HII),STN0488,DWR,Ranong,Peninsula - West Coast Basin
501306,บ้านห้วยบงใหม่,16.879872,98.57829,Thailand,ThaiWater (HII),STN1273,DWR,Tak,Salawin Basin
501534,บ้านห้วยสีเสียด,17.534065,101.646177,Thailand,ThaiWater (HII),STN1506,DWR,Loei,Northeast Khong Basin
528842,ส.คลองชักพระ,13.77892,100.465,Thailand,ThaiWater (HII),RF.TLC.03,BMA,Bangkok,Chao Phraya Basin
36,Rabibadhana Nong Suea,14.2206,100.89168,Thailand,ThaiWater (HII),BKK013,HII,Pathum Thani,Chao Phraya Basin
1783,บ้านสะพานลาว,14.725793,98.783443,Thailand,ThaiWater (HII),STN0477,DWR,Kanchanaburi,Mae Klong Basin
700597,น้ำฝนเขื่อนวชิราลงกรณ,14.79865,98.5966,Thailand,ThaiWater (HII),MKVKU05,EGAT,Kanchanaburi,Mae Klong Basin
1103,บ้านท่าเริงรมย์,16.639903,101.892638,Thailand,ThaiWater (HII),STN0973,DWR,Chaiyaphum,Chi Basin Basin
700551,เขื่อนท่าทุ่งนา,14.233779,99.235022,Thailand,ThaiWater (HII),MKSND01,EGAT,Kanchanaburi,Mae Klong Basin
1316909,ฝายบ้านดอนปอ,16.914654,102.382704,Thailand,ThaiWater (HII),ridtele_TE.129,RID,Nong Bua Lam Phu,Chi Basin Basin
1123947,บ้านท่าคลอง,8.112408,98.90422,Thailand,ThaiWater (HII),STN2110,DWR,Krabi,Peninsula - West Coast Basin
1459061,บ้านถนนโค้ง,14.743917,101.039334,Thailand,ThaiWater (HII),STN2196,DWR,Saraburi,Pasak Basin
501115,บ้านหน้าฝาย,15.067142,99.542776,Thailand,ThaiWater (HII),STN1074,DWR,Uthai Thani,Tha Chin Basin
1316924,T สะพานบ้านหัน,14.73907,102.00011,Thailand,ThaiWater (HII),ridtele_TM.193,RID,Nakhon Ratchasima,Mun Basin
1123858,บ้านจักราช,15.008786,102.401874,Thailand,ThaiWater (HII),STN2020,DWR,Nakhon Ratchasima,Mun Basin
1123760,บ้านทุ่งขมิ้น,7.051269,99.850141,Thailand,ThaiWater (HII),STN1922,DWR,Satun,Peninsula - West Coast Basin
1207971,บริเวณวัดศรีโพธิ์ทอง (วัดบ้านกระเดียง),14.123532,101.841568,Thailand,ThaiWater (HII),CP03,DISASTER,Prachin Buri,Bang Pakong Basin
2008,บ้านควนไม้ไผ่,6.919856,100.643306,Thailand,ThaiWater (HII),STN0212,DWR,Songkhla,Thale Sap Songkhla Basin
262,Mun 5,15.33953,104.15237,Thailand,ThaiWater (HII),MUN005,HII,Si Sa Ket,Mun Basin
1459065,บ้านหนองอ้อ,15.178839,102.236208,Thailand,ThaiWater (HII),STN2200,DWR,Nakhon Ratchasima,Mun Basin
1316420,เพชรบูรณ์,16.365006,101.155818,Thailand,ThaiWater (HII),ridtele_TS.4,RID,Phetchabun,Pasak Basin
1317091,สถานีบ่อยาง,7.200311,100.587907,Thailand,ThaiWater (HII),ridtele_TSL09,RID,Songkhla,Thale Sap Songkhla Basin
1101090,บ้านคลองชล ม.11,13.32247,102.05697,Thailand,ThaiWater (HII),TE75,DISASTER,Sa Kaeo,Bang Pakong Basin
51,Lat Chit,14.44142,100.35564,Thailand,ThaiWater (HII),PKH1,HII,Phra Nakhon Si Ayutthaya,Chao Phraya Basin
685674,National Park Protection Unit of Mo Wo 4 (Mae Sae Lom),17.385424,99.30813,Thailand,ThaiWater (HII),MOU069,FOP,Lampang,Yom Basin
1120551,National Park Protection Unit of Ko Po 2 (Pak Chaem Waterfall),7.730728,99.68227,Thailand,ThaiWater (HII),MOU413,FOP,Trang,Peninsula - West Coast Basin
506,Pha Ka Luang,18.85289,100.43501,Thailand,ThaiWater (HII),BLUG,HII,Nan,Yom Basin
812,Tapi 4,9.029423,98.969635,Thailand,ThaiWater (HII),TPI004,HII,Surat Thani,Peninsula - Upper East Coast Basin
855489,Watershed Management and Community Development Unit in the Lam Chern Conservation Forest Area,16.660492,101.73749,Thailand,ThaiWater (HII),MOU099,FOP,Chaiyaphum,Chi Basin Basin
1121277,Ko Chang National Park,12.12542,102.26843,Thailand,ThaiWater (HII),MOU484,FOP,Trat,East Coast Gulf Basin
857,Phi Chit,6.98768,100.57162,Thailand,ThaiWater (HII),NPCT,HII,Songkhla,Thale Sap Songkhla Basin
11567316,Watershed Management and Community Development Unit in the Huai Sali Conservation Forest Area,18.393398,100.983185,Thailand,ThaiWater (HII),DNP060,FOP,Nan,Nan Basin
11567355,National Park Protection Unit at SW 5 (Sala),18.1003,97.8014,Thailand,ThaiWater (HII),DNP099,FOP,Mae Hong Son,Salawin Basin
9930661,CHD001,19.39982,98.87604,Thailand,ThaiWater (HII),CHD001,HII,Chiang Mai,Ping Basin
8269927,National Park Protection Unit at Sor.11 (Noen Sawan),14.74058,98.81722,Thailand,ThaiWater (HII),MOU239,FOP,Kanchanaburi,Mae Klong Basin
3663,MAE SOT,16.65917,98.55083,Thailand,ThaiWater (HII),48375,TMD,Tak,Salawin Basin
1481146,Mae Chu Bridge,19.019968,100.264275,Thailand,ThaiWater (HII),MOU355,FOP,Phayao,Yom Basin
855490,Phupha Thoep National Parks,16.433405,104.80253,Thailand,ThaiWater (HII),MOU100,FOP,Mukdahan,Northeast Khong Basin
234,Don A-Rang,14.58711,102.49516,Thailand,ThaiWater (HII),BDAR,HII,Buri Ram,Mun Basin
264,Upper Rasi Salai Weir,15.34442,104.098785,Thailand,ThaiWater (HII),WEI111,HII,Si Sa Ket,Mun Basin
458,Ban Haeng,18.76331,100.00877,Thailand,ThaiWater (HII),LGTI,HII,Lampang,Yom Basin
633,Wat Wang Takhian,16.71145,98.50671,Thailand,ThaiWater (HII),RMMI,HII,Tak,Salawin Basin
718,Tha Sao,14.21606,99.08133,Thailand,ThaiWater (HII),NTST,HII,Kanchanaburi,Mae Klong Basin
737,Tha Chedi Temple (TTC06),14.15657,100.12744,Thailand,ThaiWater (HII),THA006,HII,Suphan Buri,Tha Chin Basin
802,Takua Pa 2,8.477331,98.52832,Thailand,ThaiWater (HII),TKP002,HII,Phangnga,Peninsula - West Coast Basin
492349,Phrasrisilp Gate,14.32729,100.87117,Thailand,ThaiWater (HII),ATG072,HII,Saraburi,Chao Phraya Basin
1601374,Song Kwai Tai Reservoir,17.32797,99.02184,Thailand,ThaiWater (HII),RES052,HII,Tak,Wang Basin
1135,บ้านด่านดู่,17.055167,101.172412,Thailand,ThaiWater (HII),STN0330,DWR,Loei,Pasak Basin
1951,บ้านพรรั้ง,9.880111,98.626948,Thailand,ThaiWater (HII),STN0826,DWR,Ranong,Peninsula - West Coast Basin
1746,บ้านวังสงวน,16.097585,101.20711,Thailand,ThaiWater (HII),STN0946,DWR,Phetchabun,Pasak Basin
1148,บ้านห้วยติ้ว,17.523756,101.258119,Thailand,ThaiWater (HII),STN0464,DWR,Loei,Northeast Khong Basin
528804,ส.เทเวศร์,13.77191,100.5011,Thailand,ThaiWater (HII),RF.PNK.02,BMA,Bangkok,Chao Phraya Basin
1258,บ้านโปงทุ่ง,17.852986,98.75245,Thailand,ThaiWater (HII),STN0609,DWR,Chiang Mai,Ping Basin
1742,บ้านโจะโหวะเหนือ,16.868677,101.137852,Thailand,ThaiWater (HII),STN0673,DWR,Phetchabun,Pasak Basin
3542,แม่น้ำมูล บ้านคันไร่,15.26995,105.30611,Thailand,ThaiWater (HII),PMTS15,EGAT,Ubon Ratchathani,Mun Basin
1776,บ้านบ้องตี้บน,14.073463,98.991506,Thailand,ThaiWater (HII),STN0268,DWR,Kanchanaburi,Mae Klong Basin
1333,บ้านแม่เตินเหนือ,17.738137,99.193731,Thailand,ThaiWater (HII),STN0885,DWR,Lampang,Wang Basin
501308,บ้านห้วยหินฝน,16.762068,98.644521,Thailand,ThaiWater (HII),STN1275,DWR,Tak,Salawin Basin
1081050,บ้านบางเหรียงใต้,8.578416,98.66092,Thailand,ThaiWater (HII),STN1761,DWR,Phangnga,Peninsula - West Coast Basin
1835,บ้านใสเขือ,8.620236,99.594835,Thailand,ThaiWater (HII),STN0214,DWR,Nakhon Si Thammarat,Peninsula - Upper East Coast Basin
501478,บ้านแม่ทัง,18.155676,98.604793,Thailand,ThaiWater (HII),STN1449,DWR,Chiang Mai,Ping Basin
1123745,บ้านหนองเชียงรอดเหนือ,16.515036,101.823138,Thailand,ThaiWater (HII),STN1907,DWR,Chaiyaphum,Chi Basin Basin
500136,บ้านนาโพธิ์,17.497621,101.073661,Thailand,ThaiWater (HII),STN1356,DWR,Loei,Northeast Khong Basin
2032,บ้านโคกทัง,6.981245,100.592958,Thailand,ThaiWater (HII),STN0134,DWR,Songkhla,Thale Sap Songkhla Basin
1080931,บ้านลำตะเคียน,12.983723,99.640643,Thailand,ThaiWater (HII),STN1642,DWR,Phetchaburi,Phetchaburi - Prachuap Khiri Khan Basin
528745,สนข.พญาไท,13.78003,100.54287,Thailand,ThaiWater (HII),RF.PYT.01,BMA,Bangkok,Chao Phraya Basin
1782,บ้านหนองบาง,14.576704,98.820788,Thailand,ThaiWater (HII),STN0684,DWR,Kanchanaburi,Mae Klong Basin
1033,บ้านคลองป่าหวาย,12.978503,101.399368,Thailand,ThaiWater (HII),STN0139,DWR,Rayong,East Coast Gulf Basin
1123857,บ้านเฉลียงโศก,14.489816,102.272918,Thailand,ThaiWater (HII),STN2019,DWR,Nakhon Ratchasima,Mun Basin
1146,บ้านกลาง,17.319875,101.430006,Thailand,ThaiWater (HII),STN0326,DWR,Loei,Northeast Khong Basin
855476,Watershed Management and Community Development Unit in the Huai Emai Conservation Forest Area,16.409319,101.283,Thailand,ThaiWater (HII),MOU086,FOP,Phetchabun,Pasak Basin
453,Mae Mo,18.27293,99.65159,Thailand,ThaiWater (HII),MMMO,HII,Lampang,Wang Basin
571,Krok Phra,15.55312,100.0709,Thailand,ThaiWater (HII),KKPA,HII,Nakhon Sawan,Chao Phraya Basin
1121297,Wildlife Sanctuary of Kromluang Chumphon (South),10.513319,98.911064,Thailand,ThaiWater (HII),MOU509,FOP,Ranong,Peninsula - West Coast Basin
355,Sang Kom,18.06862,102.2627,Thailand,ThaiWater (HII),SGKM,HII,Nong Khai,Northeast Khong Basin
1481153,Mae Sin Nam Bridge,17.801989,99.849495,Thailand,ThaiWater (HII),MOU359,FOP,Phrae,Yom Basin
28,Rangsit Khlong 7,14.19111,100.75421,Thailand,ThaiWater (HII),RSK7,HII,Pathum Thani,Chao Phraya Basin
1116842,To Tao View Point,8.941284,98.79402,Thailand,ThaiWater (HII),FOP068,FOP,Surat Thani,Peninsula - Upper East Coast Basin
1109536,Esia 4265 Bridge,9.598671,98.94901,Thailand,ThaiWater (HII),ONE047,HII,Surat Thani,Peninsula - Upper East Coast Basin
869,Trang 1,7.729391,99.55152,Thailand,ThaiWater (HII),TNG001,HII,Trang,Peninsula - West Coast Basin
804,Takua Pa Market,8.829399,98.36931,Thailand,ThaiWater (HII),MDC001,HII,Phangnga,Peninsula - West Coast Basin
1101037,มัสยิดเอ๊ยะซาน หมู่ 4,9.62002,98.46928,Thailand,ThaiWater (HII),TH01,DISASTER,Ranong,Peninsula - West Coast Basin
1106449,Lat Chado,14.464386,100.366005,Thailand,ThaiWater (HII),TCP003,HII,Phra Nakhon Si Ayutthaya,Chao Phraya Basin
143,Nong Bon,12.67735,102.45936,Thailand,ThaiWater (HII),NBON,HII,Trat,East Coast Gulf Basin
1100876,ศาลาชุมชน หมู่ 10,12.95551,102.04691,Thailand,ThaiWater (HII),TA66,DISASTER,Chanthaburi,East Coast Gulf Basin
1645475,Mae Ngao bridge,18.6275,100.04149,Thailand,ThaiWater (HII),YOM017,HII,Lampang,Yom Basin
638732,Mae San Watershed Conservation Development Study Unit (subunit),17.653162,99.604034,Thailand,ThaiWater (HII),MOU067,FOP,Sukhothai,Yom Basin
1373692,Pak Kiew Canal Bridge Baan Hat Somboon Community,9.51646,99.22589,Thailand,ThaiWater (HII),PTTEP2,HII,Surat Thani,Peninsula - Upper East Coast Basin
1486629,National Park Protection Unit 1 (Ton Khanun),17.6152,100.7262,Thailand,ThaiWater (HII),MOU425,FOP,Uttaradit,Nan Basin
1241191,Mae Yom National Park Office,18.6259,100.1636,Thailand,ThaiWater (HII),MOU347,FOP,Phrae,Yom Basin
12475,Trang 4,7.371991,99.677246,Thailand,ThaiWater (HII),TNG004,HII,Trang,Peninsula - West Coast Basin
492345,Makhamtoa-Uthong Gate,15.22229,100.06236,Thailand,ThaiWater (HII),ATG042,HII,Chai Nat,Tha Chin Basin
1481107,Doi E Hui Forest Protection Unit,18.153486,98.9833,Thailand,ThaiWater (HII),MOU334,FOP,Lamphun,Ping Basin
740812,Khwae Noi,17.182213,100.41388,Thailand,ThaiWater (HII),KWN003,HII,Phitsanulok,Nan Basin
621,Phran Kratai,16.65376,99.57577,Thailand,ThaiWater (HII),PKTI,HII,Kamphaeng Phet,Yom Basin
1119564,ท่าเทียบเรือหาดปากเมง หมู่4,7.5066,99.31394,Thailand,ThaiWater (HII),WN24,DISASTER,Trang,Peninsula - West Coast Basin
3737,NAKHONSI THAMMARAT AGROMET.,8.35931,100.0,Thailand,ThaiWater (HII),48554,TMD,Nakhon Si Thammarat,Peninsula - Upper East Coast Basin
3674,PICHIT AGROMET.,16.43806,100.2925,Thailand,ThaiWater (HII),48386,TMD,Phichit,Yom Basin
3665,BHUMIBOL DAM,17.24389,99.0025,Thailand,ThaiWater (HII),48377,TMD,Tak,Ping Basin
595072,Mae Ta Chang Bridge,18.771976,98.862595,Thailand,ThaiWater (HII),MOU010,FOP,Chiang Mai,Ping Basin
1121245,National Park Protection Unit of Po Lo 11 (Nam Lao),17.209349,101.016914,Thailand,ThaiWater (HII),MOU388,FOP,Phitsanulok,Nan Basin
1422372,สะพานเคียนซา (ปาล์มพาราวุ้ด) อ.เคียนซา (X.217),8.847581,99.198984,Thailand,ThaiWater (HII),RPBD12,EGAT,Surat Thani,Peninsula - Upper East Coast Basin
1429,บ้านห้วยไฟ,18.763059,100.539332,Thailand,ThaiWater (HII),STN0376,DWR,Nan,Nan Basin
1120559,Tai Romyen National Park,8.872031,99.47702,Thailand,ThaiWater (HII),MOU496,FOP,Surat Thani,Peninsula - Upper East Coast Basin
1123873,บ้านน้ำเลา,17.18943,101.007817,Thailand,ThaiWater (HII),STN2035,DWR,Phitsanulok,Nan Basin
501395,บ้านกุดจิก,16.142753,101.850658,Thailand,ThaiWater (HII),STN1365,DWR,Chaiyaphum,Chi Basin Basin
501304,บ้านไร่ท่าตะกู,16.950079,99.040781,Thailand,ThaiWater (HII),STN1271,DWR,Tak,Ping Basin
3532,แม่น้ำโขง วัดห้วยสะคาม,15.32884,105.48165,Thailand,ThaiWater (HII),PMTS6,EGAT,Ubon Ratchathani,Northeast Khong Basin
1080983,บ้านแป้น,6.740221,101.546681,Thailand,ThaiWater (HII),STN1694,DWR,Pattani,Peninsula - Lower East Coast Basin
1123931,บ้านนานอก,8.155845,99.680396,Thailand,ThaiWater (HII),STN2094,DWR,Nakhon Si Thammarat,Peninsula - West Coast Basin
680,Yom 9,16.31077,100.27173,Thailand,ThaiWater (HII),YOM009,HII,Phichit,Yom Basin
1396,บ้านเขื่อนแก้ว,18.785066,100.700092,Thailand,ThaiWater (HII),STN1034,DWR,Nan,Nan Basin
516207,Phu Kha Witthayakhom School,19.228039,101.06262,Thailand,ThaiWater (HII),FOP002,FOP,Nan,Nan Basin
1394,บ้านแม่จอก,17.977693,99.636121,Thailand,ThaiWater (HII),STN0345,DWR,Phrae,Yom Basin
1475106,Mae Klang Nam Bridge,18.507551,98.66203,Thailand,ThaiWater (HII),MOU294,FOP,Chiang Mai,Ping Basin
1807,บ้านน้ำตกสาย 1,11.619023,99.619201,Thailand,ThaiWater (HII),STN0090,DWR,Prachuap Khiri Khan,Phetchaburi - Prachuap Khiri Khan Basin
1080961,บ้านห้วยน้ำใส,17.866228,97.845028,Thailand,ThaiWater (HII),STN1672,DWR,Mae Hong Son,Salawin Basin
1178,บ้านแม่หลุ,18.445752,98.447245,Thailand,ThaiWater (HII),STN0024,DWR,Chiang Mai,Ping Basin
1113298,เขื่อนสิริกิติ์,17.762523,100.559318,Thailand,ThaiWater (HII),SKU10,EGAT,Uttaradit,Nan Basin
1123954,บ้านสวนพลู,8.556988,98.650507,Thailand,ThaiWater (HII),STN2117,DWR,Phangnga,Peninsula - West Coast Basin
1080953,บ้านยุบตาเหน่ง,12.967637,101.466628,Thailand,ThaiWater (HII),STN1664,DWR,Rayong,East Coast Gulf Basin
1358,บ้านกิ่วเคียน,17.886768,100.359615,Thailand,ThaiWater (HII),STN0168,DWR,Uttaradit,Nan Basin
1629,บ้านแม่แลบ,18.379308,97.8772,Thailand,ThaiWater (HII),STN0638,DWR,Mae Hong Son,Salawin Basin
1123991,บ้านละโอ,6.15447,101.537302,Thailand,ThaiWater (HII),STN2154,DWR,Narathiwat,Peninsula - Lower East Coast Basin
528803,ส.คลองเจ้าคุณสิงห์,13.7616,100.61525,Thailand,ThaiWater (HII),RF.WTL.03,BMA,Bangkok,Chao Phraya Basin
1123997,บ้านคอกช้าง,6.044381,101.166291,Thailand,ThaiWater (HII),STN2160,DWR,Yala,Peninsula - Lower East Coast Basin
1791,บ้านเขาธง,14.827652,99.330791,Thailand,ThaiWater (HII),STN0269,DWR,Suphan Buri,Mae Klong Basin
1660,บ้านห้วยลึก,15.218677,99.50252,Thailand,ThaiWater (HII),STN0471,DWR,Uthai Thani,Tha Chin Basin
528801,ปตร.คลองลาดพร้าว,13.79432,100.58933,Thailand,ThaiWater (HII),RF.WTL.02,BMA,Bangkok,Chao Phraya Basin
204,Si Lako,14.9475,102.40295,Thailand,ThaiWater (HII),SISU,HII,Nakhon Ratchasima,Mun Basin
1994,บ้านในแจะ,9.74543,98.758224,Thailand,ThaiWater (HII),STN1043,DWR,Chumphon,Peninsula - Upper East Coast Basin
1919,บ้านท้องนายปาน,9.771645,100.055772,Thailand,ThaiWater (HII),STN0830,DWR,Surat Thani,Peninsula - Upper East Coast Basin
1305,บ้านผาลาดเหนือ,17.696257,98.945512,Thailand,ThaiWater (HII),STN0655,DWR,Lamphun,Ping Basin
1316386,T.ปตร.มะขามเฒ่า,15.222455,100.062221,Thailand,ThaiWater (HII),ridtele_T.MakhamthaoRegulator,RID,Chai Nat,Tha Chin Basin
1710,บ้านเด่นวัวน้ำทิพย์,16.62341,99.188254,Thailand,ThaiWater (HII),STN0929,DWR,Tak,Ping Basin
1712,บ้านวังหาด,17.197262,99.384964,Thailand,ThaiWater (HII),STN0720,DWR,Sukhothai,Yom Basin
1316431,คลองน้ำจู,16.04515,101.122846,Thailand,ThaiWater (HII),ridtele_TS.17,RID,Phetchabun,Pasak Basin
528772,สนข.ตลิ่งชัน,13.77663,100.45653,Thailand,ThaiWater (HII),RF.TLC.01,BMA,Bangkok,Chao Phraya Basin
528769,สนข.บางกอกน้อย,13.77078,100.46806,Thailand,ThaiWater (HII),RF.BKN.01,BMA,Bangkok,Chao Phraya Basin
1264,บ้านหลวง,17.783779,98.368423,Thailand,ThaiWater (HII),STN0187,DWR,Chiang Mai,Ping Basin
1871,บ้านเขาขาว,8.270661,98.830112,Thailand,ThaiWater (HII),STN1041,DWR,Krabi,Peninsula - West Coast Basin
1735,บ้านวังหินเหนือ  (บ้านโป่งเจ็ดหัว),16.389681,100.775831,Thailand,ThaiWater (HII),STN0107,DWR,Phetchabun,Nan Basin
1952,บ้านเขานางหงษ์,9.978944,98.599994,Thailand,ThaiWater (HII),STN0073,DWR,Ranong,Peninsula - West Coast Basin
1080895,บ้านควนใหม่,7.631379,99.998546,Thailand,ThaiWater (HII),STN1606,DWR,Phatthalung,Thale Sap Songkhla Basin
1944,บ้านในช่อง,8.491633,99.138902,Thailand,ThaiWater (HII),STN0221,DWR,Surat Thani,Peninsula - Upper East Coast Basin
1316930,"T ขรน.มะเกลือใหม่ (U/S), (D/S)",14.88003,101.76168,Thailand,ThaiWater (HII),"ridtele_TM.194 (U/S), (D/S)",RID,Nakhon Ratchasima,Mun Basin
1316920,TM.50 (วัดแชะ),14.51989,102.2431,Thailand,ThaiWater (HII),ridtele_TM.50,RID,Nakhon Ratchasima,Mun Basin
1123,บ้านเพิ่ม,17.986297,102.075998,Thailand,ThaiWater (HII),STN0953,DWR,Udon Thani,Northeast Khong Basin
1317148,บ้านโพธิ์น้อย,9.137005,98.957233,Thailand,ThaiWater (HII),ridtele_TTP18,RID,Surat Thani,Peninsula - Upper East Coast Basin
1147,บ้านห้วยผักเน่า,17.470881,101.266342,Thailand,ThaiWater (HII),STN0465,DWR,Loei,Northeast Khong Basin
1317120,คลองหวะตอนบน,6.969362,100.558293,Thailand,ThaiWater (HII),ridtele_TSL39,RID,Songkhla,Thale Sap Songkhla Basin
1081013,บ้านบางเหรียง,8.243599,99.141692,Thailand,ThaiWater (HII),STN1724,DWR,Krabi,Peninsula - Upper East Coast Basin
685650,Nam Wa (Ban Nam Wa),18.643177,101.010826,Thailand,ThaiWater (HII),MOU045,FOP,Nan,Nan Basin
11567351,National Park Protection Unit at Village No. 1 (Mae Wa Waterfall),17.44925,99.22513,Thailand,ThaiWater (HII),DNP095,FOP,Lampang,Wang Basin
8270343,Chaloem Rattanakosin National Park Office,14.66122,99.30444,Thailand,ThaiWater (HII),MOU448,FOP,Kanchanaburi,Mae Klong Basin
581,Tha Tako,15.63248,100.47483,Thailand,ThaiWater (HII),TTKO,HII,Nakhon Sawan,Chao Phraya Basin
435373,Ban Nam Yen,10.58877,99.03119,Thailand,ThaiWater (HII),TBR022,HII,Chumphon,Peninsula - Upper East Coast Basin
492367,Upper Phak Hai Gate,14.43643,100.37562,Thailand,ThaiWater (HII),ATG171,HII,Phra Nakhon Si Ayutthaya,Chao Phraya Basin
1100962,ศูนย์พัฒนาเด็กเล็กบ้านหว้า หมู่ 2,15.59447,100.10702,Thailand,ThaiWater (HII),TC50,DISASTER,Nakhon Sawan,Chao Phraya Basin
1556812,Pla Cave National Park Office-Pha Sue Waterfall,19.425575,97.987366,Thailand,ThaiWater (HII),MOU148,FOP,Mae Hong Son,Salawin Basin
79,Tha Chin 1,15.225,100.07824,Thailand,ThaiWater (HII),THA001,HII,Chai Nat,Chao Phraya Basin
740739,Ban Laem Tanot Bridge,7.817578,100.047485,Thailand,ThaiWater (HII),FOP038,FOP,Phatthalung,Thale Sap Songkhla Basin
87,Wat Sing,15.2584,100.04493,Thailand,ThaiWater (HII),WTSG,HII,Chai Nat,Tha Chin Basin
807,Lam Kaen,8.59675,98.25739,Thailand,ThaiWater (HII),TLMU,HII,Phangnga,Peninsula - West Coast Basin
1109535,Khlong Tha Chana Bridge,9.576583,99.12956,Thailand,ThaiWater (HII),ONE046,HII,Surat Thani,Peninsula - Upper East Coast Basin
3732,SAWI AGROMET.,10.33333,99.1,Thailand,ThaiWater (HII),48520,TMD,Chumphon,Peninsula - Upper East Coast Basin
575570,Khlong Bang Namphueng Gate,13.676648,100.58207,Thailand,ThaiWater (HII),BKC006,HII,Samut Prakan,Chao Phraya Basin
1101570,Khlong Sa (Phu Rin Waterfall),8.993955,99.65859,Thailand,ThaiWater (HII),FOP059,FOP,Surat Thani,Peninsula - Upper East Coast Basin
1106451,BangKaeo,14.436604,100.37149,Thailand,ThaiWater (HII),TCP005,HII,Phra Nakhon Si Ayutthaya,Chao Phraya Basin
11648256,Mae Mok Canal,17.22242,99.70545,Thailand,ThaiWater (HII),SKT002,HII,Sukhothai,Yom Basin
1601362,Huai Tham Yothin Reservoir,18.23289,100.31351,Thailand,ThaiWater (HII),RES040,HII,Phrae,Yom Basin
1316657,เขื่อนทดน้ำบางปะกง,13.706797,101.136945,Thailand,ThaiWater (HII),ridtele_TKgt58,RID,Chachoengsao,Bang Pakong Basin
2014,บ้านคอก-วังไทร,6.585939,100.672797,Thailand,ThaiWater (HII),STN0507,DWR,Songkhla,Thale Sap Songkhla Basin
1680,บ้านปางเหนือ,16.062207,99.314654,Thailand,ThaiWater (HII),STN0912,DWR,Kamphaeng Phet,Ping Basin
1316977,วัดนิกรวราราม (ย่านยาว),8.868464,98.348746,Thailand,ThaiWater (HII),ridtele_TP1 (TX.185),RID,Phangnga,Peninsula - West Coast Basin
501219,บ้านเขาขุยพัฒนา,15.528146,100.843028,Thailand,ThaiWater (HII),STN1185,DWR,Lop Buri,Chao Phraya Basin
1583,บ้านป่าสักงาม,20.079816,100.020365,Thailand,ThaiWater (HII),STN0400,DWR,Chiang Rai,North Khong Basin
528736,สนข.ป้อมปราบฯ,13.75826,100.51304,Thailand,ThaiWater (HII),RF.PPS.01,BMA,Bangkok,Chao Phraya Basin
1290,บ้านดอนชัย,18.582748,99.259631,Thailand,ThaiWater (HII),STN0025,DWR,Chiang Mai,Ping Basin
1049,บ้านหนองบอน,12.681499,102.466076,Thailand,ThaiWater (HII),STN0995,DWR,Trat,East Coast Gulf Basin
1080919,บ้านเขาน้อย,14.236784,99.310197,Thailand,ThaiWater (HII),STN1630,DWR,Kanchanaburi,Mae Klong Basin
1123885,บ้านหาดปลายสาร,7.340547,99.768001,Thailand,ThaiWater (HII),STN2047,DWR,Trang,Peninsula - West Coast Basin
1714,บ้านฟากท่า,17.571233,99.73619,Thailand,ThaiWater (HII),STN1038,DWR,Sukhothai,Yom Basin
1459092,บ้านตามุง,6.315009,101.539881,Thailand,ThaiWater (HII),STN2227,DWR,Narathiwat,Peninsula - Lower East Coast Basin
528735,สนข.พระนคร,13.7649,100.49872,Thailand,ThaiWater (HII),RF.PNK.01,BMA,Bangkok,Chao Phraya Basin
501242,บ้านบ่อหอย,18.502661,100.400493,Thailand,ThaiWater (HII),STN1208,DWR,Nan,Nan Basin
1123752,บ้านย่านซื่อ,12.066353,99.651016,Thailand,ThaiWater (HII),STN1914,DWR,Prachuap Khiri Khan,Phetchaburi - Prachuap Khiri Khan Basin
1080900,บ้านท่ามะปราง,7.762345,99.645404,Thailand,ThaiWater (HII),STN1611,DWR,Trang,Peninsula - West Coast Basin
1459071,บ้านทุ่งใหญ่,7.670505,99.514447,Thailand,ThaiWater (HII),STN2206,DWR,Trang,Peninsula - West Coast Basin
1316570,บ้านหลวงเหนือ จ.ลำปาง,18.757743,99.975154,Thailand,ThaiWater (HII),ridtele_TY.13B,RID,Lampang,Yom Basin
501288,บ้านดงลาน,17.277752,99.137413,Thailand,ThaiWater (HII),STN1255,DWR,Tak,Wang Basin
1619,บ้านหนองป่าแขม,18.157893,97.926343,Thailand,ThaiWater (HII),STN0934,DWR,Mae Hong Son,Salawin Basin
501561,บ้านท่าฟ้าเหนือ,19.015725,100.287363,Thailand,ThaiWater (HII),STN1534,DWR,Phayao,Yom Basin
1123961,บ้านย่านยาว,9.574516,98.664959,Thailand,ThaiWater (HII),STN2124,DWR,Ranong,Peninsula - West Coast Basin
2058,บ้านไสท้อน,7.553455,99.779176,Thailand,ThaiWater (HII),STN0113,DWR,Trang,Peninsula - West Coast Basin
1123970,บ้านโนนค้อ,15.863129,104.324736,Thailand,ThaiWater (HII),STN2133,DWR,Yasothon,Mun Basin
528752,สนข.วังทองหลาง,13.76435,100.60553,Thailand,ThaiWater (HII),RF.WTL.01,BMA,Bangkok,Chao Phraya Basin
1123994,บ้านบาโงยือรา,6.406619,101.245895,Thailand,ThaiWater (HII),STN2157,DWR,Yala,Peninsula - Lower East Coast Basin
1123700,บ้านแม่จั๊ว,19.031743,100.249101,Thailand,ThaiWater (HII),STN1861,DWR,Phayao,Yom Basin
1080940,บ้านคลองลอย,11.294759,99.37013,Thailand,ThaiWater (HII),STN1651,DWR,Prachuap Khiri Khan,Phetchaburi - Prachuap Khiri Khan Basin
1080938,บ้านป่าละอู,12.508496,99.521343,Thailand,ThaiWater (HII),STN1649,DWR,Prachuap Khiri Khan,Phetchaburi - Prachuap Khiri Khan Basin
1123889,บ้านไสกล้วยเถื่อน,7.799179,99.554238,Thailand,ThaiWater (HII),STN2051,DWR,Trang,Peninsula - West Coast Basin
2016,บ้านวัด,6.487867,100.672471,Thailand,ThaiWater (HII),STN0292,DWR,Songkhla,Thale Sap Songkhla Basin
1109525,Thepha Santi Suk Bridge,6.825135,100.972626,Thailand,ThaiWater (HII),ONE036,HII,Songkhla,Thale Sap Songkhla Basin
855496,National Park Protection Unit of  Ko Yo 17 (Klang Dong),14.549575,101.26519,Thailand,ThaiWater (HII),MOU106,FOP,Nakhon Ratchasima,Pasak Basin
1101569,Ban Tai,8.178368,99.70351,Thailand,ThaiWater (HII),FOP058,FOP,Nakhon Si Thammarat,Peninsula - West Coast Basin
3701,CHOK CHAI,14.71889,102.16861,Thailand,ThaiWater (HII),48434,TMD,Nakhon Ratchasima,Mun Basin
1119605,บ้านเกาะทรายดำหน้านอก หมู่5,9.7638,98.51184,Thailand,ThaiWater (HII),WJ10,DISASTER,Ranong,Peninsula - West Coast Basin
1121266,Wang Tanot Canal Bridge,13.119586,101.954346,Thailand,ThaiWater (HII),MOU472,FOP,Chanthaburi,East Coast Gulf Basin
689,Wang Ngio,16.01561,100.73281,Thailand,ThaiWater (HII),SYTL,HII,Phichit,Chao Phraya Basin
1121258,Khwae Yai Bridge,16.04928,98.844765,Thailand,ThaiWater (HII),MOU431,FOP,Tak,Mae Klong Basin
3720,RATCHA BURI,13.48931,99.79239,Thailand,ThaiWater (HII),48464,TMD,Ratchaburi,Mae Klong Basin
1483141,Khun Nan National Park Office,19.18075,101.17954,Thailand,ThaiWater (HII),MOU391,FOP,Nan,Nan Basin
890,Sai Buri Disctrict Office,6.76416,101.30057,Thailand,ThaiWater (HII),STH030,HII,Pattani,Peninsula - Lower East Coast Basin
701,Nong Phai,15.98164,101.07372,Thailand,ThaiWater (HII),NGPI,HII,Phetchabun,Pasak Basin
3711,BANGKOK METROPOLIS,13.72639,100.56,Thailand,ThaiWater (HII),48455,TMD,Bangkok,Chao Phraya Basin
778,Khao Lan,11.52201,99.59756,Thailand,ThaiWater (HII),MDTG,HII,Prachuap Khiri Khan,Phetchaburi - Prachuap Khiri Khan Basin
3728,PHLIU  AGROMET.,12.50861,102.17305,Thailand,ThaiWater (HII),48481,TMD,Chanthaburi,East Coast Gulf Basin
1109538,Bang Kam Prat Reservoir,8.221995,99.19775,Thailand,ThaiWater (HII),ONE049,HII,Krabi,Peninsula - Upper East Coast Basin
1100881,ศาลาเอนกประสงค์บ้านชำเคราะห์ หมู่ 6,12.94397,102.07663,Thailand,ThaiWater (HII),TA51,DISASTER,Chanthaburi,East Coast Gulf Basin
1106457,Khlong Rabai Chai Nat Pa Sak Pumping Station,15.05502,100.32081,Thailand,ThaiWater (HII),TCP011,HII,Sing Buri,Chao Phraya Basin
71,Chao Phraya 6,15.00602,100.33088,Thailand,ThaiWater (HII),CPY006,HII,Sing Buri,Chao Phraya Basin
1121224,Watershed Management and Community Development Unit in Mae Tuen Conservation Forest Area,17.564354,98.50224,Thailand,ThaiWater (HII),MOU278,FOP,Chiang Mai,Ping Basin
610,Ping 3,16.6282,99.43257,Thailand,ThaiWater (HII),PIN003,HII,Kamphaeng Phet,Ping Basin
228,Mun 2,14.968,102.23782,Thailand,ThaiWater (HII),MUN002,HII,Nakhon Ratchasima,Mun Basin
911,Raman Disctrict Office,6.479,101.42407,Thailand,ThaiWater (HII),STH003,HII,Yala,Peninsula - Lower East Coast Basin
1118501,บ้านปากน้ำปราณ ม.2,12.39717,99.99498,Thailand,ThaiWater (HII),EF02,DISASTER,Prachuap Khiri Khan,Phetchaburi - Prachuap Khiri Khan Basin
867,Kalase,7.70389,99.31807,Thailand,ThaiWater (HII),KMSI,HII,Trang,Peninsula - West Coast Basin
1556840,Khun Jae National Park Office,19.077423,99.39881,Thailand,ThaiWater (HII),MOU194,FOP,Chiang Rai,North Khong Basin
1121267,Khlong Sato Bridge,12.7065,102.415,Thailand,ThaiWater (HII),MOU473,FOP,Trat,East Coast Gulf Basin
1481132,Huai Tha Phae Watershed Conservation Development Unit,17.59327,99.51376,Thailand,ThaiWater (HII),MOU348,FOP,Sukhothai,Yom Basin
1601361,Huai Pha Kham Reservoir,18.17056,100.09264,Thailand,ThaiWater (HII),RES039,HII,Phrae,Yom Basin
1601363,Mae Tick Reservoir,18.19978,100.29565,Thailand,ThaiWater (HII),RES041,HII,Phrae,Yom Basin
3738,SURAT THANI AGROMET.,9.1,99.63333,Thailand,ThaiWater (HII),48555,TMD,Surat Thani,Peninsula - Upper East Coast Basin
1100886,เทศบาลตำบลพลับพลา หมู่ 9,12.61924,102.1589,Thailand,ThaiWater (HII),TA69,DISASTER,Chanthaburi,East Coast Gulf Basin
1119602,หาดประพาส,9.37024,98.39699,Thailand,ThaiWater (HII),WJ04,DISASTER,Ranong,Peninsula - West Coast Basin
1118479,บ้านคลองปุก บ้านนายสมพร เลขที่ 4/3,12.588463,102.419991,Thailand,ThaiWater (HII),TB52,DISASTER,Trat,East Coast Gulf Basin
1862,บ้านทอนผักกูด,8.721701,99.793181,Thailand,ThaiWater (HII),STN0739,DWR,Nakhon Si Thammarat,Peninsula - Upper East Coast Basin
1849,บ้านสำนักเนียน,8.934702,99.699615,Thailand,ThaiWater (HII),STN0066,DWR,Nakhon Si Thammarat,Peninsula - Upper East Coast Basin
1916,บ้านสวนปราง,9.014879,99.641233,Thailand,ThaiWater (HII),STN0132,DWR,Surat Thani,Peninsula - Upper East Coast Basin
1920,บ้านไร่ยาว,9.541907,98.913463,Thailand,ThaiWater (HII),STN1049,DWR,Surat Thani,Peninsula - Upper East Coast Basin
1925,บ้านช่องยูงทอง,9.669748,99.006107,Thailand,ThaiWater (HII),STN0760,DWR,Surat Thani,Peninsula - Upper East Coast Basin
1928,บ้านหญ้าปล้อง,8.902617,98.572174,Thailand,ThaiWater (HII),STN0287,DWR,Surat Thani,Peninsula - Upper East Coast Basin
1930,บ้านบางเตย,8.730431,98.825382,Thailand,ThaiWater (HII),STN0496,DWR,Surat Thani,Peninsula - Upper East Coast Basin
1933,บ้านเคี่ยมเพาะ,9.409288,98.872791,Thailand,ThaiWater (HII),STN0161,DWR,Surat Thani,Peninsula - Upper East Coast Basin
1774,บ้านทุ่งมะเซอย่อ,14.171646,98.958187,Thailand,ThaiWater (HII),STN0685,DWR,Kanchanaburi,Mae Klong Basin
1942,บ้านใต้โตน,8.629001,98.988402,Thailand,ThaiWater (HII),STN0570,DWR,Surat Thani,Peninsula - Upper East Coast Basin
1957,บ้านด่าน,10.115174,98.75024,Thailand,ThaiWater (HII),STN0078,DWR,Ranong,Peninsula - West Coast Basin
1729,บ้านโนนเสาธง,16.349317,101.259669,Thailand,ThaiWater (HII),STN0672,DWR,Phetchabun,Pasak Basin
1961,บ้านรังแตน,10.650233,98.868822,Thailand,ThaiWater (HII),STN0835,DWR,Ranong,Peninsula - West Coast Basin
1977,บ้านจันทึง,10.567198,98.998254,Thailand,ThaiWater (HII),STN0805,DWR,Chumphon,Peninsula - Upper East Coast Basin
1711,บ้านใหม่พรสวรรค์,16.725504,99.099402,Thailand,ThaiWater (HII),STN0538,DWR,Tak,Ping Basin
1990,บ้านหินลูกช้าง,9.778897,98.958603,Thailand,ThaiWater (HII),STN0575,DWR,Chumphon,Peninsula - Upper East Coast Basin
1100905,ศูนย์ข้อมูลประจำหมู่บ้าน บ้านห้างแก หมู่ 2,9.71399,98.70506,Thailand,ThaiWater (HII),TB10,DISASTER,Chumphon,Peninsula - Upper East Coast Basin
1642,บ้านห้วยกุ้ง,18.149663,98.128935,Thailand,ThaiWater (HII),STN0256,DWR,Mae Hong Son,Salawin Basin
2049,บ้านสว่างคีรี,7.496148,99.455736,Thailand,ThaiWater (HII),STN0699,DWR,Trang,Peninsula - West Coast Basin
1628,บ้านแม่อุมลองน้อย,18.26343,98.013873,Thailand,ThaiWater (HII),STN0125,DWR,Mae Hong Son,Salawin Basin
1081091,บ้านสามไกร,10.732448,99.178432,Thailand,ThaiWater (HII),STN1802,DWR,Chumphon,Peninsula - Upper East Coast Basin
3511,อ.ศรีบุญเรือง,16.879225,102.317052,Thailand,ThaiWater (HII),URTU04,EGAT,Nong Bua Lam Phu,Chi Basin Basin
3528,แม่น้ำชี อ.มหาชนะชัย (E.20A),15.523588,104.249484,Thailand,ThaiWater (HII),PMTS1,EGAT,Yasothon,Chi Basin Basin
1081045,บ้านกือลอง,6.308374,101.335583,Thailand,ThaiWater (HII),STN1756,DWR,Yala,Peninsula - Lower East Coast Basin
3642,MAE SARIANG,18.166667,97.933333,Thailand,ThaiWater (HII),48325,TMD,Mae Hong Son,Salawin Basin
1123660,บ้านถ้ำลอด,19.577867,98.282641,Thailand,ThaiWater (HII),STN1822,DWR,Mae Hong Son,Salawin Basin
1123763,บ้านคลองคุ้ย,7.730747,99.682661,Thailand,ThaiWater (HII),STN1925,DWR,Trang,Peninsula - West Coast Basin
1123780,บ้านหัวหิน,9.917436,99.01039,Thailand,ThaiWater (HII),STN1942,DWR,Chumphon,Peninsula - Upper East Coast Basin
1123781,บ้านเขาช่องลม,9.7378,99.006127,Thailand,ThaiWater (HII),STN1943,DWR,Chumphon,Peninsula - Upper East Coast Basin
1123806,บ้านโนนตูม,16.10879,101.663867,Thailand,ThaiWater (HII),STN1968,DWR,Chaiyaphum,Chi Basin Basin
1080998,บ้านอูแบ,6.432057,101.367858,Thailand,ThaiWater (HII),STN1709,DWR,Yala,Peninsula - Lower East Coast Basin
1123872,บ้านแก่งออมสิงห์,17.123485,100.894521,Thailand,ThaiWater (HII),STN2034,DWR,Phitsanulok,Nan Basin
3725,RAYONG,12.63369,101.34075,Thailand,ThaiWater (HII),48478,TMD,Rayong,East Coast Gulf Basin
1080987,บ้านลีมาปูโร๊ะ,6.519708,101.170048,Thailand,ThaiWater (HII),STN1698,DWR,Yala,Peninsula - Lower East Coast Basin
1123906,บ้านย่านมะปราง,8.977269,98.921562,Thailand,ThaiWater (HII),STN2069,DWR,Surat Thani,Peninsula - Upper East Coast Basin
1123935,บ้านวังหิน,8.398103,99.345943,Thailand,ThaiWater (HII),STN2098,DWR,Nakhon Si Thammarat,Peninsula - Upper East Coast Basin
1080969,บ้านตะเคียนงาม,9.519416,98.573263,Thailand,ThaiWater (HII),STN1680,DWR,Ranong,Peninsula - West Coast Basin
1123959,บ้านปากจั่น,10.526672,98.833203,Thailand,ThaiWater (HII),STN2122,DWR,Ranong,Peninsula - West Coast Basin
1371,บ้านบุญแจ่ม,18.267415,100.333578,Thailand,ThaiWater (HII),STN0911,DWR,Phrae,Yom Basin
1080941,บ้านราชมงคล,11.19917,99.403625,Thailand,ThaiWater (HII),STN1652,DWR,Prachuap Khiri Khan,Phetchaburi - Prachuap Khiri Khan Basin
1332,บ้านแม่แสลม,17.384546,99.304498,Thailand,ThaiWater (HII),STN0372,DWR,Lampang,Yom Basin
1326,บ้านนาไหม้,18.659787,99.701045,Thailand,ThaiWater (HII),STN0886,DWR,Lampang,Wang Basin
1080923,บ้านเขาหินตั้ง,14.740015,99.330612,Thailand,ThaiWater (HII),STN1634,DWR,Kanchanaburi,Mae Klong Basin
385581,Khlong Kriang Krai Bridge,15.84312,100.21149,Thailand,ThaiWater (HII),TBW014,HII,Nakhon Sawan,Nan Basin
1310,บ้านหัวขัว,17.992936,99.04905,Thailand,ThaiWater (HII),STN0371,DWR,Lamphun,Ping Basin
1316391,T.ปตร.บรมธาตุ,15.15713,100.152981,Thailand,ThaiWater (HII),ridtele_T.BorommathatRegulator,RID,Chai Nat,Chao Phraya Basin
1316397,T.ปตร.ผักไห่,14.43626,100.375495,Thailand,ThaiWater (HII),ridtele_T.PhakhaiRegulator,RID,Phra Nakhon Si Ayutthaya,Chao Phraya Basin
1080891,บ้านด่าน,7.685098,99.762232,Thailand,ThaiWater (HII),STN1602,DWR,Trang,Peninsula - West Coast Basin
1080888,บ้านราวปลา,7.13606,99.853031,Thailand,ThaiWater (HII),STN1599,DWR,Satun,Peninsula - West Coast Basin
1316869,ฝายมหาสารคาม (บ้านคุยเชือก),16.369066,102.947834,Thailand,ThaiWater (HII),ridtele_TE.100,RID,Maha Sarakham,Chi Basin Basin
1164,บ้านนาแปน,16.910144,101.858788,Thailand,ThaiWater (HII),STN0969,DWR,Loei,Chi Basin Basin
1139,บ้านบุ่งกุ่ม,17.311232,101.151822,Thailand,ThaiWater (HII),STN0842,DWR,Loei,Northeast Khong Basin
1080862,บ้านมะขาม,9.149392,99.629586,Thailand,ThaiWater (HII),STN1573,DWR,Surat Thani,Peninsula - Upper East Coast Basin
1080859,บ้านบางบ้าน,8.693174,98.790237,Thailand,ThaiWater (HII),STN1570,DWR,Surat Thani,Peninsula - Upper East Coast Basin
501131,บ้านป่าห้า,19.096246,99.182937,Thailand,ThaiWater (HII),STN1090,DWR,Chiang Mai,Ping Basin
501138,บ้านแม่เลย,19.056495,98.708349,Thailand,ThaiWater (HII),STN1097,DWR,Chiang Mai,Ping Basin
1080849,บ้านเชี่ยวหมอน,8.837498,98.773987,Thailand,ThaiWater (HII),STN1560,DWR,Surat Thani,Peninsula - Upper East Coast Basin
1031,บ้านคลองขนุน,12.894996,101.370717,Thailand,ThaiWater (HII),STN0138,DWR,Rayong,East Coast Gulf Basin
1317146,วัดตาขุน (X.38A),8.915404,98.886323,Thailand,ThaiWater (HII),ridtele_TTP16,RID,Surat Thani,Peninsula - Upper East Coast Basin
501260,บ้านลาดแคใต้,16.035818,100.826486,Thailand,ThaiWater (HII),STN1227,DWR,Phetchabun,Chao Phraya Basin
750,Tha Chin 9,13.58598,100.23048,Thailand,ThaiWater (HII),THA009,HII,Samut Sakhon,Tha Chin Basin
734,Tha Chin 3,14.83506,99.66543,Thailand,ThaiWater (HII),THA003,HII,Suphan Buri,Tha Chin Basin
1392047,"The Protection Unit, Lot. 6 (Ban Mung)",16.5617,100.7066,Thailand,ThaiWater (HII),MOU398,FOP,Phitsanulok,Nan Basin
620,Khlong Khlung,16.20864,99.70895,Thailand,ThaiWater (HII),KGKG,HII,Kamphaeng Phet,Ping Basin
501335,บ้านวังไทรทองเหนือ,16.375355,100.869106,Thailand,ThaiWater (HII),STN1302,DWR,Phetchabun,Nan Basin
501341,บ้านห้วยทราย,19.163533,99.345069,Thailand,ThaiWater (HII),STN1308,DWR,Chiang Rai,North Khong Basin
1422371,สะพานอิปัน อ.พระแสง (X.37A),8.57104,99.25391,Thailand,ThaiWater (HII),RPBD11,EGAT,Surat Thani,Peninsula - Upper East Coast Basin
558659,บ้านโนนสำราญ,16.935,103.904,Thailand,ThaiWater (HII),NPNPU02,EGAT,Sakon Nakhon,Northeast Khong Basin
1459058,บ้านม้งแปดหลัง,20.378206,99.485651,Thailand,ThaiWater (HII),STN2193,DWR,Chiang Rai,North Khong Basin
558651,Chulabhorn dam,16.535683,101.644386,Thailand,ThaiWater (HII),URCU01,EGAT,Chaiyaphum,Chi Basin Basin
558593,Sawang Dongyen Temple,15.351833,105.37455,Thailand,ThaiWater (HII),PMSD06,EGAT,Ubon Ratchathani,Mun Basin
1459068,บ้านวังวารี,14.859791,102.393737,Thailand,ThaiWater (HII),STN2203,DWR,Nakhon Ratchasima,Mun Basin
501396,บ้านโนนเขวา,16.321607,101.869929,Thailand,ThaiWater (HII),STN1366,DWR,Chaiyaphum,Chi Basin Basin
501400,บ้านใหม่ราษฎร์บำรุง,19.173881,100.071112,Thailand,ThaiWater (HII),STN1370,DWR,Phayao,North Khong Basin
1459125,บ้านดอนไพรวัลย์,18.935058,101.061956,Thailand,ThaiWater (HII),STN2260,DWR,Nan,Nan Basin
501440,บ้านห้วยท่าง,19.222772,100.916784,Thailand,ThaiWater (HII),STN1410,DWR,Nan,Nan Basin
501448,บ้านห้วยหินลับ,16.878488,101.634185,Thailand,ThaiWater (HII),STN1418,DWR,Phetchabun,Chi Basin Basin
501469,บ้านห้วยสะแพด,18.188109,98.701759,Thailand,ThaiWater (HII),STN1440,DWR,Chiang Mai,Ping Basin
501476,บ้านกองซาง,17.734803,98.357131,Thailand,ThaiWater (HII),STN1447,DWR,Chiang Mai,Ping Basin
1483161,Watershed Management and Community Development Unit in the Nam Fa Conservation Forest Area,18.7226,101.1722,Thailand,ThaiWater (HII),MOU401,FOP,Nan,Nan Basin
139,Thaphrik Noensai,12.25512,102.55822,Thailand,ThaiWater (HII),BLKO,HII,Trat,East Coast Gulf Basin
125,Phlio,12.49996,102.14759,Thailand,ThaiWater (HII),BNKN,HII,Chanthaburi,East Coast Gulf Basin
501520,บ้านแม่สิน,17.802291,99.857683,Thailand,ThaiWater (HII),STN1492,DWR,Phrae,Yom Basin
501539,บ้านทุ่งจ้อ,19.149117,98.640288,Thailand,ThaiWater (HII),STN1511,DWR,Chiang Mai,Ping Basin
501547,บ้านแม่หล่วง,18.319025,99.86979,Thailand,ThaiWater (HII),STN1519,DWR,Lampang,Wang Basin
528737,ท่าน้ำสวัสดี,13.73664,100.5096,Thailand,ThaiWater (HII),RF.SPW.01,BMA,Bangkok,Chao Phraya Basin
8268812,National Park Protection Unit No. 7 (Ongthi),14.735226,98.69861,Thailand,ThaiWater (HII),MOU457,HII,Kanchanaburi,Mae Klong Basin
1101039,บ้านกำนัน ตำบลกำพวน,9.37233,98.41892,Thailand,ThaiWater (HII),TH04,DISASTER,Ranong,Peninsula - West Coast Basin
3641,THOEN,17.63661,99.24475,Thailand,ThaiWater (HII),48324,TMD,Lampang,Wang Basin
492364,Bang Rachan Gate,14.92539,100.27912,Thailand,ThaiWater (HII),ATG152,HII,Sing Buri,Chao Phraya Basin
855510,Forest Protection Unit of  Khao Chong Lom,13.157225,101.11463,Thailand,ThaiWater (HII),MOU120,FOP,Chon Buri,East Coast Gulf Basin
516211,Viewpoint 1715,19.174852,101.10615,Thailand,ThaiWater (HII),FOP006,FOP,Nan,Nan Basin
260,Ta Ut,14.66674,104.27321,Thailand,ThaiWater (HII),BTUD,HII,Si Sa Ket,Mun Basin
1601332,Hong Hang Reservoir due to the initiative,18.56854,99.24858,Thailand,ThaiWater (HII),RES010,HII,Lamphun,Ping Basin
305,Chong Sam Mo,16.11598,102.23128,Thailand,ThaiWater (HII),CSMO,HII,Chaiyaphum,Chi Basin Basin
491,Thung Laeng,17.97043,99.7466,Thailand,ThaiWater (HII),TGLG,HII,Phrae,Yom Basin
471584,Khanon Ti Temple,14.288251,100.61132,Thailand,ThaiWater (HII),HDA005,HII,Phra Nakhon Si Ayutthaya,Chao Phraya Basin
888,Mayo,6.71813,101.41406,Thailand,ThaiWater (HII),STH001,HII,Pattani,Peninsula - Lower East Coast Basin
319,Mueang Khon Kaen,16.528994,102.906006,Thailand,ThaiWater (HII),CHI015,HII,Khon Kaen,Chi Basin Basin
11567348,Watershed Management and Community Development Unit in the Khun Mak Conservation Forest Area,16.097857,99.11591,Thailand,ThaiWater (HII),DNP092,FOP,Kamphaeng Phet,Ping Basin
9700802,บริเวณชายหาดเลพัง-อ่าวบางเทา หมู่ที่ 4,8.01189,98.29265,Thailand,ThaiWater (HII),WH31,DISASTER,Phuket,Peninsula - West Coast Basin
1101049,วัดโพธิการาม,15.66891,103.42813,Thailand,ThaiWater (HII),TD85,DISASTER,Roi Et,Mun Basin
1101054,ศาลาเอนกประสงค์ หมู่ 2 (ติดกับโรงเรียนบ้านทุ่งสะแกง),18.70853,99.48497,Thailand,ThaiWater (HII),TE24,DISASTER,Lampang,Wang Basin
1100909,อาคารท่าเรือส่งเสริม,10.44053,99.24879,Thailand,ThaiWater (HII),TH22,DISASTER,Chumphon,Peninsula - Upper East Coast Basin
3747,TRANG AIRPORT,7.51667,99.61667,Thailand,ThaiWater (HII),48567,TMD,Trang,Peninsula - West Coast Basin
1109524,Khlong Thepha Bridge,6.534085,100.963394,Thailand,ThaiWater (HII),ONE035,HII,Songkhla,Thale Sap Songkhla Basin
1119639,บ้านเลขที่ 166 หมู่ 3 บ้านวังโป่ง,17.53215,100.41261,Thailand,ThaiWater (HII),TG03,DISASTER,Uttaradit,Nan Basin
1109533,Khlong Chaiya Bridge,9.398603,99.16833,Thailand,ThaiWater (HII),ONE044,HII,Surat Thani,Peninsula - Upper East Coast Basin
13881,Sai Khu Waterfall,11.24847,99.33681,Thailand,ThaiWater (HII),SWR014,HII,Prachuap Khiri Khan,Phetchaburi - Prachuap Khiri Khan Basin
1476465,Watershed Management and Community Development Unit in the Mae Aab Conservation Forest Area,17.65963,99.12293,Thailand,ThaiWater (HII),MOU328,FOP,Lampang,Wang Basin
855493,Forest Fire Control Unit of  PhuSing Phupha - Phueng Phu Sa Dokbua,15.885841,104.730225,Thailand,ThaiWater (HII),MOU103,FOP,Amnat Charoen,Mun Basin
638,Ping 2,16.78657,99.18398,Thailand,ThaiWater (HII),PIN002,HII,Tak,Ping Basin
1109568,Ban Huai Phai School,12.759098,99.61465,Thailand,ThaiWater (HII),ONE079,HII,Phetchaburi,Phetchaburi - Prachuap Khiri Khan Basin
1121291,Wildlife Sanctuary of Kromluang Chumphon (North),10.90971,99.12433,Thailand,ThaiWater (HII),MOU500,FOP,Chumphon,Peninsula - Upper East Coast Basin
1100904,ศาลาประชุมหมู่บ้าน บ้านทับขอน หมู่ 5,9.79152,98.69954,Thailand,ThaiWater (HII),TB09,DISASTER,Chumphon,Peninsula - Upper East Coast Basin
735,Nikhom Krasiao,14.85733,99.57508,Thailand,ThaiWater (HII),NIKS,HII,Suphan Buri,Tha Chin Basin
1119635,ศาลาเอนกประสงค์บ้านหนองปิง หมู่ 6,16.91044,102.3894,Thailand,ThaiWater (HII),TF59,DISASTER,Nong Bua Lam Phu,Chi Basin Basin
577,Ping 5,15.85051,100.05206,Thailand,ThaiWater (HII),PIN005,HII,Nakhon Sawan,Ping Basin
116,Prasae Communuty,12.716423,101.704124,Thailand,ThaiWater (HII),VLGE26,HII,Rayong,East Coast Gulf Basin
263,Rasi Salai Weir,15.344049,104.09932,Thailand,ThaiWater (HII),WEI112,HII,Si Sa Ket,Mun Basin
858,Songkhla 7,7.079418,100.42788,Thailand,ThaiWater (HII),SLA007,HII,Songkhla,Thale Sap Songkhla Basin
1081066,บ้านบางเตยกลาง,8.464251,98.563849,Thailand,ThaiWater (HII),STN1777,DWR,Phangnga,Peninsula - West Coast Basin
1413,บ้านห้วยหลักลาย,18.985865,101.064727,Thailand,ThaiWater (HII),STN0541,DWR,Nan,Nan Basin
1123884,บ้านท่าเขา,7.158329,99.802767,Thailand,ThaiWater (HII),STN2046,DWR,Trang,Peninsula - West Coast Basin
528768,สนข.คลองสาน,13.73044,100.50947,Thailand,ThaiWater (HII),RF.KSN.01,BMA,Bangkok,Chao Phraya Basin
500138,บ้านหมาก,14.689007,101.198163,Thailand,ThaiWater (HII),STN1374,DWR,Saraburi,Pasak Basin
1123998,บ้านสันติ,6.104922,101.301193,Thailand,ThaiWater (HII),STN2161,DWR,Yala,Peninsula - Lower East Coast Basin
501148,บ้านถ้ำพริก,16.925895,100.706114,Thailand,ThaiWater (HII),STN1107,DWR,Phitsanulok,Nan Basin
1732,บ้านหนองผักบุ้ง,16.250666,101.126808,Thailand,ThaiWater (HII),STN0943,DWR,Phetchabun,Pasak Basin
1316690,บ้านป่าเต็ง,12.584,99.5344,Thailand,ThaiWater (HII),ridtele_TPR.1,RID,Phetchaburi,Phetchaburi - Prachuap Khiri Khan Basin
1316523,วัดเขาแก้วสวรรค์,16.406278,99.349611,Thailand,ThaiWater (HII),ridtele_TP.99,RID,Kamphaeng Phet,Ping Basin
1177,บ้านสามสบ,18.502639,98.462273,Thailand,ThaiWater (HII),STN0417,DWR,Chiang Mai,Ping Basin
1123984,บ้านท่าสองแคว,18.339602,97.918252,Thailand,ThaiWater (HII),STN2147,DWR,Mae Hong Son,Salawin Basin
528751,สนข.ห้วยขวาง,13.77678,100.57906,Thailand,ThaiWater (HII),RF.HKG.01,BMA,Bangkok,Chao Phraya Basin
528767,สนข.ธนบุรี,13.72497,100.48558,Thailand,ThaiWater (HII),RF.TBR.01,BMA,Bangkok,Chao Phraya Basin
528738,สนข.บางรัก,13.73067,100.52382,Thailand,ThaiWater (HII),RF.BRK.01,BMA,Bangkok,Chao Phraya Basin
1935,บ้านสระบัว,8.878598,99.432045,Thailand,ThaiWater (HII),STN0163,DWR,Surat Thani,Peninsula - Upper East Coast Basin
501371,บ้านกุ่มเนิ้งใต้,17.598383,99.338439,Thailand,ThaiWater (HII),STN1341,DWR,Lampang,Yom Basin
1080857,บ้านวัดสวาด,9.026226,99.560952,Thailand,ThaiWater (HII),STN1568,DWR,Surat Thani,Peninsula - Upper East Coast Basin
1573,บ้านแม่แสลป,20.184086,99.707699,Thailand,ThaiWater (HII),STN0183,DWR,Chiang Rai,North Khong Basin
1385,บ้านแม่พวก,17.939392,100.060039,Thailand,ThaiWater (HII),STN1037,DWR,Phrae,Yom Basin
501383,บ้านหัวดอย,19.832616,99.880217,Thailand,ThaiWater (HII),STN1353,DWR,Chiang Rai,North Khong Basin
1459104,บ้านศาลาใหม่,6.283996,102.005133,Thailand,ThaiWater (HII),STN2239,DWR,Narathiwat,Peninsula - Lower East Coast Basin
501184,บ้านดอย,20.131282,100.108672,Thailand,ThaiWater (HII),STN1146,DWR,Chiang Rai,North Khong Basin
1123944,บ้านไสเหรียง,8.844026,99.862604,Thailand,ThaiWater (HII),STN2107,DWR,Nakhon Si Thammarat,Peninsula - Upper East Coast Basin
1390,บ้านแพะดอนมูล,17.74928,99.432498,Thailand,ThaiWater (HII),STN0174,DWR,Phrae,Yom Basin
1266,บ้านนาไคร้,17.602828,98.48199,Thailand,ThaiWater (HII),STN0309,DWR,Chiang Mai,Ping Basin
1174,บ้านห้วยส้มป่อย,18.375283,98.533801,Thailand,ThaiWater (HII),STN0415,DWR,Chiang Mai,Ping Basin
501244,บ้านปันเจน,17.936096,99.582519,Thailand,ThaiWater (HII),STN1210,DWR,Phrae,Yom Basin
1081047,บ้านหินลาด,9.224829,98.384409,Thailand,ThaiWater (HII),STN1758,DWR,Phangnga,Peninsula - West Coast Basin
1393,บ้านแม่แฮด,17.858197,99.53412,Thailand,ThaiWater (HII),STN0175,DWR,Phrae,Yom Basin
1459115,บ้านหาดทราย,6.242861,101.371737,Thailand,ThaiWater (HII),STN2250,DWR,Yala,Peninsula - Lower East Coast Basin
1459116,บ้านวังใหม่,5.957057,101.15661,Thailand,ThaiWater (HII),STN2251,DWR,Yala,Peninsula - Lower East Coast Basin
1097,บ้านตาดรินทอง,16.216026,102.111791,Thailand,ThaiWater (HII),STN0466,DWR,Chaiyaphum,Chi Basin Basin
501156,บ้านอังคาย,18.956732,98.578363,Thailand,ThaiWater (HII),STN1115,DWR,Chiang Mai,Ping Basin
1082,บ้านยุปอีปูน,14.4508,101.744504,Thailand,ThaiWater (HII),STN0552,DWR,Nakhon Ratchasima,Mun Basin
1297,บ้านต้นผึ้ง,18.244817,98.960082,Thailand,ThaiWater (HII),STN0433,DWR,Lamphun,Ping Basin
1968,บ้านหนองตำเสา,10.424422,99.041462,Thailand,ThaiWater (HII),STN0809,DWR,Chumphon,Peninsula - Upper East Coast Basin
1605,บ้านปางตอง,18.843588,98.064295,Thailand,ThaiWater (HII),STN0307,DWR,Mae Hong Son,Salawin Basin
501222,บ้านเค็ม,18.108142,99.789806,Thailand,ThaiWater (HII),STN1188,DWR,Phrae,Yom Basin
2070,บ้านนาวง,7.587054,99.857664,Thailand,ThaiWater (HII),STN0103,DWR,Phatthalung,Thale Sap Songkhla Basin
1080993,บ้านฮูหยงบาโร๊ะ,6.492212,101.416828,Thailand,ThaiWater (HII),STN1704,DWR,Yala,Peninsula - Lower East Coast Basin
2063,บ้านโคกไทร,7.381537,99.956491,Thailand,ThaiWater (HII),STN0511,DWR,Phatthalung,Thale Sap Songkhla Basin
2054,บ้านบางแป้น2,7.624591,99.413768,Thailand,ThaiWater (HII),STN0794,DWR,Trang,Peninsula - West Coast Basin
1123816,บ้านน้ำตกแม่กลาง,18.48915,98.672086,Thailand,ThaiWater (HII),STN1978,DWR,Chiang Mai,Ping Basin
1451,บ้านสว้าเหนือ,19.235265,101.191307,Thailand,ThaiWater (HII),STN0076,DWR,Nan,Nan Basin
1462,บ้านเปียงซ้อ,19.3819,101.186999,Thailand,ThaiWater (HII),STN0540,DWR,Nan,Nan Basin
501322,บ้านห้วยยาง,18.332382,101.108812,Thailand,ThaiWater (HII),STN1289,DWR,Uttaradit,Nan Basin
528809,ส.กรุงเกษม,13.73042,100.51397,Thailand,ThaiWater (HII),RF.BRK.02,BMA,Bangkok,Chao Phraya Basin
528808,ส.แสนแสบ-คลองตัน,13.7411,100.5964,Thailand,ThaiWater (HII),RF.WTN.02,BMA,Bangkok,Chao Phraya Basin
501462,บ้านแม่ฮี้,19.343015,98.449946,Thailand,ThaiWater (HII),STN1433,DWR,Mae Hong Son,Salawin Basin
1080926,บ้านไร่เนิน,12.835438,99.923693,Thailand,ThaiWater (HII),STN1637,DWR,Phetchaburi,Phetchaburi - Prachuap Khiri Khan Basin
528807,ส.สามเสน-ค.แสนแสบ,13.74842,100.5992,Thailand,ThaiWater (HII),RF.HKG.02,BMA,Bangkok,Chao Phraya Basin
1123747,บ้านคลองเจริญ,16.225363,101.568146,Thailand,ThaiWater (HII),STN1909,DWR,Chaiyaphum,Chi Basin Basin
528754,สนข.ลาดพร้าว,13.80353,100.60746,Thailand,ThaiWater (HII),RF.LPW.01,BMA,Bangkok,Chao Phraya Basin
1095668,ปากคลองตลาด,13.74228,100.49454,Thailand,ThaiWater (HII),RF.PNK.03,BMA,Bangkok,Chao Phraya Basin
1643,บ้านต้นงิ้วเหนือ,18.066195,98.129924,Thailand,ThaiWater (HII),STN0636,DWR,Mae Hong Son,Salawin Basin
1123740,บ้านเขาวง,16.650829,101.773081,Thailand,ThaiWater (HII),STN1902,DWR,Khon Kaen,Chi Basin Basin
2033,บ้านต้นปริง,6.902962,100.574471,Thailand,ThaiWater (HII),STN0015,DWR,Songkhla,Thale Sap Songkhla Basin
1671,บ้านเขาน้ำเพชร,16.372171,99.401781,Thailand,ThaiWater (HII),STN0440,DWR,Kamphaeng Phet,Ping Basin
501492,บ้านประตูเมือง,18.809018,97.848674,Thailand,ThaiWater (HII),STN1464,DWR,Mae Hong Son,Salawin Basin
1701,บ้านเจดีย์โคะ,16.554722,98.700333,Thailand,ThaiWater (HII),STN0667,DWR,Tak,Salawin Basin
1703,บ้านขุนห้วยแม่สอด,16.716892,98.663356,Thailand,ThaiWater (HII),STN0663,DWR,Tak,Salawin Basin
1705,บ้านเสรีราษฎร์,16.496865,98.747141,Thailand,ThaiWater (HII),STN0925,DWR,Tak,Salawin Basin
528786,จุดวัดบึงมักกะสัน,13.75665,100.54839,Thailand,ThaiWater (HII),RF.RTW.03,BMA,Bangkok,Chao Phraya Basin
1789,บ้านโป่งช้าง,14.659865,99.372097,Thailand,ThaiWater (HII),STN1008,DWR,Kanchanaburi,Mae Klong Basin
1120550,National Park Protection Unit of Ko Po 7 (Khuan Pra),7.675854,99.772644,Thailand,ThaiWater (HII),MOU219,FOP,Trang,Peninsula - West Coast Basin
492342,Upper Baromthat Gate,15.15816,100.15352,Thailand,ThaiWater (HII),ATG031,HII,Chai Nat,Chao Phraya Basin
740736,Khlong Wang Khian Bridge,7.954553,99.896324,Thailand,ThaiWater (HII),FOP035,FOP,Nakhon Si Thammarat,Peninsula - Upper East Coast Basin
18,Laem Fa Pha,13.54701,100.53756,Thailand,ThaiWater (HII),PPCH,HII,Samut Prakan,Chao Phraya Basin
1101198,วัดพระธาตุจอมมอญบ้านพะมะลอ,18.18664,97.92074,Thailand,ThaiWater (HII),FA03,DISASTER,Mae Hong Son,Salawin Basin
831,Pak Nam,9.94654,98.5952,Thailand,ThaiWater (HII),HNCG,HII,Ranong,Peninsula - West Coast Basin
1121269,National Park Protection Unit of Kol Ko 3 (Khao Phlu),12.4193,102.744,Thailand,ThaiWater (HII),MOU475,FOP,Trat,East Coast Gulf Basin
587,Sakae Krang 7,15.7832,99.65321,Thailand,ThaiWater (HII),SKG007,HII,Nakhon Sawan,Sakae Krang Basin
492343,Baromthat Gate,15.15785,100.15282,Thailand,ThaiWater (HII),ATG032,HII,Chai Nat,Chao Phraya Basin
855478,Watershed Management and Community Development Unit in the Nam Som Conservation Forest Area,17.928358,102.06969,Thailand,ThaiWater (HII),MOU088,FOP,Udon Thani,Northeast Khong Basin
11648255,Huai Mae Tha Phae,17.43854,99.6882,Thailand,ThaiWater (HII),SKT001,HII,Sukhothai,Yom Basin
1101061,ศาลาเอนกประสงค์ ม.5,18.32295,99.85181,Thailand,ThaiWater (HII),TE14,DISASTER,Lampang,Wang Basin
1101096,บ้านทุ่งมะกอก หมู่ 1 หน้าสถานีอนามัย,14.83935,99.32737,Thailand,ThaiWater (HII),TF22,DISASTER,Suphan Buri,Mae Klong Basin
1119592,ที่ทำการผู้ใหญ่บ้าน หมู่ 1,7.587947,99.856587,Thailand,ThaiWater (HII),TD30,DISASTER,Phatthalung,Thale Sap Songkhla Basin
520,Dong Pha Poon Temple Communuty,19.07307,101.19879,Thailand,ThaiWater (HII),VLGE19,HII,Nan,Nan Basin
1121200,Watershed Management and Community Development Unit in the Doi Pha Mon Conservation Forest Area,19.470303,100.48696,Thailand,ThaiWater (HII),MOU174,FOP,Phayao,North Khong Basin
855515,Forest Protection Unit of Hin Ruea,10.7458,98.947365,Thailand,ThaiWater (HII),MOU125,FOP,Chumphon,Peninsula - Upper East Coast Basin
13883,Ban Nai Lok,11.18113,99.35563,Thailand,ThaiWater (HII),SWR016,HII,Prachuap Khiri Khan,Phetchaburi - Prachuap Khiri Khan Basin
1121244,Watershed Management and Community Development Unit in Huai Phueng Conservation Forest Area,17.7877,100.66,Thailand,ThaiWater (HII),MOU387,FOP,Uttaradit,Nan Basin
3719,LAEM CHABANG,13.07803,100.87389,Thailand,ThaiWater (HII),48463,TMD,Chon Buri,Not specify
516209,Phana Sawan School,19.1798,101.04178,Thailand,ThaiWater (HII),FOP004,FOP,Nan,Nan Basin
638734,Khlong Mae Ramphan 1,17.050436,99.664345,Thailand,ThaiWater (HII),MOU074,FOP,Sukhothai,Yom Basin
740740,Tha Samphao Bridge,7.729605,100.10799,Thailand,ThaiWater (HII),FOP039,FOP,Phatthalung,Thale Sap Songkhla Basin
1119593,วัดบ้านนา,7.56261,99.91366,Thailand,ThaiWater (HII),TD32,DISASTER,Phatthalung,Thale Sap Songkhla Basin
1556827,Watershed Management and Community Development Unit in Mae Salong Conservation Forest Area,20.149406,99.675995,Thailand,ThaiWater (HII),MOU178,FOP,Chiang Rai,North Khong Basin
480,Ban Khok,18.02097,101.06478,Thailand,ThaiWater (HII),BNKK,HII,Uttaradit,Nan Basin
1109563,Nikhom Pracha San Temple,11.93596,99.71081,Thailand,ThaiWater (HII),ONE074,HII,Prachuap Khiri Khan,Phetchaburi - Prachuap Khiri Khan Basin
1101152,โรงเรียนต้นขนุน หมู่ 3,17.628061,100.718083,Thailand,ThaiWater (HII),TF97,DISASTER,Uttaradit,Nan Basin
1100947,ที่ทำการชุมชนบ้านปากน้ำ หมู่ 8,9.229895,99.85684,Thailand,ThaiWater (HII),TH24,DISASTER,Nakhon Si Thammarat,Peninsula - Upper East Coast Basin
3660,SUKHOTHAI*,17.10611,99.8,Thailand,ThaiWater (HII),48372,TMD,Sukhothai,Yom Basin
12481,La-ngu,6.885757,99.804344,Thailand,ThaiWater (HII),STU002,HII,Satun,Peninsula - West Coast Basin
1132568,Ban Teebokee Community Public Health Service Center,17.5003,98.2624,Thailand,ThaiWater (HII),ONE109,HII,Tak,Salawin Basin
11567313,Watershed Management and Community Development Unit in the Lak Lai Conservation Forest Area,19.00181,101.06538,Thailand,ThaiWater (HII),DNP057,FOP,Nan,Nan Basin
8268799,Watershed Management and Community Development Unit in the Phuket-Takua Pa Island Conservation Forest Area,8.7855,98.517,Thailand,ThaiWater (HII),MOU432,HII,Phangnga,Peninsula - West Coast Basin
8268768,Mae Klong Watershed Research Station,14.576,98.8406,Thailand,ThaiWater (HII),MOU234,HII,Kanchanaburi,Mae Klong Basin
9930666,Sop Huai Pha Tang-Nalao Forest Protection Unit,19.41391,98.91527,Thailand,ThaiWater (HII),CHD003,HII,Chiang Mai,Ping Basin
8270451,National Park Protection Unit No. 3 (Ban Nam Rap),7.58009,99.78888,Thailand,ThaiWater (HII),MOU504,FOP,Trang,Peninsula - West Coast Basin
293,Tum Communuty,15.41897,104.34192,Thailand,ThaiWater (HII),VLGE14,HII,Yasothon,Chi Basin Basin
1316779,สำนักงานประปา  อบต.ท่ากระดาน สาขาแก่งแคบ,14.365097,99.154023,Thailand,ThaiWater (HII),ridtele_TK.81,RID,Kanchanaburi,Mae Klong Basin
855484,National Park Protection Unit of Lo Yo (Wang Kwang),16.886986,101.78821,Thailand,ThaiWater (HII),MOU094,FOP,Loei,Chi Basin Basin
1316763,วัดหนองไม้เอื้อย,14.547573,99.462599,Thailand,ThaiWater (HII),ridtele_TK.69,RID,Kanchanaburi,Mae Klong Basin
1316762,ห้วยลำอีซู,14.542453,99.378211,Thailand,ThaiWater (HII),ridtele_TK.64,RID,Kanchanaburi,Mae Klong Basin
1316761,ฝายทดน้ำลำเหย,14.4678,99.4973,Thailand,ThaiWater (HII),ridtele_TK.65,RID,Kanchanaburi,Mae Klong Basin
1868,บ้านหน้าเหมน,8.32446,99.636249,Thailand,ThaiWater (HII),STN1019,DWR,Nakhon Si Thammarat,Peninsula - Upper East Coast Basin
501202,บ้านสวนปอ,17.058641,101.66052,Thailand,ThaiWater (HII),STN1165,DWR,Loei,Northeast Khong Basin
501203,บ้านห้วยลาด,17.448555,101.417844,Thailand,ThaiWater (HII),STN1166,DWR,Loei,Northeast Khong Basin
1316735,บ้านด่านช้าง,14.8197,99.6941,Thailand,ThaiWater (HII),ridtele_TTC14,RID,Suphan Buri,Tha Chin Basin
1316723,ปตร.ท่าโบสถ์,15.05395,100.01206,Thailand,ThaiWater (HII),ridtele_TTC02,RID,Chai Nat,Tha Chin Basin
1316722,ปตร.พลเทพ,15.215885,100.073047,Thailand,ThaiWater (HII),ridtele_TTC01,RID,Chai Nat,Chao Phraya Basin
1316712,เขื่อนแก่งกระจาน (ท้ายน้ำ),12.909761,99.641615,Thailand,ThaiWater (HII),ridtele_TPB08,RID,Phetchaburi,Phetchaburi - Prachuap Khiri Khan Basin
1316702,อ่างเก็บน้ำยางชุม,12.084924,99.683435,Thailand,ThaiWater (HII),ridtele_TPR.13,RID,Prachuap Khiri Khan,Phetchaburi - Prachuap Khiri Khan Basin
1317154,สถานีบ้านมอเก็ต,8.701588,99.267252,Thailand,ThaiWater (HII),ridtele_TTP24,RID,Surat Thani,Peninsula - Upper East Coast Basin
501214,บ้านกิ่วลม,18.138879,98.369169,Thailand,ThaiWater (HII),STN1180,DWR,Chiang Mai,Salawin Basin
501215,บ้านกกเต็น,14.944708,99.594671,Thailand,ThaiWater (HII),STN1181,DWR,Suphan Buri,Tha Chin Basin
828,Tapi 7,9.206472,98.95253,Thailand,ThaiWater (HII),TPI007,HII,Surat Thani,Peninsula - Upper East Coast Basin
1317157,สถานีบ้านทุ่งกรวด,8.351444,99.274722,Thailand,ThaiWater (HII),ridtele_TTP27,RID,Surat Thani,Peninsula - Upper East Coast Basin
1317158,สถานีวัดบางเงิน,8.554306,98.908611,Thailand,ThaiWater (HII),ridtele_TTP28,RID,Krabi,Peninsula - Upper East Coast Basin
1316642,บ้านไร่ป่า,12.287519,102.524556,Thailand,ThaiWater (HII),ridtele_TTR.04,RID,Trat,East Coast Gulf Basin
1317186,โรงเรียนบ้านปะลุกา,6.180447,102.080157,Thailand,ThaiWater (HII),ridtele_Tkol.2(TX.358),RID,Narathiwat,Peninsula - Lower East Coast Basin
1316640,ชลประทานตราด,12.243311,102.506553,Thailand,ThaiWater (HII),ridtele_TTR.02,RID,Trat,East Coast Gulf Basin
1316639,ชลประทานวังกระแจะ,12.250492,102.530206,Thailand,ThaiWater (HII),ridtele_TTR.01,RID,Trat,East Coast Gulf Basin
1316521,อุทยานแห่งชาติคลองวังเจ้า,16.505556,99.169833,Thailand,ThaiWater (HII),ridtele_TP.97,RID,Kamphaeng Phet,Ping Basin
501238,บ้านน้ำดั้น,19.187081,101.076902,Thailand,ThaiWater (HII),STN1204,DWR,Nan,Nan Basin
792,Nakhon Si Thammarat 2,8.089498,100.12784,Thailand,ThaiWater (HII),NKO002,HII,Nakhon Si Thammarat,Peninsula - Upper East Coast Basin
1080912,บ้านต้นกอ,8.143581,99.803812,Thailand,ThaiWater (HII),STN1623,DWR,Nakhon Si Thammarat,Peninsula - Upper East Coast Basin
1269,บ้านมูเซอ,17.568899,98.522465,Thailand,ThaiWater (HII),STN0310,DWR,Chiang Mai,Ping Basin
1283,บ้านขุนป๋วย,18.603013,98.607522,Thailand,ThaiWater (HII),STN0520,DWR,Chiang Mai,Ping Basin
1292,บ้านใหม่ดอนแก้ว,18.717189,99.301806,Thailand,ThaiWater (HII),STN0590,DWR,Chiang Mai,Ping Basin
1241206,Doi Pha Chi Watershed Conservation Development Study Unit,19.0905,100.4088,Thailand,ThaiWater (HII),MOU369,FOP,Phayao,Yom Basin
1317230,บ้านท่าสองแคว,18.339649,97.918308,Thailand,ThaiWater (HII),ridtele_TSW.09,RID,Mae Hong Son,Salawin Basin
1320,บ้านสันโป่ง,18.076908,99.152528,Thailand,ThaiWater (HII),STN0879,DWR,Lampang,Wang Basin
1770,บ้านลำทหาร,13.921088,99.238976,Thailand,ThaiWater (HII),STN1005,DWR,Kanchanaburi,Mae Klong Basin
501262,บ้านลำโชค,17.449635,99.608639,Thailand,ThaiWater (HII),STN1229,DWR,Sukhothai,Yom Basin
1317231,บ้านพะมอลอ,18.178425,97.924056,Thailand,ThaiWater (HII),ridtele_TSW.10,RID,Mae Hong Son,Salawin Basin
13888,Tapan,8.86669,99.14691,Thailand,ThaiWater (HII),SWR021,HII,Surat Thani,Peninsula - Upper East Coast Basin
501271,บ้านหนองปล้อง,15.528482,101.337781,Thailand,ThaiWater (HII),STN1238,DWR,Lop Buri,Pasak Basin
13886,Ban Chang Chuea School,8.74471,98.48924,Thailand,ThaiWater (HII),SWR019,HII,Phangnga,Peninsula - West Coast Basin
1556910,Watershed Management and Community Development Unit in the Khun Wang Chao Conservation Forest Area,16.502794,99.16898,Thailand,ThaiWater (HII),MOU306,FOP,Kamphaeng Phet,Ping Basin
1381,บ้านโคนป่าหิน,17.991983,99.862855,Thailand,ThaiWater (HII),STN0262,DWR,Phrae,Yom Basin
1123946,บ้านแชงเปิง,7.918586,99.186344,Thailand,ThaiWater (HII),STN2109,DWR,Krabi,Peninsula - West Coast Basin
700588,บ้านลุ่มสุ่ม (K.10),14.09336,99.17583,Thailand,ThaiWater (HII),MKVKD05,EGAT,Kanchanaburi,Mae Klong Basin
1388,บ้านป่าเลา,18.636704,100.239103,Thailand,ThaiWater (HII),STN0546,DWR,Phrae,Yom Basin
700585,บ้านหินดาด,14.59539,98.72946,Thailand,ThaiWater (HII),MKVKD02,EGAT,Kanchanaburi,Mae Klong Basin
1929,บ้านบางลึก,8.658503,98.695234,Thailand,ThaiWater (HII),STN1050,DWR,Surat Thani,Peninsula - Upper East Coast Basin
1123938,บ้านบางจันสี,8.019672,99.483724,Thailand,ThaiWater (HII),STN2101,DWR,Nakhon Si Thammarat,Peninsula - West Coast Basin
501296,บ้านยางโองนอก,17.15904,99.148994,Thailand,ThaiWater (HII),STN1263,DWR,Tak,Wang Basin
1392063,Kaeng Khoi Non-Hunting Area Office,14.5439,101.0983,Thailand,ThaiWater (HII),MOU427,FOP,Saraburi,Pasak Basin
1123932,บ้านวังหีบ,8.194613,99.657666,Thailand,ThaiWater (HII),STN2095,DWR,Nakhon Si Thammarat,Peninsula - West Coast Basin
1123920,บ้านป่าซางบุนนาก,20.063776,100.130582,Thailand,ThaiWater (HII),STN2083,DWR,Chiang Rai,North Khong Basin
1123909,บ้านท่าไม้แดง,9.419161,99.021123,Thailand,ThaiWater (HII),STN2072,DWR,Surat Thani,Peninsula - Upper East Coast Basin
1123881,บ้านป่าเผือก,17.617319,100.050064,Thailand,ThaiWater (HII),STN2043,DWR,Uttaradit,Nan Basin
1123877,บ้านนากล่ำ,17.580185,100.488935,Thailand,ThaiWater (HII),STN2039,DWR,Uttaradit,Nan Basin
501312,บ้านหนองชะลาบ,17.001791,99.101539,Thailand,ThaiWater (HII),STN1279,DWR,Tak,Ping Basin
1425,บ้านฮากฮาน,18.661424,100.481535,Thailand,ThaiWater (HII),STN0378,DWR,Nan,Nan Basin
1454,บ้านถ้ำเวียงแก,19.310209,100.751267,Thailand,ThaiWater (HII),STN0715,DWR,Nan,Nan Basin
1123783,บ้านวังไทร,9.044243,99.542865,Thailand,ThaiWater (HII),STN1945,DWR,Surat Thani,Peninsula - Upper East Coast Basin
1123764,ชุมชนหน้าไฟฟ้า-บ้านกลาง,7.68574,99.596415,Thailand,ThaiWater (HII),STN1926,DWR,Trang,Peninsula - West Coast Basin
1123758,บ้านคีรีวง,7.112939,99.79826,Thailand,ThaiWater (HII),STN1920,DWR,Satun,Peninsula - West Coast Basin
1123664,บ้านห้วยไก่ป่า,18.513485,97.898379,Thailand,ThaiWater (HII),STN1826,DWR,Mae Hong Son,Salawin Basin
1520,บ้านดอนงาม,20.12738,100.188961,Thailand,ThaiWater (HII),STN0866,DWR,Chiang Rai,North Khong Basin
501344,บ้านนาเคียน,18.628265,100.805084,Thailand,ThaiWater (HII),STN1314,DWR,Nan,Nan Basin
1121247,Phu Soidao National Park,17.6966,100.947,Thailand,ThaiWater (HII),MOU394,FOP,Phitsanulok,Nan Basin
1422365,สะพานพุมดวง (วัดตาขุน) อ.บ้านตาขุน,8.915783,98.885678,Thailand,ThaiWater (HII),RPBD05,EGAT,Surat Thani,Peninsula - Upper East Coast Basin
1121246,Watershed Management and Community Development Unit in Khun Nam Pat Conservation Forest Area,18.079493,101.143715,Thailand,ThaiWater (HII),MOU390,FOP,Uttaradit,Nan Basin
598414,ส.คลองมอญ,13.74714,100.48531,Thailand,ThaiWater (HII),RF.BKN.02,BMA,Bangkok,Chao Phraya Basin
1422367,สะพานสิริกฤตานุกุล์ (บ้านท่านหญิง)อ.วิภาวดี,9.24312,98.919251,Thailand,ThaiWater (HII),RPBD07,EGAT,Surat Thani,Peninsula - Upper East Coast Basin
562802,อาคารสูบน้ำดิบ กปภ. อ.ยะหา จ.ยะลา,6.47481,101.139521,Thailand,ThaiWater (HII),BLGTD04,EGAT,Yala,Peninsula - Lower East Coast Basin
1555,บ้านขุนลาว,19.089218,99.372806,Thailand,ThaiWater (HII),STN0312,DWR,Chiang Rai,North Khong Basin
1422368,สะพานบ้านปากคู่(วัดนิลาราม)อ.คีรีรัฐนิคม ท. 220903,9.068123,98.98318,Thailand,ThaiWater (HII),RPBD08,EGAT,Surat Thani,Peninsula - Upper East Coast Basin
1422369,สะพานท่าผาก อ.พุนพิน จ.สุราษฎร์ธานี,9.063301,99.093328,Thailand,ThaiWater (HII),RPBD09,EGAT,Surat Thani,Peninsula - Upper East Coast Basin
501362,บ้านปางกุ่ม,17.707512,99.366176,Thailand,ThaiWater (HII),STN1332,DWR,Lampang,Wang Basin
562796,สะพานบ้าน กม.29 อ.เบตง จ.ยะลา,5.920578,101.182086,Thailand,ThaiWater (HII),BLGTU02,EGAT,Yala,Peninsula - Lower East Coast Basin
1121204,Tham Luang Khunnam Nang Non,20.381289,99.86746,Thailand,ThaiWater (HII),MOU189,FOP,Chiang Rai,North Khong Basin
501369,บ้านสันป่าสัก,19.102662,99.828468,Thailand,ThaiWater (HII),STN1339,DWR,Phayao,North Khong Basin
1422373,สะพานบ้างอ้อ อ.พุนพิน,9.074279,99.217619,Thailand,ThaiWater (HII),RPBD13,EGAT,Surat Thani,Peninsula - Upper East Coast Basin
1800,บ้านหนองไม้แก่น,11.835845,99.709649,Thailand,ThaiWater (HII),STN0095,DWR,Prachuap Khiri Khan,Phetchaburi - Prachuap Khiri Khan Basin
1120563,Khao Pra Forest Protection Unit (Phaendin Samoe),7.99341,99.26644,Thailand,ThaiWater (HII),MOU506,FOP,Krabi,Peninsula - West Coast Basin
1803,บ้านหุบผึ้ง,11.726092,99.660393,Thailand,ThaiWater (HII),STN0566,DWR,Prachuap Khiri Khan,Phetchaburi - Prachuap Khiri Khan Basin
501382,บ้านดงสะคร่าน,16.730264,101.793881,Thailand,ThaiWater (HII),STN1352,DWR,Khon Kaen,Chi Basin Basin
1459079,บ้านยางงาม (บ้านทุ่งปราบ),7.160262,100.376721,Thailand,ThaiWater (HII),STN2214,DWR,Songkhla,Thale Sap Songkhla Basin
1081025,บ้านคลองราง,9.897285,98.863869,Thailand,ThaiWater (HII),STN1736,DWR,Chumphon,Peninsula - Upper East Coast Basin
1081032,บ้านกอไพล,9.280808,99.042184,Thailand,ThaiWater (HII),STN1743,DWR,Surat Thani,Peninsula - Upper East Coast Basin
1459107,บ้านแบรอกูวง,6.844561,101.265785,Thailand,ThaiWater (HII),STN2242,DWR,Pattani,Peninsula - Lower East Coast Basin
1081040,บ้านไอร์กลูแป,6.286859,101.479381,Thailand,ThaiWater (HII),STN1751,DWR,Narathiwat,Peninsula - Lower East Coast Basin
528861,จุดวัด ค.ทวีฯ-ค.บางเชือกหนัง,13.75037,100.35351,Thailand,ThaiWater (HII),RF.TWW.04,BMA,Bangkok,Chao Phraya Basin
502739,บ้านมอเสือดุ,16.557149,99.364643,Thailand,ThaiWater (HII),STN1167,DWR,Kamphaeng Phet,Ping Basin
528860,จุดวัด ค.บางเชือกหนัง-วัดปากน้ำฝั่งใต้,13.74357,100.45954,Thailand,ThaiWater (HII),RF.PSC.05,BMA,Bangkok,Chao Phraya Basin
1081043,บ้านไอร์เจี๊ยะ,6.207125,101.538691,Thailand,ThaiWater (HII),STN1754,DWR,Narathiwat,Peninsula - Lower East Coast Basin
501410,บ้านหัวนา,17.489319,100.996,Thailand,ThaiWater (HII),STN1380,DWR,Loei,Northeast Khong Basin
1081053,บ้านทุ่ง,9.522996,100.056885,Thailand,ThaiWater (HII),STN1764,DWR,Surat Thani,Peninsula - Upper East Coast Basin
3538,อ.ตระการพืชผล,15.61492,105.01614,Thailand,ThaiWater (HII),PMTS11,EGAT,Ubon Ratchathani,Mun Basin
486,Thong Saen Khan,17.46789,100.33244,Thailand,ThaiWater (HII),TGSK,HII,Uttaradit,Nan Basin
1459121,บ้านพรุ,6.549671,101.486627,Thailand,ThaiWater (HII),STN2256,DWR,Yala,Peninsula - Lower East Coast Basin
501566,บ้านศรีดอนไชย,18.000687,99.772636,Thailand,ThaiWater (HII),STN1539,DWR,Phrae,Yom Basin
3534,ลำโดมใหญ่ อ.นาจะหลวย,14.52168,105.23641,Thailand,ThaiWater (HII),PMTS8,EGAT,Ubon Ratchathani,Mun Basin
3529,แม่น้ำมูล อ.ราษีไศล (M.5),15.33716,104.15292,Thailand,ThaiWater (HII),PMTS2,EGAT,Si Sa Ket,Mun Basin
1459139,บ้านลุ่มแร่,9.443971,99.02179,Thailand,ThaiWater (HII),STN2274,DWR,Surat Thani,Peninsula - Upper East Coast Basin
528828,ปตร.คลองอรชร,13.74807,100.53618,Thailand,ThaiWater (HII),RF.PTW.02,BMA,Bangkok,Chao Phraya Basin
1598,บ้านแม่สุยะ,19.524448,98.092702,Thailand,ThaiWater (HII),STN0631,DWR,Mae Hong Son,Salawin Basin
1612,บ้านแพมบก,19.323447,98.394353,Thailand,ThaiWater (HII),STN0426,DWR,Mae Hong Son,Salawin Basin
1809,บ้านยุบหวาย,11.571058,99.627909,Thailand,ThaiWater (HII),STN0482,DWR,Prachuap Khiri Khan,Phetchaburi - Prachuap Khiri Khan Basin
1618,บ้านแม่ต๊อบเหนือ,18.268933,97.893112,Thailand,ThaiWater (HII),STN0528,DWR,Mae Hong Son,Salawin Basin
1113297,อ.นาหมื่น,18.17219,100.507054,Thailand,ThaiWater (HII),SKU09,EGAT,Nan,Nan Basin
1113290,อ.ท่าวังผา (N.64),19.015332,100.780161,Thailand,ThaiWater (HII),SKU02,EGAT,Nan,Nan Basin
2052,บ้านเขาหลัก,7.7245,99.729732,Thailand,ThaiWater (HII),STN0508,DWR,Trang,Peninsula - West Coast Basin
501452,บ้านวังขอน,16.969831,101.296118,Thailand,ThaiWater (HII),STN1423,DWR,Phetchabun,Pasak Basin
528812,ส.คลองสาทร,13.71839,100.51496,Thailand,ThaiWater (HII),RF.STN.02,BMA,Bangkok,Chao Phraya Basin
1113284,อ.น้ำปาด (N.33),17.718473,100.577058,Thailand,ThaiWater (HII),SKD06,EGAT,Uttaradit,Nan Basin
1113283,อ.ฟากท่า,18.001448,100.884737,Thailand,ThaiWater (HII),SKD05,EGAT,Uttaradit,Nan Basin
2047,บ้านลิพัง,7.163563,99.78844,Thailand,ThaiWater (HII),STN1016,DWR,Trang,Peninsula - West Coast Basin
1113279,ท้ายเขื่อนสิริกิติ์,17.739474,100.548813,Thailand,ThaiWater (HII),SKD01,EGAT,Uttaradit,Nan Basin
501463,บ้านท่าเดื่อ,14.872319,99.568946,Thailand,ThaiWater (HII),STN1434,DWR,Suphan Buri,Tha Chin Basin
501467,บ้านแม่มุ,18.727767,98.400738,Thailand,ThaiWater (HII),STN1438,DWR,Chiang Mai,Ping Basin
1095455,Trang Phatthana Bridge,9.85488,98.8401,Thailand,ThaiWater (HII),PATO01,HII,Chumphon,Peninsula - Upper East Coast Basin
501477,บ้านตีนตก,18.066294,98.490107,Thailand,ThaiWater (HII),STN1448,DWR,Chiang Mai,Ping Basin
1672,บ้านสันติสุข,16.44708,99.426899,Thailand,ThaiWater (HII),STN0003,DWR,Kamphaeng Phet,Ping Basin
1831,บ้านเหนือคลองระแนะ,8.589913,99.621682,Thailand,ThaiWater (HII),STN0751,DWR,Nakhon Si Thammarat,Peninsula - Upper East Coast Basin
1317086,สถานีบ้านลำปำ,7.63292,100.153,Thailand,ThaiWater (HII),ridtele_TSL04,RID,Phatthalung,Thale Sap Songkhla Basin
1673,บ้านรวงผึ้งพัฒนา,16.197635,99.291834,Thailand,ThaiWater (HII),STN0670,DWR,Kamphaeng Phet,Ping Basin
2004,บ้านฉานเรน,10.078148,98.963895,Thailand,ThaiWater (HII),STN0494,DWR,Chumphon,Peninsula - Upper East Coast Basin
501494,บ้านเทพประทับ,18.016101,102.154062,Thailand,ThaiWater (HII),STN1466,DWR,Nong Khai,Northeast Khong Basin
528789,ศูนย์ฯ (ดินแดง),13.76902,100.55452,Thailand,ThaiWater (HII),RF.DDG.02,BMA,Bangkok,Chao Phraya Basin
1715,บ้านแม่เทินเหนือ,17.758944,99.786703,Thailand,ThaiWater (HII),STN0904,DWR,Sukhothai,Yom Basin
501576,บ้านห้วยโป้,17.728371,99.714987,Thailand,ThaiWater (HII),STN1550,DWR,Sukhothai,Yom Basin
1512928,Mae Na Ruea Reservoir,19.09579,99.80992,Thailand,ThaiWater (HII),RES002,HII,Phayao,Not specify
501510,บ้านเหวปลากั้ง,14.55014,101.313189,Thailand,ThaiWater (HII),STN1482,DWR,Nakhon Ratchasima,Mun Basin
1720,บ้านเชิงผา,17.318611,99.511072,Thailand,ThaiWater (HII),STN0099,DWR,Sukhothai,Yom Basin
134,Trat 4,12.238111,102.50981,Thailand,ThaiWater (HII),TRD004,HII,Trat,East Coast Gulf Basin
528739,สนข.สาทร,13.70821,100.52641,Thailand,ThaiWater (HII),RF.STN.01,BMA,Bangkok,Chao Phraya Basin
1108707,Mae Nam Noi,14.498449,100.36825,Thailand,ThaiWater (HII),TCP013,HII,Phra Nakhon Si Ayutthaya,Chao Phraya Basin
501521,บ้านแม่กระต๋อม,17.789991,99.478629,Thailand,ThaiWater (HII),STN1493,DWR,Phrae,Yom Basin
1969,บ้านทุ่งกระทิงทอง,10.72499,99.135152,Thailand,ThaiWater (HII),STN0006,DWR,Chumphon,Peninsula - Upper East Coast Basin
1960,บ้านหินขาว,9.644632,98.614696,Thailand,ThaiWater (HII),STN0484,DWR,Ranong,Peninsula - West Coast Basin
1956,บ้านน้ำตก,10.085445,98.669169,Thailand,ThaiWater (HII),STN0074,DWR,Ranong,Peninsula - West Coast Basin
1857,บ้านควนหินราว,8.024518,99.453365,Thailand,ThaiWater (HII),STN0816,DWR,Nakhon Si Thammarat,Peninsula - West Coast Basin
1317026,ประตูระบายน้ำสามแก้ว,10.520002,99.183231,Thailand,ThaiWater (HII),ridtele_TSN10,RID,Chumphon,Peninsula - Upper East Coast Basin
920,Ra  Ngae,6.29462,101.72369,Thailand,ThaiWater (HII),STH005,HII,Narathiwat,Peninsula - Lower East Coast Basin
1023,บ้านโป่งก้อนเส้า,14.491639,101.135569,Thailand,ThaiWater (HII),STN0275,DWR,Saraburi,Pasak Basin
1316998,บ้านวังปราง,8.025506,99.631517,Thailand,ThaiWater (HII),ridtele_TTr3,RID,Nakhon Si Thammarat,Peninsula - West Coast Basin
1317061,ปตร.บางนราตอนบน,6.41331,101.83414,Thailand,ThaiWater (HII),ridtele_BNR.01,RID,Narathiwat,Peninsula - Lower East Coast Basin
1080851,บ้านต้นมะพร้าว,9.01454,99.048585,Thailand,ThaiWater (HII),STN1562,DWR,Surat Thani,Peninsula - Upper East Coast Basin
501134,บ้านนาหนอง,17.085292,100.762342,Thailand,ThaiWater (HII),STN1093,DWR,Phitsanulok,Nan Basin
501133,บ้านห้วยน้ำอุ่น,17.411336,100.52123,Thailand,ThaiWater (HII),STN1092,DWR,Uttaradit,Nan Basin
501130,บ้านนาทุ่งเชือก,15.160483,99.544922,Thailand,ThaiWater (HII),STN1089,DWR,Uthai Thani,Tha Chin Basin
1317084,สถานีโรงสูบน้ำระโนด,7.793278,100.257958,Thailand,ThaiWater (HII),ridtele_TSL02,RID,Songkhla,Thale Sap Songkhla Basin
1080864,บ้านชโลดมพัฒนา,8.8904,99.327238,Thailand,ThaiWater (HII),STN1575,DWR,Surat Thani,Peninsula - Upper East Coast Basin
1080865,บ้านเบญจา,8.764658,98.760921,Thailand,ThaiWater (HII),STN1576,DWR,Surat Thani,Peninsula - Upper East Coast Basin
501187,บ้านน้ำจวง,17.438261,100.674917,Thailand,ThaiWater (HII),STN1149,DWR,Phitsanulok,Nan Basin
1316900,กุดน้ำใส,16.73133,102.77117,Thailand,ThaiWater (HII),ridtele_TE.120,RID,Khon Kaen,Chi Basin Basin
500143,บ้านทุ่งรวงทอง,18.338042,97.920476,Thailand,ThaiWater (HII),STN1467,DWR,Mae Hong Son,Salawin Basin
1118524,โรงพยาบาลส่งเสริมสุขภาพตำบล ท่ามะเกว๋น หมู่ 3,17.67808,99.30872,Thailand,ThaiWater (HII),TE03,DISASTER,Lampang,Wang Basin
1100996,โรงพยาบาลส่งเสริมสุขภาพตำบลรูสะมิแล หมู่ 1,6.87448,101.22504,Thailand,ThaiWater (HII),TH39,DISASTER,Pattani,Peninsula - Lower East Coast Basin
1119630,ศูนย์การเรียนรู้ชุมชน,18.099193,102.148331,Thailand,ThaiWater (HII),NT04,DISASTER,Nong Khai,Northeast Khong Basin
3679,CHAINAT AGROMET.,15.15,100.18333,Thailand,ThaiWater (HII),48402,TMD,Chai Nat,Chao Phraya Basin
140,Mai Rut,11.92743,102.77907,Thailand,ThaiWater (HII),HTTM,HII,Trat,East Coast Gulf Basin
678,Mueang Phichit,16.43317,100.33195,Thailand,ThaiWater (HII),WTLG,HII,Phichit,Nan Basin
855527,Thale Ban National Parks,6.709046,100.16905,Thailand,ThaiWater (HII),MOU137,FOP,Satun,Peninsula - West Coast Basin
13879,Ban Khlong Phloen,11.32008,99.39444,Thailand,ThaiWater (HII),SWR012,HII,Prachuap Khiri Khan,Phetchaburi - Prachuap Khiri Khan Basin
492356,Maharaj Gate,15.16144,100.17268,Thailand,ThaiWater (HII),ATG112,HII,Chai Nat,Chao Phraya Basin
1109571,Bang Niao Dam Reservoir,7.969065,98.33385,Thailand,ThaiWater (HII),ONE082,HII,Phuket,Peninsula - West Coast Basin
137,Trat 1,12.325195,102.5005,Thailand,ThaiWater (HII),TRD001,HII,Trat,East Coast Gulf Basin
740750,Pi Ya Mit 3,5.934258,101.10874,Thailand,ThaiWater (HII),FOP049,FOP,Yala,Peninsula - Lower East Coast Basin
492355,Upper Maharaj Gate,15.15892,100.17329,Thailand,ThaiWater (HII),ATG111,HII,Chai Nat,Chao Phraya Basin
1556814,Watershed Management and Community Development Unit in Khun Huai Pong Conservation Forest,17.3246,98.51001,Thailand,ThaiWater (HII),MOU152,FOP,Chiang Mai,Ping Basin
798,Ban Lamnao,8.02919,99.47584,Thailand,ThaiWater (HII),BKHN,HII,Nakhon Si Thammarat,Peninsula - West Coast Basin
194,Kho Khlan,13.99106,102.65064,Thailand,ThaiWater (HII),KOKN,HII,Sa Kaeo,Tonle Sap Basin
1118480,บ้านผู้ใหญ่บ้านสันพระบาท หมู่ 8,17.06395,98.98108,Thailand,ThaiWater (HII),TB56,DISASTER,Tak,Ping Basin
736,Song Phi Nong,14.21608,100.05017,Thailand,ThaiWater (HII),THA010,HII,Suphan Buri,Tha Chin Basin
758,Petch Buri 1,13.08562,99.94393,Thailand,ThaiWater (HII),PCH001,HII,Phetchaburi,Phetchaburi - Prachuap Khiri Khan Basin
1556873,Watershed Management and Community Development Unit in the Mae Uam Conservation Forest Area,18.507107,98.5005,Thailand,ThaiWater (HII),MOU269,FOP,Chiang Mai,Ping Basin
825,Lilet Communuty,9.191764,99.253975,Thailand,ThaiWater (HII),VLGE16,HII,Surat Thani,Peninsula - Upper East Coast Basin
614,Khlong Lan Phatthana,16.12253,99.32932,Thailand,ThaiWater (HII),KGLN,HII,Kamphaeng Phet,Ping Basin
1556876,Watershed Management and Community Development Unit in Mae Sanga Conservation Forest Area,18.786606,98.495445,Thailand,ThaiWater (HII),MOU272,FOP,Chiang Mai,Ping Basin
575571,Khlong Phae Gate,13.694974,100.58231,Thailand,ThaiWater (HII),BKC007,HII,Samut Prakan,Chao Phraya Basin
795,Nakhon Si Thammarat 1,8.174942,99.67887,Thailand,ThaiWater (HII),NKO001,HII,Nakhon Si Thammarat,Peninsula - West Coast Basin
1121284,Huai Yang National Park,11.625459,99.61477,Thailand,ThaiWater (HII),MOU491,FOP,Prachuap Khiri Khan,Phetchaburi - Prachuap Khiri Khan Basin
642746,Phu Phayak Agricultural development station,19.504732,101.213745,Thailand,ThaiWater (HII),MOU021,FOP,Nan,Nan Basin
771,Song Phi Nong,12.87273,99.6842,Thailand,ThaiWater (HII),KKCN,HII,Phetchaburi,Phetchaburi - Prachuap Khiri Khan Basin
1601327,Huai Tham Reservoir,19.05976,99.8426,Thailand,ThaiWater (HII),RES005,HII,Phayao,North Khong Basin
1601326,Phayao College of Agricultural College and Technology Reservoir,19.09644,99.82603,Thailand,ThaiWater (HII),RES004,HII,Phayao,North Khong Basin
97,Thap Kwang,14.60885,101.07645,Thailand,ThaiWater (HII),CMKK,HII,Saraburi,Pasak Basin
11648257,Khlong Mae Ramphan,17.03065,99.71174,Thailand,ThaiWater (HII),SKT003,HII,Sukhothai,Yom Basin
11567335,Doi Pui tent camping area Doi Suthep-Pui National Park,18.82574,98.89448,Thailand,ThaiWater (HII),DNP079,FOP,Chiang Mai,Ping Basin
1101137,ศูนย์พัฒนาเด็กเล็ก ม.6 บ้านหนองหัวช้าง,17.41056,102.02238,Thailand,ThaiWater (HII),TF70,DISASTER,Nong Bua Lam Phu,Chi Basin Basin
1101051,บ้านแม่ปะหลวง หมู่ 1,17.63908,99.25687,Thailand,ThaiWater (HII),TE02,DISASTER,Lampang,Wang Basin
1118544,บ้านเลขที่ 127 บ้านโป่งพาน หมู่ 5,17.88193,100.97603,Thailand,ThaiWater (HII),TF88,DISASTER,Uttaradit,Nan Basin
1118562,วัดศรีสุทธาราม หมู่ 9,18.25442,99.97555,Thailand,ThaiWater (HII),TD70,DISASTER,Phrae,Yom Basin
899,Ban Khuan 1 Communuty,6.576934,101.169464,Thailand,ThaiWater (HII),VLGE41,HII,Yala,Peninsula - Lower East Coast Basin
205,Chai Mongkhon,14.83753,102.06885,Thailand,ThaiWater (HII),BSDE,HII,Nakhon Ratchasima,Mun Basin
623,Thung Sai,16.29505,99.80898,Thailand,ThaiWater (HII),STWN,HII,Kamphaeng Phet,Nan Basin
754,Ban Paew,13.57563,100.07884,Thailand,ThaiWater (HII),MKG005,HII,Samut Sakhon,Mae Klong Basin
823,Tapi 1,9.131233,99.25885,Thailand,ThaiWater (HII),TPI001,HII,Surat Thani,Peninsula - Upper East Coast Basin
835,Chumphon 1,10.574472,99.145744,Thailand,ThaiWater (HII),CMP001,HII,Chumphon,Peninsula - Upper East Coast Basin
862,Che Bilang,6.65726,99.97032,Thailand,ThaiWater (HII),JBLG,HII,Satun,Peninsula - West Coast Basin
870,Khlong Na Thom,7.558824,99.98739,Thailand,ThaiWater (HII),MDC005,HII,Phatthalung,Thale Sap Songkhla Basin
894,Phru Sanor,6.86288,101.37754,Thailand,ThaiWater (HII),STH024,HII,Pattani,Peninsula - Lower East Coast Basin
3668,KAMPHAENG PHET,16.48681,99.52697,Thailand,ThaiWater (HII),48380,TMD,Kamphaeng Phet,Ping Basin
3730,TRAD,11.78033,102.87808,Thailand,ThaiWater (HII),48501,TMD,Trat,Not specify
385586,Rap Ro - Hin Kaeo Bridge,10.607499,99.095345,Thailand,ThaiWater (HII),TBW021,HII,Chumphon,Peninsula - Upper East Coast Basin
642757,Doi Khun Tan National Parks,18.495703,99.27011,Thailand,ThaiWater (HII),MOU052,FOP,Lamphun,Ping Basin
740733,Rai Wong Thong Mek Di,8.090253,99.73887,Thailand,ThaiWater (HII),FOP032,FOP,Nakhon Si Thammarat,Peninsula - West Coast Basin
852087,Asok,13.74325,100.562164,Thailand,ThaiWater (HII),AIT001,HII,Bangkok,Chao Phraya Basin
855488,Watershed Management Unit of Tonnam Chi,16.66195,102.22475,Thailand,ThaiWater (HII),MOU098,FOP,Khon Kaen,Chi Basin Basin
1100925,วัดหนองหลวง หมู่ 13,17.02242,98.51015,Thailand,ThaiWater (HII),TB72,DISASTER,Tak,Salawin Basin
1101018,ศาลาเอนกประสงค์ หมู่ 8,16.9279,100.53423,Thailand,ThaiWater (HII),TD49,DISASTER,Phitsanulok,Nan Basin
1101132,องค์การบริหารส่วนตำบลทับผึ้ง,17.0941,99.81644,Thailand,ThaiWater (HII),TF04,DISASTER,Sukhothai,Yom Basin
1101572,Ban Khlong Wai 7,9.368512,98.867485,Thailand,ThaiWater (HII),FOP061,FOP,Surat Thani,Peninsula - Upper East Coast Basin
1101573,Ban Khlong Sai 8,9.314687,98.889885,Thailand,ThaiWater (HII),FOP062,FOP,Surat Thani,Peninsula - Upper East Coast Basin
1119545,โรงเรียนบ้านเกาะจำ,7.79293,98.9913,Thailand,ThaiWater (HII),WB23,DISASTER,Krabi,Peninsula - West Coast Basin
1119581,ศาลาเอนกประสงค์ ม.2 บ้านยือโม๊ะ,6.830144,101.245617,Thailand,ThaiWater (HII),EN06,DISASTER,Pattani,Peninsula - Lower East Coast Basin
1472984,Mae Tha Forest Protection Unit,18.43999,99.14778,Thailand,ThaiWater (HII),MOU260,FOP,Lamphun,Ping Basin
1481128,Building Bridge,17.586782,99.81109,Thailand,ThaiWater (HII),MOU346,FOP,Sukhothai,Yom Basin
1483122,Watershed Management and Community Development Unit in the Liap Water Conservation Forest Area,19.390013,100.900406,Thailand,ThaiWater (HII),MOU380,FOP,Nan,Nan Basin
1483169,Watershed Management and Community Development Unit in the Muang Lee Conservation Forest Area,18.18908,100.47599,Thailand,ThaiWater (HII),MOU406,FOP,Nan,Nan Basin
1556895,"National Park Protection Unit, Tor Por. 5 (Mok Fah Waterfall)",19.111794,98.77532,Thailand,ThaiWater (HII),MOU291,FOP,Chiang Mai,Ping Basin
1601351,Num Pong Reservoir,18.9116,100.96423,Thailand,ThaiWater (HII),RES029,HII,Nan,Nan Basin
11567327,Watershed Management and Community Development Unit in the Mae Ngai Conservation Forest Area,19.55373,98.80895,Thailand,ThaiWater (HII),DNP071,FOP,Chiang Mai,Ping Basin
1601364,Num Pung reservoir,18.16721,100.26721,Thailand,ThaiWater (HII),RES042,HII,Phrae,Yom Basin
1250,บ้านขุนแจ๋,19.331091,99.321495,Thailand,ThaiWater (HII),STN0201,DWR,Chiang Mai,Ping Basin
1081096,บ้านเขาวง,9.068107,98.983193,Thailand,ThaiWater (HII),STN1807,DWR,Surat Thani,Peninsula - Upper East Coast Basin
1081097,บ้านกลาง,9.568157,98.703238,Thailand,ThaiWater (HII),STN1808,DWR,Ranong,Peninsula - West Coast Basin
1316755,วัดท่าแย้,13.8126,99.4007,Thailand,ThaiWater (HII),ridtele_TK.62A,RID,Kanchanaburi,Mae Klong Basin
1405,บ้านป่ากล้วย,18.229369,100.686028,Thailand,ThaiWater (HII),STN0848,DWR,Nan,Nan Basin
1459083,บ้านปลายรา,8.453712,99.395122,Thailand,ThaiWater (HII),STN2218,DWR,Nakhon Si Thammarat,Peninsula - Upper East Coast Basin
1080939,บ้านวังน้ำเขียว,11.333134,99.402565,Thailand,ThaiWater (HII),STN1650,DWR,Prachuap Khiri Khan,Phetchaburi - Prachuap Khiri Khan Basin
1080967,บ้านบางสาว,8.924759,98.909439,Thailand,ThaiWater (HII),STN1678,DWR,Surat Thani,Peninsula - Upper East Coast Basin
1123843,บ้านแม่มอกใต้,17.623949,99.370664,Thailand,ThaiWater (HII),STN2005,DWR,Lampang,Yom Basin
1459087,บ้านจือแร,6.051056,101.861738,Thailand,ThaiWater (HII),STN2222,DWR,Narathiwat,Peninsula - Lower East Coast Basin
1338,บ้านทุ่งกวางทอง,18.110214,99.645832,Thailand,ThaiWater (HII),STN0880,DWR,Lampang,Wang Basin
1081061,ชุมชนปั๊กกั๊วหลาว,7.936145,98.348413,Thailand,ThaiWater (HII),STN1772,DWR,Phuket,Peninsula - West Coast Basin
528816,ส.คลองเตย,13.70628,100.58752,Thailand,ThaiWater (HII),RF.KTY.04,BMA,Bangkok,Chao Phraya Basin
1459093,บ้านบริจ๊ะ,6.357526,101.579157,Thailand,ThaiWater (HII),STN2228,DWR,Narathiwat,Peninsula - Lower East Coast Basin
1843,บ้านร่อนนา,8.180739,99.83616,Thailand,ThaiWater (HII),STN0290,DWR,Nakhon Si Thammarat,Peninsula - Upper East Coast Basin
1316559,อำเภอโพธิ์ประทับช้าง จ.พิจิตร,16.310319,100.271461,Thailand,ThaiWater (HII),ridtele_TY.42,RID,Phichit,Yom Basin
1123992,บ้านไอปาโจ,5.835656,101.734849,Thailand,ThaiWater (HII),STN2155,DWR,Narathiwat,Peninsula - Lower East Coast Basin
1100943,ศาลาประชาคม บ้านป่ารัง หมู่ 1,15.08165,102.34012,Thailand,ThaiWater (HII),TC07,DISASTER,Nakhon Ratchasima,Mun Basin
1081063,บ้านควนเขียว,8.671112,98.871423,Thailand,ThaiWater (HII),STN1774,DWR,Surat Thani,Peninsula - Upper East Coast Basin
1123850,บ้านห้วยป้าย,19.296164,99.616463,Thailand,ThaiWater (HII),STN2012,DWR,Lampang,Wang Basin
1459102,บ้านลูโบ๊ะซาเลาะ,6.069506,101.752056,Thailand,ThaiWater (HII),STN2237,DWR,Narathiwat,Peninsula - Lower East Coast Basin
501433,บ้านน้ำหิน,18.294692,100.721618,Thailand,ThaiWater (HII),STN1403,DWR,Nan,Nan Basin
1494,บ้านบ่อทอง,20.097427,99.871864,Thailand,ThaiWater (HII),STN0397,DWR,Chiang Rai,North Khong Basin
2056,บ้านอ่าวกลาง,7.769064,99.365079,Thailand,ThaiWater (HII),STN0698,DWR,Trang,Peninsula - West Coast Basin
1123854,บ้านป่าเลา,18.379484,99.012032,Thailand,ThaiWater (HII),STN2016,DWR,Lamphun,Ping Basin
528858,ส.คลองบางไส้ไก่,13.70692,100.49737,Thailand,ThaiWater (HII),RF.KSN.02,BMA,Bangkok,Chao Phraya Basin
1081070,บ้านทับปริก,8.169816,98.889971,Thailand,ThaiWater (HII),STN1781,DWR,Krabi,Peninsula - West Coast Basin
1080971,บ้านเชี่ยวขวัญ,9.213195,98.946317,Thailand,ThaiWater (HII),STN1682,DWR,Surat Thani,Peninsula - Upper East Coast Basin
1081009,บ้านบางเหลียว,8.450035,98.842435,Thailand,ThaiWater (HII),STN1720,DWR,Krabi,Peninsula - Upper East Coast Basin
1080972,บ้านสันติสุข,8.689837,99.040761,Thailand,ThaiWater (HII),STN1683,DWR,Surat Thani,Peninsula - Upper East Coast Basin
501403,บ้านเขาเกตุ,14.579952,101.06067,Thailand,ThaiWater (HII),STN1373,DWR,Saraburi,Pasak Basin
1459127,บ้านร่มเกล้า,18.557937,101.037832,Thailand,ThaiWater (HII),STN2262,DWR,Nan,Nan Basin
501431,บ้านห้วยแหน,16.482075,101.305106,Thailand,ThaiWater (HII),STN1401,DWR,Phetchabun,Pasak Basin
501529,บ้านมนต์คีรี,16.966364,99.694937,Thailand,ThaiWater (HII),STN1501,DWR,Sukhothai,Yom Basin
501337,บ้านป่ากว้าว,19.636803,99.481229,Thailand,ThaiWater (HII),STN1304,DWR,Chiang Rai,North Khong Basin
501506,บ้านหนองยาง,14.607045,101.207572,Thailand,ThaiWater (HII),STN1478,DWR,Nakhon Ratchasima,Pasak Basin
528758,หมู่บ้านเศรษฐกิจ ซอย 26,13.72167,100.37676,Thailand,ThaiWater (HII),RF.BKE.04,BMA,Bangkok,Chao Phraya Basin
1828,บ้านคลองไชยใต้,8.509848,99.459272,Thailand,ThaiWater (HII),STN0749,DWR,Nakhon Si Thammarat,Peninsula - Upper East Coast Basin
1237,บ้านปางปอย,19.799969,99.298771,Thailand,ThaiWater (HII),STN0157,DWR,Chiang Mai,North Khong Basin
1368,บ้านหัวนา,17.734745,100.080057,Thailand,ThaiWater (HII),STN0346,DWR,Uttaradit,Nan Basin
1080903,บ้านน้ำน้อยเหนือ,8.383586,99.619279,Thailand,ThaiWater (HII),STN1614,DWR,Nakhon Si Thammarat,Peninsula - Upper East Coast Basin
501221,บ้านคลองบน,15.931117,100.829141,Thailand,ThaiWater (HII),STN1187,DWR,Phetchabun,Chao Phraya Basin
1080905,บ้านลางา,6.750115,101.464418,Thailand,ThaiWater (HII),STN1616,DWR,Pattani,Peninsula - Lower East Coast Basin
1123875,บ้านแม่ทุเลา,17.336284,99.592397,Thailand,ThaiWater (HII),STN2037,DWR,Sukhothai,Yom Basin
501564,บ้านแสนขัน,17.46083,100.346926,Thailand,ThaiWater (HII),STN1537,DWR,Uttaradit,Nan Basin
1526,บ้านมูเซอป่ากล้วย,20.298745,99.81126,Thailand,ThaiWater (HII),STN0010,DWR,Chiang Rai,North Khong Basin
1123878,บ้านห้วยน้อยกา,18.112832,101.038356,Thailand,ThaiWater (HII),STN2040,DWR,Uttaradit,Nan Basin
1227,บ้านเด่นฮ่อม,18.883841,98.548437,Thailand,ThaiWater (HII),STN0250,DWR,Chiang Mai,Ping Basin
1869,บ้านจันดีเมืองใหม่,8.378078,99.55225,Thailand,ThaiWater (HII),STN1021,DWR,Nakhon Si Thammarat,Peninsula - Upper East Coast Basin
1123880,บ้านวังขวัญ,17.997161,100.879396,Thailand,ThaiWater (HII),STN2042,DWR,Uttaradit,Nan Basin
528770,สนข.บางกอกใหญ่,13.72332,100.47622,Thailand,ThaiWater (HII),RF.BKY.01,BMA,Bangkok,Chao Phraya Basin
1372,บ้านห้วยฮ่อมพัฒนา,18.203518,100.42659,Thailand,ThaiWater (HII),STN0261,DWR,Phrae,Yom Basin
528764,สนข.คลองเตย,13.70791,100.58363,Thailand,ThaiWater (HII),RF.KTY.01,BMA,Bangkok,Chao Phraya Basin
1414,บ้านเต๋ยกิ๋วเห็น,19.219616,101.06183,Thailand,ThaiWater (HII),STN0375,DWR,Nan,Nan Basin
501531,บ้านวังขอนงุ้น,17.639785,99.68218,Thailand,ThaiWater (HII),STN1503,DWR,Sukhothai,Yom Basin
501303,บ้านห้วยเลา,18.33723,100.95749,Thailand,ThaiWater (HII),STN1270,DWR,Nan,Nan Basin
528776,สนข.ทุ่งครุ,13.61135,100.50878,Thailand,ThaiWater (HII),RF.TKU.01,BMA,Bangkok,Chao Phraya Basin
1026,บ้านหินลับ,14.672587,101.126529,Thailand,ThaiWater (HII),STN0678,DWR,Saraburi,Pasak Basin
1906,บ้านนาแฝก,8.334557,98.311561,Thailand,ThaiWater (HII),STN0016,DWR,Phangnga,Peninsula - West Coast Basin
528829,จุดวัดสวนเบญจสิริ,13.73159,100.56745,Thailand,ThaiWater (HII),RF.KTY.05,BMA,Bangkok,Chao Phraya Basin
1792,บ้านวังโหรา,14.804954,99.441428,Thailand,ThaiWater (HII),STN0158,DWR,Suphan Buri,Mae Klong Basin
501465,บ้านปางอุ๋ง,18.793556,98.115298,Thailand,ThaiWater (HII),STN1436,DWR,Chiang Mai,Ping Basin
1081092,บ้านย่านตะเคียน,8.576101,99.051482,Thailand,ThaiWater (HII),STN1803,DWR,Surat Thani,Peninsula - Upper East Coast Basin
2051,บ้านควนเหมียง,7.801915,99.451272,Thailand,ThaiWater (HII),STN0700,DWR,Trang,Peninsula - West Coast Basin
1123910,บ้านหัวนา,9.419865,99.086151,Thailand,ThaiWater (HII),STN2073,DWR,Surat Thani,Peninsula - Upper East Coast Basin
1206,บ้านปางอั้น,19.067476,99.35791,Thailand,ThaiWater (HII),STN0202,DWR,Chiang Mai,Ping Basin
2050,บ้านสะพานไทร,7.863849,99.464082,Thailand,ThaiWater (HII),STN0701,DWR,Trang,Peninsula - West Coast Basin
501204,บ้านโมคลา,16.332194,101.189778,Thailand,ThaiWater (HII),STN1169,DWR,Phetchabun,Pasak Basin
1790,บ้านป่าขี,14.962566,99.515459,Thailand,ThaiWater (HII),STN1015,DWR,Suphan Buri,Tha Chin Basin
1123914,บ้านบางไต,9.282544,98.876798,Thailand,ThaiWater (HII),STN2077,DWR,Surat Thani,Peninsula - Upper East Coast Basin
1898,บ้านเหนือ,8.775901,98.390314,Thailand,ThaiWater (HII),STN0498,DWR,Phangnga,Peninsula - West Coast Basin
1198,บ้านแม่ซ้าย,19.302102,98.898304,Thailand,ThaiWater (HII),STN0526,DWR,Chiang Mai,Ping Basin
1123957,บ้านปลายคลอง,10.408302,98.804415,Thailand,ThaiWater (HII),STN2120,DWR,Ranong,Peninsula - West Coast Basin
1123918,บ้านใหม่บัวแดง,20.033734,99.964166,Thailand,ThaiWater (HII),STN2081,DWR,Chiang Rai,North Khong Basin
1510,บ้านผาเรือ,20.181472,100.065007,Thailand,ThaiWater (HII),STN0191,DWR,Chiang Rai,North Khong Basin
1081000,บ้านมาแน,6.492507,101.114708,Thailand,ThaiWater (HII),STN1711,DWR,Yala,Peninsula - Lower East Coast Basin
528846,ส.คลองภาษีเจริญ,13.72204,100.46863,Thailand,ThaiWater (HII),RF.PSC.04,BMA,Bangkok,Chao Phraya Basin
1123923,บ้านทุ่งหลวง,19.141875,100.013696,Thailand,ThaiWater (HII),STN2086,DWR,Phayao,North Khong Basin
1080852,บ้านกอบแก้ววัฒนาภิบาล,8.826409,99.407978,Thailand,ThaiWater (HII),STN1563,DWR,Surat Thani,Peninsula - Upper East Coast Basin
500146,บ้านหาดรั่ว,17.79514,99.673173,Thailand,ThaiWater (HII),STN1495,DWR,Phrae,Yom Basin
1188,บ้านหัวดอย,18.307551,98.362153,Thailand,ThaiWater (HII),STN0598,DWR,Chiang Mai,Ping Basin
1123672,บ้านห้วยแม่ซ้าย,19.985211,99.729928,Thailand,ThaiWater (HII),STN1833,DWR,Chiang Rai,North Khong Basin
1123674,บ้านแม่ข้าวต้มท่าสุด (บ้านห้วยเจริญ),20.08057,99.84899,Thailand,ThaiWater (HII),STN1835,DWR,Chiang Rai,North Khong Basin
1786,บ้านท่าพลับ,13.855671,99.380479,Thailand,ThaiWater (HII),STN1006,DWR,Kanchanaburi,Mae Klong Basin
1123933,บ้านท่าเลา,8.195129,99.700416,Thailand,ThaiWater (HII),STN2096,DWR,Nakhon Si Thammarat,Peninsula - West Coast Basin
2040,บ้านนาบ่อ,7.439988,99.495189,Thailand,ThaiWater (HII),STN0694,DWR,Trang,Peninsula - West Coast Basin
1974,บ้านบางมาศ,10.705532,98.935739,Thailand,ThaiWater (HII),STN0005,DWR,Chumphon,Peninsula - Upper East Coast Basin
1488,บ้านปางริมกรณ์,19.844644,99.667601,Thailand,ThaiWater (HII),STN0613,DWR,Chiang Rai,North Khong Basin
1172,บ้านขุนแปะ,18.311521,98.479789,Thailand,ThaiWater (HII),STN0253,DWR,Chiang Mai,Ping Basin
1169,บ้านขุนกลาง,18.538554,98.524406,Thailand,ThaiWater (HII),STN0252,DWR,Chiang Mai,Ping Basin
1118566,วัดห้วยลากปืน  หมู่ 10,17.8833,100.07409,Thailand,ThaiWater (HII),TD75,DISASTER,Phrae,Yom Basin
1391,บ้านนาพูนพัฒนา,17.832129,99.763168,Thailand,ThaiWater (HII),STN0052,DWR,Phrae,Yom Basin
2017,บ้านแซะ,6.861718,100.824726,Thailand,ThaiWater (HII),STN0706,DWR,Songkhla,Thale Sap Songkhla Basin
1129,บ้านหนองทุ่ม,17.430283,101.183187,Thailand,ThaiWater (HII),STN0147,DWR,Loei,Northeast Khong Basin
528753,สนข.ราชเทวี,13.75917,100.53405,Thailand,ThaiWater (HII),RF.RTW.01,BMA,Bangkok,Chao Phraya Basin
1879,บ้านน้ำซ่ำ,8.564319,98.855565,Thailand,ThaiWater (HII),STN0733,DWR,Krabi,Peninsula - Upper East Coast Basin
1080946,บ้านมาบตอง,12.805375,101.23584,Thailand,ThaiWater (HII),STN1657,DWR,Rayong,East Coast Gulf Basin
1123941,บ้านตากแดด,8.450014,99.981058,Thailand,ThaiWater (HII),STN2104,DWR,Nakhon Si Thammarat,Peninsula - Upper East Coast Basin
1487,บ้านหนองเขียว,19.870468,99.725705,Thailand,ThaiWater (HII),STN0612,DWR,Chiang Rai,North Khong Basin
1104,บ้านวังกกแก้ว,16.71382,101.84219,Thailand,ThaiWater (HII),STN0972,DWR,Khon Kaen,Chi Basin Basin
1389,บ้านท่าวะ,18.681022,100.326985,Thailand,ThaiWater (HII),STN0910,DWR,Phrae,Yom Basin
1123769,บ้านทุ่งกระจูด,8.468075,99.532318,Thailand,ThaiWater (HII),STN1931,DWR,Nakhon Si Thammarat,Peninsula - Upper East Coast Basin
1081033,บ้านทุ่งตาพล,10.174842,98.79311,Thailand,ThaiWater (HII),STN1744,DWR,Ranong,Peninsula - West Coast Basin
1123985,บ้านหัวลา,18.543359,97.960378,Thailand,ThaiWater (HII),STN2148,DWR,Mae Hong Son,Salawin Basin
1352,บ้านไร่,17.688063,100.119415,Thailand,ThaiWater (HII),STN1040,DWR,Uttaradit,Nan Basin
1317143,บ้านต้นสะท้อน,8.871568,99.382296,Thailand,ThaiWater (HII),ridtele_TTP13,RID,Surat Thani,Peninsula - Upper East Coast Basin
1384,บ้านข่วงบุก,17.879229,100.022994,Thailand,ThaiWater (HII),STN0335,DWR,Phrae,Yom Basin
1072,บ้านหลักเขต,14.695093,101.505887,Thailand,ThaiWater (HII),STN0780,DWR,Nakhon Ratchasima,Mun Basin
1123688,บ้านขุนห้วยไคร้,19.72887,100.374775,Thailand,ThaiWater (HII),STN1849,DWR,Chiang Rai,North Khong Basin
1874,บ้านต้นหาร,8.309862,98.968714,Thailand,ThaiWater (HII),STN0737,DWR,Krabi,Peninsula - Upper East Coast Basin
1047,บ้านจันตาแป๊ะ,13.035104,102.108348,Thailand,ThaiWater (HII),STN0782,DWR,Chanthaburi,East Coast Gulf Basin
1123950,บ้านคลองยา,8.394486,98.888428,Thailand,ThaiWater (HII),STN2113,DWR,Krabi,Peninsula - Upper East Coast Basin
1123951,บ้านฝ่ายท่า,8.683702,98.409252,Thailand,ThaiWater (HII),STN2114,DWR,Phangnga,Peninsula - West Coast Basin
1380,บ้านแม่แขม,18.016855,99.71156,Thailand,ThaiWater (HII),STN0334,DWR,Phrae,Yom Basin
2007,บ้านไร่,7.047374,100.629514,Thailand,ThaiWater (HII),STN0211,DWR,Songkhla,Thale Sap Songkhla Basin
528849,จุดวัด ค.สนามชัย-ค.บางขุนเทียน,13.70123,100.46491,Thailand,ThaiWater (HII),RF.JTG.02,BMA,Bangkok,Chao Phraya Basin
1123709,บ้านปงตอง,20.127025,99.859735,Thailand,ThaiWater (HII),STN1870,DWR,Chiang Rai,North Khong Basin
1946,บ้านคลองปาว,9.183617,98.900426,Thailand,ThaiWater (HII),STN0164,DWR,Surat Thani,Peninsula - Upper East Coast Basin
1500,บ้านลุง,20.136074,100.430455,Thailand,ThaiWater (HII),STN0873,DWR,Chiang Rai,North Khong Basin
1124005,บ้านฆอรอราแม,6.383434,101.163558,Thailand,ThaiWater (HII),STN2168,DWR,Yala,Peninsula - Lower East Coast Basin
1081036,บ้านดอนกระจาย,9.974858,99.042699,Thailand,ThaiWater (HII),STN1747,DWR,Chumphon,Peninsula - Upper East Coast Basin
1733,บ้านวังทอง,16.27904,101.009996,Thailand,ThaiWater (HII),STN0944,DWR,Phetchabun,Pasak Basin
1584,บ้านห้วยหมากเอียก,20.040799,100.100597,Thailand,ThaiWater (HII),STN0517,DWR,Chiang Rai,North Khong Basin
1081007,บ้านโพธิ์ประสิทธิ์,8.405911,99.401296,Thailand,ThaiWater (HII),STN1718,DWR,Nakhon Si Thammarat,Peninsula - Upper East Coast Basin
1467,บ้านต้นผึ้ง,19.471175,100.489748,Thailand,ThaiWater (HII),STN0243,DWR,Phayao,North Khong Basin
1123784,บ้านยูงงาม,8.472825,98.986899,Thailand,ThaiWater (HII),STN1946,DWR,Surat Thani,Peninsula - Upper East Coast Basin
1572,บ้านผาเดื่อ,20.169221,99.740761,Thailand,ThaiWater (HII),STN0401,DWR,Chiang Rai,North Khong Basin
1123980,บ้านพัฒนาปู่กู,18.8422,97.985507,Thailand,ThaiWater (HII),STN2143,DWR,Mae Hong Son,Salawin Basin
1827,บ้านควนนนท์,8.473398,99.449671,Thailand,ThaiWater (HII),STN0750,DWR,Nakhon Si Thammarat,Peninsula - Upper East Coast Basin
501568,บ้านกุฏิพระ,16.158007,100.817123,Thailand,ThaiWater (HII),STN1541,DWR,Phetchabun,Nan Basin
1123793,บ้านศรีราชา,8.818933,98.440719,Thailand,ThaiWater (HII),STN1955,DWR,Phangnga,Peninsula - West Coast Basin
1708,บ้านอุ้มเปี้ยม,16.422808,99.006444,Thailand,ThaiWater (HII),STN0661,DWR,Tak,Salawin Basin
501349,บ้านแม่ปะแพะ,17.636333,99.269444,Thailand,ThaiWater (HII),STN1319,DWR,Lampang,Wang Basin
528854,ปตร.คลองรางจาก-ถ.ประชาอุทิศ,13.63494,100.50218,Thailand,ThaiWater (HII),RF.TKU.02,BMA,Bangkok,Chao Phraya Basin
1460,บ้านน้ำรีพัฒนา,19.51781,101.223628,Thailand,ThaiWater (HII),STN0713,DWR,Nan,Nan Basin
1850,บ้านห้วยทรายทอง,9.053236,99.888573,Thailand,ThaiWater (HII),STN0745,DWR,Nakhon Si Thammarat,Peninsula - Upper East Coast Basin
1692,บ้านห้วยพลู,17.074818,98.910903,Thailand,ThaiWater (HII),STN0210,DWR,Tak,Ping Basin
1459040,บ้านอ่างกาน้อย (สบหาด),18.541897,98.593349,Thailand,ThaiWater (HII),STN2175,DWR,Chiang Mai,Ping Basin
1679,บ้านทุ่งยาว,16.836034,99.566874,Thailand,ThaiWater (HII),STN0915,DWR,Kamphaeng Phet,Yom Basin
1081044,บ้านปูโป,6.418031,101.55,Thailand,ThaiWater (HII),STN1755,DWR,Narathiwat,Peninsula - Lower East Coast Basin
1669,บ้านห้วยกุ่ม,16.523629,99.385159,Thailand,ThaiWater (HII),STN0547,DWR,Kamphaeng Phet,Ping Basin
501517,บ้านห้วยโป่ง,17.768476,100.881819,Thailand,ThaiWater (HII),STN1489,DWR,Uttaradit,Nan Basin
1647,บ้านเมืองแพม,19.583425,98.308302,Thailand,ThaiWater (HII),STN0639,DWR,Mae Hong Son,Salawin Basin
1645,บ้านสบป่อง,19.522831,98.246391,Thailand,ThaiWater (HII),STN0643,DWR,Mae Hong Son,Salawin Basin
501379,บ้านน้ำแนะ,18.646266,101.063551,Thailand,ThaiWater (HII),STN1349,DWR,Nan,Nan Basin
1123971,บ้านท่าศาลา,15.265384,104.64525,Thailand,ThaiWater (HII),STN2134,DWR,Ubon Ratchathani,Chi Basin Basin
1101127,รร.บ้านหนองผักบุ้ง หมู่ 5,17.36747,99.53947,Thailand,ThaiWater (HII),TF07,DISASTER,Sukhothai,Yom Basin
1080887,บ้านห้วยตง,8.918984,99.611986,Thailand,ThaiWater (HII),STN1598,DWR,Nakhon Si Thammarat,Peninsula - Upper East Coast Basin
1080959,บ้านดอยปุย,18.81661,98.8835,Thailand,ThaiWater (HII),STN1670,DWR,Chiang Mai,Ping Basin
501247,บ้านป่าแดง,18.096946,100.200821,Thailand,ThaiWater (HII),STN1213,DWR,Phrae,Yom Basin
501347,บ้านหัวถนน,16.086102,100.867742,Thailand,ThaiWater (HII),STN1317,DWR,Phetchabun,Nan Basin
1820,บ้านในทับ,8.508941,99.816407,Thailand,ThaiWater (HII),STN0064,DWR,Nakhon Si Thammarat,Peninsula - Upper East Coast Basin
1632,บ้านแม่จอ,18.645832,98.03918,Thailand,ThaiWater (HII),STN0120,DWR,Mae Hong Son,Salawin Basin
1927,บ้านยวนสาว,9.064587,98.881182,Thailand,ThaiWater (HII),STN0764,DWR,Surat Thani,Peninsula - Upper East Coast Basin
1841,บ้านหินราว,8.181668,99.470944,Thailand,ThaiWater (HII),STN0501,DWR,Nakhon Si Thammarat,Peninsula - Upper East Coast Basin
1921,บ้านเขาแก้ว,9.534277,99.13316,Thailand,ThaiWater (HII),STN0759,DWR,Surat Thani,Peninsula - Upper East Coast Basin
1081010,บ้านหาดตุ่น,10.597412,98.809827,Thailand,ThaiWater (HII),STN1721,DWR,Ranong,Peninsula - West Coast Basin
1101142,บ้านห้วยภูผา หมู่ 2 (บ้านเหล่าป่าสา),17.71819,100.21591,Thailand,ThaiWater (HII),TF72,DISASTER,Uttaradit,Nan Basin
1101143,วัดน้ำพร้า หมู่ 1,17.96068,100.396338,Thailand,ThaiWater (HII),TH98,DISASTER,Uttaradit,Nan Basin
501516,บ้านห้วยเม้ง,17.584753,100.491884,Thailand,ThaiWater (HII),STN1488,DWR,Uttaradit,Nan Basin
1080893,บ้านห้วยเงาะ,6.643297,101.174825,Thailand,ThaiWater (HII),STN1604,DWR,Pattani,Peninsula - Lower East Coast Basin
1955,บ้านทรายแดง,10.156317,98.697453,Thailand,ThaiWater (HII),STN0070,DWR,Ranong,Peninsula - West Coast Basin
1261,บ้านยางแก้ว,17.858264,98.413752,Thailand,ThaiWater (HII),STN0585,DWR,Chiang Mai,Ping Basin
1081059,บ้านบางติบ,9.089632,98.423816,Thailand,ThaiWater (HII),STN1770,DWR,Phangnga,Peninsula - West Coast Basin
1316520,บ้านใหม่เสรีธรรม,16.533265,99.228801,Thailand,ThaiWater (HII),ridtele_TP.96,RID,Tak,Ping Basin
1863,บ้านปากลง,8.802477,99.604791,Thailand,ThaiWater (HII),STN0061,DWR,Nakhon Si Thammarat,Peninsula - Upper East Coast Basin
501530,บ้านปากคะยาง,17.469324,99.650859,Thailand,ThaiWater (HII),STN1502,DWR,Sukhothai,Yom Basin
1459081,บ้านเขาทราย,8.848799,99.823532,Thailand,ThaiWater (HII),STN2216,DWR,Nakhon Si Thammarat,Peninsula - Upper East Coast Basin
1118498,ศาลาเอนกประสงค์บ้านช่องขวาง,11.51835,99.63806,Thailand,ThaiWater (HII),EF07,DISASTER,Prachuap Khiri Khan,Phetchaburi - Prachuap Khiri Khan Basin
704,Wang Pong,16.36589,100.83071,Thailand,ThaiWater (HII),WGPO,HII,Phetchabun,Nan Basin
136,Trat 3,12.262445,102.52681,Thailand,ThaiWater (HII),TRD003,HII,Trat,East Coast Gulf Basin
855516,Watershed Management and Community Development Unit in the Tapi Conservation Forest Area,9.162969,98.8869,Thailand,ThaiWater (HII),MOU126,FOP,Surat Thani,Peninsula - Upper East Coast Basin
816,Ban Tap Christ Communuty,8.75029,98.80189,Thailand,ThaiWater (HII),VLGE09,HII,Surat Thani,Peninsula - Upper East Coast Basin
740748,Nikhom Sang Ton Eng Phatthana Phak Tai 1 School,6.312516,101.361046,Thailand,ThaiWater (HII),FOP047,FOP,Yala,Peninsula - Lower East Coast Basin
676,Nan 5,16.85502,100.66681,Thailand,ThaiWater (HII),NAN005,HII,Phitsanulok,Nan Basin
1118474,ศูนย์กู้ภัยทางทะเลและชายฝั่งวงศ์อมาตย์ หมู่ 5,12.9578,100.88441,Thailand,ThaiWater (HII),TJ13,DISASTER,Chon Buri,East Coast Gulf Basin
1475098,Watershed Management and Community Development Unit in Phrao Conservation Forest Area,19.353,99.315,Thailand,ThaiWater (HII),MOU282,FOP,Chiang Mai,Ping Basin
1109581,Tham Bang Bot Temple,16.683075,104.159225,Thailand,ThaiWater (HII),ONE092,HII,Kalasin,Chi Basin Basin
12479,Khlong Khanan,11.24042,99.43526,Thailand,ThaiWater (HII),BSP002,HII,Prachuap Khiri Khan,Phetchaburi - Prachuap Khiri Khan Basin
479230,Kok1,19.92195,99.81826,Thailand,ThaiWater (HII),TBW022,HII,Chiang Rai,North Khong Basin
1101113,บ้านเชี่ยวหมอน หมู่ 8 (ศาลาหมู่บ้าน บ้านเชี่ยวหมอน หมู่ 8),8.85807,98.812393,Thailand,ThaiWater (HII),TJ79,DISASTER,Surat Thani,Peninsula - Upper East Coast Basin
1101149,บ้านห้วยภูผา หมู่ 2,17.73682,100.12769,Thailand,ThaiWater (HII),TF73,DISASTER,Uttaradit,Nan Basin
464,Wang 2,17.44521,99.12897,Thailand,ThaiWater (HII),WAN002,HII,Lampang,Wang Basin
1101574,Ban Khlong Mui 13,9.252886,98.85421,Thailand,ThaiWater (HII),FOP063,FOP,Surat Thani,Peninsula - Upper East Coast Basin
685658,Nam Muab (Ban Nam Muab) Birdge,18.484377,100.93808,Thailand,ThaiWater (HII),MOU053,FOP,Nan,Nan Basin
1101563,Huai Mae Chaem School,19.073114,98.30675,Thailand,ThaiWater (HII),FOP052,FOP,Chiang Mai,Ping Basin
1556846,Yot Doi Luang Chiang Dao,19.3977,98.8893,Thailand,ThaiWater (HII),MOU200,FOP,Chiang Mai,North Khong Basin
515,Thung Chang,19.38663,100.87583,Thailand,ThaiWater (HII),TGCG,HII,Nan,Nan Basin
1474366,Watershed Management and Community Development Unit in the Mae Li Conservation Forest Area,17.88562,99.0827,Thailand,ThaiWater (HII),MOU273,FOP,Lamphun,Ping Basin
757,Bang Khrok,13.19867,99.95052,Thailand,ThaiWater (HII),BNPK,HII,Phetchaburi,Phetchaburi - Prachuap Khiri Khan Basin
1395255,Watershed Management and Community Development Unit in the Lam Chao Conservation Forest Area,15.787823,101.335236,Thailand,ThaiWater (HII),MOU237,FOP,Chaiyaphum,Chi Basin Basin
1198297,Tha River Bridge,18.546852,99.25007,Thailand,ThaiWater (HII),PIN007,HII,Lamphun,Ping Basin
638736,Yot Khao Luang National Parks,16.8775,99.6929,Thailand,ThaiWater (HII),MOU076,FOP,Sukhothai,Yom Basin
1109534,Khlong Pak Mak Bridge,9.492312,98.91996,Thailand,ThaiWater (HII),ONE045,HII,Surat Thani,Peninsula - Upper East Coast Basin
611,Tor Thong Daeng1,16.49714,99.51958,Thailand,ThaiWater (HII),DIV005,HII,Kamphaeng Phet,Ping Basin
685662,Watershed Management and Community Development Unit in Khun Sathan Conservation Forest Area,18.273388,100.53669,Thailand,ThaiWater (HII),MOU057,FOP,Nan,Nan Basin
609,Mueang Kamphaeng Phet (P7A),16.47816,99.51866,Thailand,ThaiWater (HII),PIN006,HII,Kamphaeng Phet,Ping Basin
740743,Ta Chi,6.555156,101.10632,Thailand,ThaiWater (HII),FOP042,FOP,Yala,Peninsula - Lower East Coast Basin
13889,Wiang Sa,8.65592,99.29936,Thailand,ThaiWater (HII),SWR022,HII,Surat Thani,Peninsula - Upper East Coast Basin
1100946,อาคาร กศน. หมู่ 10,9.16228,99.84988,Thailand,ThaiWater (HII),TH25,DISASTER,Nakhon Si Thammarat,Peninsula - Upper East Coast Basin
1118482,บริเวณวัดสองแคว ม.3,17.35429,99.07737,Thailand,ThaiWater (HII),FE01,DISASTER,Tak,Wang Basin
1483163,Watershed Management and Community Development Unit in the Nam Pat Conservation Forest Area,19.5512,101.0546,Thailand,ThaiWater (HII),MOU402,FOP,Nan,Nan Basin
932,Chanae,6.09841,101.69395,Thailand,ThaiWater (HII),STH026,HII,Narathiwat,Peninsula - Lower East Coast Basin
1241196,Pha Ing Bridge,18.7548,100.2227,Thailand,ThaiWater (HII),MOU351,FOP,Phrae,Yom Basin
1476448,National Park Protection Unit 1 (Raw Ton Kok),17.494926,99.214226,Thailand,ThaiWater (HII),MOU318,FOP,Lampang,Wang Basin
3735,SURAT THANI,9.13556,99.15194,Thailand,ThaiWater (HII),48551,TMD,Surat Thani,Peninsula - Upper East Coast Basin
824,Tapi 3,8.986764,99.2113,Thailand,ThaiWater (HII),TPI003,HII,Surat Thani,Peninsula - Upper East Coast Basin
13878,Phraek Talui,12.32247,99.62341,Thailand,ThaiWater (HII),SWR011,HII,Prachuap Khiri Khan,Phetchaburi - Prachuap Khiri Khan Basin
822,Tha Kham,9.10603,99.2328,Thailand,ThaiWater (HII),TPPN,HII,Surat Thani,Peninsula - Upper East Coast Basin
489,Yom 10,18.13367,100.12458,Thailand,ThaiWater (HII),YOM010,HII,Phrae,Yom Basin
917,Tak Bai,6.23914,102.08368,Thailand,ThaiWater (HII),STH007,HII,Narathiwat,Peninsula - Lower East Coast Basin
478,Nan 10,17.79087,100.74902,Thailand,ThaiWater (HII),NAN010,HII,Uttaradit,Nan Basin
138,Trat 2,12.369261,102.54332,Thailand,ThaiWater (HII),TRD002,HII,Trat,East Coast Gulf Basin
1100867,ม.8 บ้านท่านางแมว,15.85657,102.33195,Thailand,ThaiWater (HII),NH01,DISASTER,Khon Kaen,Chi Basin Basin
819,Khuan Suban,8.88152,99.38225,Thailand,ThaiWater (HII),BSBA,HII,Surat Thani,Peninsula - Upper East Coast Basin
11567337,National Park Protection Unit at District 5 (Mae Phrai),18.42716,99.35545,Thailand,ThaiWater (HII),DNP081,FOP,Lampang,Wang Basin
8270440,Watershed Management and Community Development Unit in the Upper Khlong Yan Conservation Forest Area,9.36634,98.8568,Thailand,ThaiWater (HII),MOU498,FOP,Surat Thani,Peninsula - Upper East Coast Basin
11567344,Mae Ping National Park Protection Unit at Village No. 7 (Tham Mo),17.81782,98.75104,Thailand,ThaiWater (HII),DNP088,FOP,Chiang Mai,Ping Basin
1601372,Song Kwai Luang Reservoir,17.37875,99.01148,Thailand,ThaiWater (HII),RES050,HII,Tak,Wang Basin
1601365,Nong Khaem Reservoir,18.11416,100.21883,Thailand,ThaiWater (HII),RES043,HII,Phrae,Yom Basin
11567317,Si Nan National Park Office,18.36945,100.83013,Thailand,ThaiWater (HII),DNP061,FOP,Nan,Nan Basin
11567339,Watershed Management and Community Development Unit in the Mae Long Conservation Forest Area,18.433792,98.22566,Thailand,ThaiWater (HII),DNP083,FOP,Chiang Mai,Ping Basin
8270332,Watershed Management and Community Development Unit in the Pilok Conservation Forest Area,14.6659,98.3811,Thailand,ThaiWater (HII),MOU442,FOP,Kanchanaburi,Mae Klong Basin
8268810,National Park Protection Unit No. 1 (Sai ​​Yok Noi Waterfall),14.2385,99.05989,Thailand,ThaiWater (HII),MOU452,HII,Kanchanaburi,Mae Klong Basin
1100934,บ้านท่ามะปราง,14.51634,101.3774,Thailand,ThaiWater (HII),NF01,DISASTER,Nakhon Ratchasima,Mun Basin
1118516,โรงเรียนวัดปลวกง่าม,16.68676,100.60045,Thailand,ThaiWater (HII),FH06,DISASTER,Phitsanulok,Nan Basin
1101028,ศูนย์พัฒนาเด็กเล็กประถมวัย บ้านหินปูน,16.19056,103.16844,Thailand,ThaiWater (HII),NG01,DISASTER,Maha Sarakham,Chi Basin Basin
1100919,ศาลาเอนกประสงค์บ้านต่อกราด หมู่ 8,12.61639,102.41057,Thailand,ThaiWater (HII),TB53,DISASTER,Trat,East Coast Gulf Basin
1101156,องค์การบริหารส่วนตำบลตับเต่า บ้านใคร่ หมู่ 3,19.7279,100.29418,Thailand,ThaiWater (HII),TB14,DISASTER,Chiang Rai,North Khong Basin
1118556,บ้านหุบเฉลา ม.8,12.66303,99.66789,Thailand,ThaiWater (HII),EE01,DISASTER,Phetchaburi,Phetchaburi - Prachuap Khiri Khan Basin
1119553,บ้านหาดทรายรี ม.8,10.19248,99.1858,Thailand,ThaiWater (HII),EG12,DISASTER,Chumphon,Peninsula - Upper East Coast Basin
1101017,โรงเรียนตำรวจชายแดนบ้านราษฎร์เรือ หมู่ 3,17.45684,100.7874,Thailand,ThaiWater (HII),TD46,DISASTER,Phitsanulok,Nan Basin
1101024,ศาลาเอนกประสงค์ หมู่ 15,16.67727,100.61045,Thailand,ThaiWater (HII),TD54,DISASTER,Phitsanulok,Nan Basin
1100854,มัสยิดบ้านคลองแห้ง หมู่ 5,8.0496,98.81536,Thailand,ThaiWater (HII),TG78,DISASTER,Krabi,Peninsula - West Coast Basin
1119543,ร.ร.บ้านแหลมโพธิ์,8.03235,98.89191,Thailand,ThaiWater (HII),WB07,DISASTER,Krabi,Peninsula - West Coast Basin
1475088,Watershed Management and Community Development Unit in the Mae Lai - Mae On Conservation Forest Area,18.867105,99.31434,Thailand,ThaiWater (HII),MOU274,FOP,Chiang Mai,Ping Basin
3687,AYUTTHAYA,14.53472,100.725,Thailand,ThaiWater (HII),48415,TMD,Phra Nakhon Si Ayutthaya,Pasak Basin
1119585,โรงเรียนราชประชานุเคราะห์ 35 หมู่ 8 บ้านบางสักใต้,8.7729,98.26571,Thailand,ThaiWater (HII),WF04,DISASTER,Phangnga,Peninsula - West Coast Basin
1125522,Nam Phi Watershed Conservation Development Study Unit,18.941303,100.45999,Thailand,ThaiWater (HII),MOU288,FOP,Nan,Yom Basin
740726,Bang Tai Pracha Borirak Bridge,9.282515,98.87693,Thailand,ThaiWater (HII),FOP025,FOP,Surat Thani,Peninsula - Upper East Coast Basin
1100874,วัดแตงเม หมู่ 1,12.73228,102.17115,Thailand,ThaiWater (HII),TA77,DISASTER,Chanthaburi,East Coast Gulf Basin
740727,Khlong Phai Bridge,9.155624,98.895035,Thailand,ThaiWater (HII),FOP026,FOP,Surat Thani,Peninsula - Upper East Coast Basin
847,Khao Khai,10.12198,98.89594,Thailand,ThaiWater (HII),KHDM,HII,Chumphon,Peninsula - Upper East Coast Basin
826,Tapi 2,9.085781,99.170006,Thailand,ThaiWater (HII),TPI002,HII,Surat Thani,Peninsula - Upper East Coast Basin
820,Ban Sadet,8.76356,99.06461,Thailand,ThaiWater (HII),KHNI,HII,Surat Thani,Peninsula - Upper East Coast Basin
740731,Kham Khlong Wat Bridge,8.935923,99.60879,Thailand,ThaiWater (HII),FOP030,FOP,Surat Thani,Peninsula - Upper East Coast Basin
13892,Na Luang Sen,8.232547,99.70778,Thailand,ThaiWater (HII),SWR025,HII,Nakhon Si Thammarat,Peninsula - West Coast Basin
799,Sin Pun,8.25222,99.27451,Thailand,ThaiWater (HII),CHNA,HII,Krabi,Peninsula - Upper East Coast Basin
794,Nop Phi Tam 1,8.786868,99.911316,Thailand,ThaiWater (HII),NPI001,HII,Nakhon Si Thammarat,Peninsula - Upper East Coast Basin
787,Huai Sat Yai,12.52944,99.54378,Thailand,ThaiWater (HII),PALU,HII,Prachuap Khiri Khan,Phetchaburi - Prachuap Khiri Khan Basin
1140845,Chao Pho Phaya On Shrine,18.599714,100.1496,Thailand,ThaiWater (HII),YOM013,HII,Phrae,Yom Basin
1100894,โรงเรียนวัดหาดอาสา หมู่ 1,14.59844,99.85305,Thailand,ThaiWater (HII),TA84,DISASTER,Suphan Buri,Tha Chin Basin
648042,Ban SongKhwae Bridge,19.356688,100.706436,Thailand,ThaiWater (HII),MOU027,FOP,Nan,Nan Basin
1373272,Singburi 100th Anniversary Memorial Bridge (Luang Pho Phae 89 Bridge),14.870205,100.408585,Thailand,ThaiWater (HII),HDA006,HII,Sing Buri,Chao Phraya Basin
1119628,หาดแหลมโพธิ์,9.37491,99.27026,Thailand,ThaiWater (HII),EH05,DISASTER,Surat Thani,Peninsula - Upper East Coast Basin
751,Krung Thep 6,13.58184,100.36587,Thailand,ThaiWater (HII),BKK006,HII,Samut Sakhon,Tha Chin Basin
3645,LAMPHUN,18.56722,99.03389,Thailand,ThaiWater (HII),48329,TMD,Lamphun,Ping Basin
683,Nan 7,16.27034,100.41396,Thailand,ThaiWater (HII),NAN007,HII,Phichit,Nan Basin
1394925,National Park Protection Unit at Nor Sor. 1 (Kaplang Crayfish),14.412701,100.97773,Thailand,ThaiWater (HII),MOU411,FOP,Saraburi,Chao Phraya Basin
650,Sawamkhalok,17.3168,99.82516,Thailand,ThaiWater (HII),SWKL,HII,Sukhothai,Yom Basin
670714,Si Don Chai Bridge,18.653353,99.06447,Thailand,ThaiWater (HII),FOP015,FOP,Lamphun,Ping Basin
613,Nong Mai Kong,16.43571,99.94509,Thailand,ThaiWater (HII),NMKO,HII,Kamphaeng Phet,Yom Basin
1119645,องค์การบริหารส่วนตำบลหนองนางนวล,15.33408,99.86665,Thailand,ThaiWater (HII),TG10,DISASTER,Uthai Thani,Sakae Krang Basin
13882,Bang Saphan Agriculture Office,11.24181,99.48108,Thailand,ThaiWater (HII),SWR015,HII,Prachuap Khiri Khan,Phetchaburi - Prachuap Khiri Khan Basin
574,Nong Bua,15.87077,100.59734,Thailand,ThaiWater (HII),NGBA,HII,Nakhon Sawan,Chao Phraya Basin
1241209,Nam Khang Watershed Conservation Development Study Unit (Doi Kad),19.1549,100.6244,Thailand,ThaiWater (HII),MOU372,FOP,Phayao,Yom Basin
1120555,Watershed Management and Community Development Unit in the Pak Phanang Conservation Forest Area,8.2542,99.803406,Thailand,ThaiWater (HII),MOU488,FOP,Nakhon Si Thammarat,Peninsula - Upper East Coast Basin
558,Dong Mada,19.74717,99.68352,Thailand,ThaiWater (HII),HSYO,HII,Chiang Rai,North Khong Basin
1109577,Ban Mueangrae School,12.880652,101.784584,Thailand,ThaiWater (HII),ONE088,HII,Rayong,East Coast Gulf Basin
1101135,ที่ทำการ อบต.วังปลาป้อม,17.41722,102.00153,Thailand,ThaiWater (HII),NA01,DISASTER,Nong Bua Lam Phu,Chi Basin Basin
547,Chaing Rai 5,20.2197,100.12121,Thailand,ThaiWater (HII),CHR005,HII,Chiang Rai,North Khong Basin
1121225,Watershed Management and Community Development Unit in the Mae Tom Conservation Forest Area,17.903154,98.30274,Thailand,ThaiWater (HII),MOU280,FOP,Chiang Mai,Ping Basin
855521,Forest Protection Unit of Khuan Nang Hean,7.884335,100.06661,Thailand,ThaiWater (HII),MOU131,FOP,Nakhon Si Thammarat,Thale Sap Songkhla Basin
1101157,วัดบ้านหัวฝาย ม.6,19.76236,100.31432,Thailand,ThaiWater (HII),TB15,DISASTER,Chiang Rai,North Khong Basin
1121240,Namngoen Bridge,19.228998,100.326294,Thailand,ThaiWater (HII),MOU353,FOP,Phayao,Yom Basin
522,Nan 2,18.85971,100.8171,Thailand,ThaiWater (HII),NAN002,HII,Nan,Nan Basin
1100942,ศาลาประชาคม ม.7 บ้านโนนมันเทศ,15.0378,102.27926,Thailand,ThaiWater (HII),TC06,DISASTER,Nakhon Ratchasima,Mun Basin
517,Bo Kaeo,18.21042,100.66244,Thailand,ThaiWater (HII),NAMN,HII,Nan,Nan Basin
512,Wieng Sa,18.54992,100.76151,Thailand,ThaiWater (HII),NAN009,HII,Nan,Nan Basin
468,Nong Lom,18.33624,99.39992,Thailand,ThaiWater (HII),HCTT,HII,Lampang,Wang Basin
1101177,บ้านยางหลวง,18.47376,98.37434,Thailand,ThaiWater (HII),FC04,DISASTER,Chiang Mai,Ping Basin
745748,Huay Bang Bat Bridge,18.282616,103.88075,Thailand,ThaiWater (HII),AIT005,HII,Bueng Kan,Northeast Khong Basin
463,Wang 3,17.75171,99.23061,Thailand,ThaiWater (HII),WAN003,HII,Lampang,Wang Basin
685651,Tham Pha Thai National Parks,18.603598,99.900635,Thailand,ThaiWater (HII),MOU046,FOP,Lampang,Yom Basin
1121274,Watershed Management and Community Development Unit in the Khlong Khrok Conservation Forest Area,13.1851,101.801,Thailand,ThaiWater (HII),MOU480,FOP,Chanthaburi,East Coast Gulf Basin
437,Omkoi,17.79795,98.34148,Thailand,ThaiWater (HII),OMKI,HII,Chiang Mai,Ping Basin
685652,National Park Protection Unit of Mo Ro 1 (Huai Tao),18.58667,101.06919,Thailand,ThaiWater (HII),MOU047,FOP,Nan,Nan Basin
3736,NAKHONSI THAMMARAT,8.53778,99.94722,Thailand,ThaiWater (HII),48552,TMD,Nakhon Si Thammarat,Peninsula - Upper East Coast Basin
575567,Khlong Lat Bang Yo 1 Gate,13.676162,100.553085,Thailand,ThaiWater (HII),BKC003,HII,Samut Prakan,Chao Phraya Basin
1601343,Huai Mae Pang Reservoir,18.10623,98.84675,Thailand,ThaiWater (HII),RES021,HII,Lamphun,Ping Basin
642747,Watershed Management and Community Development Unit in the Mae Phrik Conservation Forest Area (Pang Luang Sub-Unit),19.48251,99.586685,Thailand,ThaiWater (HII),MOU022,FOP,Chiang Rai,North Khong Basin
1085210,Bua Ban Ya De Bridge,5.827553,101.75235,Thailand,ThaiWater (HII),SKN002,HII,Narathiwat,Peninsula - Lower East Coast Basin
1483120,Watershed Management and Community Development Unit in the Naen Water Conservation Forest Area,19.184416,100.75231,Thailand,ThaiWater (HII),MOU379,FOP,Nan,Nan Basin
740537,Huay Muk Bridge,16.546862,104.730385,Thailand,ThaiWater (HII),AIT008,HII,Mukdahan,Northeast Khong Basin
1106455,Khlong Sa Ta Waeo Pumping Station,14.940779,100.59284,Thailand,ThaiWater (HII),TCP009,HII,Lop Buri,Chao Phraya Basin
855485,PhuphaMan National Parks,16.758446,101.968666,Thailand,ThaiWater (HII),MOU095,FOP,Khon Kaen,Chi Basin Basin
1484461,Watershed Management and Community Development Unit in the Sirikit Dam Conservation Forest Area,17.798231,100.38039,Thailand,ThaiWater (HII),MOU410,FOP,Uttaradit,Nan Basin
144,Bang Pit,12.21718,102.30766,Thailand,ThaiWater (HII),KRKM,HII,Trat,East Coast Gulf Basin
385580,Huai Mae Kiang,18.43277,99.49828,Thailand,ThaiWater (HII),TBW009,HII,Lampang,Wang Basin
1550728,National Park Protection Unit Mo Ngo 2 (Sop Ngao),17.867392,97.96461,Thailand,ThaiWater (HII),MOU146,FOP,Mae Hong Son,Salawin Basin
1101023,รพ. ส่งเสริมสุขภาพ บ้าน น้ำปาด,16.70876,100.57362,Thailand,ThaiWater (HII),TD53,DISASTER,Phitsanulok,Nan Basin
1109494,Nong Chik - Wang Pla Bridge,10.112872,99.07568,Thailand,ThaiWater (HII),ONE005,HII,Chumphon,Peninsula - Upper East Coast Basin
855486,Watershed Management and Community Development Unit in the Lam Phayang Conservation Forest Area,16.682741,103.957565,Thailand,ThaiWater (HII),MOU096,FOP,Kalasin,Chi Basin Basin
1556819,Doi Wiang La Wildlife Sanctuary,18.901009,97.8988,Thailand,ThaiWater (HII),MOU161,FOP,Mae Hong Son,Salawin Basin
1556820,Mae Suai Bridge,19.72628,99.50745,Thailand,ThaiWater (HII),MOU167,FOP,Chiang Rai,North Khong Basin
109,Bo Win,13.05505,101.09782,Thailand,ThaiWater (HII),SWNG,HII,Chon Buri,East Coast Gulf Basin
1556826,Watershed Management and Community Development Unit in the Mae Nga Conservation Forest Area,19.483288,99.59807,Thailand,ThaiWater (HII),MOU177,FOP,Chiang Rai,Wang Basin
89,Chao Phraya 5,15.10907,100.26785,Thailand,ThaiWater (HII),CPY005,HII,Chai Nat,Chao Phraya Basin
88,Sapphaya,15.13217,100.25129,Thailand,ThaiWater (HII),HUKT,HII,Chai Nat,Chao Phraya Basin
58,Chao Phraya 8,14.5765,100.44852,Thailand,ThaiWater (HII),CPY008,HII,Ang Thong,Chao Phraya Basin
1556883,Watershed Management and Community Development Unit in the Mae Taman Conservation Forest Area,19.3201,98.8308,Thailand,ThaiWater (HII),MOU279,FOP,Chiang Mai,Ping Basin
1556893,Watershed Management and Community Development Unit in the Khun Kong Conservation Forest Area,19.5124,98.80015,Thailand,ThaiWater (HII),MOU289,FOP,Chiang Mai,Ping Basin
642748,Watershed Management and Community Development Unit in Khun Nam Phrik Conservation Forest Area,19.457697,100.65635,Thailand,ThaiWater (HII),MOU023,FOP,Nan,Nan Basin
740721,Ban Phamub Health Promoting Hospital,17.72146,100.01803,Thailand,ThaiWater (HII),FOP020,FOP,Uttaradit,Nan Basin
1119570,บ้านหนองกระทุ่ม หมู่ 7,15.007058,102.083506,Thailand,ThaiWater (HII),TB98,DISASTER,Nakhon Ratchasima,Mun Basin
886,Demonstration Farm Panare,6.84301,101.4945,Thailand,ThaiWater (HII),STH002,HII,Pattani,Peninsula - Lower East Coast Basin
877,"Prince of Songkla U., Pattani Campus",6.89117,101.26469,Thailand,ThaiWater (HII),STH006,HII,Pattani,Peninsula - Lower East Coast Basin
11567331,National Park Protection Unit at SL.7 (Huai Pui),19.08585,99.13816,Thailand,ThaiWater (HII),DNP075,FOP,Chiang Mai,Ping Basin
1601371,Mae Ang Reservoir,17.74115,99.40274,Thailand,ThaiWater (HII),RES049,HII,Phrae,Yom Basin
1601375,Huai Khlong Mai Daeng Reservoir,17.30193,99.0265,Thailand,ThaiWater (HII),RES053,HII,Tak,Wang Basin
8270339,National Park Protection Unit No. 7 (Khlong Yot Nam),8.91637,99.73282,Thailand,ThaiWater (HII),MOU446,FOP,Nakhon Si Thammarat,Peninsula - Upper East Coast Basin
8270344,Erawan National Park Office,14.37565,99.11301,Thailand,ThaiWater (HII),MOU449,FOP,Kanchanaburi,Mae Klong Basin
11567310,Doi Luang National Park Protection Unit 5 (Pang Oi),19.6085,99.56469,Thailand,ThaiWater (HII),DNP054,FOP,Chiang Rai,North Khong Basin
11567312,Watershed Management and Community Development Unit in the Nam Pua Conservation Forest Area,19.27079,101.10326,Thailand,ThaiWater (HII),DNP056,FOP,Nan,Nan Basin
11567340,National Park Protection Unit at Al.1 (Kluai Forest),18.347317,98.55808,Thailand,ThaiWater (HII),DNP084,FOP,Chiang Mai,Ping Basin
11567352,National Park Protection Unit at Road No. 4 (Pang Tong),19.50019,97.90555,Thailand,ThaiWater (HII),DNP096,FOP,Mae Hong Son,Salawin Basin
11648470,Khlong Songkhram,17.39577,103.30043,Thailand,ThaiWater (HII),UDN003,HII,Udon Thani,Northeast Khong Basin
1101191,วัดป่าเลา หมู่ 3,18.64096,100.24045,Thailand,ThaiWater (HII),TD78,DISASTER,Phrae,Yom Basin
1100966,ศาลาเอนกประสงค์ หมู่ 1 บ้านน้ำใส กม.3 สายเกียร์,5.94229,101.75617,Thailand,ThaiWater (HII),TC66,DISASTER,Narathiwat,Peninsula - Lower East Coast Basin
1119612,บริเวณข้างศูนย์พัฒนาเด็กเล็ก บ้านบ่อโซน หมู่ 7,6.951485,100.811922,Thailand,ThaiWater (HII),EL06,DISASTER,Songkhla,Thale Sap Songkhla Basin
1100959,โรงพยาบาลส่งเสริมสุขภาพตำบล บ้านนกคลาน,15.70192,99.86115,Thailand,ThaiWater (HII),TC40,DISASTER,Nakhon Sawan,Sakae Krang Basin
1101180,บ้านประธานสภา หมู่ 5,13.1272,100.04932,Thailand,ThaiWater (HII),TD60,DISASTER,Phetchaburi,Phetchaburi - Prachuap Khiri Khan Basin
1101172,ซุ้มเทศบาลหน้าวัดพระสิงห์วรมหาวิหาร,18.78805,98.9824,Thailand,ThaiWater (HII),TH71,DISASTER,Chiang Mai,Ping Basin
1119590,ศาลาประชาคม หมู่ 5,7.36439,99.98579,Thailand,ThaiWater (HII),TD35,DISASTER,Phatthalung,Thale Sap Songkhla Basin
1118466,สหกรณ์ผู้ใช้น้ำ บ้านวังด้ง หมู่ 1,14.12325,99.361536,Thailand,ThaiWater (HII),TA17,DISASTER,Kanchanaburi,Mae Klong Basin
1101167,อาคารเอนกประสงค์ หมู่ 4,20.44226,99.92075,Thailand,ThaiWater (HII),TH77,DISASTER,Chiang Rai,North Khong Basin
1101155,ศาลากลางหมู่บ้าน หมู่ 1,15.08673,99.51816,Thailand,ThaiWater (HII),TG22,DISASTER,Uthai Thani,Tha Chin Basin
1100938,อู่ซ่อมรถ บ้านสุขสมบูรณ์ หมู่ 2,14.347167,101.94108,Thailand,ThaiWater (HII),TB92,DISASTER,Nakhon Ratchasima,Bang Pakong Basin
1100922,ศูนย์พัฒนาเด็กเล็ก  หมู่ 2,16.29296,98.70529,Thailand,ThaiWater (HII),TB64,DISASTER,Tak,Salawin Basin
1137145,โรงพยาบาลส่งเสริมสุขภาพตำบล บ้านเชิงเขาคีรี  หมู่ 7,15.57988,100.1237,Thailand,ThaiWater (HII),TC52,DISASTER,Nakhon Sawan,Chao Phraya Basin
1101034,บ้านบันนังลูวา หมู่ 2 บริเวณมัสยิดบ้านบันนังลูวา,6.52265,101.22847,Thailand,ThaiWater (HII),TH34,DISASTER,Yala,Peninsula - Lower East Coast Basin
1119565,บ้านทุ่งเปลว หมู่3,7.16722,99.57565,Thailand,ThaiWater (HII),WN21,DISASTER,Trang,Peninsula - West Coast Basin
1101124,บ้านน้ำตกสายรุ้ง ม.4,16.82376,99.63215,Thailand,ThaiWater (HII),FB02,DISASTER,Sukhothai,Yom Basin
1101109,ศูนย์บริการและถ่ายทอดเทคโนโลยีการเกษตร ประจำตำบล หมู่1 บ้านควนท่าแร่,8.927776,99.241843,Thailand,ThaiWater (HII),TJ74,DISASTER,Surat Thani,Peninsula - Upper East Coast Basin
1119599,อบต.ตะโล๊ะหะลอ,6.475759,101.485999,Thailand,ThaiWater (HII),EM04,DISASTER,Yala,Peninsula - Lower East Coast Basin
1100914,โรงเรียนอัมพรจินตกานนท์,12.62129,102.47339,Thailand,ThaiWater (HII),TB41,DISASTER,Trat,East Coast Gulf Basin
1100913,โรงเรียนบ้านหนองบอน หมู่ 3,12.68204,102.45544,Thailand,ThaiWater (HII),TB36,DISASTER,Trat,East Coast Gulf Basin
1101091,บ้านวังไผ่ หมู่ 9,13.29716,102.08281,Thailand,ThaiWater (HII),TE76,DISASTER,Sa Kaeo,Bang Pakong Basin
1101085,หมู่ 6 บ้านท่ามาลัย,6.84583,99.74478,Thailand,ThaiWater (HII),TG87,DISASTER,Satun,Peninsula - West Coast Basin
1101082,อาคารเวทีกลางสระบัว,7.21373,100.58728,Thailand,ThaiWater (HII),TH27,DISASTER,Songkhla,Thale Sap Songkhla Basin
1101081,โรงเรียนวัดบ่อทรัพย์  หมู่ 2,7.19208,100.57474,Thailand,ThaiWater (HII),TH26,DISASTER,Songkhla,Thale Sap Songkhla Basin
1118547,บ้านผู้ใหญ่บ้าน บ้านปางวัว หมู่ 7,17.72084,100.2173,Thailand,ThaiWater (HII),TF75,DISASTER,Uttaradit,Nan Basin
1100875,วัดวังแซ้ม หมู่ 2,12.744121,102.150223,Thailand,ThaiWater (HII),TJ33,DISASTER,Chanthaburi,East Coast Gulf Basin
1118543,วัด กกม่อนแก้ว. หมู่ 7,17.57251,100.67628,Thailand,ThaiWater (HII),TG00,DISASTER,Uttaradit,Nan Basin
3646,PHRAE,18.16667,100.16667,Thailand,ThaiWater (HII),48330,TMD,Phrae,Yom Basin
1119546,เทศบาลตำบลเอราวัณ,14.383277,99.13765,Thailand,ThaiWater (HII),CD02,DISASTER,Kanchanaburi,Mae Klong Basin
1100887,ที่ทำการชุมชนเกาะล้าน,12.92127,100.78802,Thailand,ThaiWater (HII),TJ09,DISASTER,Chon Buri,East Coast Gulf Basin
1101001,ม.7 อบต.ร่มเย็น,19.04485,100.48989,Thailand,ThaiWater (HII),FF01,DISASTER,Phayao,Yom Basin
1119548,วัดโนนแดงใต้ หมู่ 2,16.21968,103.451315,Thailand,ThaiWater (HII),TA23,DISASTER,Kalasin,Chi Basin Basin
1101195,ศาลาเอนกประสงค์ หมู่ 3,17.89704,100.05197,Thailand,ThaiWater (HII),TD74,DISASTER,Phrae,Yom Basin
1080906,บ้านวังสมบูรณ์,7.774481,99.704008,Thailand,ThaiWater (HII),STN1617,DWR,Trang,
1080907,บ้านจันทรัตน์,5.786994,101.161643,Thailand,ThaiWater (HII),STN1618,DWR,Yala,
1080908,บ้านนางหล่อ,7.799306,99.830511,Thailand,ThaiWater (HII),STN1619,DWR,Phatthalung,
1080909,บ้านซอย 8,6.881952,99.997221,Thailand,ThaiWater (HII),STN1620,DWR,Satun,
1080910,บ้านทุ่งปรือ,6.815911,100.554191,Thailand,ThaiWater (HII),STN1621,DWR,Songkhla,
479232,Ing 1,20.19635,100.44173,Thailand,ThaiWater (HII),TBW024,HII,Chiang Rai,
479231,Ing 3,19.56656,99.98423,Thailand,ThaiWater (HII),TBW023,HII,Chiang Rai,
471583,Chong Sa Dao,14.344762,100.670105,Thailand,ThaiWater (HII),HDA004,HII,Phra Nakhon Si Ayutthaya,
457841,Sap Sombun Communuty,15.61598,101.02351,Thailand,ThaiWater (HII),VLGE49,HII,Phetchabun,
1080917,บ้านแก่งแคบ,14.345543,99.18332,Thailand,ThaiWater (HII),STN1628,DWR,Kanchanaburi,
1080918,บ้านพุน้อย,14.0091,99.352283,Thailand,ThaiWater (HII),STN1629,DWR,Kanchanaburi,
457249,Rong ngae,19.174837,100.936386,Thailand,ThaiWater (HII),FOP001,FOP,Nan,
435494,Bang Taen Temple Communuty,13.902437,101.168,Thailand,ThaiWater (HII),VLGE47,HII,Prachin Buri,
1080922,บ้านหนองใหญ่,14.715639,99.430631,Thailand,ThaiWater (HII),STN1633,DWR,Kanchanaburi,
385579,Water Transmission and Maintenance 2,18.88353,99.08182,Thailand,ThaiWater (HII),TBW008,HII,Chiang Mai,
1080924,บ้านหนองผือ,14.728561,99.488429,Thailand,ThaiWater (HII),STN1635,DWR,Suphan Buri,
385578,Pethlanna Farm,18.80307,99.58371,Thailand,ThaiWater (HII),TBR015,HII,Lampang,
13905,Masjid Shuhada,6.96422,100.02687,Thailand,ThaiWater (HII),SWR038,HII,Satun,
1080927,บ้านพุหวาย,12.720565,99.84693,Thailand,ThaiWater (HII),STN1638,DWR,Phetchaburi,
13904,Phang Palm 4 School,7.02235,99.93085,Thailand,ThaiWater (HII),SWR037,HII,Satun,
13902,Wang Na,7.13571,99.93736,Thailand,ThaiWater (HII),SWR035,HII,Satun,
13900,Muang Phatthalung,7.61829,100.07377,Thailand,ThaiWater (HII),SWR033,HII,Phatthalung,
13898,Ban Khao Pu,7.70951,99.83803,Thailand,ThaiWater (HII),SWR031,HII,Phatthalung,
1080932,บ้านหนองน้ำดำ,12.784578,99.568753,Thailand,ThaiWater (HII),STN1643,DWR,Phetchaburi,
13897,Ban Lam Plok Nuea School,7.35493,99.81481,Thailand,ThaiWater (HII),SWR030,HII,Trang,
1080934,บ้านห้วยไผ่,12.760391,99.61231,Thailand,ThaiWater (HII),STN1645,DWR,Phetchaburi,
13896,Wat Khuan Sinuan School,7.52714,99.73756,Thailand,ThaiWater (HII),SWR029,HII,Trang,
13894,Ao Tong,7.85577,99.38441,Thailand,ThaiWater (HII),SWR027,HII,Trang,
1080937,บ้านมะค่าสี่ซอง,12.585831,99.677873,Thailand,ThaiWater (HII),STN1648,DWR,Prachuap Khiri Khan,
13891,Chandi,8.38823,99.54064,Thailand,ThaiWater (HII),SWR024,HII,Nakhon Si Thammarat,
13890,Plai Phraya,8.53284,98.86406,Thailand,ThaiWater (HII),SWR023,HII,Krabi,
1080942,บ้านเขาคันทรง,13.11583,101.167548,Thailand,ThaiWater (HII),STN1653,DWR,Chon Buri,
1080943,บ้านนาวัง,12.998358,101.005843,Thailand,ThaiWater (HII),STN1654,DWR,Chon Buri,
13887,Tha Na,8.67848,98.41658,Thailand,ThaiWater (HII),SWR020,HII,Phangnga,
13885,Tha  Han School,8.82912,98.49197,Thailand,ThaiWater (HII),SWR018,HII,Phangnga,
1080952,บ้านทุ่งกร่าง,13.016522,102.270633,Thailand,ThaiWater (HII),STN1663,DWR,Chanthaburi,
13877,Hua Hin,12.52973,99.88109,Thailand,ThaiWater (HII),SWR010,HII,Prachuap Khiri Khan,
12483,Nakhon Si Thammarat 3,8.391227,99.39519,Thailand,ThaiWater (HII),NKO003,HII,Nakhon Si Thammarat,
1080956,บ้านจันทิ,12.29452,102.615646,Thailand,ThaiWater (HII),STN1667,DWR,Trat,
1080957,บ้านคลองสน,12.131568,102.277121,Thailand,ThaiWater (HII),STN1668,DWR,Trat,
1080958,บ้านทุ่งหลุก,19.347847,99.035047,Thailand,ThaiWater (HII),STN1669,DWR,Chiang Mai,
1080960,บ้านแม่หลองหลวง,17.686657,98.252978,Thailand,ThaiWater (HII),STN1671,DWR,Chiang Mai,
12478,Tha Yang,12.81345,99.79404,Thailand,ThaiWater (HII),PCH003,HII,Phetchaburi,
12477,Pran Buri 2,12.50849,99.84201,Thailand,ThaiWater (HII),PRN002,HII,Prachuap Khiri Khan,
1080963,บ้านหน้าเขา,8.768394,99.053163,Thailand,ThaiWater (HII),STN1674,DWR,Surat Thani,
1080964,บ้านเกาะแก้ว,8.871301,99.207571,Thailand,ThaiWater (HII),STN1675,DWR,Surat Thani,
1080965,บ้านเหนือ,9.372712,98.414887,Thailand,ThaiWater (HII),STN1676,DWR,Ranong,
12476,Lin Thin,14.53559,98.78764,Thailand,ThaiWater (HII),KRN004,HII,Kanchanaburi,
1080968,บ้านโพธิ์พนา,9.207672,99.009213,Thailand,ThaiWater (HII),STN1679,DWR,Surat Thani,
12474,Manang,6.940811,99.872925,Thailand,ThaiWater (HII),STU003,HII,Satun,
1080970,บ้านนาพรุ,9.431411,98.466908,Thailand,ThaiWater (HII),STN1681,DWR,Ranong,
12349,Khuan Kalong,6.928349,99.936035,Thailand,ThaiWater (HII),STU004,HII,Satun,
1080974,บ้านฉลุง,6.564399,100.906046,Thailand,ThaiWater (HII),STN1685,DWR,Songkhla,
1080975,บ้านคลองตาหงา,6.451577,100.914903,Thailand,ThaiWater (HII),STN1686,DWR,Songkhla,
3753,PATTANI AIRPORT,6.78333,101.15,Thailand,ThaiWater (HII),48580,TMD,Pattani,
3752,SA DAO,6.79806,100.39056,Thailand,ThaiWater (HII),48574,TMD,Songkhla,
3751,KHO HONG AGROMET.,7.0,100.5,Thailand,ThaiWater (HII),48571,TMD,Songkhla,
3749,HAT YAI AIRPORT,6.91667,100.43333,Thailand,ThaiWater (HII),48569,TMD,Songkhla,
3748,SONGKHLA,7.18211,100.60769,Thailand,ThaiWater (HII),48568,TMD,Songkhla,
1080981,บ้านปลายคลอง,6.696497,100.586443,Thailand,ThaiWater (HII),STN1692,DWR,Songkhla,
3744,PHUKET,7.88333,98.4,Thailand,ThaiWater (HII),48564,TMD,Phuket,
3741,PHATTHALUNG AGROMET.,7.58333,100.16667,Thailand,ThaiWater (HII),48560,TMD,Phatthalung,
3740,CHAWANG,8.42472,99.50667,Thailand,ThaiWater (HII),48557,TMD,Nakhon Si Thammarat,
3739,PHRA SANG,8.57022,99.25825,Thailand,ThaiWater (HII),48556,TMD,Surat Thani,
3731,CHUMPHON,10.49875,99.18847,Thailand,ThaiWater (HII),48517,TMD,Chumphon,
1080989,บ้านดอน,5.923975,101.117867,Thailand,ThaiWater (HII),STN1700,DWR,Yala,
1080990,บ้านละแอ,6.473417,101.165575,Thailand,ThaiWater (HII),STN1701,DWR,Yala,
3723,HUA HIN,12.58611,99.9625,Thailand,ThaiWater (HII),48475,TMD,Prachuap Khiri Khan,
3722,NONG PHLUB AGROMET.,12.58333,99.73333,Thailand,ThaiWater (HII),48474,TMD,Prachuap Khiri Khan,
1080994,บ้านทำเนียบ,6.580272,101.166423,Thailand,ThaiWater (HII),STN1705,DWR,Yala,
1080995,บ้านราษฎร์ผดุง,5.917118,101.7182,Thailand,ThaiWater (HII),STN1706,DWR,Narathiwat,
3721,PHETCHA BURI,12.99944,100.06056,Thailand,ThaiWater (HII),48465,TMD,Phetchaburi,
1080997,บ้านปูลาตีรี,6.458313,101.354471,Thailand,ThaiWater (HII),STN1708,DWR,Yala,
3717,PHATTHAYA,12.92,100.86944,Thailand,ThaiWater (HII),48461,TMD,Chon Buri,
1080999,บ้านบือจะ,6.146774,101.723678,Thailand,ThaiWater (HII),STN1710,DWR,Narathiwat,
3713,PILOT STATION,13.37722,100.59944,Thailand,ThaiWater (HII),48457,TMD,Samut Prakan,
3710,BANGKOK PORT (KLONG TOEI),13.70694,100.56805,Thailand,ThaiWater (HII),48454,TMD,Bangkok,
3707,KANCHANA BURI,14.0225,99.53583,Thailand,ThaiWater (HII),48450,TMD,Kanchanaburi,
3695,U THONG AGROMET.,14.30361,99.86472,Thailand,ThaiWater (HII),48427,TMD,Suphan Buri,
1081005,บ้านวังหอน,7.891836,99.791607,Thailand,ThaiWater (HII),STN1716,DWR,Nakhon Si Thammarat,
1081008,บ้านบกปุย,8.571476,98.416851,Thailand,ThaiWater (HII),STN1719,DWR,Phangnga,
3690,PATHUMTHANI,14.1,100.61667,Thailand,ThaiWater (HII),48419,TMD,Pathum Thani,
1081012,บ้านป่าคลอก,8.020718,98.409477,Thailand,ThaiWater (HII),STN1723,DWR,Phuket,
3651,UTTARADIT,17.61667,100.1,Thailand,ThaiWater (HII),48351,TMD,Uttaradit,
1081015,บ้านพละ,10.936057,99.265769,Thailand,ThaiWater (HII),STN1726,DWR,Chumphon,
1081017,บ้านบางทอง,8.385254,98.360691,Thailand,ThaiWater (HII),STN1728,DWR,Phangnga,
1081018,บ้านควนหวายแดง,8.097997,99.218075,Thailand,ThaiWater (HII),STN1729,DWR,Krabi,
1081019,บ้านห้วยไทรงาม,10.309394,98.857814,Thailand,ThaiWater (HII),STN1730,DWR,Ranong,
3649,LAMPANG AGROMET.,18.31667,99.28333,Thailand,ThaiWater (HII),48334,TMD,Lampang,
3648,NAN AGROMET.,18.86667,100.75,Thailand,ThaiWater (HII),48333,TMD,Nan,
1081022,บ้านปากพู่,8.716267,98.424028,Thailand,ThaiWater (HII),STN1733,DWR,Phangnga,
3647,NaN,18.77972,100.77778,Thailand,ThaiWater (HII),48331,TMD,Nan,
1081024,บ้านย่านอุดม,8.010336,99.329347,Thailand,ThaiWater (HII),STN1735,DWR,Krabi,
1081026,บ้านหาดถั่ว,8.551979,98.908366,Thailand,ThaiWater (HII),STN1737,DWR,Krabi,
1081027,บ้านทุ่ง,8.050455,98.80316,Thailand,ThaiWater (HII),STN1738,DWR,Krabi,
1081028,บ้านดอนเมา,10.053454,99.053551,Thailand,ThaiWater (HII),STN1739,DWR,Chumphon,
1081029,บ้านตาเงาะ,10.883278,99.242298,Thailand,ThaiWater (HII),STN1740,DWR,Chumphon,
1081031,บ้านเขาวง,10.465459,99.07683,Thailand,ThaiWater (HII),STN1742,DWR,Chumphon,
3643,CHIANG MAI,18.79,98.97694,Thailand,ThaiWater (HII),48327,TMD,Chiang Mai,
1081034,บ้านหินใหญ่,10.410436,98.835933,Thailand,ThaiWater (HII),STN1745,DWR,Ranong,
3640,THA WANGPHA,19.11056,100.8025,Thailand,ThaiWater (HII),48315,TMD,Nan,
1081038,บ้านป่าไผ่,6.244618,101.440155,Thailand,ThaiWater (HII),STN1749,DWR,Narathiwat,
3639,PHAYAO,19.13333,99.9,Thailand,ThaiWater (HII),48310,TMD,Phayao,
3638,THUNG CHANG,19.41194,100.88353,Thailand,ThaiWater (HII),48307,TMD,Nan,
3637,CHAING RAI AGROMET.,19.87083,99.78278,Thailand,ThaiWater (HII),48304,TMD,Chiang Rai,
3636,CHIANG RAI,19.96139,99.88139,Thailand,ThaiWater (HII),48303,TMD,Chiang Rai,
3635,DOI ANG KANG,19.93139,99.04833,Thailand,ThaiWater (HII),48302,TMD,Chiang Mai,
3634,MAE HONG SON,19.29897,97.97578,Thailand,ThaiWater (HII),48300,TMD,Mae Hong Son,
1081048,บ้านกอตง,8.35229,99.065648,Thailand,ThaiWater (HII),STN1759,DWR,Krabi,
1081049,บ้านปากหยา,8.497774,98.836446,Thailand,ThaiWater (HII),STN1760,DWR,Krabi,
3546,HUAIKUM DAM,16.97314,103.943464,Thailand,ThaiWater (HII),PMTS19,EGAT,Sakon Nakhon,
1081051,บ้านบางวัน,8.973246,98.40135,Thailand,ThaiWater (HII),STN1762,DWR,Phangnga,
3545,CHULABHORN DAM,16.534794,101.649035,Thailand,ThaiWater (HII),PMTS18,EGAT,Chaiyaphum,
3541,เขื่อนสิรินธร,15.2183,105.42277,Thailand,ThaiWater (HII),PMTS14,EGAT,Ubon Ratchathani,
3540,ห้วยตุงลุง อ.ศรีเมืองใหม่,15.49328,105.26278,Thailand,ThaiWater (HII),PMTS13,EGAT,Ubon Ratchathani,
1081055,บ้านเชือกน้ำ,8.413349,98.425728,Thailand,ThaiWater (HII),STN1766,DWR,Phangnga,
3539,ลำเซบก บ้านท่าบ่อแบง (M.69),15.50993,104.96282,Thailand,ThaiWater (HII),PMTS12,EGAT,Ubon Ratchathani,
3537,อ.พนา,15.68269,104.84672,Thailand,ThaiWater (HII),PMTS10,EGAT,Amnat Charoen,
3536,อ.บุณฑริก,14.75999,105.41278,Thailand,ThaiWater (HII),PMTS9,EGAT,Ubon Ratchathani,
3530,Mae Nam Moon Wat Tha Kok Hae,15.21294,104.80042,Thailand,ThaiWater (HII),PMTS3,EGAT,Ubon Ratchathani,
3474,NAMPUNG DAM,16.414536,101.793739,Thailand,ThaiWater (HII),PMTS20,EGAT,Chaiyaphum,
1081071,บ้านสาคู,8.074132,98.297262,Thailand,ThaiWater (HII),STN1782,DWR,Phuket,
3440,ยอดภูกระดึง,16.887107,101.788015,Thailand,ThaiWater (HII),URTU08,EGAT,Loei,
1081074,บ้านคลองพระยา,8.485637,98.894326,Thailand,ThaiWater (HII),STN1785,DWR,Krabi,
2072,กรมทรัพยากรน้ำ,13.785535,100.53908,Thailand,ThaiWater (HII),STN1064,DWR,Bangkok,
2069,บ้านควนยาว,7.852596,99.798399,Thailand,ThaiWater (HII),STN0579,DWR,Phatthalung,
2068,บ้านเขาจันทร์,7.201698,100.091954,Thailand,ThaiWater (HII),STN0512,DWR,Phatthalung,
2067,บ้านห้วยครก,7.661304,99.838302,Thailand,ThaiWater (HII),STN0578,DWR,Phatthalung,
2066,บ้านทุ่งยูง,7.757113,99.806515,Thailand,ThaiWater (HII),STN0080,DWR,Phatthalung,
2065,บ้านนาส้อง,7.277879,100.053089,Thailand,ThaiWater (HII),STN0705,DWR,Phatthalung,
2064,บ้านโคกแมว,7.387154,100.071747,Thailand,ThaiWater (HII),STN1022,DWR,Phatthalung,
1081082,บ้านไทรห้อย,7.553843,99.494829,Thailand,ThaiWater (HII),STN1793,DWR,Trang,
1081084,บ้านหนักไทร,7.539473,99.752866,Thailand,ThaiWater (HII),STN1795,DWR,Trang,
2062,บ้านโล๊ะจังกระ,7.330095,99.98401,Thailand,ThaiWater (HII),STN0704,DWR,Phatthalung,
1081086,บ้านไม้เสียบ,7.901858,99.927705,Thailand,ThaiWater (HII),STN1797,DWR,Nakhon Si Thammarat,
1081087,บ้านท่าเรือ,6.35168,101.494171,Thailand,ThaiWater (HII),STN1798,DWR,Narathiwat,
1081088,บ้านควนเนียง,6.835284,100.498648,Thailand,ThaiWater (HII),STN1799,DWR,Songkhla,
1081089,บ้านสองพี่น้อง,6.77487,100.422722,Thailand,ThaiWater (HII),STN1800,DWR,Songkhla,
2061,บ้านชะรัด,7.471182,99.979348,Thailand,ThaiWater (HII),STN1023,DWR,Phatthalung,
2060,บ้านนอก,7.468719,99.921519,Thailand,ThaiWater (HII),STN0082,DWR,Phatthalung,
2053,บ้านหน้าวัด,7.872841,99.727149,Thailand,ThaiWater (HII),STN0114,DWR,Trang,
2048,บ้านห้วยต่อ,7.542418,99.397999,Thailand,ThaiWater (HII),STN0510,DWR,Trang,
1085209,Ai Pa Cho Bridge,5.835714,101.73493,Thailand,ThaiWater (HII),SKN001,HII,Narathiwat,
1085211,Ka Lu Bi Ban Sai Pa Ri Bridge,5.895713,101.76639,Thailand,ThaiWater (HII),SKN003,HII,Narathiwat,
2044,บ้านทุ่งข่า,7.357222,99.826177,Thailand,ThaiWater (HII),STN0697,DWR,Trang,
2042,บ้านลำพิกุล,7.45991,99.785843,Thailand,ThaiWater (HII),STN0793,DWR,Trang,
1094448,Wat Khok Pho Sathit School,8.40118,99.802,Thailand,ThaiWater (HII),TADE01,HII,Nakhon Si Thammarat,
2039,"บ้านผัง 44,117,118",6.944319,99.95586,Thailand,ThaiWater (HII),STN0711,DWR,Satun,
2037,บ้านน้ำหรา,6.899784,100.093935,Thailand,ThaiWater (HII),STN0156,DWR,Satun,
2035,บ้านวังประจัน,6.754096,100.149164,Thailand,ThaiWater (HII),STN0293,DWR,Satun,
2034,บ้านบูเก็ตยามู,6.799783,100.112546,Thailand,ThaiWater (HII),STN1029,DWR,Satun,
2031,บ้านท่าจีน,7.097187,100.537102,Thailand,ThaiWater (HII),STN0710,DWR,Songkhla,
1100857,ศาลาเอนกประสงค์ บ้านท่าโป่ง หมู่ 3,14.14799,99.2949,Thailand,ThaiWater (HII),TA18,DISASTER,Kanchanaburi,
1100858,องค์การบริหารส่วนตำบลลุ่มสุ่ม,14.100982,99.144668,Thailand,ThaiWater (HII),TA00,DISASTER,Kanchanaburi,
1100859,อบต.ดินจี่,16.93589,103.73299,Thailand,ThaiWater (HII),NC01,DISASTER,Kalasin,
2028,บ้านวังพา,6.898464,100.262261,Thailand,ThaiWater (HII),STN0155,DWR,Songkhla,
1100861,องค์การบริหารส่วนตำบลวังไทร,16.2186,99.62069,Thailand,ThaiWater (HII),TA39,DISASTER,Kamphaeng Phet,
1100862,บ้านเลขที่ 49 หมู่ 18,16.12705,99.3087,Thailand,ThaiWater (HII),TA25,DISASTER,Kamphaeng Phet,
1100864,วัดดอยแก้ว,16.33495,99.28922,Thailand,ThaiWater (HII),TA33,DISASTER,Kamphaeng Phet,
1100865,บ้านผู้ใหญ่บ้าน เลขที่ 164  หมู่ 11,16.45228,99.4557,Thailand,ThaiWater (HII),TA37,DISASTER,Kamphaeng Phet,
1100866,บ้านเลขที่ 134 หมู่ 2,16.52152,99.23247,Thailand,ThaiWater (HII),TA43,DISASTER,Kamphaeng Phet,
1100870,วัดฉมัน หมู่ 2,12.743718,102.207616,Thailand,ThaiWater (HII),TA79,DISASTER,Chanthaburi,
2027,บ้านพรุเตาะนอก,7.040102,100.536696,Thailand,ThaiWater (HII),STN0580,DWR,Songkhla,
2026,บ้านคลองต่อ,7.018751,100.260772,Thailand,ThaiWater (HII),STN0063,DWR,Songkhla,
1100877,โรงเรียนวัดคลองพลู,12.94883,102.06306,Thailand,ThaiWater (HII),TA67,DISASTER,Chanthaburi,
1100878,บ้านนายก องค์การบริหารส่วนตำบล หมู่ 2,13.00164,102.05405,Thailand,ThaiWater (HII),TA60,DISASTER,Chanthaburi,
1100879,ศาลา อพป. หมู่ 4,12.91733,102.08386,Thailand,ThaiWater (HII),TA49,DISASTER,Chanthaburi,
1100880,ศูนย์การเรียนรู้หมู่ 5,12.9254,102.08353,Thailand,ThaiWater (HII),TA50,DISASTER,Chanthaburi,
2023,บ้านปาดังเบซาร์,6.665852,100.318786,Thailand,ThaiWater (HII),STN0581,DWR,Songkhla,
1100884,ที่ว่าการอำเภอเขาคิชฌกูฎ หมู่ 5,12.80396,102.11454,Thailand,ThaiWater (HII),TA55,DISASTER,Chanthaburi,
2022,บ้านบาโรย,6.774554,100.230542,Thailand,ThaiWater (HII),STN0152,DWR,Songkhla,
1100889,TJ14 - ศูนย์ประสานงานการช่วยเหลือผู้ประสบภัย ทางทะเล หมู่ 1 ต.นาเกลือ อ.บางละมุง จ.ชลบุรี,12.99171,100.92182,Thailand,ThaiWater (HII),TJ14,DISASTER,Chon Buri,
2021,บ้านคลองหิน,7.008708,100.134958,Thailand,ThaiWater (HII),STN1027,DWR,Songkhla,
1100893,สนามฟุตบอล ม.1,13.16044,100.80563,Thailand,ThaiWater (HII),TJ04,DISASTER,Chon Buri,
1100895,โรงเรียนวัดศรีมงคล หมู่ 2,15.16741,100.23777,Thailand,ThaiWater (HII),TA85,DISASTER,Chai Nat,
1100896,วัดวังสาคร ม.6,15.10956,100.27146,Thailand,ThaiWater (HII),TA89,DISASTER,Chai Nat,
1100897,บริเวณโรงเรียนวัดมะปราง (ติดกับวัดมะปราง) หมู่ 5,15.10732,100.27641,Thailand,ThaiWater (HII),TA90,DISASTER,Chai Nat,
1100898,วัดไผ่ล้อม หมู่ 1,15.08261,100.28934,Thailand,ThaiWater (HII),TA92,DISASTER,Chai Nat,
2010,บ้านปากช่อง,6.985409,100.644548,Thailand,ThaiWater (HII),STN0709,DWR,Songkhla,
1100902,ศาลาเอนกประสงค์ หมู่ 5,14.95844,99.85305,Thailand,ThaiWater (HII),TB02,DISASTER,Chai Nat,
2009,บ้านเขานา,6.788918,100.625724,Thailand,ThaiWater (HII),STN0708,DWR,Songkhla,
2006,บ้านเหล้า,7.129909,100.625486,Thailand,ThaiWater (HII),STN0707,DWR,Songkhla,
1100908,บ้านเลขที่ 394 หมู่ 3,9.95434,99.15063,Thailand,ThaiWater (HII),TH23,DISASTER,Chumphon,
2003,บ้านวังประดิษฐ์,10.098305,98.883857,Thailand,ThaiWater (HII),STN0728,DWR,Chumphon,
1100911,องค์การบริหารส่วนตำบลตะเสะ,7.17364,99.5808,Thailand,ThaiWater (HII),TG70,DISASTER,Trang,
1100915,ที่ทำการอุทยานแห่งชาติหมู่เกาะช้าง หมู่ 3,12.12466,102.26909,Thailand,ThaiWater (HII),TJ39,DISASTER,Trat,
1100916,โรงแรมโครอล รีสอร์ท เกาะช้าง หมู่ 4,12.03061,102.29174,Thailand,ThaiWater (HII),TJ41,DISASTER,Trat,
1100917,บ้านตาพราย 102 ม.1,12.54511,102.44187,Thailand,ThaiWater (HII),TB44,DISASTER,Trat,
1100918,บ้านเกาะลอย 74 หมู่ 3,12.51897,102.46249,Thailand,ThaiWater (HII),TB49,DISASTER,Trat,
1100920,ศูนย์พัฒนาเด็กเล็กบ้านยะพอ  หมู่ 5,16.34066,98.73841,Thailand,ThaiWater (HII),TB61,DISASTER,Tak,
1100921,ศูนย์พัฒนาเด็กเล็กบ้านทรัพย์เจริญ หมู่ 7,16.38561,98.74051,Thailand,ThaiWater (HII),TB62,DISASTER,Tak,
1100923,ร.ร บ้านคลองไม้แดง ม.1,17.30708,99.09194,Thailand,ThaiWater (HII),TH80,DISASTER,Tak,
1601333,Huai Mae Pa Kha Reservoir,18.5359,99.28488,Thailand,ThaiWater (HII),RES011,HII,Lamphun,
1100927,ประปาหมู่บ้าน หมู่ 8,14.32514,101.07687,Thailand,ThaiWater (HII),TB81,DISASTER,Nakhon Nayok,
2002,บ้านห้วยแก้ว,10.126091,98.950198,Thailand,ThaiWater (HII),STN0574,DWR,Chumphon,
1100930,วัดบ้านดง หมู่ 1,14.316932,101.289112,Thailand,ThaiWater (HII),TB76,DISASTER,Nakhon Nayok,
1100931,บ้านกำนันถาวร,14.32059,101.30466,Thailand,ThaiWater (HII),TB77,DISASTER,Nakhon Nayok,
2000,บ้านช่องบอน,10.213544,98.915972,Thailand,ThaiWater (HII),STN0727,DWR,Chumphon,
1100933,องค์การบริหารส่วนตำบลไผ่ล้อม,17.98787,104.18119,Thailand,ThaiWater (HII),NB01,DISASTER,Nakhon Phanom,
1100935,บ้านคลองเพล ม.17,14.51906,101.37222,Thailand,ThaiWater (HII),TC11,DISASTER,Nakhon Ratchasima,
1100936,บ้านกุดคล้า หมู่ 5,14.53333,101.37094,Thailand,ThaiWater (HII),TC12,DISASTER,Nakhon Ratchasima,
1100937,บ้านวังโต่งโต้น หมู่ 11,14.51005,101.4128,Thailand,ThaiWater (HII),TC14,DISASTER,Nakhon Ratchasima,
1100939,บ้านผู้ใหญ่บ้าน บ้านบุไทร หมู่ 4,14.37899,101.90262,Thailand,ThaiWater (HII),TB93,DISASTER,Nakhon Ratchasima,
1999,บ้านห้วยใหญ่,10.227473,98.978597,Thailand,ThaiWater (HII),STN1042,DWR,Chumphon,
1100941,บ้านตะคองเก่า หมู่ 2,14.99267,102.05868,Thailand,ThaiWater (HII),TB97,DISASTER,Nakhon Ratchasima,
1998,บ้านควนสามัคคี,10.35139,98.968587,Thailand,ThaiWater (HII),STN0808,DWR,Chumphon,
1100945,ศาลาหมู่บ้าน บ้านทำนบพัฒนา หมู่ 17,15.18877,101.93298,Thailand,ThaiWater (HII),TC02,DISASTER,Nakhon Ratchasima,
1996,บ้านคลองนูน,9.948807,98.902894,Thailand,ThaiWater (HII),STN0810,DWR,Chumphon,
1995,บ้านจำปุย,9.849725,98.916672,Thailand,ThaiWater (HII),STN0725,DWR,Chumphon,
1100951,ศาลาเอนกประสงค์บ้านด่านภาษี ม.9,8.66383,99.94798,Thailand,ThaiWater (HII),TC22,DISASTER,Nakhon Si Thammarat,
1100952,ศูนย์ประสานงานทีมพัฒนาท่าศาลา,8.65744,99.92822,Thailand,ThaiWater (HII),TC23,DISASTER,Nakhon Si Thammarat,
1100954,สถานีอนามัยหน้าสตน หมู่ 2,8.0751,100.3098,Thailand,ThaiWater (HII),TC18,DISASTER,Nakhon Si Thammarat,
1100955,วัดเจริญผล หมู่ 1,15.9402,99.97609,Thailand,ThaiWater (HII),TC32,DISASTER,Nakhon Sawan,
1100956,บ้านผู้ช่วยผู้ใหญ่บ้าน หมู่ 1,15.93674,99.97429,Thailand,ThaiWater (HII),TG39,DISASTER,Nakhon Sawan,
1988,บ้านห้วยเหมือง,10.029536,98.928157,Thailand,ThaiWater (HII),STN0491,DWR,Chumphon,
1100958,โรงเรียนวัดหนองกระทุ่ม หมู่ 10,15.76137,99.73669,Thailand,ThaiWater (HII),TC35,DISASTER,Nakhon Sawan,
1100961,ศาลาเอนกประสงค์หมู่บ้าน หมู่ 9,15.90937,99.38815,Thailand,ThaiWater (HII),TC46,DISASTER,Nakhon Sawan,
1986,บ้านห้วยตาสิงห์,9.832651,99.02134,Thailand,ThaiWater (HII),STN0798,DWR,Chumphon,
1100964,องค์การบริหารส่วนตำบลหาดสูง,15.49873,99.9836,Thailand,ThaiWater (HII),TC55,DISASTER,Nakhon Sawan,
1100967,มัสยิดอัลเราะห์มาน ถนนเจริญเขต ซอย 15,6.01068,101.96901,Thailand,ThaiWater (HII),TC71,DISASTER,Narathiwat,
1984,บ้านหินช้างสี,9.989393,98.98354,Thailand,ThaiWater (HII),STN0492,DWR,Chumphon,
1100974,อาคารศูนย์ OTOP ด้านข้าง ทต.บูเก๊ะตา,5.84928,101.88022,Thailand,ThaiWater (HII),TC69,DISASTER,Narathiwat,
1100975,อาคารเอนกประสงค์ หมู่ 5,19.48501,100.898421,Thailand,ThaiWater (HII),TD02,DISASTER,Nan,
1100977,หอประชุมหมู่บ้าน บ้านใหม่ หมู่ 5,19.52235,100.929176,Thailand,ThaiWater (HII),TD05,DISASTER,Nan,
1100978,ศูนย์สาธารณสุขชุมชน บ้านนาอุดม หมู่ 5,19.05276,100.77228,Thailand,ThaiWater (HII),TC84,DISASTER,Nan,
1100985,ประปาหมู่บ้านธงหลวง หมู่ 1,18.70737,100.76382,Thailand,ThaiWater (HII),TC74,DISASTER,Nan,
1100987,ที่ชุมชนบ้านนาผาใหม่ หมู่ 12,18.69107,100.75239,Thailand,ThaiWater (HII),TC77,DISASTER,Nan,
1100988,บริเวร ร.ร.สตรีน่าน,18.77548,100.77898,Thailand,ThaiWater (HII),FG01,DISASTER,Nan,
1100989,วัดพวงพยอม,18.77171,100.76605,Thailand,ThaiWater (HII),TH13,DISASTER,Nan,
1100991,โรงเรียนบ้านดอนสำราญ หมู่ 1,11.27678,99.54559,Thailand,ThaiWater (HII),TH20,DISASTER,Prachuap Khiri Khan,
1100993,ที่ทำการชุมชนเขาตะเกียบ,12.5272,99.97057,Thailand,ThaiWater (HII),TH18,DISASTER,Prachuap Khiri Khan,
1983,บ้านเขาแงน,10.003621,99.029646,Thailand,ThaiWater (HII),STN0493,DWR,Chumphon,
1100997,วัดน้ำแป้ง หมู่ 2 บ้านน้ำแป้ง,19.17274,100.42163,Thailand,ThaiWater (HII),TD19,DISASTER,Phayao,
1100998,สถานีสูบน้ำ บ้านสบขาม หมู่ 8,19.14989,100.3885,Thailand,ThaiWater (HII),TD20,DISASTER,Phayao,
1100999,บ้านกำนันปางค่า ม.1,19.33566,100.43536,Thailand,ThaiWater (HII),TD14,DISASTER,Phayao,
1101000,ศาลาเอนกประสงค์บ้านปางพริก หมู่ 3,19.31465,100.464472,Thailand,ThaiWater (HII),TD15,DISASTER,Phayao,
1101002,จุดตรวจรักษาความสงบเรียบร้อย ประจำบ้านประชาพัฒนา หมู่ 21,19.55501,100.36384,Thailand,ThaiWater (HII),TD09,DISASTER,Phayao,
1101003,หอประชุมหมู่บ้าน บ้านโจ้โก้ หมู่ 4,19.51297,100.36893,Thailand,ThaiWater (HII),TD11,DISASTER,Phayao,
1101004,บ้านผู้ช่วยผู้ใหญ่บ้าน เลขที่ 35 หมู่ 8,19.43932,99.759264,Thailand,ThaiWater (HII),TD27,DISASTER,Phayao,
1101013,ศาลาเอนกประสงค์ประจำหมู่บ้าน หมู่ 6 บ้านโดน,7.49992,99.90319,Thailand,ThaiWater (HII),TH30,DISASTER,Phatthalung,
1101015,วัดปากกรอง,17.32917,100.70303,Thailand,ThaiWater (HII),FH04,DISASTER,Phitsanulok,
1601334,Huai Khrai Reservoir,18.50746,99.22739,Thailand,ThaiWater (HII),RES012,HII,Lamphun,
1101020,สหกรณ์หมู่บ้านป่าปง หมู่ 8,17.19517,101.00697,Thailand,ThaiWater (HII),TH88,DISASTER,Phitsanulok,
1973,บ้านพันวาล 4,10.796097,98.977497,Thailand,ThaiWater (HII),STN0571,DWR,Chumphon,
1101025,ศาลาเอนกประสงค์ หมู่ 12,16.68848,100.62705,Thailand,ThaiWater (HII),TD56,DISASTER,Phitsanulok,
1101026,บ้านเลขที่ 66/1 หมู่ 3,8.03685,98.41515,Thailand,ThaiWater (HII),TG52,DISASTER,Phuket,
1101027,ที่สาธารณะประโยขน์ หมู่ 3 หาดสุรินทร์,7.97936,98.27959,Thailand,ThaiWater (HII),TG56,DISASTER,Phuket,
1101029,สนามกีฬาจังหวัด,16.54347,104.71922,Thailand,ThaiWater (HII),NP04,DISASTER,Mukdahan,
1101030,วัดหนองตะแบง หมู่ 7,16.44778,104.44589,Thailand,ThaiWater (HII),NP05,DISASTER,Mukdahan,
1101031,แก่งกระเบา,16.80213,104.73306,Thailand,ThaiWater (HII),NP03,DISASTER,Mukdahan,
1101032,สวนสาธารณะ เย็นสิระ 3 ม.4,6.674,101.28603,Thailand,ThaiWater (HII),EM06,DISASTER,Yala,
1972,บ้านบางฝนตก,10.776604,99.046394,Thailand,ThaiWater (HII),STN0572,DWR,Chumphon,
1967,บ้านในง่วม,10.482197,98.955689,Thailand,ThaiWater (HII),STN0806,DWR,Chumphon,
1966,บ้านเสียบญวน,10.50721,99.065207,Thailand,ThaiWater (HII),STN1044,DWR,Chumphon,
1101040,สถานีอนามัยบ้านทะเลนอก,9.46197,98.43427,Thailand,ThaiWater (HII),TH06,DISASTER,Ranong,
1962,บ้านลำเลียง,10.316925,98.799475,Thailand,ThaiWater (HII),STN0486,DWR,Ranong,
1959,บ้านเนินทอง,10.028915,98.874756,Thailand,ThaiWater (HII),STN1046,DWR,Ranong,
1101045,ศาลาเอนกประสงค์ หมู่ 5 บ้านหนองจอก,13.42534,99.44951,Thailand,ThaiWater (HII),TD97,DISASTER,Ratchaburi,
1958,บ้านบางใหญ่,10.021111,98.738331,Thailand,ThaiWater (HII),STN0827,DWR,Ranong,
1101048,วัดบ้านหนองแค,16.19463,103.516,Thailand,ThaiWater (HII),ND01,DISASTER,Roi Et,
1101050,วัดสระเกษ หมู่ 1,15.65832,103.58286,Thailand,ThaiWater (HII),TD83,DISASTER,Roi Et,
1949,บ้านคลองของ,9.638162,98.551851,Thailand,ThaiWater (HII),STN0485,DWR,Ranong,
1101052,ศาลาเอนกประสงค์บ้านป่าเหว ม.3,18.67984,99.47343,Thailand,ThaiWater (HII),TE22,DISASTER,Lampang,
1101053,ศาลาเอนกประสงค์บ้านขอใต้ หมู่ 4,18.64634,99.47241,Thailand,ThaiWater (HII),TE23,DISASTER,Lampang,
1948,บ้านบางเมาะ,9.249751,98.890365,Thailand,ThaiWater (HII),STN0136,DWR,Surat Thani,
1101055,วัดบ้านทุ่งโป่ง หมู่ 4,18.77361,99.48746,Thailand,ThaiWater (HII),TE27,DISASTER,Lampang,
1101057,ศาลาเอนกประสงค์บ้านสอนดอกคำ หมู่ 4,18.68164,99.54879,Thailand,ThaiWater (HII),TE17,DISASTER,Lampang,
1101059,วัดปางป๋วยศรัทธาราม หมู่ 2,18.30068,99.8594,Thailand,ThaiWater (HII),TE12,DISASTER,Lampang,
1101060,วัดบ้านนาสัก หมู่ 4,18.3481,99.8556,Thailand,ThaiWater (HII),TE13,DISASTER,Lampang,
1947,บ้านคลองมุย,9.253537,98.854283,Thailand,ThaiWater (HII),STN0286,DWR,Surat Thani,
1101062,ร.ร.แม่หล่วง,18.31942,99.86898,Thailand,ThaiWater (HII),TE15,DISASTER,Lampang,
1101063,อาคารเอนกประสงค์เทศบาลตำบลก้อ หมู่ 3,17.62481,98.7877,Thailand,ThaiWater (HII),TJ85,DISASTER,Lamphun,
1101064,วัดห้วยแหน หมู่ 2,17.86409,98.92491,Thailand,ThaiWater (HII),TE36,DISASTER,Lamphun,
1101065,ศาลาเอนกประสงค์บ้านดงสักงาม หมู่ 6,17.84094,98.9297,Thailand,ThaiWater (HII),TE37,DISASTER,Lamphun,
1101067,บ้านทาชมภู (วัด) หมู่ 4,18.51201,99.21359,Thailand,ThaiWater (HII),TE41,DISASTER,Lamphun,
1101068,บ้านทาสองท่า หมู่ 7,18.53423,99.24249,Thailand,ThaiWater (HII),TE42,DISASTER,Lamphun,
1101069,ประปาหมู่บ้าน หมู่ 13,18.53599,99.25123,Thailand,ThaiWater (HII),TE43,DISASTER,Lamphun,
1101070,บ้านทาทุ่งหลวง หมู่ 1,18.42175,99.01306,Thailand,ThaiWater (HII),TE45,DISASTER,Lamphun,
1101072,อบต.ห้วยจันทร์,14.58943,104.39133,Thailand,ThaiWater (HII),MB03,DISASTER,Si Sa Ket,
1101073,ที่ว่าการอำเภอภูพาน,16.99955,103.9648,Thailand,ThaiWater (HII),MA05,DISASTER,Sakon Nakhon,
1101075,องค์การบริหารส่วนตำบลสะกอม,6.94193,100.80005,Thailand,ThaiWater (HII),TF52,DISASTER,Songkhla,
1101078,บ้านสำย๊ะ สำนักสงฆ์ (ตรงข้ามศูนย์สาธารณะสุขมูลฐาน),6.45863,100.95492,Thailand,ThaiWater (HII),TF50,DISASTER,Songkhla,
1101079,มัสยิดบาฮาอุดดิน(บ้าลุ่ม) หมู่ 1,6.63612,100.43751,Thailand,ThaiWater (HII),TF43,DISASTER,Songkhla,
1101080,มัสยิดนูรุสซอละ (บ้านม่วง)  หมู่ 3,6.624953,100.47444,Thailand,ThaiWater (HII),TF45,DISASTER,Songkhla,
1101083,อาคารเอนกประสงค์ หมู่ 1,7.0114,99.69109,Thailand,ThaiWater (HII),TG89,DISASTER,Satun,
1101088,บ้านเขาตะกรุบพัฒนา หมู่ 10,13.46783,101.99062,Thailand,ThaiWater (HII),TE82,DISASTER,Sa Kaeo,
1945,บ้านเขาหัวควาย,9.060234,99.250473,Thailand,ThaiWater (HII),STN0763,DWR,Surat Thani,
1943,บ้านดอกแดง,8.7623,98.32074,Thailand,ThaiWater (HII),STN0576,DWR,Phangnga,
1940,บ้านคีรีราษฎร์พัฒนา,8.528516,99.384641,Thailand,ThaiWater (HII),STN1047,DWR,Surat Thani,
1101094,บ้านกกเต็น บริเวณวัดกกเต็น หมู่ 8,14.94617,99.59413,Thailand,ThaiWater (HII),TF19,DISASTER,Suphan Buri,
1101095,บ้านป่าเลา หมู่ 11 บ้านผู้ใหญ่,14.95213,99.57769,Thailand,ThaiWater (HII),TF20,DISASTER,Suphan Buri,
1939,บ้านเหนือคลอง,8.634191,99.418485,Thailand,ThaiWater (HII),STN0162,DWR,Surat Thani,
1938,บ้านถ้ำผุด,8.787598,98.957191,Thailand,ThaiWater (HII),STN0568,DWR,Surat Thani,
1101099,บ้านสวนปราง หมู่5 (ศาลาเอนกประสงค์ บ้านสวนปราง  หมู่5 ),9.011247,99.645424,Thailand,ThaiWater (HII),TJ66,DISASTER,Surat Thani,
1101101,บ้านวังทอง(เขาต่อ) หมู่7 (ศูนย์การเรียนรู้ หมู่บ้านเศรษฐกิจพอเพียง),9.188587,99.588264,Thailand,ThaiWater (HII),TJ70,DISASTER,Surat Thani,
1101114,บ้านทุ่งเจริญ หมู่11 (บ้านเลขที่ 23 หมู่11),8.7979,98.7717,Thailand,ThaiWater (HII),TJ80,DISASTER,Surat Thani,
1936,บ้านธาราวงศ์อารีย์,8.771454,99.432851,Thailand,ThaiWater (HII),STN0137,DWR,Surat Thani,
1934,บ้านช่องช้าง,8.711062,99.395916,Thailand,ThaiWater (HII),STN0762,DWR,Surat Thani,
1101125,ที่ทำการองค์การบริหารส่วนตำบลบ้านน้ำพุ,16.7887,99.6302,Thailand,ThaiWater (HII),TH11,DISASTER,Sukhothai,
1101126,ศาลาเอนกประสงค์ หมู่ 1 บ้านท่าดินแดง,16.8407,99.74909,Thailand,ThaiWater (HII),TE86,DISASTER,Sukhothai,
1101128,โรงเรียนบ้านดงย่าปา หมู่ 6,17.66396,99.88917,Thailand,ThaiWater (HII),TF11,DISASTER,Sukhothai,
1101129,อบต.บ้านตึก ม.14,17.59026,99.80991,Thailand,ThaiWater (HII),TH12,DISASTER,Sukhothai,
1931,บ้านเทพนิมิตร,9.370463,98.8598,Thailand,ThaiWater (HII),STN0765,DWR,Surat Thani,
1601335,Upper Huai Lak Mai Reservoir,18.39674,98.8642,Thailand,ThaiWater (HII),RES013,HII,Lamphun,
1915,บ้านเหนือคลอง,8.948521,99.471415,Thailand,ThaiWater (HII),STN1051,DWR,Surat Thani,
1101140,ศาลาประชาคม บ้านแมด หมู่ 4,16.89735,102.40544,Thailand,ThaiWater (HII),TF57,DISASTER,Nong Bua Lam Phu,
1101144,ศาลาเอนกประสงค์บ้านห้วยใต้ หมู่ 8,17.712884,100.021272,Thailand,ThaiWater (HII),TJ00,DISASTER,Uttaradit,
1101147,บ้านมณีแก้ว หมู่ 2 วัดห้วยมุ่น,17.84422,100.93722,Thailand,ThaiWater (HII),TF90,DISASTER,Uttaradit,
1101148,บ้านกำนัน หมู่ 4 บ้านด่านนาขาม,17.73702,100.12783,Thailand,ThaiWater (HII),TF92,DISASTER,Uttaradit,
1910,บ้านบางหวาน,7.942293,98.291101,Thailand,ThaiWater (HII),STN0288,DWR,Phuket,
1909,บ้านกะรน,7.848907,98.298797,Thailand,ThaiWater (HII),STN0111,DWR,Phuket,
1101154,บ้านเลขที่ 165 หมู่ 1,17.693546,100.023072,Thailand,ThaiWater (HII),TJ03,DISASTER,Uttaradit,
1101158,สถานีอนามัยบ้านปางค่า หมู่ 8,19.78896,100.34062,Thailand,ThaiWater (HII),TB16,DISASTER,Chiang Rai,
1101159,ศาลาเอนกประสงค์บ้านธาตุ หมู่ 18,19.77818,100.32883,Thailand,ThaiWater (HII),TB17,DISASTER,Chiang Rai,
1101161,ศูนย์พัฒนาเด็กเล็ก บ้านถ้ำ หมู่ 4,20.14305,99.84911,Thailand,ThaiWater (HII),TB19,DISASTER,Chiang Rai,
1101162,วัดบ้านแม่เฟือง หมู่ 5,20.13461,99.84399,Thailand,ThaiWater (HII),TB20,DISASTER,Chiang Rai,
1101163,อาคารเอนกประสงค์บ้านป่าตึง หมู่ 7,20.13186,99.8307,Thailand,ThaiWater (HII),TB21,DISASTER,Chiang Rai,
1101165,ตู้ยามบ้านอีก้อสามแยก สภ.แม่ฟ้าหลวง,20.16601,99.71203,Thailand,ThaiWater (HII),TB30,DISASTER,Chiang Rai,
1101168,เทศบาลนครเชียงใหม่,18.79495,98.99888,Thailand,ThaiWater (HII),TH72,DISASTER,Chiang Mai,
1101169,ศูนย์สื่อสารจราจร,18.7887,99.00316,Thailand,ThaiWater (HII),TH73,DISASTER,Chiang Mai,
1101170,ศูนย์เยาวชน-ประชาชน(สนามกีฬาเทศบาลนครเชียงใหม่),18.80056,98.98863,Thailand,ThaiWater (HII),TH74,DISASTER,Chiang Mai,
1101171,งานรักษาความสงบเรียบร้อยและความมั่นคง,18.79991,99.00098,Thailand,ThaiWater (HII),TH75,DISASTER,Chiang Mai,
1101173,สำนักงานปภ.เทศบาลนครเชียงใหม่ (หน่วยช้างเผือก),18.801082,98.981712,Thailand,ThaiWater (HII),TH68,DISASTER,Chiang Mai,
1101175,ศูนย์ อปพร นครเชียงใหม่,18.77386,98.9799,Thailand,ThaiWater (HII),TH69,DISASTER,Chiang Mai,
1101176,งานรักษาความสะอาดแขวงศรีวิชัย,18.77458,98.98772,Thailand,ThaiWater (HII),TH70,DISASTER,Chiang Mai,
1101179,ศาลาหมู่บ้าน หมู่ 8 บ้านหุบเฉลา,12.66072,99.65469,Thailand,ThaiWater (HII),TH16,DISASTER,Phetchaburi,
1101181,ศาลาหมู่บ้าน บ้านห้วยไผ่ หมู่ 6,12.76051,99.6125,Thailand,ThaiWater (HII),TH15,DISASTER,Phetchaburi,
1101182,บ้านเหมืองแบ่ง ม.11,16.91565,101.17081,Thailand,ThaiWater (HII),FJ02,DISASTER,Phetchabun,
1101183,โรงเรียนบ้านกกสะตี หมู่ 5,17.18519,101.30363,Thailand,ThaiWater (HII),TH93,DISASTER,Loei,
1101184,องค์การบริหารส่วนตำบลวังยาว หมู่ 3,17.23064,101.32971,Thailand,ThaiWater (HII),TH94,DISASTER,Loei,
1908,บ้านนาใหญ่,7.848367,98.339244,Thailand,ThaiWater (HII),STN0499,DWR,Phuket,
1101186,ม.9 บ้านกิ่วนาค,18.42663,100.43766,Thailand,ThaiWater (HII),FN01,DISASTER,Phrae,
1101187,วัดต้าเหล่า,18.27394,99.99326,Thailand,ThaiWater (HII),TD68,DISASTER,Phrae,
1101189,ศาลา SML บ้านนาพูน หมู่ 2,17.831685,99.764593,Thailand,ThaiWater (HII),TD63,DISASTER,Phrae,
1101190,ศาลา SML บ้านวังลึก หมู่ 4,17.76477,99.76193,Thailand,ThaiWater (HII),TD65,DISASTER,Phrae,
1101192,ศาลาประชาคม หมู่ 9 บ้านดอนชัยสักทอง,18.74095,100.23495,Thailand,ThaiWater (HII),TD79,DISASTER,Phrae,
1101193,บ้านผู้ใหญ่บ้าน หมู่ 6 เลขที่ 29/1,18.7314,100.24258,Thailand,ThaiWater (HII),TD80,DISASTER,Phrae,
1101194,ศูนย์พัฒนาเด็กเล็ก หมู่ 1,17.88478,100.03732,Thailand,ThaiWater (HII),TD73,DISASTER,Phrae,
1101196,บ้านน้ำฮู้ หมู่ 5,19.36506,98.41399,Thailand,ThaiWater (HII),TH63,DISASTER,Mae Hong Son,
1101211,โรงเรียนบ้านนาทุ่งใหญ่ หมู่ 1,17.31906,100.85398,Thailand,ThaiWater (HII),TD40,DISASTER,Phitsanulok,
1101212,ศูนย์สาธารณสุขมูลฐานชุมชน บ้านหน้าเมือง เลขที่ 85/4 หมู่ 5,7.48209,100.44238,Thailand,ThaiWater (HII),TF40,DISASTER,Songkhla,
1101564,Mae Daet,18.962732,98.412445,Thailand,ThaiWater (HII),FOP053,FOP,Chiang Mai,
1101565,Maenam Lao Bridge,19.108244,99.45519,Thailand,ThaiWater (HII),FOP054,FOP,Chiang Rai,
1101566,Khlong Kang,17.71633,100.124115,Thailand,ThaiWater (HII),FOP055,FOP,Uttaradit,
1101567,Khlong Chom Chaeng,17.702343,100.02168,Thailand,ThaiWater (HII),FOP056,FOP,Uttaradit,
1101568,Ban Pradu,8.212035,99.703316,Thailand,ThaiWater (HII),FOP057,FOP,Nakhon Si Thammarat,
1901,บ้านบางหลาโอน,8.64795,98.25976,Thailand,ThaiWater (HII),STN0100,DWR,Phangnga,
1899,บ้านบางอี,8.836125,98.387642,Thailand,ThaiWater (HII),STN0820,DWR,Phangnga,
1101571,Ko Khan (Ban Namtok),7.963767,99.7776,Thailand,ThaiWater (HII),FOP060,FOP,Nakhon Si Thammarat,
1601337,Huai Pong Reservoir,18.34001,98.93681,Thailand,ThaiWater (HII),RES015,HII,Lamphun,
1601338,Upper Mae Ao Yai Reservoir,18.29082,98.93266,Thailand,ThaiWater (HII),RES016,HII,Lamphun,
1895,บ้านท่าเรือ,8.002337,98.366229,Thailand,ThaiWater (HII),STN1052,DWR,Phuket,
1893,บ้านท่าหัน,8.828992,98.492709,Thailand,ThaiWater (HII),STN0756,DWR,Phangnga,
1106450,Lat Chit,14.44056,100.35738,Thailand,ThaiWater (HII),TCP004,HII,Phra Nakhon Si Ayutthaya,
1892,บ้านในหนด,8.688779,98.355359,Thailand,ThaiWater (HII),STN0098,DWR,Phangnga,
1106453,Thung PaMok,14.320748,100.017395,Thailand,ThaiWater (HII),TCP007,HII,Suphan Buri,
1891,บ้านช้างเชื่อ,8.749234,98.485599,Thailand,ThaiWater (HII),STN0757,DWR,Phangnga,
1890,บ้านบางกุ่ม,8.665885,98.453109,Thailand,ThaiWater (HII),STN0819,DWR,Phangnga,
1884,บ้านบางตง,8.513303,98.503672,Thailand,ThaiWater (HII),STN1045,DWR,Phangnga,
1881,บ้านบางหอย,8.641121,98.777487,Thailand,ThaiWater (HII),STN0814,DWR,Krabi,
1880,บ้านบางยิงวัว,8.578315,98.72845,Thailand,ThaiWater (HII),STN0735,DWR,Krabi,
1876,บ้านคลองชะมวง,8.012073,99.265417,Thailand,ThaiWater (HII),STN0731,DWR,Krabi,
1109492,I Pan Bridge,8.525791,98.88188,Thailand,ThaiWater (HII),ONE003,HII,Krabi,
1109493,Khlong Tako Bridge,10.077709,98.98693,Thailand,ThaiWater (HII),ONE004,HII,Chumphon,
1875,บ้านหน้าถ้ำ,7.920185,99.209924,Thailand,ThaiWater (HII),STN0812,DWR,Krabi,
1872,บ้านห้วยโต้,8.240838,98.913578,Thailand,ThaiWater (HII),STN0738,DWR,Krabi,
1870,บ้านห้วยเหรียง,8.186337,98.958256,Thailand,ThaiWater (HII),STN0736,DWR,Krabi,
1867,บ้านท่าแพ,8.350061,99.677413,Thailand,ThaiWater (HII),STN0748,DWR,Nakhon Si Thammarat,
1866,บ้านหน้าถ้ำ,8.665483,99.765332,Thailand,ThaiWater (HII),STN0289,DWR,Nakhon Si Thammarat,
1865,บ้านพิตำ,8.740273,99.653675,Thailand,ThaiWater (HII),STN0060,DWR,Nakhon Si Thammarat,
1864,บ้านนบ,8.792715,99.703165,Thailand,ThaiWater (HII),STN0740,DWR,Nakhon Si Thammarat,
1861,บ้านเขาเหล็ก,8.768398,99.725103,Thailand,ThaiWater (HII),STN0504,DWR,Nakhon Si Thammarat,
1860,บ้านหัวโคก,8.731602,99.74534,Thailand,ThaiWater (HII),STN0502,DWR,Nakhon Si Thammarat,
1858,บ้านช่องเหรียง,7.954957,99.488375,Thailand,ThaiWater (HII),STN0219,DWR,Nakhon Si Thammarat,
1847,บ้านเผียนบน,8.874653,99.778902,Thailand,ThaiWater (HII),STN0213,DWR,Nakhon Si Thammarat,
1846,บ้านน้ำฉา,8.897553,99.831144,Thailand,ThaiWater (HII),STN0744,DWR,Nakhon Si Thammarat,
1844,บ้านขุนพัง,8.267771,99.822094,Thailand,ThaiWater (HII),STN0218,DWR,Nakhon Si Thammarat,
1109513,Khlong Bang Muang Bridge,7.365284,100.27959,Thailand,ThaiWater (HII),ONE024,HII,Phatthalung,
1842,บ้านห้วยไม้แก่น,8.252363,99.837896,Thailand,ThaiWater (HII),STN0153,DWR,Nakhon Si Thammarat,
1836,บ้านยางค้อม,8.535879,99.610272,Thailand,ThaiWater (HII),STN0843,DWR,Nakhon Si Thammarat,
1834,บ้านนางเอื้อย,8.55956,99.53627,Thailand,ThaiWater (HII),STN0503,DWR,Nakhon Si Thammarat,
1832,บ้านห้วยกลาง,8.592091,99.512297,Thailand,ThaiWater (HII),STN0582,DWR,Nakhon Si Thammarat,
1829,บ้านทรายงาม,8.583172,99.462567,Thailand,ThaiWater (HII),STN0059,DWR,Nakhon Si Thammarat,
1826,บ้านปลายระแนะ,8.459962,99.629702,Thailand,ThaiWater (HII),STN1020,DWR,Nakhon Si Thammarat,
1109526,Khlong U Taphao Bridge,7.134997,100.45321,Thailand,ThaiWater (HII),ONE037,HII,Songkhla,
1109527,Queen Bridge,7.182746,100.59448,Thailand,ThaiWater (HII),ONE038,HII,Songkhla,
1825,บ้านคีรีวง,8.434325,99.778012,Thailand,ThaiWater (HII),STN0057,DWR,Nakhon Si Thammarat,
1823,บ้านน้ำรอบ,8.305842,99.785297,Thailand,ThaiWater (HII),STN0083,DWR,Nakhon Si Thammarat,
1109530,Yom Sai Kao - Wat Paknam Bridge,17.219545,99.8896,Thailand,ThaiWater (HII),ONE041,HII,Sukhothai,
1109531,Khlong Nam Kao Bridge,17.341522,99.85578,Thailand,ThaiWater (HII),ONE042,HII,Sukhothai,
1822,บ้านคันเบ็ด,8.366532,99.759174,Thailand,ThaiWater (HII),STN0079,DWR,Nakhon Si Thammarat,
1819,บ้านท่างาม,8.442016,99.83365,Thailand,ThaiWater (HII),STN0747,DWR,Nakhon Si Thammarat,
1816,บ้านสามพันนาม,12.616689,99.858455,Thailand,ThaiWater (HII),STN0687,DWR,Prachuap Khiri Khan,
1815,บ้านใหม่หัวนา,12.534818,99.95611,Thailand,ThaiWater (HII),STN0038,DWR,Prachuap Khiri Khan,
1814,บ้านเขาควง,12.458624,99.945056,Thailand,ThaiWater (HII),STN0686,DWR,Prachuap Khiri Khan,
1804,บ้านกุยบุรี,12.056273,99.860307,Thailand,ThaiWater (HII),STN1010,DWR,Prachuap Khiri Khan,
1801,บ้านด่านสิงขร,11.778058,99.673706,Thailand,ThaiWater (HII),STN0096,DWR,Prachuap Khiri Khan,
1797,บ้านหนองจอก,13.011007,99.833705,Thailand,ThaiWater (HII),STN0681,DWR,Phetchaburi,
1795,บ้านห้วยตะวาย,12.804497,99.797363,Thailand,ThaiWater (HII),STN0480,DWR,Phetchaburi,
1794,บ้านวังไคร้,12.922013,99.817665,Thailand,ThaiWater (HII),STN1012,DWR,Phetchaburi,
1793,บ้านหุบกระพง,12.784403,99.903663,Thailand,ThaiWater (HII),STN1011,DWR,Phetchaburi,
1109551,Wat Ban Pong School,12.934848,100.99091,Thailand,ThaiWater (HII),ONE062,HII,Chon Buri,
1778,บ้านโป่งรี,14.489789,99.39322,Thailand,ThaiWater (HII),STN0683,DWR,Kanchanaburi,
1777,บ้านพุพรหม,14.281274,99.398094,Thailand,ThaiWater (HII),STN0475,DWR,Kanchanaburi,
1753,บ้านคีรีรัตน์,16.807402,100.970001,Thailand,ThaiWater (HII),STN0555,DWR,Phetchabun,
1752,บ้านเขาย่า,16.567972,100.987383,Thailand,ThaiWater (HII),STN0105,DWR,Phetchabun,
1750,บ้านทางแดง,16.783314,101.048697,Thailand,ThaiWater (HII),STN0106,DWR,Phetchabun,
1748,บ้านซับเปิบ,16.355189,100.931918,Thailand,ThaiWater (HII),STN0318,DWR,Phetchabun,
1747,บ้านซับฟาน,16.083702,100.967105,Thailand,ThaiWater (HII),STN0556,DWR,Phetchabun,
1741,บ้านวังหว้า-วังรู,16.96073,101.179565,Thailand,ThaiWater (HII),STN0356,DWR,Phetchabun,
1739,บ้านเนินสะอาด,16.676328,101.124304,Thailand,ThaiWater (HII),STN0298,DWR,Phetchabun,
1109564,Khlong Chong Lom Reservoir,11.56502,99.52902,Thailand,ThaiWater (HII),ONE075,HII,Prachuap Khiri Khan,
1737,บ้านน้ำพุ,16.210173,100.972217,Thailand,ThaiWater (HII),STN0357,DWR,Phetchabun,
1736,บ้านโป่งตะแบก,16.274916,100.910896,Thailand,ThaiWater (HII),STN0108,DWR,Phetchabun,
1721,บ้านแม่ทุเลาใน,17.391086,99.477777,Thailand,ThaiWater (HII),STN0722,DWR,Sukhothai,
1718,บ้านห้วยไคร้,17.557045,99.879548,Thailand,ThaiWater (HII),STN0359,DWR,Sukhothai,
1109570,Bang Wat Dam,7.890594,98.338356,Thailand,ThaiWater (HII),ONE081,HII,Phuket,
1717,บ้านนาต้นจั่น,17.619717,99.829077,Thailand,ThaiWater (HII),STN0229,DWR,Sukhothai,
1716,บ้านห้วยตม,17.669157,99.929983,Thailand,ThaiWater (HII),STN0030,DWR,Sukhothai,
1709,บ้านกล้อทอ,16.030456,98.665766,Thailand,ThaiWater (HII),STN0439,DWR,Tak,
1706,บ้านช่องแคบ,16.476815,98.647331,Thailand,ThaiWater (HII),STN0365,DWR,Tak,
1699,บ้านแม่ละเมา,16.805604,98.742616,Thailand,ThaiWater (HII),STN0438,DWR,Tak,
1698,บ้านขุนห้วยแม่ต้าน,17.271742,98.237454,Thailand,ThaiWater (HII),STN0662,DWR,Tak,
1109583,Ban Lup Lao School,16.871336,103.99224,Thailand,ThaiWater (HII),ONE094,HII,Sakon Nakhon,
1683,บ้านหนองบัวสามัคคี,16.559187,99.259333,Thailand,ThaiWater (HII),STN0669,DWR,Kamphaeng Phet,
1109587,Tha Phraya,6.624624,100.94688,Thailand,ThaiWater (HII),ONE098,HII,Songkhla,
1675,บ้านกะเหรี่ยงน้ำตก,16.126938,99.306881,Thailand,ThaiWater (HII),STN0913,DWR,Kamphaeng Phet,
1668,บ้านศรีไกรลาศ,16.465842,99.346447,Thailand,ThaiWater (HII),STN0444,DWR,Kamphaeng Phet,
1644,บ้านน้ำริน,19.460327,98.296431,Thailand,ThaiWater (HII),STN0257,DWR,Mae Hong Son,
1640,บ้านขุนแม่ลาน้อย,18.622216,98.112245,Thailand,ThaiWater (HII),STN0637,DWR,Mae Hong Son,
1639,บ้านกอกหลวง,18.529697,98.138502,Thailand,ThaiWater (HII),STN0531,DWR,Mae Hong Son,
1638,บ้านห้วยมะกอก,18.50562,98.009019,Thailand,ThaiWater (HII),STN0530,DWR,Mae Hong Son,
1637,บ้านดูลาเปอ,18.407426,98.079866,Thailand,ThaiWater (HII),STN0367,DWR,Mae Hong Son,
1636,บ้านแม่ขีด,18.511358,98.074983,Thailand,ThaiWater (HII),STN0121,DWR,Mae Hong Son,
1635,บ้านดงใหม่,18.345234,98.108994,Thailand,ThaiWater (HII),STN0124,DWR,Mae Hong Son,
1634,บ้านผาแดงหลวง,18.5751,98.018199,Thailand,ThaiWater (HII),STN0527,DWR,Mae Hong Son,
1633,บ้านแม่โถใต้,18.608488,97.983469,Thailand,ThaiWater (HII),STN0119,DWR,Mae Hong Son,
1630,บ้านแม่สุ,18.481651,97.906756,Thailand,ThaiWater (HII),STN0532,DWR,Mae Hong Son,
1113289,อ.ทุ่งช้าง,19.419318,100.878985,Thailand,ThaiWater (HII),SKU01,EGAT,Nan,
1626,บ้านอมพาย,18.298251,98.171916,Thailand,ThaiWater (HII),STN0208,DWR,Mae Hong Son,
1113291,อ.เมืองน่าน (N.1),18.77485,100.77974,Thailand,ThaiWater (HII),SKU03,EGAT,Nan,
1113292,อ.เวียงสา (N.13A) น้ำน่าน,18.549993,100.760637,Thailand,ThaiWater (HII),SKU04,EGAT,Nan,
1113293,อ.บ่อเกลือ,19.148374,101.156297,Thailand,ThaiWater (HII),SKU05,EGAT,Nan,
1113294,อ.แม่จริม,18.716083,101.007286,Thailand,ThaiWater (HII),SKU06,EGAT,Nan,
1113295,อ.เวียงสา (N.75)  น้ำว้า,18.548273,100.808617,Thailand,ThaiWater (HII),SKU07,EGAT,Nan,
1113296,อ.นาน้อย,18.314601,100.693776,Thailand,ThaiWater (HII),SKU08,EGAT,Nan,
1624,บ้านดง,18.341266,98.080359,Thailand,ThaiWater (HII),STN0123,DWR,Mae Hong Son,
1623,บ้านห้วยโผ,18.030263,97.904372,Thailand,ThaiWater (HII),STN0833,DWR,Mae Hong Son,
1620,บ้านป่ากล้วย,18.164142,97.955025,Thailand,ThaiWater (HII),STN0431,DWR,Mae Hong Son,
1116838,Huai Mae Ruam Bridge,18.919376,98.20057,Thailand,ThaiWater (HII),FOP064,FOP,Chiang Mai,
1116839,Bridge over the Lao River - Ban Pa Sak,19.301765,99.51751,Thailand,ThaiWater (HII),FOP065,FOP,Chiang Rai,
1116840,Lao River Slow Bridge - Ban Hong,19.173138,99.50559,Thailand,ThaiWater (HII),FOP066,FOP,Chiang Rai,
1116841,Mae Chedi Mai,19.16978,99.5086,Thailand,ThaiWater (HII),FOP067,FOP,Chiang Rai,
1616,บ้านปางตอง,19.055145,98.601353,Thailand,ThaiWater (HII),STN0116,DWR,Mae Hong Son,
1615,บ้านแม่เหมืองหลวง,19.164337,98.565672,Thailand,ThaiWater (HII),STN0529,DWR,Mae Hong Son,
1614,บ้านขุนสาใน,19.094579,98.641737,Thailand,ThaiWater (HII),STN0117,DWR,Mae Hong Son,
1116845,Khlong So Wo Bridge,5.887212,101.69571,Thailand,ThaiWater (HII),FOP071,FOP,Narathiwat,
1117429,Nong Leng Sai Weir,19.350946,99.82508,Thailand,ThaiWater (HII),PYO002,HII,Phayao,
1117430,Ban Tam Bridge,19.21819,99.862686,Thailand,ThaiWater (HII),PYO003,HII,Phayao,
1117431,Ban Chedi Ngam Bridge,19.186546,99.9439,Thailand,ThaiWater (HII),PYO004,HII,Phayao,
1613,บ้านเมืองแปง,19.211912,98.368347,Thailand,ThaiWater (HII),STN0369,DWR,Mae Hong Son,
1118291,ประปาหมู่บ้าน บ้านวังจาน หมู่ 8,14.147276,99.309088,Thailand,ThaiWater (HII),TA15,DISASTER,Kanchanaburi,
1610,บ้านหมอแปง,19.381483,98.392082,Thailand,ThaiWater (HII),STN0936,DWR,Mae Hong Son,
1118470,ร้านค้าชุมชน หมู่ 3,12.73632,102.18882,Thailand,ThaiWater (HII),TA76,DISASTER,Chanthaburi,
1118472,กลุ่มเครดิตยูเนียน หมู่ 6,12.624556,102.158523,Thailand,ThaiWater (HII),TA72,DISASTER,Chanthaburi,
1118475,บ้านเลขที่ 29/1  หมู่ 1  บ้านมอเกอร์ไทย,16.32864,98.66959,Thailand,ThaiWater (HII),TB63,DISASTER,Tak,
1118476,บริเวณ ธ.ก.ส.สาขาประทิว(เทศบาลตำบลสะพลีเดิม),10.5875,99.2807,Thailand,ThaiWater (HII),EG03,DISASTER,Chumphon,
1609,บ้านปางแปก,19.440012,98.349083,Thailand,ThaiWater (HII),STN0427,DWR,Mae Hong Son,
1608,บ้านใหม่,19.375062,98.444949,Thailand,ThaiWater (HII),STN0129,DWR,Mae Hong Son,
1607,บ้านเมืองน้อย,19.511694,98.514434,Thailand,ThaiWater (HII),STN0258,DWR,Mae Hong Son,
1118483,วัดหนองแม่ล่าง หมู่ 9,17.33041,99.09027,Thailand,ThaiWater (HII),TH82,DISASTER,Tak,
1118485,วัดเกศแก้วบูรพา,16.64706,98.60309,Thailand,ThaiWater (HII),TB67,DISASTER,Tak,
1606,บ้านใหม่พัฒนา,18.842956,97.996616,Thailand,ThaiWater (HII),STN0628,DWR,Mae Hong Son,
1118488,ที่ทำการผู้ใหญ่บ้าน บ้านน้ำลาด หมู่ 6,19.50267,100.91204,Thailand,ThaiWater (HII),TD00,DISASTER,Nan,
1118489,หอประชุมหมู่บ้าน บ้านปอน หมู่ 6,19.52118,100.92492,Thailand,ThaiWater (HII),TD06,DISASTER,Nan,
1118490,หอประชุมหมู่บ้าน บ้านป่าเปือย หมู่ 7,19.516135,100.927708,Thailand,ThaiWater (HII),TD07,DISASTER,Nan,
1118494,ศาลาชุมชน หมู่ 2  บ้านร้องตอง,18.755366,100.77248,Thailand,ThaiWater (HII),TC80,DISASTER,Nan,
1118496,อาคารเอนกประสงค์บ้านน้ำครกเก่า หมู่ 5,18.686035,100.764733,Thailand,ThaiWater (HII),TC76,DISASTER,Nan,
1118499,ศาลาเอนกประสงค์บ้านในล็อค หมู่ 8,11.18092,99.35529,Thailand,ThaiWater (HII),EF04,DISASTER,Prachuap Khiri Khan,
1604,บ้านแม่ออ,18.773906,98.037821,Thailand,ThaiWater (HII),STN0428,DWR,Mae Hong Son,
1603,บ้านแม่โกปิ่,18.703906,98.066384,Thailand,ThaiWater (HII),STN0642,DWR,Mae Hong Son,
1118502,ศาลาเอนกประสงค์กลางหมู่บ้าน บ้านหนองเป่าปี่ ม.3,12.26841,99.76788,Thailand,ThaiWater (HII),EF08,DISASTER,PrachuapKhiriKhan,
1118503,ชายหาดทางลงโรงแรมโซฟิเทล,12.56712,99.9629,Thailand,ThaiWater (HII),EF01,DISASTER,Prachuap Khiri Khan,
1118504,บ้านผู้ช่วยผู้ใหญ่บ้าน บ้านปางค่าเหนือ หมู่ 6,19.3341,100.44015,Thailand,ThaiWater (HII),TD16,DISASTER,Phayao,
1118505,บ้านผู้ใหญ่บ้าน หมู่ 5,19.354575,100.393051,Thailand,ThaiWater (HII),TD17,DISASTER,Phayao,
1118508,ศาลาเอนกประสงค์ บ้านสบสา หมู่ 5,19.521151,100.364538,Thailand,ThaiWater (HII),TD12,DISASTER,Phayao,
1118509,วัดบ้านผาตั้ง หมู่ 6,19.11241,100.379645,Thailand,ThaiWater (HII),TD23,DISASTER,Phayao,
1118510,อาคารผลิตน้ำดื่มป่าแฝกหมู่ 4,19.44931,99.758,Thailand,ThaiWater (HII),TD25,DISASTER,Chiang Rai,
1602,บ้านท่าหินส้ม,18.657743,97.928956,Thailand,ThaiWater (HII),STN0834,DWR,Mae Hong Son,
1118517,ชุมชนตากวน-อ่าวประดู่ เขตเทศบาลเมืองมาบตาพุต,12.67415,101.17208,Thailand,ThaiWater (HII),EB03,DISASTER,Rayong,
1118518,บริเวณศาลาร่วมใจพัฒนาเฉลิมพระเกียรติ ชุมชนสองพี่น้อง,12.667611,101.290426,Thailand,ThaiWater (HII),TJ18,DISASTER,Rayong,
1118522,ที่ว่าการอำเภอเมือง,14.79858,100.65299,Thailand,ThaiWater (HII),CC01,DISASTER,Lop Buri,
1118523,ศูนย์สาธารณสุขมูลฐาน หมู่ 9,18.42593,99.26722,Thailand,ThaiWater (HII),TE33,DISASTER,Lampang,
1601,บ้านเมืองปอน,18.745995,97.927225,Thailand,ThaiWater (HII),STN0629,DWR,Mae Hong Son,
1118526,ศาลาเอนกประสงค์บ้านหลุก หมู่ 2,18.70927,99.56773,Thailand,ThaiWater (HII),TE18,DISASTER,Lampang,
1118528,หน้าวัดประตูเหล็ก บ้านใหม่เหล่ายาว หมู่ 8,18.73241,99.56254,Thailand,ThaiWater (HII),TE20,DISASTER,Lampang,
1600,บ้านแม่สุริน,18.916115,97.943995,Thailand,ThaiWater (HII),STN0112,DWR,Mae Hong Son,
1118530,บ้านท้องฝาย หมู่ 3,18.42159,99.02984,Thailand,ThaiWater (HII),TE47,DISASTER,Lamphun,
1118534,บ้านเลขที่ 120 หมู่ 7,16.830538,99.742928,Thailand,ThaiWater (HII),TE88,DISASTER,Sukhothai,
1118535,โรงเรียนบ้านเชิงผา ม.11,17.31811,99.51099,Thailand,ThaiWater (HII),TF06,DISASTER,Sukhothai,
1118539,โรงพยาบาลส่งเสริมสุขภาพตำบล บ้านสระบัว,17.11197,99.76972,Thailand,ThaiWater (HII),TF02,DISASTER,Sukhothai,
1118540,ศาลาเอนกประสงค์บ้านท่าพระ หมู่ 5,17.05052,99.82143,Thailand,ThaiWater (HII),TH14,DISASTER,Sukhothai,
1118542,องค์การบริหารส่วนตำบลน้ำไผ่,17.58109,100.67976,Thailand,ThaiWater (HII),TF98,DISASTER,Uttaradit,
1597,บ้านทุ่งมะส้าน,19.457811,98.001028,Thailand,ThaiWater (HII),STN0632,DWR,Mae Hong Son,
1118548,ที่ทำการผู้ใหญ่บ้าน หมู่ 5 บ้านแม่เฉย,17.74396,100.13901,Thailand,ThaiWater (HII),TF93,DISASTER,Uttaradit,
1118549,ที่ทำการ อบต.แม่เจดีย์,19.193641,99.534261,Thailand,ThaiWater (HII),FD02,DISASTER,Chiang Rai,
1118550,วัดหินแตก บ้านหินแตก,20.25005,99.646913,Thailand,ThaiWater (HII),FD05,DISASTER,Chiang Rai,
1118554,บริเวณวัดจอมแจ้ง,17.405783,98.462226,Thailand,ThaiWater (HII),FC05,DISASTER,Chiang Mai,
1118558,ที่บ้านผู้ใหญ่บ้าน หมู่ 3,13.09366,100.06203,Thailand,ThaiWater (HII),TD58,DISASTER,Phetchaburi,
1118559,บ้านธารทิพย์ หมู่12,16.66264,101.13721,Thailand,ThaiWater (HII),FJ04,DISASTER,Phetchabun,
1596,บ้านหมอกจำแป๋,19.42686,97.957214,Thailand,ThaiWater (HII),STN0634,DWR,Mae Hong Son,
1118564,ศาลา SML บ้านนาปลากั้ง หมู่ 3,17.79307,99.78394,Thailand,ThaiWater (HII),TD64,DISASTER,Phrae,
1594,บ้านทบศอก,19.49582,97.959774,Thailand,ThaiWater (HII),STN0118,DWR,Mae Hong Son,
1118567,องค์การบริหารส่วนตำบลเวียงเหนือ,19.37834,98.44574,Thailand,ThaiWater (HII),TH61,DISASTER,Mae Hong Son,
1118568,หลังอาคารกองร้อย อส.,19.35902,98.43986,Thailand,ThaiWater (HII),FA01,DISASTER,Mae Hong Son,
1118571,อ่าวตาลคู่ หมู่ 1,12.20394,102.28004,Thailand,ThaiWater (HII),ED08,DISASTER,Trat,
1119536,บ้านบ่อม่วง,7.677,99.19893,Thailand,ThaiWater (HII),WB26,DISASTER,Krabi,
1119537,บ้านแหลมสัก,8.276975,98.651688,Thailand,ThaiWater (HII),WB13,DISASTER,Krabi,
1119538,บ้านลันตาน้อย,7.67166,99.04279,Thailand,ThaiWater (HII),WB28,DISASTER,Krabi,
1593,บ้านสบสอย,19.330694,97.942567,Thailand,ThaiWater (HII),STN0130,DWR,Mae Hong Son,
1601339,Huai Tang Reservoir,18.29177,98.86272,Thailand,ThaiWater (HII),RES017,HII,Lamphun,
1119547,องค์การบริหารส่วนตำบลลำชี,16.21329,103.48106,Thailand,ThaiWater (HII),NC03,DISASTER,Kalasin,
1119550,บ้านเลขที่ 2 หมู่ 4,14.94948,99.82735,Thailand,ThaiWater (HII),TB01,DISASTER,Chai Nat,
1119551,บ้านปากน้ำละแม ม.1,9.79235,99.1371,Thailand,ThaiWater (HII),EG10,DISASTER,Chumphon,
1119554,EG02 - หน้าสถานีวิทยุชุมชน ม.3 ต.ปากน้ำ อ.หลังสวน จ.ชุมพร,10.4365,99.2443,Thailand,ThaiWater (HII),EG02,DISASTER,Chumphon,
1119555,หน้าสนามกีฬาอนุกูล บ้านบน ม.5,10.43651,99.24413,Thailand,ThaiWater (HII),EG01,DISASTER,Chumphon,
1119559,หลังปั๊มน้ำมัน บริเวณหาดยาวเจ้าไหม หมู่6,7.31059,99.39901,Thailand,ThaiWater (HII),WN11,DISASTER,Trang,
1119560,บ้านหาดทรายทอง หมู่4,7.109518,99.579049,Thailand,ThaiWater (HII),WN13,DISASTER,Trang,
1592,บ้านชานเมือง,19.312773,97.985103,Thailand,ThaiWater (HII),STN0635,DWR,Mae Hong Son,
1591,บ้านผาบ่อง,19.227064,97.970524,Thailand,ThaiWater (HII),STN0127,DWR,Mae Hong Son,
1590,บ้านห้วยโป่ง,19.026328,97.98352,Thailand,ThaiWater (HII),STN0641,DWR,Mae Hong Son,
1589,บ้านพอนอคี,18.954548,98.081705,Thailand,ThaiWater (HII),STN0430,DWR,Mae Hong Son,
1119571,บ้านคอเขา ม.2,9.1995,99.874932,Thailand,ThaiWater (HII),EJ02,DISASTER,Nakhon Si Thammarat,
1119572,องค์การบริหารส่วนตำบลท่าศาลา,8.663347,99.928204,Thailand,ThaiWater (HII),EJ07,DISASTER,Nakhon Si Thammarat,
1119573,บ้านปลายอวน ม.5,8.508926,99.80418,Thailand,ThaiWater (HII),EJ09,DISASTER,Nakhon Si Thammarat,
1119574,องค์การบริหารส่วนตาบลกำโลน,8.408102,99.794936,Thailand,ThaiWater (HII),EJ10,DISASTER,Nakhon Si Thammarat,
1119577,หาดนราทัศน์,6.448501,101.821052,Thailand,ThaiWater (HII),EP01,DISASTER,Narathiwat,
1119579,องค์การบริหารส่วนตาบลบุพราหมณ์,14.281191,101.897031,Thailand,ThaiWater (HII),CP02,DISASTER,Prachin Buri,
1588,บ้านไมโครเวฟ,19.098686,98.062319,Thailand,ThaiWater (HII),STN0128,DWR,Mae Hong Son,
1601340,Thung Man Reservoir,18.25546,98.84405,Thailand,ThaiWater (HII),RES018,HII,Lamphun,
1119582,ทต.บางปะหัน,14.46164,100.54531,Thailand,ThaiWater (HII),CJ04,DISASTER,Phra Nakhon Si Ayutthaya,
1119583,อุทยานแห่งชาติ หมู่เกาะสุรินทร์เหนือ (อบต.บางม่วง),9.43282,97.86224,Thailand,ThaiWater (HII),WF14,DISASTER,Phangnga,
1119584,หาดนางทอง บางหลาโอน,8.6452,98.24702,Thailand,ThaiWater (HII),WF16,DISASTER,Phangnga,
1119586,อนุสรณ์ 5 ธันวา บ้านน้ำเค็ม หมู่2,8.85762,98.27284,Thailand,ThaiWater (HII),WF09,DISASTER,Phangnga,
1119587,บริเวณอำเภอเก่า หมู่1,8.99641,98.30841,Thailand,ThaiWater (HII),WF12,DISASTER,Phangnga,
1119591,องค์การบริหารส่วนตาบลชะมวง,7.748877,99.979776,Thailand,ThaiWater (HII),EK05,DISASTER,Phatthalung,
1587,บ้านกลาง,19.060569,97.882234,Thailand,ThaiWater (HII),STN0640,DWR,Mae Hong Son,
1586,บ้านป่าลัน,20.08033,100.06349,Thailand,ThaiWater (HII),STN0514,DWR,Chiang Rai,
1119595,อบต. งื้วราย,16.245528,100.412673,Thailand,ThaiWater (HII),FT02,DISASTER,Phichit,
1119596,อบต. ป่ามะคาบ,16.512303,100.376471,Thailand,ThaiWater (HII),FT01,DISASTER,Phichit,
1119598,บ้านสวนมะพร้าว หมู่ 3,8.1587,98.29581,Thailand,ThaiWater (HII),TG50,DISASTER,Phuket,
1119601,บ้านบางเบน,9.60494,98.46806,Thailand,ThaiWater (HII),WJ02,DISASTER,Ranong,
1585,บ้านตาดควัน,20.045844,100.177303,Thailand,ThaiWater (HII),STN0388,DWR,Chiang Rai,
1119603,บ้านปากคลอง หมู่1,9.942865,98.59467,Thailand,ThaiWater (HII),WJ07,DISASTER,Ranong,
1582,บ้านน้ำตกพัฒนา,19.964721,100.06945,Thailand,ThaiWater (HII),STN0513,DWR,Chiang Rai,
1119608,ที่ว่าการอำเภอชัยบาดาล,15.20606,101.1369,Thailand,ThaiWater (HII),CC02,DISASTER,Lop Buri,
1119609,ศาลาเอนกประสงค์บ้านป่าไผ่ ม.1,17.87745,98.9253,Thailand,ThaiWater (HII),TE35,DISASTER,Lamphun,
1119610,ที่ว่าการอำเภอสว่างแดนดิน,17.47527,103.457916,Thailand,ThaiWater (HII),MA04,DISASTER,Sakon Nakhon,
1119613,หาดมหาราช,7.475482,100.445335,Thailand,ThaiWater (HII),EL07,DISASTER,Songkhla,
1119615,บ้านทุ่งสะโบ๊ะ ม.2,7.025641,99.67609,Thailand,ThaiWater (HII),WK22,DISASTER,Satun,
1581,บ้านดอยชมภู,19.795179,99.637904,Thailand,ThaiWater (HII),STN0516,DWR,Chiang Rai,
1119619,ร.ร.บ้านบุโบย ม.3,6.948872,99.691046,Thailand,ThaiWater (HII),WK06,DISASTER,Satun,
1119620,บ้านสนกลาง ม.4,6.916191,99.686514,Thailand,ThaiWater (HII),WK17,DISASTER,Satun,
1119621,ป้ายทางเข้าอุทยาน ฯ ปางสีดา,13.97827,102.20292,Thailand,ThaiWater (HII),ET02,DISASTER,Sa Kaeo,
1119622,บ้านละว้าวังควาย ( บริเวณวัด ฯ ),14.8578,99.39806,Thailand,ThaiWater (HII),CB01,DISASTER,Suphan Buri,
1119624,บ้านสองพี่น้อง หมู่1 (บ้านเลขที่ 48 หมู่ 1 ),8.83623,98.72204,Thailand,ThaiWater (HII),TJ54,DISASTER,Surat Thani,
1119627,ศาลาประชาคมหมู่บ้านปลายแหลม,9.57262,100.06635,Thailand,ThaiWater (HII),TH52,DISASTER,Surat Thani,
1119629,เทศบาลตำบลท่าตูม,15.31902,103.67404,Thailand,ThaiWater (HII),MC03,DISASTER,Surin,
1580,บ้านห้วยส้าน,19.744939,99.624247,Thailand,ThaiWater (HII),STN0363,DWR,Chiang Rai,
1579,บ้านป่ายางอาข่า,20.296348,99.771896,Thailand,ThaiWater (HII),STN0192,DWR,Chiang Rai,
1119634,ศาลาเอนกประสงค์บ้านตาดไฮ หมู่5 บ้านตาดไฮ,16.90669,102.41233,Thailand,ThaiWater (HII),NA03,DISASTER,Nong Bua Lam Phu,
1578,บ้านขาแหย่ง,20.274041,99.616148,Thailand,ThaiWater (HII),STN0007,DWR,Chiang Rai,
1119636,โรงเรียนบ้านนาสีดา,16.264013,104.985281,Thailand,ThaiWater (HII),NK03,DISASTER,Amnat Charoen,
1577,บ้านสุขฤทัย,20.102519,99.546822,Thailand,ThaiWater (HII),STN0035,DWR,Chiang Mai,
1119638,ร.ร.บ้านนาเก็น,17.860496,102.256593,Thailand,ThaiWater (HII),NJ03,DISASTER,Udon Thani,
1576,บ้านสันติสุข (บ้านกิ่วสะไต),20.104385,99.624626,Thailand,ThaiWater (HII),STN0616,DWR,Chiang Rai,
1119641,ศาลา SML. หมู่.2 บ้านวังหัวดอย,17.78638,100.29104,Thailand,ThaiWater (HII),TF82,DISASTER,Uttaradit,
1119642,บ้านผู้ใหญ่บ้าน หมู่ 3,17.6969,100.01749,Thailand,ThaiWater (HII),TF77,DISASTER,Uttaradit,
1119643,ที่ทำการกำนัน หมู่ 2,15.59032,99.85074,Thailand,ThaiWater (HII),TG27,DISASTER,Uthai Thani,
1119644,ที่ทำการผู้ใหญ่บ้าน หมู่ 3,15.56532,99.86452,Thailand,ThaiWater (HII),TG28,DISASTER,Uthai Thani,
1575,บ้านสันติคีรี,20.165052,99.625155,Thailand,ThaiWater (HII),STN0195,DWR,Chiang Rai,
1119648,ที่ทำการผู้ใหญ่บ้าน หมู่ 13,20.43414,99.89809,Thailand,ThaiWater (HII),TH79,DISASTER,Chiang Rai,
1119649,บ้านซับเปิบ หมู่3,16.354098,100.934363,Thailand,ThaiWater (HII),FJ06,DISASTER,Phetchabun,
1574,บ้านโป่งไฮ,20.287715,99.544433,Thailand,ThaiWater (HII),STN0624,DWR,Chiang Rai,
1120552,Winter Flower Garden in Betong (Muban Pi Ya Mit 2),5.887365,101.02043,Thailand,ThaiWater (HII),MOU435,FOP,Yala,
1120553,Tunnel Pi Ya Mit (Ban Pi Ya Mit 2),5.889625,101.047,Thailand,ThaiWater (HII),MOU441,FOP,Yala,
1120554,Betong Canal (Gu Nung Ja Nong community),5.785312,101.058685,Thailand,ThaiWater (HII),MOU454,FOP,Yala,
1120556,National Park Protection Unit of To Yo (Khao Thong),8.33562,99.70955,Thailand,ThaiWater (HII),MOU489,FOP,Nakhon Si Thammarat,
1120557,Ban Khiri Wong (Khlong Tha Di) Bridge,8.432906,99.782646,Thailand,ThaiWater (HII),MOU494,FOP,Nakhon Si Thammarat,
1120558,Bang Phan,8.509954,98.91039,Thailand,ThaiWater (HII),MOU495,FOP,Krabi,
1571,บ้านห้วยหยวกป่าโซ,20.250909,99.581493,Thailand,ThaiWater (HII),STN0518,DWR,Chiang Rai,
1570,บ้านหัวแม่คำ,20.367812,99.469275,Thailand,ThaiWater (HII),STN0610,DWR,Chiang Rai,
1120561,Wildlife Sanctuary of Ton Ngachang,6.943634,100.250435,Thailand,ThaiWater (HII),MOU502,FOP,Songkhla,
1120562,National Park Protection Unit of Ko Po 5 (Ban Nai Tao),7.8944,99.70658,Thailand,ThaiWater (HII),MOU505,FOP,Trang,
1569,บ้านพญาไพรเล่ามา,20.318615,99.60575,Thailand,ThaiWater (HII),STN0193,DWR,Chiang Rai,
1568,บ้านอากู่,20.251156,99.678848,Thailand,ThaiWater (HII),STN0194,DWR,Chiang Rai,
1121199,Maenam Ngao bridge,20.030533,100.48944,Thailand,ThaiWater (HII),MOU171,FOP,Chiang Rai,
1567,บ้านขุนต้า,19.794606,100.293906,Thailand,ThaiWater (HII),STN0869,DWR,Chiang Rai,
1121201,Watershed Management and Community Development Unit in the Phu Sang Conservation Forest Area,19.703238,100.398834,Thailand,ThaiWater (HII),MOU175,FOP,Phayao,
1121203,Watershed Management and Community Development Unit in the Doi Pang Nun Conservation Forest Area,20.360617,99.49909,Thailand,ThaiWater (HII),MOU180,FOP,Chiang Rai,
1566,บ้านห้วยเอียน,20.180991,100.477644,Thailand,ThaiWater (HII),STN0870,DWR,Chiang Rai,
1121205,National Park Protection Unit of Mo Po 3 (Huai Luang),19.51145,99.9326,Thailand,ThaiWater (HII),MOU190,FOP,Chiang Rai,
1121206,National Park Protection Unit of Mo Po 2 (Huai Phaya Kao),19.803078,99.87332,Thailand,ThaiWater (HII),MOU191,FOP,Chiang Rai,
1121207,National Park Protection Unit of Do Lo 4 (Sun klang),19.63342,99.65183,Thailand,ThaiWater (HII),MOU196,FOP,Chiang Rai,
1121208,Doi Luang National Park,19.444023,99.70324,Thailand,ThaiWater (HII),MOU198,FOP,Chiang Rai,
1121209,Chiang Rai Forest Fire Control Center,20.241756,100.17084,Thailand,ThaiWater (HII),MOU199,FOP,Chiang Rai,
1121210,Wildlife Sanctuary of Nong Bong Khai,20.261282,100.046135,Thailand,ThaiWater (HII),MOU202,FOP,Chiang Rai,
1121211,Watershed Management and Community Development Unit in the Nam Kam Conservation Forest Area,16.8692,104.528,Thailand,ThaiWater (HII),MOU204,FOP,Nakhon Phanom,
1565,บ้านราษฎร์ภักดี,19.866723,100.400368,Thailand,ThaiWater (HII),STN0384,DWR,Chiang Rai,
1564,บ้านร่มโพธิ์เงิน,19.872665,100.488813,Thailand,ThaiWater (HII),STN0399,DWR,Chiang Rai,
1563,บ้านผาแล,19.941459,100.433089,Thailand,ThaiWater (HII),STN0916,DWR,Chiang Rai,
1562,บ้านผาตั้ง,19.943927,100.508262,Thailand,ThaiWater (HII),STN0238,DWR,Chiang Rai,
1561,บ้านร่มฟ้าทอง,19.889393,100.440891,Thailand,ThaiWater (HII),STN0046,DWR,Chiang Rai,
1560,บ้านดอน,20.010046,100.489394,Thailand,ThaiWater (HII),STN0863,DWR,Chiang Rai,
1559,บ้านหลู้,20.085658,100.52696,Thailand,ThaiWater (HII),STN0862,DWR,Chiang Rai,
1121222,Namngoen Watershed Study Unit,19.36386,100.37124,Thailand,ThaiWater (HII),MOU267,FOP,Phayao,
1121223,Watershed Management and Community Development Unit in the Mae Tae Conservation Forest Area,17.7042,98.8346,Thailand,ThaiWater (HII),MOU277,FOP,Lamphun,
1557,บ้านขุนห้วยแม่เปา,19.965477,100.135112,Thailand,ThaiWater (HII),STN0386,DWR,Chiang Rai,
1556,บ้านนาเจริญ,19.889273,100.107035,Thailand,ThaiWater (HII),STN0387,DWR,Chiang Rai,
1554,บ้านห้วยโป่ง,19.13038,99.43776,Thailand,ThaiWater (HII),STN0789,DWR,Chiang Rai,
1121228,Mae Tom Bridge,17.799877,98.36419,Thailand,ThaiWater (HII),MOU298,FOP,Chiang Mai,
1121229,"Mae Chaem River Bridge, Ban Pae",18.232069,98.439766,Thailand,ThaiWater (HII),MOU299,FOP,Chiang Mai,
1553,บ้านโป่งน้ำร้อน,19.119776,99.477222,Thailand,ThaiWater (HII),STN0380,DWR,Chiang Rai,
1552,บ้านดอยมด,19.053502,99.464354,Thailand,ThaiWater (HII),STN0190,DWR,Chiang Rai,
1121232,Wildlife Sanctuary of Doi Phra Bat,18.616037,99.49938,Thailand,ThaiWater (HII),MOU320,FOP,Lampang,
1551,บ้านป่าซางพัฒนา,19.220539,99.498594,Thailand,ThaiWater (HII),STN0381,DWR,Chiang Rai,
1121234,Nam Wang Bridge,19.232492,99.63247,Thailand,ThaiWater (HII),MOU323,FOP,Lampang,
1121235,Watershed Management and Community Development Unit in the Khun Soi Conservation Forest Area,18.997137,99.51786,Thailand,ThaiWater (HII),MOU327,FOP,Lampang,
1550,บ้านแม่ฉางข้าว,19.235843,99.42165,Thailand,ThaiWater (HII),STN0382,DWR,Chiang Rai,
1121237,Watershed Management and Community Development Unit in the Mae Chae Fa Conservation Forest Area,18.8129,99.7737,Thailand,ThaiWater (HII),MOU330,FOP,Lampang,
1121239,Nam Ngim Bridge,19.321678,100.456184,Thailand,ThaiWater (HII),MOU352,FOP,Phayao,
1121241,Mae Chua Watershed Conservation Development Study Unit,19.01259,100.17051,Thailand,ThaiWater (HII),MOU357,FOP,Phayao,
1549,บ้านขุนเมืองงาม,19.288772,99.490996,Thailand,ThaiWater (HII),STN0619,DWR,Chiang Rai,
1548,บ้านดอยงาม,19.515191,99.339423,Thailand,ThaiWater (HII),STN0199,DWR,Chiang Rai,
1547,บ้านแม่ปูนหลวง,19.391865,99.337481,Thailand,ThaiWater (HII),STN0620,DWR,Chiang Rai,
1546,บ้านแม่ปูนล่าง,19.41308,99.451631,Thailand,ThaiWater (HII),STN0017,DWR,Chiang Rai,
1545,บ้านปางกลาง,19.913413,99.468684,Thailand,ThaiWater (HII),STN0314,DWR,Chiang Rai,
1544,บ้านห้วยกล้า,19.844915,99.527341,Thailand,ThaiWater (HII),STN0198,DWR,Chiang Rai,
1543,บ้านห้วยน้ำมา,19.71344,99.496153,Thailand,ThaiWater (HII),STN0617,DWR,Chiang Rai,
1542,บ้านห้วยน้ำอุ่น,19.819283,99.487314,Thailand,ThaiWater (HII),STN0394,DWR,Chiang Rai,
1121251,Station Nursery Seedlings Uttaradit,17.763918,100.16196,Thailand,ThaiWater (HII),MOU409,FOP,Uttaradit,
1541,บ้านดอยล้าน,19.763826,99.56115,Thailand,ThaiWater (HII),STN0315,DWR,Chiang Rai,
1121254,Watershed Management and Community Development Unit in Khun Nam Yen Conservation Forest Area,15.8948,99.3084,Thailand,ThaiWater (HII),MOU416,FOP,Nakhon Sawan,
1540,บ้านผาใต้,20.045812,99.518417,Thailand,ThaiWater (HII),STN0034,DWR,Chiang Mai,
1121257,Huai Long Watershed Study Unit,18.82737,99.83016,Thailand,ThaiWater (HII),MOU428,FOP,Lampang,
1539,บ้านแม่ตาแมว,19.54357,99.575309,Thailand,ThaiWater (HII),STN0403,DWR,Chiang Rai,
1538,บ้านปางน้ำฮ้าย,19.497097,99.558671,Thailand,ThaiWater (HII),STN0864,DWR,Chiang Rai,
1537,บ้านห้วยชมภู (บ้านป่าคาหลวง),19.56225,99.312703,Thailand,ThaiWater (HII),STN0618,DWR,Chiang Rai,
1536,บ้านบาหรา,19.514582,99.430163,Thailand,ThaiWater (HII),STN0362,DWR,Chiang Rai,
1535,บ้านห้วยเฮี้ย,19.593495,99.455012,Thailand,ThaiWater (HII),STN0393,DWR,Chiang Rai,
1534,บ้านห้วยก้างปา,18.925049,100.157369,Thailand,ThaiWater (HII),STN0392,DWR,Phayao,
1533,บ้านปางกลาง,19.597858,99.614104,Thailand,ThaiWater (HII),STN0871,DWR,Chiang Rai,
1532,บ้านห้วยมะแกง,19.647085,99.421063,Thailand,ThaiWater (HII),STN0395,DWR,Chiang Rai,
1531,บ้านห้วยสลัก,19.712104,99.385191,Thailand,ThaiWater (HII),STN0013,DWR,Chiang Rai,
1530,บ้านแม่สรวย,19.65251,99.538113,Thailand,ThaiWater (HII),STN0917,DWR,Chiang Rai,
1121272,Khao Sip Ha Chan National Park,13.1773,102.00344,Thailand,ThaiWater (HII),MOU478,FOP,Chanthaburi,
1528,บ้านผาหมี,20.399302,99.851192,Thailand,ThaiWater (HII),STN0232,DWR,Chiang Rai,
1121275,Ban Luang Watershed Conservation Development Study Unit,18.774237,100.42194,Thailand,ThaiWater (HII),MOU481,FOP,Nan,
1527,บ้านแม่สาย (บ้านถ้ำผาจม),20.444611,99.871694,Thailand,ThaiWater (HII),STN0029,DWR,Chiang Rai,
1525,บ้านกิ่วกาญจน์,20.326005,100.312618,Thailand,ThaiWater (HII),STN0235,DWR,Chiang Rai,
1524,บ้านสันต้นเปา,20.345817,100.23851,Thailand,ThaiWater (HII),STN0389,DWR,Chiang Rai,
1523,บ้านธารทอง,20.265691,100.294255,Thailand,ThaiWater (HII),STN0236,DWR,Chiang Rai,
1121283,Nature and Wildlife Education Center of Huai Sai,12.669536,99.91219,Thailand,ThaiWater (HII),MOU490,FOP,Phetchaburi,
1522,บ้านดอยสะโง้,20.346087,100.020618,Thailand,ThaiWater (HII),STN0237,DWR,Chiang Rai,
1521,บ้านแม่แอบ,20.191848,100.221383,Thailand,ThaiWater (HII),STN0047,DWR,Chiang Rai,
1519,บ้านวังลาว,20.373037,100.060375,Thailand,ThaiWater (HII),STN0390,DWR,Chiang Rai,
1121290,Watershed Management Unit of West South,9.751751,98.646385,Thailand,ThaiWater (HII),MOU499,FOP,Chumphon,
1517,บ้านสามัคคีใหม่,20.241488,99.766502,Thailand,ThaiWater (HII),STN0836,DWR,Chiang Rai,
1516,บ้านห้วยส้าน,20.224296,99.769874,Thailand,ThaiWater (HII),STN0398,DWR,Chiang Rai,
1514,บ้านปางสา,20.105452,99.685334,Thailand,ThaiWater (HII),STN0009,DWR,Chiang Rai,
1123647,บ้านแม่ใจเหนือ,19.919476,99.191394,Thailand,ThaiWater (HII),STN1809,DWR,Chiang Mai,
1123648,บ้านน้ำลัด,18.430578,98.66912,Thailand,ThaiWater (HII),STN1810,DWR,Chiang Mai,
1123649,บ้านหนองห่าย,18.453694,98.729318,Thailand,ThaiWater (HII),STN1811,DWR,Chiang Mai,
1123650,บ้านแม่ลาน,17.694679,98.353775,Thailand,ThaiWater (HII),STN1812,DWR,Chiang Mai,
1123651,บ้านใหม่หล่ายท่า,19.17154,99.622608,Thailand,ThaiWater (HII),STN1813,DWR,Lampang,
1123652,บ้านเปียงใจ,18.815019,99.743708,Thailand,ThaiWater (HII),STN1814,DWR,Lampang,
1123653,บ้านทุ่งโป่ง,18.774213,99.486707,Thailand,ThaiWater (HII),STN1815,DWR,Lampang,
1123654,บ้านปวง,17.865614,99.066791,Thailand,ThaiWater (HII),STN1816,DWR,Lamphun,
1123655,บ้านแม่ของ,19.387812,98.440922,Thailand,ThaiWater (HII),STN1817,DWR,Mae Hong Son,
1123656,บ้านเหมืองแร่,19.240979,98.450155,Thailand,ThaiWater (HII),STN1818,DWR,Mae Hong Son,
1123657,บ้านไม้สะเป่,19.429392,97.855561,Thailand,ThaiWater (HII),STN1819,DWR,Mae Hong Son,
1123658,บ้านโท้งหลวง,19.683759,98.082688,Thailand,ThaiWater (HII),STN1820,DWR,Mae Hong Son,
1123659,บ้านโท้งสาแล,19.626503,98.101638,Thailand,ThaiWater (HII),STN1821,DWR,Mae Hong Son,
1513,บ้านเล่าชีก๋วย,20.101866,99.740817,Thailand,ThaiWater (HII),STN0837,DWR,Chiang Rai,
1123661,บ้านปางคาม,19.681226,98.209316,Thailand,ThaiWater (HII),STN1823,DWR,Mae Hong Son,
1512,บ้านแม่ลาก,20.169061,100.009185,Thailand,ThaiWater (HII),STN0396,DWR,Chiang Rai,
1123665,บ้านห้วยเสือเฒ่า,19.260113,97.905817,Thailand,ThaiWater (HII),STN1827,DWR,Mae Hong Son,
1509,บ้านห้วยต่าง,20.086696,99.73846,Thailand,ThaiWater (HII),STN0867,DWR,Chiang Rai,
1507,บ้านเวียงสา,19.631737,99.674394,Thailand,ThaiWater (HII),STN0623,DWR,Chiang Rai,
1123669,บ้านเย้าแม่ต๋ำ,19.995767,100.165556,Thailand,ThaiWater (HII),STN1831,DWR,Chiang Rai,
1123671,บ้านโล๊ะป่าตุ้ม,19.67876,99.973525,Thailand,ThaiWater (HII),STN1832,DWR,Chiang Rai,
1123673,บ้านพนาสวรรค์ (อาดี่),20.069875,99.604272,Thailand,ThaiWater (HII),STN1834,DWR,Chiang Rai,
1123675,บ้านแม่สาด (บ้านปางกลาง),19.877334,99.6875,Thailand,ThaiWater (HII),STN1836,DWR,Chiang Rai,
1123676,บ้านแม่สลัก,20.038973,99.476256,Thailand,ThaiWater (HII),STN1837,DWR,Chiang Rai,
1123677,บ้านใหม่แม่ยางมิ้น,19.56812,99.44115,Thailand,ThaiWater (HII),STN1838,DWR,Chiang Rai,
1123678,บ้านอายิโก๊ะ (บ้านป่าซ้อแสนพงษ์),19.67807,99.3053,Thailand,ThaiWater (HII),STN1839,DWR,Chiang Rai,
1123679,บ้านโป่งกลางน้ำ,19.872124,99.479156,Thailand,ThaiWater (HII),STN1840,DWR,Chiang Rai,
1123680,บ้านจู้จี้,19.89824,99.511515,Thailand,ThaiWater (HII),STN1841,DWR,Chiang Rai,
1123681,บ้านห้วยน้ำเย็น,19.839418,99.506389,Thailand,ThaiWater (HII),STN1842,DWR,Chiang Rai,
1123682,บ้านทุ่งยาว,19.188357,99.438707,Thailand,ThaiWater (HII),STN1843,DWR,Chiang Rai,
1123683,บ้านสาเจริญ,19.196259,99.520523,Thailand,ThaiWater (HII),STN1844,DWR,Chiang Rai,
1123684,บ้านโป่งหนอง,19.365567,99.536156,Thailand,ThaiWater (HII),STN1845,DWR,Chiang Rai,
1123685,บ้านใหม่พัฒนา,19.344777,99.528999,Thailand,ThaiWater (HII),STN1846,DWR,Chiang Rai,
1123686,บ้านป่าตึง,19.309325,99.409349,Thailand,ThaiWater (HII),STN1847,DWR,Chiang Rai,
1123687,บ้านห้วยมะเดื่อ (บ้านแม่ปูนน้อย),19.390625,99.420799,Thailand,ThaiWater (HII),STN1848,DWR,Chiang Rai,
1123689,บ้านศรีโพธิ์เงิน,19.445814,99.965101,Thailand,ThaiWater (HII),STN1850,DWR,Chiang Rai,
1123690,บ้านดงเจริญ,19.480109,99.705893,Thailand,ThaiWater (HII),STN1851,DWR,Chiang Rai,
1123691,บ้านท่าดีหมี,19.530298,99.696714,Thailand,ThaiWater (HII),STN1852,DWR,Chiang Rai,
1123692,บ้านดงตะเคียน,19.649697,99.77442,Thailand,ThaiWater (HII),STN1853,DWR,Chiang Rai,
1123693,บ้านดอยงาม,19.526098,99.861789,Thailand,ThaiWater (HII),STN1854,DWR,Chiang Rai,
1123694,บ้านปางงุ้น,18.89505,100.13837,Thailand,ThaiWater (HII),STN1855,DWR,Phayao,
1123695,บ้านกิ่วแก้ว,19.37946,100.088455,Thailand,ThaiWater (HII),STN1856,DWR,Phayao,
1123696,บ้านผาฮาว,19.458293,100.278919,Thailand,ThaiWater (HII),STN1857,DWR,Phayao,
1123697,บ้านปางถ้ำ,19.499217,100.457859,Thailand,ThaiWater (HII),STN1858,DWR,Phayao,
1123698,บ้านประชาภักดี (บ้านห้วยปุ้ม),19.535907,100.440415,Thailand,ThaiWater (HII),STN1859,DWR,Phayao,
1123699,บ้านนาบัว,18.977305,100.144935,Thailand,ThaiWater (HII),STN1860,DWR,Phayao,
1506,บ้านทุ่งมะฝาง,19.57153,99.678262,Thailand,ThaiWater (HII),STN0519,DWR,Chiang Rai,
1123701,บ้านห้วยกอก (บ้านน้ำปุก),19.25623,100.49135,Thailand,ThaiWater (HII),STN1862,DWR,Phayao,
1123702,บ้านปางค่าเหนือ,19.368361,100.470562,Thailand,ThaiWater (HII),STN1863,DWR,Phayao,
1123703,บ้านปางพริก,19.314713,100.464666,Thailand,ThaiWater (HII),STN1864,DWR,Phayao,
1123704,บ้านน้ำฮาก,19.329427,100.357865,Thailand,ThaiWater (HII),STN1865,DWR,Phayao,
1123705,บ้านร่องปอ,19.29155,99.939935,Thailand,ThaiWater (HII),STN1866,DWR,Phayao,
1123706,บ้านสันป่าส้าน,19.300732,99.962315,Thailand,ThaiWater (HII),STN1867,DWR,Phayao,
1123707,บ้านกาดถีกลาง,19.401731,99.982602,Thailand,ThaiWater (HII),STN1868,DWR,Phayao,
1123708,บ้านแม่สุกดอย (บ้านม่อนตากหงาย),19.326253,99.754483,Thailand,ThaiWater (HII),STN1869,DWR,Phayao,
1123710,บ้านนาโต่,20.293242,99.565398,Thailand,ThaiWater (HII),STN1871,DWR,Chiang Rai,
1123711,บ้านธาตุ,20.148983,99.66767,Thailand,ThaiWater (HII),STN1872,DWR,Chiang Rai,
1505,บ้านปางกล้วยค้าว,19.50441,99.667688,Thailand,ThaiWater (HII),STN0622,DWR,Chiang Rai,
1123713,บ้านห้วยข่อย,17.044677,101.297397,Thailand,ThaiWater (HII),STN1874,DWR,Phetchabun,
1123715,บ้านหมากแข้ง,17.00765,101.109554,Thailand,ThaiWater (HII),STN1877,DWR,Loei,
1123717,บ้านชมเจริญ,17.707099,101.907478,Thailand,ThaiWater (HII),STN1879,DWR,Loei,
1504,บ้านแผ่นดินทอง,19.835949,100.373889,Thailand,ThaiWater (HII),STN0383,DWR,Chiang Rai,
1503,บ้านพิทักษ์ไทย,19.751276,100.395865,Thailand,ThaiWater (HII),STN0621,DWR,Chiang Rai,
1123724,บ้านหนองค้าพัฒนา,17.02929,103.91076,Thailand,ThaiWater (HII),STN1886,DWR,Sakon Nakhon,
1502,บ้านดอนที,20.380987,100.265235,Thailand,ThaiWater (HII),STN0364,DWR,Chiang Rai,
1123726,บ้านกกโด่,16.970765,104.016964,Thailand,ThaiWater (HII),STN1888,DWR,Sakon Nakhon,
1501,บ้านสองพี่น้อง,20.376004,100.312389,Thailand,ThaiWater (HII),STN0379,DWR,Chiang Rai,
1499,บ้านร้องหัวฝาย,20.018051,100.263797,Thailand,ThaiWater (HII),STN0611,DWR,Chiang Rai,
1498,บ้านหลวง,20.044592,100.380313,Thailand,ThaiWater (HII),STN0360,DWR,Chiang Rai,
1497,บ้านน้ำม้าเหนือ,20.205743,100.369794,Thailand,ThaiWater (HII),STN0861,DWR,Chiang Rai,
1496,บ้านทุ่งทราย,20.261343,100.367141,Thailand,ThaiWater (HII),STN0860,DWR,Chiang Rai,
1495,บ้านทุ่งโค้ง,19.812101,100.034161,Thailand,ThaiWater (HII),STN0515,DWR,Chiang Rai,
1493,บ้านแคววัวคำ,19.976387,99.654801,Thailand,ThaiWater (HII),STN0361,DWR,Chiang Rai,
1492,บ้านโป่งน้ำร้อน,19.932051,99.684564,Thailand,ThaiWater (HII),STN0872,DWR,Chiang Rai,
1491,บ้านห้วยชมภู,19.968846,99.513386,Thailand,ThaiWater (HII),STN0280,DWR,Chiang Rai,
1490,บ้านแม่มอญ,19.852359,99.610264,Thailand,ThaiWater (HII),STN0196,DWR,Chiang Rai,
1489,บ้านห้วยแม่เลี่ยม,19.919978,99.623278,Thailand,ThaiWater (HII),STN0614,DWR,Chiang Rai,
1486,บ้านพนาสวรรค์,20.035888,99.601847,Thailand,ThaiWater (HII),STN0865,DWR,Chiang Rai,
1485,บ้านจะนู,19.957778,99.639167,Thailand,ThaiWater (HII),STN0008,DWR,Chiang Rai,
1484,บ้านห้วยขมนอก,19.987143,99.762426,Thailand,ThaiWater (HII),STN0197,DWR,Chiang Rai,
1483,บ้านก๊อดยาว,20.102466,99.957901,Thailand,ThaiWater (HII),STN0402,DWR,Chiang Rai,
1482,บ้านหัวฝาย,20.006996,99.813081,Thailand,ThaiWater (HII),STN0313,DWR,Chiang Rai,
1481,บ้านนางแลใน (บ้านลิไข่),20.049882,99.822625,Thailand,ThaiWater (HII),STN0615,DWR,Chiang Rai,
1480,บ้านสา,19.6042,100.404631,Thailand,ThaiWater (HII),STN0627,DWR,Phayao,
1479,บ้านนาหนุน,19.688964,100.359171,Thailand,ThaiWater (HII),STN0855,DWR,Phayao,
1478,บ้านฮวก,19.688381,100.411249,Thailand,ThaiWater (HII),STN0242,DWR,Phayao,
1123753,บ้านห้วยน้ำดำ,6.858916,100.031146,Thailand,ThaiWater (HII),STN1915,DWR,Satun,
1123754,บ้านปาล์มไทย (บ้านส้านแดง),7.046194,100.030196,Thailand,ThaiWater (HII),STN1916,DWR,Satun,
1123755,บ้านเหนือคลอง,6.982381,100.019556,Thailand,ThaiWater (HII),STN1917,DWR,Satun,
1123756,บ้านผัง 120,6.929001,99.980648,Thailand,ThaiWater (HII),STN1918,DWR,Satun,
1123757,บ้านวังยาว,6.99506,99.886313,Thailand,ThaiWater (HII),STN1919,DWR,Satun,
1477,บ้านหนองเลา,19.637382,100.362885,Thailand,ThaiWater (HII),STN0856,DWR,Phayao,
1476,บ้านปางมะโอ,19.359523,100.510463,Thailand,ThaiWater (HII),STN0344,DWR,Phayao,
1475,บ้านน้ำต้ม,19.354569,100.392999,Thailand,ThaiWater (HII),STN0854,DWR,Phayao,
1123761,บ้านปลักหว้า,6.80296,99.963794,Thailand,ThaiWater (HII),STN1923,DWR,Satun,
1474,บ้านปางผักหม,19.335588,100.318604,Thailand,ThaiWater (HII),STN0853,DWR,Phayao,
1473,บ้านสบขาม,19.150395,100.389803,Thailand,ThaiWater (HII),STN0932,DWR,Phayao,
1472,บ้านน้ำปุก,19.197005,100.461177,Thailand,ThaiWater (HII),STN0859,DWR,Phayao,
1123766,บ้านวังธน,7.962891,99.777735,Thailand,ThaiWater (HII),STN1928,DWR,Nakhon Si Thammarat,
1123767,บ้านทุ่งโชน,7.961605,99.852501,Thailand,ThaiWater (HII),STN1929,DWR,Nakhon Si Thammarat,
1123768,บ้านท่าข้าม,8.009161,99.812076,Thailand,ThaiWater (HII),STN1930,DWR,Nakhon Si Thammarat,
1123770,บ้านสันติภาพ,18.992737,100.654151,Thailand,ThaiWater (HII),STN1932,DWR,Nan,
1123771,บ้านภูเวียง,18.951416,100.738659,Thailand,ThaiWater (HII),STN1933,DWR,Nan,
1123772,บ้านสะเกิน,19.357973,100.538016,Thailand,ThaiWater (HII),STN1934,DWR,Nan,
1123773,บ้านน้ำเกาะ,19.351991,100.587619,Thailand,ThaiWater (HII),STN1935,DWR,Nan,
1123774,บ้านสบขุ่น,19.096261,100.582693,Thailand,ThaiWater (HII),STN1936,DWR,Nan,
1123775,บ้านศรีสมุทร,9.816444,98.825045,Thailand,ThaiWater (HII),STN1937,DWR,Chumphon,
1123777,บ้านยายหม่น,10.799133,99.116478,Thailand,ThaiWater (HII),STN1939,DWR,Chumphon,
1123778,บ้านแพรกแห้ง,10.397219,98.99493,Thailand,ThaiWater (HII),STN1940,DWR,Chumphon,
1471,บ้านขุนกำลัง,19.107895,100.390588,Thailand,ThaiWater (HII),STN0852,DWR,Phayao,
1470,บ้านกลาง,18.891162,100.309257,Thailand,ThaiWater (HII),STN0931,DWR,Phayao,
1469,บ้านน้ำลาว,19.420543,100.4383,Thailand,ThaiWater (HII),STN0244,DWR,Phayao,
1468,บ้านกาญจนา,19.422643,100.360418,Thailand,ThaiWater (HII),STN0245,DWR,Phayao,
1123785,บ้านควนพุน,8.438118,98.987245,Thailand,ThaiWater (HII),STN1947,DWR,Surat Thani,
1123787,บ้านหน้าเขา,8.529955,98.990604,Thailand,ThaiWater (HII),STN1949,DWR,Surat Thani,
1123789,บ้านควนสบาย,8.544552,98.706684,Thailand,ThaiWater (HII),STN1951,DWR,Krabi,
1466,บ้านสบสา,19.520783,100.36887,Thailand,ThaiWater (HII),STN0626,DWR,Phayao,
1123791,บ้านไสยง,8.210164,99.22717,Thailand,ThaiWater (HII),STN1953,DWR,Krabi,
1465,บ้านใหม่เจริญไพร,19.393137,100.300785,Thailand,ThaiWater (HII),STN0625,DWR,Phayao,
1123795,บ้านบางสังโต้ง,10.085084,98.790694,Thailand,ThaiWater (HII),STN1957,DWR,Ranong,
1123796,บ้านคอกช้าง,9.618027,98.652284,Thailand,ThaiWater (HII),STN1958,DWR,Ranong,
1464,บ้านห้วยข้าวก่ำเหนือ,19.334007,100.117025,Thailand,ThaiWater (HII),STN0858,DWR,Phayao,
1461,บ้านกิ่วจันทร์,19.541201,101.143102,Thailand,ThaiWater (HII),STN0712,DWR,Nan,
1459,บ้านสบปืน,19.569396,101.017327,Thailand,ThaiWater (HII),STN0056,DWR,Nan,
1458,บ้านห้วยโก๋น,19.578778,101.06699,Thailand,ThaiWater (HII),STN0336,DWR,Nan,
1457,บ้านผาหลัก,19.380296,100.606276,Thailand,ThaiWater (HII),STN0342,DWR,Nan,
1456,บ้านน้ำปาน,19.436745,100.677951,Thailand,ThaiWater (HII),STN0088,DWR,Nan,
1455,บ้านสองแคว,19.357041,100.706574,Thailand,ThaiWater (HII),STN0846,DWR,Nan,
1453,บ้านน้ำพัน,19.293784,100.686108,Thailand,ThaiWater (HII),STN0714,DWR,Nan,
1450,บ้านห่างทางหลวง,19.025438,101.203887,Thailand,ThaiWater (HII),STN0240,DWR,Nan,
1449,บ้านสบมาง,18.994641,101.213433,Thailand,ThaiWater (HII),STN0241,DWR,Nan,
1448,บ้านบ่อหลวง,19.149221,101.154859,Thailand,ThaiWater (HII),STN0348,DWR,Nan,
1123811,ชุมชนชัยพรราชา,12.96831,100.92304,Thailand,ThaiWater (HII),STN1973,DWR,Chon Buri,
1123812,ชุมชนมิตรสัมพันธ์,12.952748,100.91541,Thailand,ThaiWater (HII),STN1974,DWR,Chon Buri,
1447,บ้านบ่อหยวกใต้,19.283318,101.176774,Thailand,ThaiWater (HII),STN0040,DWR,Nan,
1446,บ้านนากึ๋น,19.317681,101.173423,Thailand,ThaiWater (HII),STN0033,DWR,Nan,
1123815,บ้านวัดจันทร์,19.06953,98.304398,Thailand,ThaiWater (HII),STN1977,DWR,Chiang Mai,
1445,บ้านหัวนา,18.918639,100.949617,Thailand,ThaiWater (HII),STN0718,DWR,Nan,
1123817,บ้านออน,19.499074,99.0736,Thailand,ThaiWater (HII),STN1979,DWR,Chiang Mai,
1123818,บ้านวังมะริว,19.378589,98.721217,Thailand,ThaiWater (HII),STN1980,DWR,Chiang Mai,
1123819,บ้านป่ารวก,19.752577,99.151592,Thailand,ThaiWater (HII),STN1981,DWR,Chiang Mai,
1123820,บ้านอ่าย,19.680608,99.15058,Thailand,ThaiWater (HII),STN1982,DWR,Chiang Mai,
1123821,บ้านหนองอ้อม,19.79405,99.169619,Thailand,ThaiWater (HII),STN1983,DWR,Chiang Mai,
1123822,บ้านแม่ซา,18.814779,98.333695,Thailand,ThaiWater (HII),STN1984,DWR,Chiang Mai,
1123823,บ้านกองกาน,18.546353,98.353798,Thailand,ThaiWater (HII),STN1985,DWR,Chiang Mai,
1123824,บ้านสบก๋าย,19.234728,98.783885,Thailand,ThaiWater (HII),STN1986,DWR,Chiang Mai,
1123825,บ้านผาแด่น,19.063675,98.77619,Thailand,ThaiWater (HII),STN1987,DWR,Chiang Mai,
1123826,บ้านทับเดื่อ,19.248526,98.968513,Thailand,ThaiWater (HII),STN1988,DWR,Chiang Mai,
1123827,บ้านป่าแดด,19.93195,99.278107,Thailand,ThaiWater (HII),STN1989,DWR,Chiang Mai,
1123828,บ้านสันห้าง,19.915379,99.319812,Thailand,ThaiWater (HII),STN1990,DWR,Chiang Mai,
1123829,บ้านจะนะ,20.063836,99.237005,Thailand,ThaiWater (HII),STN1991,DWR,Chiang Mai,
1123831,บ้านโห้งเหนือ,20.035515,99.297422,Thailand,ThaiWater (HII),STN1993,DWR,Chiang Mai,
1123832,บ้านหาดส้มป่อย,18.876148,98.613513,Thailand,ThaiWater (HII),STN1994,DWR,Chiang Mai,
1123833,บ้านเหมืองฟู,18.663346,98.82618,Thailand,ThaiWater (HII),STN1995,DWR,Chiang Mai,
1123834,บ้านท่าต้นกวาว,18.719945,99.071511,Thailand,ThaiWater (HII),STN1996,DWR,Chiang Mai,
1123835,บ้านห้วยหล่อดูก,17.422119,98.459433,Thailand,ThaiWater (HII),STN1997,DWR,Chiang Mai,
1123836,บ้านหลิม,17.799893,98.364069,Thailand,ThaiWater (HII),STN1998,DWR,Chiang Mai,
1123837,บ้านตาลเจ็ดต้น,19.401385,98.449656,Thailand,ThaiWater (HII),STN1999,DWR,Mae Hong Son,
1123838,บ้านห้วยเฮี้ย,19.505859,98.498679,Thailand,ThaiWater (HII),STN2000,DWR,Mae Hong Son,
1123839,บ้านนาแก้วตะวันตก,18.112375,99.347773,Thailand,ThaiWater (HII),STN2001,DWR,Lampang,
1123840,บ้านไหล่หินตะวันตก,18.20979,99.337733,Thailand,ThaiWater (HII),STN2002,DWR,Lampang,
1123841,บ้านข่อย,18.889093,99.94023,Thailand,ThaiWater (HII),STN2003,DWR,Lampang,
1123842,บ้านปงคอบ,18.759017,99.562078,Thailand,ThaiWater (HII),STN2004,DWR,Lampang,
1444,บ้านหนองใหม่,18.874923,100.988218,Thailand,ThaiWater (HII),STN0717,DWR,Nan,
1123845,บ้านทุ่ง,18.839804,99.511887,Thailand,ThaiWater (HII),STN2007,DWR,Lampang,
1123846,บ้านศรีดอนมูล,18.810419,99.5032,Thailand,ThaiWater (HII),STN2008,DWR,Lampang,
1123847,บ้านขอใต้,18.65129,99.47465,Thailand,ThaiWater (HII),STN2009,DWR,Lampang,
1123848,บ้านทุ่งสะแกง,18.699913,99.483582,Thailand,ThaiWater (HII),STN2010,DWR,Lampang,
1123849,บ้านวังตม,18.4913,99.972921,Thailand,ThaiWater (HII),STN2011,DWR,Lampang,
1123851,บ้านแม่สุขเหนือ,19.131933,99.627375,Thailand,ThaiWater (HII),STN2013,DWR,Lampang,
1123852,บ้านต้นฮ่าง,19.056799,99.640113,Thailand,ThaiWater (HII),STN2014,DWR,Lampang,
1123853,บ้านป่าฝาง,19.065157,99.638035,Thailand,ThaiWater (HII),STN2015,DWR,Lampang,
1123855,บ้านสันวิไลพัฒนา,17.955891,98.905798,Thailand,ThaiWater (HII),STN2017,DWR,Lamphun,
1443,บ้านกิ่วม่วง,18.914655,100.881303,Thailand,ThaiWater (HII),STN0719,DWR,Nan,
1442,บ้านห้วยเย็น,18.182949,100.542672,Thailand,ThaiWater (HII),STN0087,DWR,Nan,
1440,บ้านผาน้ำย้อย,19.278148,100.950932,Thailand,ThaiWater (HII),STN0337,DWR,Nan,
1439,บ้านหัวน้ำ,19.329101,100.907697,Thailand,ThaiWater (HII),STN0350,DWR,Nan,
1438,บ้านส้อ,19.308154,100.847834,Thailand,ThaiWater (HII),STN1035,DWR,Nan,
1437,บ้านน้ำมีด,19.333165,100.833793,Thailand,ThaiWater (HII),STN0185,DWR,Nan,
1436,บ้านหนองปลา,19.338951,100.952481,Thailand,ThaiWater (HII),STN0374,DWR,Nan,
1123863,บ้านโคกเตาเหล็ก,14.418763,102.49256,Thailand,ThaiWater (HII),STN2025,DWR,Nakhon Ratchasima,
1434,บ้านปางแก,19.384602,100.977898,Thailand,ThaiWater (HII),STN0351,DWR,Nan,
1433,บ้านน้ำสอด,19.448831,100.829499,Thailand,ThaiWater (HII),STN0072,DWR,Nan,
1432,บ้านงอบเหนือ,19.484719,100.897273,Thailand,ThaiWater (HII),STN0339,DWR,Nan,
1431,บ้านปอน,19.518789,100.927557,Thailand,ThaiWater (HII),STN0338,DWR,Nan,
1430,บ้านปางสา,18.638724,100.869164,Thailand,ThaiWater (HII),STN0894,DWR,Nan,
1123869,บ้านบ่อภาคเหนือ,17.551267,100.842424,Thailand,ThaiWater (HII),STN2031,DWR,Phitsanulok,
1428,บ้านยาบนาเลิม,18.679689,100.568914,Thailand,ThaiWater (HII),STN0377,DWR,Nan,
1427,บ้านห้วยน้ำอุ่น,18.505597,100.524484,Thailand,ThaiWater (HII),STN0795,DWR,Nan,
1426,เอาออกจากระบบ,18.586899,100.700788,Thailand,ThaiWater (HII),STN1033,DWR,Nan,
1424,บ้านสันนาเคียน,18.494757,100.945088,Thailand,ThaiWater (HII),STN0448,DWR,Nan,
1423,บ้านน้ำกิใต้,19.219529,100.647582,Thailand,ThaiWater (HII),STN0343,DWR,Nan,
1123876,บ้านโป่งวัว,17.661658,99.684676,Thailand,ThaiWater (HII),STN2038,DWR,Sukhothai,
1422,บ้านปางสา,19.230945,100.752061,Thailand,ThaiWater (HII),STN0898,DWR,Nan,
1421,บ้านสันติสุข,19.13479,100.700542,Thailand,ThaiWater (HII),STN0068,DWR,Nan,
1419,บ้านน้ำไคร้,19.062464,100.927893,Thailand,ThaiWater (HII),STN0069,DWR,Nan,
1123883,บ้านบางสัก,7.397979,99.42672,Thailand,ThaiWater (HII),STN2045,DWR,Trang,
1418,บ้านนาหนุน 3,19.135901,100.788184,Thailand,ThaiWater (HII),STN0352,DWR,Nan,
1412,บ้านกอก,19.025916,100.931204,Thailand,ThaiWater (HII),STN0085,DWR,Nan,
1411,บ้านดอนสถาน1,19.207782,100.936047,Thailand,ThaiWater (HII),STN0847,DWR,Nan,
1410,บ้านท่าล้อ,19.178175,100.849802,Thailand,ThaiWater (HII),STN0896,DWR,Nan,
1123890,บ้านคู,7.429384,99.988724,Thailand,ThaiWater (HII),STN2052,DWR,Phatthalung,
1123891,บ้านสี่แยกบ้านพูด,7.375393,99.982661,Thailand,ThaiWater (HII),STN2053,DWR,Phatthalung,
1123892,บ้านควนอินนอโม,7.345726,100.054834,Thailand,ThaiWater (HII),STN2054,DWR,Phatthalung,
1123894,บ้านลำสินธุ์เหนือ,7.511499,99.935121,Thailand,ThaiWater (HII),STN2056,DWR,Phatthalung,
1123896,ชุมชนบ้านท่าหรั่ง,7.107131,100.198006,Thailand,ThaiWater (HII),STN2059,DWR,Songkhla,
1123897,บ้านน้ำลัด,6.62954,100.442957,Thailand,ThaiWater (HII),STN2060,DWR,Songkhla,
1409,บ้านวังกอก,18.401079,100.607072,Thailand,ThaiWater (HII),STN0184,DWR,Nan,
1123901,บ้านวังสายทอง,7.098653,99.917802,Thailand,ThaiWater (HII),STN2064,DWR,Satun,
1408,บ้านทัพม่าน,18.33798,100.567497,Thailand,ThaiWater (HII),STN0716,DWR,Nan,
1123903,บ้านเนินทอง,10.872763,99.237989,Thailand,ThaiWater (HII),STN2066,DWR,Chumphon,
1406,บ้านส้าน,18.282419,100.565464,Thailand,ThaiWater (HII),STN0796,DWR,Nan,
1123905,บ้านแก่งกะทั่ง,10.223265,99.011633,Thailand,ThaiWater (HII),STN2068,DWR,Chumphon,
1403,บ้านโปร่งศรี,18.782298,100.4556,Thailand,ThaiWater (HII),STN0354,DWR,Nan,
1402,บ้านก้อ,18.793,101.030002,Thailand,ThaiWater (HII),STN0542,DWR,Nan,
1401,บ้านน้ำปาย,18.662784,100.965402,Thailand,ThaiWater (HII),STN0797,DWR,Nan,
1400,บ้านห้วยปุก,18.891772,100.683512,Thailand,ThaiWater (HII),STN0897,DWR,Nan,
1123913,บ้านเมรัย,8.500595,99.27671,Thailand,ThaiWater (HII),STN2076,DWR,Surat Thani,
1123915,บ้านป่าหุ่ง,19.566973,99.700141,Thailand,ThaiWater (HII),STN2078,DWR,Chiang Rai,
1123916,บ้านผาเสริฐ,19.958525,99.699023,Thailand,ThaiWater (HII),STN2079,DWR,Chiang Rai,
1123917,บ้านสวนดอก,19.845857,99.729241,Thailand,ThaiWater (HII),STN2080,DWR,Chiang Rai,
1123919,บ้านดอนสลี,19.622353,99.476972,Thailand,ThaiWater (HII),STN2082,DWR,Chiang Rai,
1399,บ้านละเบ้ายา,18.918661,100.622396,Thailand,ThaiWater (HII),STN0020,DWR,Nan,
1123921,บ้านป่าบง,19.327337,99.512731,Thailand,ThaiWater (HII),STN2084,DWR,Chiang Rai,
1123922,บ้านปางอ่าย,19.147996,99.502332,Thailand,ThaiWater (HII),STN2085,DWR,Chiang Rai,
1123924,บ้านตุ่น,19.294227,100.357574,Thailand,ThaiWater (HII),STN2087,DWR,Phayao,
1123925,บ้านหนองบัว,19.283917,100.380564,Thailand,ThaiWater (HII),STN2088,DWR,Phayao,
1123926,บ้านหนองท่าควาย,19.187359,100.306189,Thailand,ThaiWater (HII),STN2089,DWR,Phayao,
1123927,บ้านค่าไพบูลย์,19.119745,100.27518,Thailand,ThaiWater (HII),STN2090,DWR,Phayao,
1123928,บ้านไสโคกเกาะ,8.469038,99.495281,Thailand,ThaiWater (HII),STN2091,DWR,Nakhon Si Thammarat,
1123929,บ้านมะปรางงาม,8.467122,99.603386,Thailand,ThaiWater (HII),STN2092,DWR,Nakhon Si Thammarat,
1398,บ้านปางเป๋ย,18.858215,100.549527,Thailand,ThaiWater (HII),STN0447,DWR,Nan,
1397,บ้านตาแวน,18.787085,100.654333,Thailand,ThaiWater (HII),STN0446,DWR,Nan,
1123934,บ้านบางตะเภา,8.270104,99.334934,Thailand,ThaiWater (HII),STN2097,DWR,Krabi,
1395,บ้านห้วยธนู,19.026308,100.752384,Thailand,ThaiWater (HII),STN0239,DWR,Nan,
1123936,บ้านปากลง,8.802936,99.609612,Thailand,ThaiWater (HII),STN2099,DWR,Nakhon Si Thammarat,
1392,บ้านขุนห้วย,17.903802,99.541516,Thailand,ThaiWater (HII),STN0905,DWR,Phrae,
1123939,ชุมชนพรุชนใต้,8.52936,99.798322,Thailand,ThaiWater (HII),STN2102,DWR,Nakhon Si Thammarat,
1123940,บ้านหนองบัว,8.393417,99.900883,Thailand,ThaiWater (HII),STN2103,DWR,Nakhon Si Thammarat,
1123942,บ้านท่าเจริญ,8.283073,99.902437,Thailand,ThaiWater (HII),STN2105,DWR,Nakhon Si Thammarat,
1123943,บ้านต้นเนียง,8.877372,99.834736,Thailand,ThaiWater (HII),STN2106,DWR,Nakhon Si Thammarat,
1387,บ้านนาหลวง,18.742005,100.309278,Thailand,ThaiWater (HII),STN0543,DWR,Phrae,
1386,บ้านข่วงชมภู,18.574699,100.203708,Thailand,ThaiWater (HII),STN0909,DWR,Phrae,
1123948,บ้านทุ่งเจริญ,8.18756,98.879272,Thailand,ThaiWater (HII),STN2111,DWR,Krabi,
1123949,บ้านลำทับ,8.063098,99.292088,Thailand,ThaiWater (HII),STN2112,DWR,Krabi,
1123955,บ้านเขากล้วย,8.548694,98.323131,Thailand,ThaiWater (HII),STN2118,DWR,Phangnga,
1123956,บ้านทุ่งคาโงก,8.561733,98.43991,Thailand,ThaiWater (HII),STN2119,DWR,Phangnga,
1379,บ้านแม่จอก,18.081108,99.774443,Thailand,ThaiWater (HII),STN0832,DWR,Phrae,
1377,บ้านแสนทอง,18.30051,100.025666,Thailand,ThaiWater (HII),STN0849,DWR,Phrae,
1375,บ้านผาคอ,18.232689,99.877644,Thailand,ThaiWater (HII),STN0906,DWR,Phrae,
1123962,บ้านวังกุ่ม,9.5292,98.586653,Thailand,ThaiWater (HII),STN2125,DWR,Ranong,
1367,บ้านห้วยใต้,17.718961,100.018375,Thailand,ThaiWater (HII),STN0167,DWR,Uttaradit,
1123965,บ้านวังหงส์,18.217791,100.178461,Thailand,ThaiWater (HII),STN2128,DWR,Phrae,
1365,บ้านปางคอม,18.239214,101.08873,Thailand,ThaiWater (HII),STN0373,DWR,Uttaradit,
1123967,บ้านปากกาง,18.051556,99.811634,Thailand,ThaiWater (HII),STN2130,DWR,Phrae,
1123968,บ้านเชียงเพ็ง,15.840491,104.455777,Thailand,ThaiWater (HII),STN2131,DWR,Yasothon,
1363,บ้านห้วยคอม,17.580921,100.680032,Thailand,ThaiWater (HII),STN0901,DWR,Uttaradit,
1123972,บ้านวารีอุดม,14.853279,105.059602,Thailand,ThaiWater (HII),STN2135,DWR,Ubon Ratchathani,
1362,บ้านน้ำพร้า,17.965777,100.393794,Thailand,ThaiWater (HII),STN0902,DWR,Uttaradit,
1355,บ้านไฮ่ฮ้า,17.807913,100.11232,Thailand,ThaiWater (HII),STN0332,DWR,Uttaradit,
1353,บ้านห้วยเกียงพา,17.805527,100.068661,Thailand,ThaiWater (HII),STN0260,DWR,Uttaradit,
1123977,บ้านเพียเภ้า,15.204524,104.813733,Thailand,ThaiWater (HII),STN2140,DWR,Ubon Ratchathani,
1123978,บ้านห้วยขะยุงใต้,15.100412,104.687021,Thailand,ThaiWater (HII),STN2141,DWR,Si Sa Ket,
1123981,บ้านปางหมู,19.367238,97.966457,Thailand,ThaiWater (HII),STN2144,DWR,Mae Hong Son,
1123982,บ้านห้วยขาน,19.459995,97.966652,Thailand,ThaiWater (HII),STN2145,DWR,Mae Hong Son,
1123986,บ้านแม่ทะลุ,17.987955,97.919565,Thailand,ThaiWater (HII),STN2149,DWR,Mae Hong Son,
1351,บ้านทุ่งยาง,19.03181,99.516312,Thailand,ThaiWater (HII),STN0645,DWR,Lampang,
1350,บ้านขาม,18.983429,99.524123,Thailand,ThaiWater (HII),STN0200,DWR,Lampang,
1349,บ้านป่าเหมี้ยง,18.822242,99.384523,Thailand,ThaiWater (HII),STN0436,DWR,Lampang,
1346,บ้านแม่กองปิน,18.618016,99.475075,Thailand,ThaiWater (HII),STN0881,DWR,Lampang,
1345,บ้านป่าเห่ว,18.685728,99.471365,Thailand,ThaiWater (HII),STN0647,DWR,Lampang,
1344,บ้านปางอ่าย,18.770061,99.459417,Thailand,ThaiWater (HII),STN0143,DWR,Lampang,
1343,บ้านหลวง,18.763077,99.500149,Thailand,ThaiWater (HII),STN0071,DWR,Lampang,
1340,บ้านทุ่งหลวง,18.254,99.216639,Thailand,ThaiWater (HII),STN0653,DWR,Lampang,
1339,บ้านปางมะโอ,18.052537,99.665897,Thailand,ThaiWater (HII),STN0651,DWR,Lampang,
1124001,บ้านกม.7,5.816922,101.09309,Thailand,ThaiWater (HII),STN2164,DWR,Yala,
1124002,บ้านกุนุงจนอง,5.77988,101.05103,Thailand,ThaiWater (HII),STN2165,DWR,Yala,
1337,บ้านหลุกใต้,18.130707,99.532341,Thailand,ThaiWater (HII),STN0937,DWR,Lampang,
1124006,บ้านห้วยหาน,19.888035,100.441222,Thailand,ThaiWater (HII),STN2169,DWR,Chiang Rai,
1336,บ้านสันขี้เหล็ก,17.480736,99.086995,Thailand,ThaiWater (HII),STN0535,DWR,Lampang,
1126506,Ban Tha Wang Bridge,7.37654,100.10043,Thailand,ThaiWater (HII),PLG001,HII,Phatthalung,
1334,บ้านแม่ถอด,17.757825,99.225892,Thailand,ThaiWater (HII),STN0877,DWR,Lampang,
1129758,Tha Lone Canal Weir,8.218343,99.71981,Thailand,ThaiWater (HII),FOP072,FOP,Nakhon Si Thammarat,
1130124,Khlong Pong Bridge (Kiriwong),8.43379,99.78328,Thailand,ThaiWater (HII),MOU493,FOP,Nakhon Si Thammarat,
1331,บ้านหัวน้ำพัฒนา,17.645938,99.381117,Thailand,ThaiWater (HII),STN0876,DWR,Lampang,
1330,บ้านแม่หีด,19.336406,99.616328,Thailand,ThaiWater (HII),STN0536,DWR,Lampang,
1329,บ้านตึงเหนือ,19.039207,99.708485,Thailand,ThaiWater (HII),STN0882,DWR,Lampang,
1137106,บ้านนาราดพัฒนา หมู่ 5 (บ้านผู้ใหญ่บ้าน),15.07671,102.325253,Thailand,ThaiWater (HII),TC05,DISASTER,Nakhon Ratchasima,
1137109,บ้าน ผช.ผญ. หมู่ 2 บ้านตระกูดขี้เหล็ก,15.088691,102.356878,Thailand,ThaiWater (HII),TC08,DISASTER,Nakhon Ratchasima,
1137110,บ้านผู้ช่วยผู้ใหญ่บ้าน หมู่ 6 บ้านวังม่วง,15.04876,102.29969,Thailand,ThaiWater (HII),TC09,DISASTER,Nakhon Ratchasima,
1137126,ที่ทำการผู้ใหญ่บ้าน หมู่ 6,7.977847,100.326074,Thailand,ThaiWater (HII),TC17,DISASTER,Nakhon Si Thammarat,
1328,บ้านปงถ้ำ,19.119505,99.702894,Thailand,ThaiWater (HII),STN0883,DWR,Lampang,
1327,บ้านทุ่งปี้,19.253908,99.639732,Thailand,ThaiWater (HII),STN0644,DWR,Lampang,
1325,บ้านไผ่แพะ,18.611998,99.626126,Thailand,ThaiWater (HII),STN0887,DWR,Lampang,
1137140,โรงพยาบาลส่งเสริมสุขภาพตำบล บ้านเกาะเปา,15.65995,99.85162,Thailand,ThaiWater (HII),TC43,DISASTER,Nakhon Sawan,
1324,บ้านปางหละ,18.546973,99.846301,Thailand,ThaiWater (HII),STN0878,DWR,Lampang,
1137224,หมู่ 3 บ้านปากจก,9.19385,98.41498,Thailand,ThaiWater (HII),WF34,DISASTER,Phangnga,
1137325,บ้านทาปลาดุก ม.5,18.49536,99.20316,Thailand,ThaiWater (HII),FL01,DISASTER,Lamphun,
1323,บ้านบ่อสี่เหลี่ยม,18.880018,99.813558,Thailand,ThaiWater (HII),STN0347,DWR,Lampang,
1150180,บ้านผู้ใหญ่บ้านคนเก่า หมู่6,17.95179,100.39925,Thailand,ThaiWater (HII),TH97,DISASTER,Uttaradit,
1322,บ้านใหม่พัฒนา,19.034013,99.786146,Thailand,ThaiWater (HII),STN0888,DWR,Lampang,
1321,บ้านโป่งน้ำร้อน,18.145405,99.106301,Thailand,ThaiWater (HII),STN0435,DWR,Lampang,
1198081,Sa River,18.571873,100.74266,Thailand,ThaiWater (HII),NAN015,HII,Nan,
1198082,Sa water,18.584002,100.600266,Thailand,ThaiWater (HII),NAN016,HII,Nan,
1198298,Tha River,18.471687,98.95513,Thailand,ThaiWater (HII),PIN008,HII,Lamphun,
1198299,Li River-Ban Hong,18.310793,98.82355,Thailand,ThaiWater (HII),PIN009,HII,Lamphun,
1198300,Huai Mae Li,17.805399,98.953316,Thailand,ThaiWater (HII),PIN010,HII,Lamphun,
1198301,Namko,17.636518,98.77956,Thailand,ThaiWater (HII),PIN011,HII,Lamphun,
1319,บ้านแม่ต๋ำ,17.91228,99.161903,Thailand,ThaiWater (HII),STN0649,DWR,Lampang,
1318,บ้านดงหนองจอก,18.018543,99.144126,Thailand,ThaiWater (HII),STN0650,DWR,Lampang,
1198628,Khao Rakam Canal,12.25058,102.475716,Thailand,ThaiWater (HII),TRD007,HII,Trat,
1198760,Nong Chan Bridge,18.46601,100.151665,Thailand,ThaiWater (HII),YOM014,HII,Phrae,
1317,บ้านแม่เลียงพัฒนา,18.18034,99.165629,Thailand,ThaiWater (HII),STN0144,DWR,Lampang,
1316,บ้านต้นฮ่างพัฒนา,18.509606,99.418201,Thailand,ThaiWater (HII),STN0652,DWR,Lampang,
1315,บ้านทุ่งกล้วย,18.438207,99.387656,Thailand,ThaiWater (HII),STN0646,DWR,Lampang,
1225528,Kyotada (Village),20.3913,99.68576,Thailand,ThaiWater (HII),MYA001,FOP,Republic of the Union of Myanmar,
1225529,Lawtawkhan (Village),20.44352,99.86226,Thailand,ThaiWater (HII),MYA002,FOP,Republic of the Union of Myanmar,
1225530,"U Thun Aung Bridge, Sopsai Ward",20.47149,99.95349,Thailand,ThaiWater (HII),MYA003,FOP,Republic of the Union of Myanmar,
1225531,The First Friendship Bridge at Mae Sai River,20.44454,99.88048,Thailand,ThaiWater (HII),MYA004,FOP,Chiang Rai,
1238393,Mae Puem National Park Office,19.351414,99.86921,Thailand,ThaiWater (HII),MOU192,FOP,Phayao,
1238396,National Park Protection Unit at Highway 6 (Champathong),19.217377,99.73813,Thailand,ThaiWater (HII),MOU195,FOP,Phayao,
1313,บ้านแม่แสม,18.053798,99.039799,Thailand,ThaiWater (HII),STN0537,DWR,Lamphun,
1238463,Watershed Management and Community Development Unit in the Mae Puak Conservation Forest Area,17.9085,100.111,Thailand,ThaiWater (HII),MOU340,FOP,Phrae,
1238679,Wildlife Learning Center Right bank Lam Nam Nan Wildlife Sanctuary,18.0662,100.2229,Thailand,ThaiWater (HII),MOU338,FOP,Phrae,
1312,บ้านทุ่งข้าวหาง,18.138936,99.010399,Thailand,ThaiWater (HII),STN0432,DWR,Lamphun,
1311,บ้านห้วยปิง,17.845164,99.074191,Thailand,ThaiWater (HII),STN0658,DWR,Lamphun,
1309,บ้านแม่ป้อกใน,18.08953,98.865333,Thailand,ThaiWater (HII),STN0259,DWR,Lamphun,
1241193,Mae Soi Watershed Conservation Development Study Unit,17.8275,99.4638,Thailand,ThaiWater (HII),MOU349,FOP,Phrae,
1308,บ้านเด่นเหม้า,17.7842,98.860318,Thailand,ThaiWater (HII),STN0654,DWR,Lamphun,
1241204,"Doi Phu Nang National Park Protection Unit, Area 5 (Huai Hung)",19.046598,100.08656,Thailand,ThaiWater (HII),MOU366,FOP,Phayao,
1307,บ้านห้วยทรายขาว,17.736898,98.833782,Thailand,ThaiWater (HII),STN0370,DWR,Lamphun,
1241208,"Ban Khun Khuan Bridge, Ban Sop Kham",19.150398,100.389786,Thailand,ThaiWater (HII),MOU371,FOP,Phayao,
1306,บ้านบวก,17.736505,99.036495,Thailand,ThaiWater (HII),STN0657,DWR,Lamphun,
1304,บ้านแม่หว่างพัฒนา,17.674499,99.006732,Thailand,ThaiWater (HII),STN0656,DWR,Lamphun,
1303,บ้านสันวิไล,17.957377,98.913276,Thailand,ThaiWater (HII),STN0660,DWR,Lamphun,
1302,บ้านป่าหก,17.776736,98.971282,Thailand,ThaiWater (HII),STN0939,DWR,Lamphun,
1301,บ้านปู,17.839793,99.005483,Thailand,ThaiWater (HII),STN0659,DWR,Lamphun,
1300,บ้านห้วยกองเลาะ,18.250809,98.91515,Thailand,ThaiWater (HII),STN0434,DWR,Lamphun,
1299,บ้านแม่หาด,18.166337,98.891556,Thailand,ThaiWater (HII),STN0841,DWR,Lamphun,
1298,บ้านเกาะทุ่งม่าน,18.276021,98.822322,Thailand,ThaiWater (HII),STN0938,DWR,Lamphun,
1296,บ้านแม่เหล็ก,18.321308,98.979967,Thailand,ThaiWater (HII),STN0145,DWR,Lamphun,
1294,บ้านแม่สะป้วด,18.414779,99.080985,Thailand,ThaiWater (HII),STN0874,DWR,Lamphun,
1293,บ้านขุนตาน,18.50066,99.265204,Thailand,ThaiWater (HII),STN0146,DWR,Lamphun,
1291,บ้านห้วยยาบ,18.654016,99.300301,Thailand,ThaiWater (HII),STN0018,DWR,Chiang Mai,
1289,บ้านท่าข้าม,18.602301,99.274436,Thailand,ThaiWater (HII),STN0230,DWR,Chiang Mai,
1288,บ้านแม่เตาดิน,18.881827,99.264784,Thailand,ThaiWater (HII),STN0608,DWR,Chiang Mai,
1285,บ้านห้วยโท้ง,18.697396,98.815361,Thailand,ThaiWater (HII),STN0075,DWR,Chiang Mai,
1284,บ้านห้วยข้าวลีบ,18.741518,98.539693,Thailand,ThaiWater (HII),STN0044,DWR,Chiang Mai,
1282,บ้านแม่ลานคำ,18.75731,98.713952,Thailand,ThaiWater (HII),STN0596,DWR,Chiang Mai,
1280,บ้านหนองเต่า,18.680499,98.552366,Thailand,ThaiWater (HII),STN0594,DWR,Chiang Mai,
1279,บ้านแม่สะป๊อก,18.665041,98.639008,Thailand,ThaiWater (HII),STN0593,DWR,Chiang Mai,
1316433,คลองกองทูล,15.937227,101.094117,Thailand,ThaiWater (HII),ridtele_TS.19,RID,Phetchabun,
1277,บ้านดอยหล่อ,19.724236,99.190989,Thailand,ThaiWater (HII),STN0424,DWR,Chiang Mai,
1276,บ้านหัวฝาย,19.609141,99.167129,Thailand,ThaiWater (HII),STN0021,DWR,Chiang Mai,
1275,บ้านเปียงหลวง,19.683727,98.627156,Thailand,ThaiWater (HII),STN0893,DWR,Chiang Mai,
1316439,วัดจอมเกษ,14.414349,100.55782,Thailand,ThaiWater (HII),ridtele_TS.25,RID,Phra Nakhon Si Ayutthaya,
1316446,สะพานฝายดินดำ,19.548038,99.473682,Thailand,ThaiWater (HII),ridtele_TG03,RID,Chiang Rai,
1316458,บ้านสันกลาง,19.668681,99.541202,Thailand,ThaiWater (HII),ridtele_TG15,RID,Chiang Rai,
1274,บ้านนามน,19.610079,98.594873,Thailand,ThaiWater (HII),STN0587,DWR,Chiang Mai,
1316460,บ้านศรีวังมูล,19.8082,99.7567,Thailand,ThaiWater (HII),ridtele_TG17,RID,Chiang Rai,
1316462,สถานีน้ำแม่แตง (ฝายแม่แตงเหนือน้ำ),19.157294,98.918808,Thailand,ThaiWater (HII),ridtele_TUP.02,RID,Chiang Mai,
1316469,สถานีแม่น้ำปิงที่ฝายหนองสลีก,18.525197,98.902161,Thailand,ThaiWater (HII),ridtele_TUP.10,RID,Lamphun,
1316470,สถานีน้ำแม่งัดที่ท้ายเขื่อนแม่งัดสมบูรณ์ชล,19.156272,99.03173,Thailand,ThaiWater (HII),ridtele_TUP.11,RID,Chiang Mai,
1316471,เขื่อนแม่กวงอุดมธารา,18.929542,99.127708,Thailand,ThaiWater (HII),ridtele_TUP.12,RID,Chiang Mai,
1316473,สถานีแม่น้ำปิงที่โครงการส่งน้ำและบำรุงรักษาแม่แฝก-แม่งัด,19.104841,98.954524,Thailand,ThaiWater (HII),ridtele_TUP.14,RID,Chiang Mai,
1316475,สถานีเขื่อนแม่งัดสมบูรณ์ชล,19.16155,99.03961,Thailand,ThaiWater (HII),ridtele_TUP.16,RID,Chiang Mai,
1316477,สถานีโครงการชลประทานแม่ปิงเก่า,18.690973,98.987948,Thailand,ThaiWater (HII),ridtele_TUP.18,RID,Chiang Mai,
1316478,สถานีคลองส่งน้ำแม่แตง,18.804512,98.959762,Thailand,ThaiWater (HII),ridtele_TUP.19,RID,Chiang Mai,
1316494,สถานีน้ำแม่ปิง (P.90) บ้านทับเดื่อ,19.220478,98.972633,Thailand,ThaiWater (HII),ridtele_TP.90,RID,Chiang Mai,
1273,บ้านกองลม,19.576641,98.615075,Thailand,ThaiWater (HII),STN0918,DWR,Chiang Mai,
1272,บ้านขุนคอง,19.515174,98.79358,Thailand,ThaiWater (HII),STN0412,DWR,Chiang Mai,
1268,บ้านห้วยปูลิง,17.505573,98.489746,Thailand,ThaiWater (HII),STN0414,DWR,Chiang Mai,
1267,บ้านห้วยหล่อดูก,17.421704,98.457274,Thailand,ThaiWater (HII),STN0039,DWR,Chiang Mai,
1265,บ้านยางครก,17.795877,98.462839,Thailand,ThaiWater (HII),STN0308,DWR,Chiang Mai,
1263,บ้านผาปูนดง,17.851126,98.297761,Thailand,ThaiWater (HII),STN0077,DWR,Chiang Mai,
1262,บ้านตุงลอย,17.960343,98.356519,Thailand,ThaiWater (HII),STN0186,DWR,Chiang Mai,
1260,บ้านมะหินหลวง,17.899955,98.318437,Thailand,ThaiWater (HII),STN0041,DWR,Chiang Mai,
1259,บ้านแม่ตูบ,17.946267,98.809877,Thailand,ThaiWater (HII),STN0600,DWR,Chiang Mai,
1257,บ้านกองลอย,18.148791,98.250047,Thailand,ThaiWater (HII),STN0584,DWR,Chiang Mai,
1316533,น้ำแม่สอย  W.17A,18.744577,99.568511,Thailand,ThaiWater (HII),ridtele_TW.17A,RID,Lampang,
1316547,TW.28,18.559259,99.466838,Thailand,ThaiWater (HII),ridtele_TW.28,RID,Lampang,
1316548,TW.29,18.368642,99.326625,Thailand,ThaiWater (HII),ridtele_TW.29,RID,Lampang,
1316549,TW.30,18.241214,99.316761,Thailand,ThaiWater (HII),ridtele_TW.30,RID,Lampang,
1316550,TW.31,18.13277,99.620037,Thailand,ThaiWater (HII),ridtele_TW.31,RID,Lampang,
1316551,TW.32,18.024292,99.218031,Thailand,ThaiWater (HII),ridtele_TW.32,RID,Lampang,
1254,บ้านนาฟ่อน,18.093847,98.365342,Thailand,ThaiWater (HII),STN0583,DWR,Chiang Mai,
1316554,TW.35,17.479214,99.086247,Thailand,ThaiWater (HII),ridtele_TW.35,RID,Lampang,
1316566,วัดวังเคียน จ.แพร่,18.044664,99.800807,Thailand,ThaiWater (HII),ridtele_TY.43,RID,Phrae,
1253,บ้านทุ่งโป่งใต้,18.764184,98.873346,Thailand,ThaiWater (HII),STN0589,DWR,Chiang Mai,
1316571,บ้านวังยาว จ.น่าน,18.843087,100.427468,Thailand,ThaiWater (HII),ridtele_TY.46,RID,Nan,
1316573,อำเภอปง จ.พะเยา,19.150733,100.275249,Thailand,ThaiWater (HII),ridtele_TY.47,RID,Phayao,
1316574,บ้านแฮะ จ.พะเยา,19.302907,100.390599,Thailand,ThaiWater (HII),ridtele_TY.48,RID,Phayao,
1251,บ้านปางยาง,18.815946,98.830684,Thailand,ThaiWater (HII),STN0045,DWR,Chiang Mai,
1249,บ้านแม่ละงอง,19.320349,99.128971,Thailand,ThaiWater (HII),STN0413,DWR,Chiang Mai,
1248,บ้านตีนธาตุ,19.428564,99.212511,Thailand,ThaiWater (HII),STN0607,DWR,Chiang Mai,
1316583,ห้วยแม่ลาน เทศบาลแม่ลานนา,18.06887,99.84226,Thailand,ThaiWater (HII),ridtele_TY.50,RID,Phrae,
1247,บ้านสหกรณ์แปลง 5,19.375337,99.240549,Thailand,ThaiWater (HII),STN0892,DWR,Chiang Mai,
1246,บ้านท่ามะแกง,20.062331,99.449061,Thailand,ThaiWater (HII),STN0411,DWR,Chiang Mai,
1316641,บ้านปลายคลอง,12.260545,102.46482,Thailand,ThaiWater (HII),ridtele_TTR.03,RID,Trat,
1245,บ้านท่าปู,19.984068,99.403101,Thailand,ThaiWater (HII),STN0920,DWR,Chiang Mai,
1316643,เขาสมิง,12.348571,102.454615,Thailand,ThaiWater (HII),ridtele_TTR.05,RID,Trat,
1316644,วัดเทพนิมิต,12.433914,102.433072,Thailand,ThaiWater (HII),ridtele_TTR.06,RID,Trat,
1316646,วัดคลองขุด,12.360417,102.549297,Thailand,ThaiWater (HII),ridtele_TTR.08,RID,Trat,
1243,บ้านแม่ฮ่าง,19.986891,99.221767,Thailand,ThaiWater (HII),STN0141,DWR,Chiang Mai,
1242,บ้านปางต้นฆ้อง,20.095323,99.284907,Thailand,ThaiWater (HII),STN0036,DWR,Chiang Mai,
1241,ห้วยเฮี่ยน,19.962279,99.187326,Thailand,ThaiWater (HII),STN0001,DWR,Chiang Mai,
1240,บ้านเปียงกอก,19.945564,99.165594,Thailand,ThaiWater (HII),STN0425,DWR,Chiang Mai,
1239,บ้านดอยช้าง,19.819573,99.558204,Thailand,ThaiWater (HII),STN0012,DWR,Chiang Rai,
1238,บ้านห้วยไคร้,19.812056,99.218978,Thailand,ThaiWater (HII),STN0921,DWR,Chiang Mai,
1236,บ้านแม่สูนน้อย,19.862959,99.136627,Thailand,ThaiWater (HII),STN0586,DWR,Chiang Mai,
1235,บ้านหลวง,19.870098,99.042382,Thailand,ThaiWater (HII),STN0255,DWR,Chiang Mai,
1234,บ้านยาง,19.802175,99.093189,Thailand,ThaiWater (HII),STN0051,DWR,Chiang Mai,
1233,บ้านลาน,19.96607,99.099688,Thailand,ThaiWater (HII),STN0180,DWR,Chiang Mai,
1232,บ้านโป่งถืบใน,19.832265,99.292952,Thailand,ThaiWater (HII),STN0523,DWR,Chiang Mai,
1231,บ้านปางขุม,19.046297,98.649196,Thailand,ThaiWater (HII),STN0525,DWR,Chiang Mai,
1230,บ้านกิ่วเสือ,18.994,98.601698,Thailand,ThaiWater (HII),STN0524,DWR,Chiang Mai,
1229,บ้านห้วยเต่า,18.944161,98.512186,Thailand,ThaiWater (HII),STN0420,DWR,Chiang Mai,
1228,บ้านห้วยน้ำจาง,18.790937,98.562798,Thailand,ThaiWater (HII),STN0251,DWR,Chiang Mai,
1316694,บ้านเขาน้ำตก,12.4672,99.8041,Thailand,ThaiWater (HII),ridtele_TPR.5,RID,Prachuap Khiri Khan,
1316696,บ้านห้วยมงคล,12.5435,99.8272,Thailand,ThaiWater (HII),ridtele_TPR.7,RID,Prachuap Khiri Khan,
1226,บ้านแม่ขะปู,18.877699,98.612104,Thailand,ThaiWater (HII),STN0595,DWR,Chiang Mai,
1225,บ้านทุ่งยาว,18.978459,98.677952,Thailand,ThaiWater (HII),STN0011,DWR,Chiang Mai,
1316704,วัดปากแพรก,11.060013,99.457007,Thailand,ThaiWater (HII),ridtele_TPR.15,RID,Prachuap Khiri Khan,
1316711,เขื่อนแก่งกระจาน (เหนือน้ำ),12.914213,99.627686,Thailand,ThaiWater (HII),ridtele_TPB07,RID,Phetchaburi,
1224,บ้านกองขากหลวง,18.915366,98.721861,Thailand,ThaiWater (HII),STN0923,DWR,Chiang Mai,
1316719,บ้านแหลม,13.212777,99.982754,Thailand,ThaiWater (HII),ridtele_TPB15,RID,Phetchaburi,
1221,บ้านแม่แมะ,18.900115,98.882083,Thailand,ThaiWater (HII),STN0254,DWR,Chiang Mai,
1220,บ้านแม่ก๊ะเปียง,19.000704,98.802926,Thailand,ThaiWater (HII),STN0422,DWR,Chiang Mai,
1316724,ปตร.สามชุก,14.772463,100.088281,Thailand,ThaiWater (HII),ridtele_TTC03,RID,Suphan Buri,
1219,บ้านสะลวงนอก,19.01637,98.880501,Thailand,ThaiWater (HII),STN0838,DWR,Chiang Mai,
1316728,โรงเรียนวัดบางปลา,13.983198,100.179057,Thailand,ThaiWater (HII),ridtele_TTC07,RID,Nakhon Pathom,
1218,บ้านห้วยป่าซาง,19.179077,98.914786,Thailand,ThaiWater (HII),STN0027,DWR,Chiang Mai,
1217,บ้านห้วยน้ำดัง,19.303748,98.598918,Thailand,ThaiWater (HII),STN0405,DWR,Chiang Mai,
1216,บ้านสันป่าสัก,19.175631,98.856495,Thailand,ThaiWater (HII),STN0404,DWR,Chiang Mai,
1215,บ้านเหล่า,19.179507,98.798434,Thailand,ThaiWater (HII),STN0179,DWR,Chiang Mai,
1316739,วัดหนองปลิง,14.293831,99.807415,Thailand,ThaiWater (HII),ridtele_TTC18,RID,Kanchanaburi,
1214,บ้านแม่แสะ,19.244759,98.654296,Thailand,ThaiWater (HII),STN0588,DWR,Chiang Mai,
1213,บ้านปางหก,19.266708,98.920113,Thailand,ThaiWater (HII),STN0028,DWR,Chiang Mai,
1212,บ้านป่าแป๋,19.142964,98.711134,Thailand,ThaiWater (HII),STN0248,DWR,Chiang Mai,
1211,บ้านเอียก,19.038109,98.803495,Thailand,ThaiWater (HII),STN0204,DWR,Chiang Mai,
1210,บ้านต้นลาน,19.083805,98.851241,Thailand,ThaiWater (HII),STN0890,DWR,Chiang Mai,
1209,บ้านปางฮ่าง,19.109253,98.798867,Thailand,ThaiWater (HII),STN0247,DWR,Chiang Mai,
1208,บ้านปางเปา,19.075278,98.913966,Thailand,ThaiWater (HII),STN0891,DWR,Chiang Mai,
1205,บ้านปางแฟน,19.015652,99.304256,Thailand,ThaiWater (HII),STN0591,DWR,Chiang Mai,
1204,บ้านแม่กอน,19.570266,98.92202,Thailand,ThaiWater (HII),STN0603,DWR,Chiang Mai,
1203,บ้านห้วยจะค่าน,19.60415,99.070586,Thailand,ThaiWater (HII),STN0604,DWR,Chiang Mai,
1202,บ้านปางมะกง,19.421716,99.095341,Thailand,ThaiWater (HII),STN0605,DWR,Chiang Mai,
1201,บ้านป่าตึงงาม,19.515406,99.10566,Thailand,ThaiWater (HII),STN0019,DWR,Chiang Mai,
1199,บ้านหลวงเมืองคอง,19.382972,98.712097,Thailand,ThaiWater (HII),STN0084,DWR,Chiang Mai,
1197,บ้านแม่อ้อใน,19.298099,98.996602,Thailand,ThaiWater (HII),STN0522,DWR,Chiang Mai,
1196,บ้านสบงาย,19.48017,98.964143,Thailand,ThaiWater (HII),STN0889,DWR,Chiang Mai,
1195,บ้านนาหวาย,19.629854,98.962831,Thailand,ThaiWater (HII),STN0602,DWR,Chiang Mai,
1194,บ้านแกน้อย,19.665209,98.794829,Thailand,ThaiWater (HII),STN0606,DWR,Chiang Mai,
1193,บ้านเมืองนะ,19.73416,98.896829,Thailand,ThaiWater (HII),STN0601,DWR,Chiang Mai,
1192,บ้านแม่ก๊ะ,19.358993,98.97056,Thailand,ThaiWater (HII),STN0919,DWR,Chiang Mai,
1191,บ้านเสาแดง,18.973869,98.237067,Thailand,ThaiWater (HII),STN0407,DWR,Chiang Mai,
1190,บ้านดงสามหมื่น,19.02878,98.41603,Thailand,ThaiWater (HII),STN0406,DWR,Chiang Mai,
1189,บ้านอมลาน,18.383935,98.457657,Thailand,ThaiWater (HII),STN0418,DWR,Chiang Mai,
1187,บ้านแม่หงานหลวง,18.59508,98.241825,Thailand,ThaiWater (HII),STN0416,DWR,Chiang Mai,
1186,บ้านปางหินฝน,18.510205,98.229145,Thailand,ThaiWater (HII),STN0042,DWR,Chiang Mai,
1185,บ้านห้วยบง,19.054314,98.269801,Thailand,ThaiWater (HII),STN0409,DWR,Chiang Mai,
1184,บ้านแจ่มน้อย,19.030521,98.345079,Thailand,ThaiWater (HII),STN0410,DWR,Chiang Mai,
1182,บ้านสบวาก,18.639988,98.377113,Thailand,ThaiWater (HII),STN0026,DWR,Chiang Mai,
1181,บ้านแม่ศึก,18.554055,98.344541,Thailand,ThaiWater (HII),STN0597,DWR,Chiang Mai,
1180,บ้านสองธาร,18.467627,98.312965,Thailand,ThaiWater (HII),STN0788,DWR,Chiang Mai,
1176,บ้านแม่มิงค์,18.554995,98.402412,Thailand,ThaiWater (HII),STN0205,DWR,Chiang Mai,
1175,บ้านป่าเท้อ,18.502457,98.346727,Thailand,ThaiWater (HII),STN0022,DWR,Chiang Mai,
1173,บ้านแปะ,18.248958,98.595039,Thailand,ThaiWater (HII),STN0922,DWR,Chiang Mai,
1140,บ้านนาพึง,17.418253,101.049339,Thailand,ThaiWater (HII),STN0954,DWR,Loei,
1316901,วัดศรีแก้ว,16.871922,102.18107,Thailand,ThaiWater (HII),ridtele_TE.121,RID,Nong Bua Lam Phu,
1316905,บ้านนางใย,16.18648,103.3271,Thailand,ThaiWater (HII),ridtele_TE.125,RID,Maha Sarakham,
1118,บ้านกกทอง (หมู่ 4),17.51585,101.558665,Thailand,ThaiWater (HII),STN0462,DWR,Loei,
1116,บ้านปากหมาก,17.640371,101.744474,Thailand,ThaiWater (HII),STN0966,DWR,Loei,
1111,บ้านกำพี้,17.604295,101.578282,Thailand,ThaiWater (HII),STN0463,DWR,Loei,
1108,บ้านนาคำ (หมู่ 6),17.88619,102.13975,Thailand,ThaiWater (HII),STN0473,DWR,Udon Thani,
1102,บ้านโนนหัวช้าง,17.034119,102.734217,Thailand,ThaiWater (HII),STN0303,DWR,Khon Kaen,
1101,บ้านวังยาวใหญ่,16.70693,101.94718,Thailand,ThaiWater (HII),STN0970,DWR,Khon Kaen,
1081,บ้านคลองสะท้อน,14.407495,101.685106,Thailand,ThaiWater (HII),STN0474,DWR,Nakhon Ratchasima,
1077,บ้านคลองทราย,14.364402,101.757113,Thailand,ThaiWater (HII),STN0777,DWR,Nakhon Ratchasima,
1052,บ้านสลักเพชรเหนือ,12.009583,102.366823,Thailand,ThaiWater (HII),STN0470,DWR,Trat,
1051,บ้านคลองพร้าว,12.060854,102.307228,Thailand,ThaiWater (HII),STN0787,DWR,Trat,
1046,บ้านวังยายมุก,12.92717,102.015565,Thailand,ThaiWater (HII),STN0055,DWR,Chanthaburi,
1036,บ้านเขาอ่าง,12.606109,102.242353,Thailand,ThaiWater (HII),STN0279,DWR,Chanthaburi,
1034,บ้านใหม่สามัคคี,12.822681,101.147927,Thailand,ThaiWater (HII),STN0996,DWR,Rayong,
1029,บ้านโคกนนทรี,14.837998,101.361807,Thailand,ThaiWater (HII),STN0948,DWR,Saraburi,
1316980,บ้านสะพานเสือ,8.748697,98.389237,Thailand,ThaiWater (HII),ridtele_TP4 (TX.331),RID,Phangnga,
1316985,บ้านเหล,8.771167,98.438414,Thailand,ThaiWater (HII),ridtele_TP9 (TX.332),RID,Phangnga,
1316989,บ้านนาข่าเหนือ,6.914998,99.851331,Thailand,ThaiWater (HII),ridtele_LA03 (TX.333),RID,Satun,
1316990,บ้านอุใดใต้,6.928031,99.935987,Thailand,ThaiWater (HII),ridtele_LA04 (TX.334),RID,Satun,
1316993,บ้านผังปาล์ม 1,6.998849,99.911013,Thailand,ThaiWater (HII),ridtele_LA07 (TX.336),RID,Satun,
1024,บ้านถ้ำมงกุฎ,14.678451,100.846683,Thailand,ThaiWater (HII),STN0449,DWR,Saraburi,
1317001,บ้านนิคม,7.949661,99.529428,Thailand,ThaiWater (HII),ridtele_TTr6,RID,Nakhon Si Thammarat,
1022,บ้านหนองคล้า,14.490439,101.040808,Thailand,ThaiWater (HII),STN0274,DWR,Saraburi,
1317009,ฝายคลองนางน้อย,7.549089,99.726822,Thailand,ThaiWater (HII),ridtele_TTr12,RID,Trang,
941,Mae La-up Communuty,19.00122,98.27111,Thailand,ThaiWater (HII),VLGE06,HII,Chiang Mai,
1317012,วัดนาเมืองเพชร,7.547547,99.510137,Thailand,ThaiWater (HII),ridtele_TTr14,RID,Trang,
1317015,บ้านปากแครง,7.314746,99.8254,Thailand,ThaiWater (HII),ridtele_TX.139B,RID,Trang,
930,Pa Lu Ru,6.08839,101.87299,Thailand,ThaiWater (HII),STH009,HII,Narathiwat,
1317025,ประตูระบายน้ำหัววัง,10.556349,99.177254,Thailand,ThaiWater (HII),ridtele_TSN09,RID,Chumphon,
929,SIRINDHORN Swamp Forest Research Center,6.00509,101.95814,Thailand,ThaiWater (HII),STH010,HII,Narathiwat,
928,Sai Buri 1,5.939258,101.77473,Thailand,ThaiWater (HII),SAY001,HII,Narathiwat,
1317032,คลองนอกท่า,8.530108,99.819844,Thailand,ThaiWater (HII),ridtele_TNA.04,RID,Nakhon Si Thammarat,
924,Waeng,5.93329,101.88209,Thailand,ThaiWater (HII),STH021,HII,Narathiwat,
1317037,บ้านโคกข่อย,8.435594,100.014428,Thailand,ThaiWater (HII),ridtele_TNB.09,RID,Nakhon Si Thammarat,
1317038,บ้านปากพญา,8.483189,100.015408,Thailand,ThaiWater (HII),ridtele_TNB.12,RID,Nakhon Si Thammarat,
921,Rue Scho Park,6.38792,101.51716,Thailand,ThaiWater (HII),STH022,HII,Narathiwat,
904,Ban Mueang Communuty,5.92379,101.12599,Thailand,ThaiWater (HII),VLGE35,HII,Yala,
1317052,ฝายเสาธง,8.340558,99.828936,Thailand,ThaiWater (HII),ridtele_TPN08,RID,Nakhon Si Thammarat,
1317054,บ้านตูล,8.041068,99.981933,Thailand,ThaiWater (HII),ridtele_TPN10,RID,Nakhon Si Thammarat,
1317057,บ้านการะเกด,8.085369,100.132404,Thailand,ThaiWater (HII),ridtele_TPN13,RID,Nakhon Si Thammarat,
898,Ban Khuan 2 Communuty,6.57636,101.199104,Thailand,ThaiWater (HII),VLGE42,HII,Yala,
1317063,ปตร.บางนราตอนล่าง,6.24644,102.03023,Thailand,ThaiWater (HII),ridtele_BNR.03,RID,Narathiwat,
880,Pattani Rice Research Center,6.75417,101.13338,Thailand,ThaiWater (HII),STH012,HII,Pattani,
1317071,สถานี ชป.คลองวาด,6.990953,100.38278,Thailand,ThaiWater (HII),ridtele_STN01,RID,Songkhla,
1317075,สถานีคลองต่ำ,6.975436,100.36767,Thailand,ThaiWater (HII),ridtele_STN05,RID,Songkhla,
871,Khlong Chaloem,7.38226,99.98037,Thailand,ThaiWater (HII),TKRA,HII,Phatthalung,
1317080,สถานีคลองรำใหญ่,6.761329,100.399158,Thailand,ThaiWater (HII),ridtele_STN10,RID,Songkhla,
1317081,สถานี X.112,6.705239,100.433266,Thailand,ThaiWater (HII),ridtele_STN11,RID,Songkhla,
868,Huai Yod,7.78926,99.63351,Thailand,ThaiWater (HII),HYOD,HII,Trang,
860,Song Khla Lake 2,6.931234,100.43985,Thailand,ThaiWater (HII),SLA002,HII,Songkhla,
859,Songkhla Lake 5,7.261514,100.42447,Thailand,ThaiWater (HII),SLA005,HII,Songkhla,
856,Songkhla Lake 1,6.98013,100.46322,Thailand,ThaiWater (HII),SLA001,HII,Songkhla,
1317093,ปตร.คลองท่าแนะ,7.72914,99.914,Thailand,ThaiWater (HII),ridtele_TSL12,RID,Phatthalung,
1317098,เขาชัยสน,7.47076,100.138,Thailand,ThaiWater (HII),ridtele_TSL17,RID,Phatthalung,
1317105,ปตร.อู่ตะเภา,6.987824,100.462205,Thailand,ThaiWater (HII),ridtele_TSL24,RID,Songkhla,
1317108,ปตร.คลอง 1ซ-ร1,7.008409,100.442098,Thailand,ThaiWater (HII),ridtele_TSL27,RID,Songkhla,
1317109,ปตร.ท่าช้าง-บางกล่ำ,7.127928,100.433274,Thailand,ThaiWater (HII),ridtele_TSL28,RID,Songkhla,
1317113,คลองนาท่อม,7.636973,100.061156,Thailand,ThaiWater (HII),ridtele_TSL32,RID,Phatthalung,
1317114,คลองลำเบ็ดบน,7.545644,99.960471,Thailand,ThaiWater (HII),ridtele_TSL33,RID,Phatthalung,
1317115,คลองลำเบ็ดล่าง,7.590888,100.154019,Thailand,ThaiWater (HII),ridtele_TSL34,RID,Phatthalung,
1317116,คลองเหมืองตะกั่ว,7.26871,100.094388,Thailand,ThaiWater (HII),ridtele_TSL35,RID,Phatthalung,
1317118,คลองตงตอนบน,6.817693,100.553952,Thailand,ThaiWater (HII),ridtele_TSL37,RID,Songkhla,
1317119,คลองตงตอนล่าง,6.848806,100.471146,Thailand,ThaiWater (HII),ridtele_TSL38,RID,Songkhla,
855,Songkhla Lake 3,6.796687,100.44239,Thailand,ThaiWater (HII),SLA003,HII,Songkhla,
1317121,คลองหวะตอนล่าง,6.987312,100.474043,Thailand,ThaiWater (HII),ridtele_TSL40,RID,Songkhla,
1317122,บ้านควนอินนอโม,7.345515,100.055831,Thailand,ThaiWater (HII),ridtele_TX109,RID,Phatthalung,
854,Sa Dao,6.63837,100.42479,Thailand,ThaiWater (HII),TSDO,HII,Songkhla,
1317125,ฝายท่าเชียด,7.361018,100.1085,Thailand,ThaiWater (HII),ridtele_TX21A,RID,Phatthalung,
1317129,บ้านพรุพร้อ,7.19253,100.221,Thailand,ThaiWater (HII),ridtele_TX69,RID,Songkhla,
1317133,บ้านวังตลับ,8.398225,99.346551,Thailand,ThaiWater (HII),ridtele_TTP03,RID,Nakhon Si Thammarat,
1317141,บ้านนาสาร (X.81),8.807695,99.367472,Thailand,ThaiWater (HII),ridtele_TTP11,RID,Surat Thani,
853,Khao Phra,7.07915,100.19008,Thailand,ThaiWater (HII),KAOP,HII,Songkhla,
833,Bang Yai,10.30637,98.77071,Thailand,ThaiWater (HII),BGYN,HII,Ranong,
1317156,สถานีวัดสองพี่น้อง,8.847972,98.732583,Thailand,ThaiWater (HII),ridtele_TTP26,RID,Surat Thani,
814,Khlong Sok,8.89049,98.66134,Thailand,ThaiWater (HII),KOSK,HII,Surat Thani,
1317195,บ้านแว้ง,5.9266,101.8841,Thailand,ThaiWater (HII),ridtele_Tkol.11,RID,Narathiwat,
1317203,ปตร.ปลายคลองโต๊ะแดง,6.1586,102.0565,Thailand,ThaiWater (HII),ridtele_Tkol.19,RID,Narathiwat,
1317204,บ้านลาแล,6.0832,102.0112,Thailand,ThaiWater (HII),ridtele_Tkol.20,RID,Narathiwat,
808,Ra Wai,7.77087,98.31879,Thailand,ThaiWater (HII),BYNU,HII,Phuket,
789,Khun Thale,8.33883,99.8521,Thailand,ThaiWater (HII),KTLE,HII,Nakhon Si Thammarat,
786,Thap Tai,12.49032,99.90437,Thailand,ThaiWater (HII),HHMV,HII,Prachuap Khiri Khan,
783,Nong Ta Taem,12.41647,99.81781,Thailand,ThaiWater (HII),WWST,HII,Prachuap Khiri Khan,
781,Bang Saphan Noi,11.07618,99.44528,Thailand,ThaiWater (HII),BSPN,HII,Prachuap Khiri Khan,
772,Petch Buri 2,12.92212,99.81754,Thailand,ThaiWater (HII),PCH002,HII,Phetchaburi,
765,Tha Yang,12.96333,99.89841,Thailand,ThaiWater (HII),PDAM,HII,Phetchaburi,
1317232,บ้านแม่ตะควน,17.963728,97.926075,Thailand,ThaiWater (HII),ridtele_TSW.11,RID,Mae Hong Son,
1317234,บ้านสบสา,19.221192,98.422328,Thailand,ThaiWater (HII),ridtele_TSW.13,RID,Mae Hong Son,
1317235,ห้วยน้ำของ,19.535209,98.113684,Thailand,ThaiWater (HII),ridtele_TSW.14,RID,Mae Hong Son,
762,Yak Cha-am,12.78631,99.96016,Thailand,ThaiWater (HII),CHAM,HII,Phetchaburi,
1373274,Khlong Chon Bridge (Ban Talat Mai),14.553573,100.316765,Thailand,ThaiWater (HII),HDA008,HII,Ang Thong,
759,Don Yang,13.0146,99.97034,Thailand,ThaiWater (HII),RCHM,HII,Phetchaburi,
753,Thachin River,13.5178,100.27499,Thailand,ThaiWater (HII),GLF002,HII,Samut Sakhon,
730,Sai Thong School,13.82329,99.28462,Thailand,ThaiWater (HII),WSTG,HII,Kanchanaburi,
723,Don Cha-am,13.96196,99.80394,Thailand,ThaiWater (HII),DNCM,HII,Kanchanaburi,
1373691,Nang Phraya Bridge-Bang Luang Pak Nakhon Community,8.438141,100.0304,Thailand,ThaiWater (HII),PTTEP3,HII,Nakhon Si Thammarat,
719,Si Mongkhon,14.02271,99.19147,Thailand,ThaiWater (HII),HKTG,HII,Kanchanaburi,
710,Ratchaburi 1,13.63308,99.8164,Thailand,ThaiWater (HII),RAJ001,HII,Ratchaburi,
706,Ratchaburi 3,13.56008,99.36224,Thailand,ThaiWater (HII),RAJ003,HII,Ratchaburi,
679,Wang Sai Phun,16.40616,100.53869,Thailand,ThaiWater (HII),WSPN,HII,Phichit,
655,Thung Saliam,17.32377,99.56754,Thailand,ThaiWater (HII),TSLM,HII,Sukhothai,
1394899,Eastern coastal research station,12.697516,101.404884,Thailand,ThaiWater (HII),MOU375,FOP,Rayong,
654,Si Nakhon,17.3551,99.99223,Thailand,ThaiWater (HII),SNKO,HII,Sukhothai,
653,Yom 6,17.2019,99.86388,Thailand,ThaiWater (HII),YOM006,HII,Sukhothai,
630,Wang 1,17.26053,99.07797,Thailand,ThaiWater (HII),WAN001,HII,Tak,
629,Sam Ngao,17.22486,99.05115,Thailand,ThaiWater (HII),PMPN,HII,Tak,
618,Maewong Bridge,15.90176,99.4704,Thailand,ThaiWater (HII),SKG005,HII,Kamphaeng Phet,
608,Nong Ping Kai Communuty,16.4348,99.36729,Thailand,ThaiWater (HII),VLGE15,HII,Kamphaeng Phet,
593,Sakae Krang 8,15.9125,99.32747,Thailand,ThaiWater (HII),SKG008,HII,Nakhon Sawan,
1396872,National Park Protection Unit at Kor. 20 (Hell Waterfall),14.28622,101.39359,Thailand,ThaiWater (HII),MOU469,FOP,Nakhon Nayok,
589,Mae Wong,15.78101,99.54588,Thailand,ThaiWater (HII),MWOG,HII,Nakhon Sawan,
1422304,แม่น้ำปิงที่ อ.จอมทอง,18.435266,98.740107,Thailand,ThaiWater (HII),BBU01,EGAT,Chiang Mai,
1422361,สะพานคลองแสง อ.บ้านตาขุน,8.962559,98.814738,Thailand,ThaiWater (HII),RPBD01,EGAT,Surat Thani,
1422362,สะพานคลองศก อ.พนม,8.881969,98.678887,Thailand,ThaiWater (HII),RPBD02,EGAT,Surat Thani,
1422363,บ้านคลองพนม อ.พนม,8.793062,98.703056,Thailand,ThaiWater (HII),RPBD03,EGAT,Surat Thani,
575,Bang Ta Ngai,15.93713,99.99173,Thailand,ThaiWater (HII),BPPS,HII,Nakhon Sawan,
1422366,สะพานท่าขนอน (วัดปราการ)อ.คีรีรัฐนิคม (X.36),9.029581,98.969587,Thailand,ThaiWater (HII),RPBD06,EGAT,Surat Thani,
568,Chao Phraya 1,15.68849,100.12381,Thailand,ThaiWater (HII),CPY001,HII,Nakhon Sawan,
563,Pai 2,19.37381,98.43967,Thailand,ThaiWater (HII),PAI002,HII,Mae Hong Son,
562,Santichon,19.37003,98.3931,Thailand,ThaiWater (HII),PAII,HII,Mae Hong Son,
1422370,วัดท่ายาง จ.นครศรีธรรมราช,8.302045,99.368239,Thailand,ThaiWater (HII),RPBD10,EGAT,Nakhon Si Thammarat,
560,Pai 1,19.36703,97.96665,Thailand,ThaiWater (HII),PAI001,HII,Mae Hong Son,
556,Yang Hom,19.92229,100.30565,Thailand,ThaiWater (HII),YGHM,HII,Chiang Rai,
1422374,สะพานจุลจอมเกล้า อ.พุนพิน (X.5C),9.113061,99.223751,Thailand,ThaiWater (HII),RPBD14,EGAT,Surat Thani,
1422376,หน่วยพิทักษ์ป่าคลองหยา จ.สุราษฎร์ธานี,9.224659,98.60726,Thailand,ThaiWater (HII),RPBU01,EGAT,Surat Thani,
1422377,หน่วยพิทักษ์ป่าคลองมอญ จ.สุราษฎร์ธานี,9.080287,98.632318,Thailand,ThaiWater (HII),RPBU02,EGAT,Surat Thani,
1422378,หน่วยพิทักษ์ป่าเขาพัง จ.สุราษฎร์ธานี,9.023022,98.707218,Thailand,ThaiWater (HII),RPBU03,EGAT,Surat Thani,
1459035,บ้านต้นแหนน้อย,18.547291,98.862174,Thailand,ThaiWater (HII),STN2170,DWR,Chiang Mai,
1459036,บ้านห้วยโป่ง,18.658259,98.661228,Thailand,ThaiWater (HII),STN2171,DWR,Chiang Mai,
555,Lai Ngao,20.10587,100.50048,Thailand,ThaiWater (HII),WGKN,HII,Chiang Rai,
1459038,บ้านหมอกเปา,20.029237,99.237578,Thailand,ThaiWater (HII),STN2173,DWR,Chiang Mai,
1459039,บ้านห้วยผาตืน (ปางแฟน),18.996693,99.279927,Thailand,ThaiWater (HII),STN2174,DWR,Chiang Mai,
1459041,บ้านน้ำหลง,19.17489,99.659674,Thailand,ThaiWater (HII),STN2176,DWR,Lampang,
1459043,บ้านพนาเสรี (แม่จันใต้),19.478018,99.32167,Thailand,ThaiWater (HII),STN2178,DWR,Chiang Rai,
1459044,บ้านผาแดงหลวง,19.866843,99.540661,Thailand,ThaiWater (HII),STN2179,DWR,Chiang Rai,
1459045,บ้านสันทรายงาม,19.747379,100.17881,Thailand,ThaiWater (HII),STN2180,DWR,Chiang Rai,
1459046,บ้านท่าสาย,19.857332,99.844272,Thailand,ThaiWater (HII),STN2181,DWR,Chiang Rai,
1459047,ชุมชนบ้านใหม่,19.918208,99.832728,Thailand,ThaiWater (HII),STN2182,DWR,Chiang Rai,
1459048,บ้านพญากองดี,19.623493,99.36108,Thailand,ThaiWater (HII),STN2183,DWR,Chiang Rai,
1459049,บ้านสิบสองพัฒนา,19.378142,100.442811,Thailand,ThaiWater (HII),STN2184,DWR,Phayao,
1459050,บ้านปางปูเลาะ,19.351791,99.716546,Thailand,ThaiWater (HII),STN2185,DWR,Phayao,
1459052,บ้านดงเคียน,19.381615,100.184619,Thailand,ThaiWater (HII),STN2187,DWR,Phayao,
1459053,บ้านค้างหงส์ใหม่,19.301513,100.164884,Thailand,ThaiWater (HII),STN2188,DWR,Phayao,
1459054,บ้านกอก,19.411848,100.405275,Thailand,ThaiWater (HII),STN2189,DWR,Phayao,
1459055,บ้านท่าต้นหาด,19.356908,99.769229,Thailand,ThaiWater (HII),STN2190,DWR,Phayao,
1459056,บ้านใหม่ปางค่า,19.337223,100.431249,Thailand,ThaiWater (HII),STN2191,DWR,Phayao,
1459057,บ้านธาตุขิงแกงใหม่,19.293864,100.190762,Thailand,ThaiWater (HII),STN2192,DWR,Phayao,
554,Phaya Mengrai,19.8392,100.16924,Thailand,ThaiWater (HII),PYMR,HII,Chiang Rai,
1459059,บ้านอยู่สุข,19.880154,100.383826,Thailand,ThaiWater (HII),STN2194,DWR,Chiang Rai,
550,Chaing Rai 4,19.65265,99.5379,Thailand,ThaiWater (HII),CHR004,HII,Chiang Rai,
548,Yonok,20.24011,100.06739,Thailand,ThaiWater (HII),CGSN,HII,Chiang Rai,
545,Chaing Rai 3,20.15754,99.85966,Thailand,ThaiWater (HII),CHR003,HII,Chiang Rai,
544,Pa Daet,19.49596,99.99529,Thailand,ThaiWater (HII),PADT,HII,Chiang Rai,
543,Mueang Phan,19.56152,99.74109,Thailand,ThaiWater (HII),PANC,HII,Chiang Rai,
542,Chaing Rai 2,19.68822,100.18758,Thailand,ThaiWater (HII),CHR002,HII,Chiang Rai,
539,Wiang,20.25734,100.40289,Thailand,ThaiWater (HII),CGKG,HII,Chiang Rai,
538,Siri Wiang Chai,19.86749,99.89004,Thailand,ThaiWater (HII),WGCI,HII,Chiang Rai,
537,Chaing Rai 1,19.82637,99.77892,Thailand,ThaiWater (HII),CHR001,HII,Chiang Rai,
530,Chiang Muan,18.8938,100.28783,Thailand,ThaiWater (HII),CGMN,HII,Phayao,
1459072,บ้านพรุจูด,7.790836,99.52135,Thailand,ThaiWater (HII),STN2207,DWR,Trang,
1459073,บ้านปากแพรก,7.544777,99.954661,Thailand,ThaiWater (HII),STN2208,DWR,Phatthalung,
1459074,บ้านนาหยา,7.481101,100.080964,Thailand,ThaiWater (HII),STN2209,DWR,Phatthalung,
1459076,ชุมชนย่านยาวออก,6.868006,100.456304,Thailand,ThaiWater (HII),STN2211,DWR,Songkhla,
1459077,ชุมชนวัดเกาะ,6.974349,100.397919,Thailand,ThaiWater (HII),STN2212,DWR,Songkhla,
1459078,บ้านควนจง,6.968613,100.51886,Thailand,ThaiWater (HII),STN2213,DWR,Songkhla,
529,Yuan,19.52467,100.30102,Thailand,ThaiWater (HII),CGKM,HII,Phayao,
528,Huai Khao Kam,19.35007,100.1395,Thailand,ThaiWater (HII),CHUN,HII,Phayao,
1459082,บ้านในเขียว 1,8.553659,99.808922,Thailand,ThaiWater (HII),STN2217,DWR,Nakhon Si Thammarat,
1459084,บ้านบูเก๊ะตา,5.849583,101.880607,Thailand,ThaiWater (HII),STN2219,DWR,Narathiwat,
1459085,บ้านเจ๊ะเหม,5.929218,101.861527,Thailand,ThaiWater (HII),STN2220,DWR,Narathiwat,
1459086,บ้านสรายอ,6.00766,101.856709,Thailand,ThaiWater (HII),STN2221,DWR,Narathiwat,
526,Kwan Phayao,19.15985,99.91412,Thailand,ThaiWater (HII),PYO001,HII,Phayao,
524,Huai Kron,19.59513,101.08574,Thailand,ThaiWater (HII),CLPK,HII,Nan,
523,Nan 3,18.73796,100.75609,Thailand,ThaiWater (HII),NAN003,HII,Nan,
1459096,บ้านไอยามู,5.984583,101.781159,Thailand,ThaiWater (HII),STN2231,DWR,Narathiwat,
519,Bo Kluea Tai,19.07989,101.15386,Thailand,ThaiWater (HII),BOKA,HII,Nan,
1459099,บ้านสาวอ,6.44204,101.465509,Thailand,ThaiWater (HII),STN2234,DWR,Narathiwat,
1459100,บ้านโคกมือบา,6.169394,102.062652,Thailand,ThaiWater (HII),STN2235,DWR,Narathiwat,
1459101,บ้านมูโนะ,6.076795,102.040468,Thailand,ThaiWater (HII),STN2236,DWR,Narathiwat,
1459105,บ้านไอร์ตืองอ,6.211957,101.487933,Thailand,ThaiWater (HII),STN2240,DWR,Narathiwat,
510,Nan 1,19.09611,100.80258,Thailand,ThaiWater (HII),NAN001,HII,Nan,
505,Mo Mueang,18.67822,100.9928,Thailand,ThaiWater (HII),MCRM,HII,Nan,
500,Nan,18.79898,100.73317,Thailand,ThaiWater (HII),NANT,HII,Nan,
499,Yom 3,18.26591,100.17706,Thailand,ThaiWater (HII),YOM003,HII,Phrae,
497,Wang Chin,17.87937,99.61921,Thailand,ThaiWater (HII),WCHN,HII,Phrae,
493,Yom 4,18.0208,100.0588,Thailand,ThaiWater (HII),YOM004,HII,Phrae,
492,Sung Men,18.06268,100.09529,Thailand,ThaiWater (HII),SGMN,HII,Phrae,
477,Nam Pat,17.72534,100.6814,Thailand,ThaiWater (HII),NMPT,HII,Uttaradit,
472,Nan 11,17.61011,100.09943,Thailand,ThaiWater (HII),NAN011,HII,Uttaradit,
469,Mae Tan Noi Communuty,18.41521,99.26469,Thailand,ThaiWater (HII),VLGE28,HII,Lampang,
467,Na Yang,17.90977,99.30969,Thailand,ThaiWater (HII),SPPT,HII,Lampang,
1459126,บ้านน้ำตวงใหม่,18.742818,101.193413,Thailand,ThaiWater (HII),STN2261,DWR,Nan,
1459128,บ้านน้ำพาง,18.635359,101.038194,Thailand,ThaiWater (HII),STN2263,DWR,Nan,
1459129,บ้านวังแข,18.586969,100.700766,Thailand,ThaiWater (HII),STN2264,DWR,Nan,
1459130,บ้านป่าสัก,18.310669,100.728303,Thailand,ThaiWater (HII),STN2265,DWR,Nan,
1459131,บ้านแม่ขมวก,17.775018,99.469853,Thailand,ThaiWater (HII),STN2266,DWR,Phrae,
1459133,บ้านคลองน้อย,10.256597,99.003799,Thailand,ThaiWater (HII),STN2268,DWR,Chumphon,
460,Chae Hom,18.71225,99.58207,Thailand,ThaiWater (HII),CEHM,HII,Lampang,
454,Wang 4,18.15915,99.38407,Thailand,ThaiWater (HII),WAN004,HII,Lampang,
448,Pa Sang,18.51816,98.93948,Thailand,ThaiWater (HII),PASG,HII,Lamphun,
1459142,ชุมชนกะตะ,7.821118,98.30785,Thailand,ThaiWater (HII),STN2277,DWR,Phuket,
443,Lamphun,18.58646,99.01955,Thailand,ThaiWater (HII),LMPN,HII,Lamphun,
441,Mae Wang,18.61261,98.77524,Thailand,ThaiWater (HII),TB0007,HII,Chiang Mai,
439,Chai Prakan,19.74219,99.14546,Thailand,ThaiWater (HII),CPKC,HII,Chiang Mai,
1459146,บ้านซ่งแย้,16.071511,104.37328,Thailand,ThaiWater (HII),STN2281,DWR,Yasothon,
438,Piang Luang,19.64923,98.63487,Thailand,ThaiWater (HII),WGHG,HII,Chiang Mai,
436,Doi Tao,17.91548,98.72789,Thailand,ThaiWater (HII),DITO,HII,Chiang Mai,
434,Chiang Mai 2,18.17859,98.63017,Thailand,ThaiWater (HII),CHM002,HII,Chiang Mai,
430,Chiang Mai 1,19.00979,98.95975,Thailand,ThaiWater (HII),CHM001,HII,Chiang Mai,
429,San Na Meng,18.83802,99.05691,Thailand,ThaiWater (HII),SNSI,HII,Chiang Mai,
428,San Kamphaeng,18.75289,99.12771,Thailand,ThaiWater (HII),SKPG,HII,Chiang Mai,
1472962,Mae Chaem Watershed Research Station,18.5223,98.2943,Thailand,ThaiWater (HII),MOU235,FOP,Chiang Mai,
1472967,Khun Sathan Watershed Research Station,18.277527,100.50524,Thailand,ThaiWater (HII),MOU241,FOP,Nan,
427,Civil Bridge,18.57391,98.86222,Thailand,ThaiWater (HII),TB0006,HII,Chiang Mai,
1601341,Huai Nong Soon Reservoir,18.3069,98.70883,Thailand,ThaiWater (HII),RES019,HII,Lamphun,
1472990,Watershed Management and Community Development Unit in the Huai Cha Khan Conservation Forest Area,19.602726,99.08559,Thailand,ThaiWater (HII),MOU268,FOP,Chiang Mai,
1472991,Watershed Management and Community Development Unit in the Mae Wan Conservation Forest Area,19.007475,99.33236,Thailand,ThaiWater (HII),MOU271,FOP,Chiang Mai,
1475090,Watershed Management and Community Development Unit in the Mae Tha Conservation Forest Area,18.6771,99.2937,Thailand,ThaiWater (HII),MOU276,FOP,Chiang Mai,
426,Ban Huai Sai Communuty,19.34,99.21733,Thailand,ThaiWater (HII),VLGE11,HII,Chiang Mai,
1475104,Mae Khan Bridge,18.7955,98.7307,Thailand,ThaiWater (HII),MOU293,FOP,Chiang Mai,
424,Chiang Mai 3,20.06092,99.36204,Thailand,ThaiWater (HII),CHM003,HII,Chiang Mai,
1475118,Ngad Bridge,19.238968,99.18048,Thailand,ThaiWater (HII),MOU301,FOP,Chiang Mai,
1475122,Ping River Bridge,19.507914,98.95879,Thailand,ThaiWater (HII),MOU303,FOP,Chiang Mai,
1475127,Doi Chiang Dao Watershed Research Station,19.2718,98.96989,Thailand,ThaiWater (HII),MOU312,FOP,Chiang Mai,
1475129,"Water Basin Management Research Agency, Huai Hong Krai Development Study Center Due to the royal initiative",18.883398,99.22465,Thailand,ThaiWater (HII),MOU314,FOP,Chiang Mai,
422,Chiang Mai 7,19.85606,99.19549,Thailand,ThaiWater (HII),CHM007,HII,Chiang Mai,
1476442,"Pha Thai National Park Protection Unit, Unit 5 (Tat Noi Waterfall)",18.8137,99.7046,Thailand,ThaiWater (HII),MOU316,FOP,Lampang,
1476446,"National Park Protection Unit, 3 (Dong Lan)",17.2975,99.1891,Thailand,ThaiWater (HII),MOU317,FOP,Tak,
1476450,National Park Protection Unit at Jho Chor. 5 (Mae Jam),18.9263,99.4099,Thailand,ThaiWater (HII),MOU319,FOP,Lampang,
1476456,Khlong Mae Soi Bridge,18.784391,99.56949,Thailand,ThaiWater (HII),MOU322,FOP,Lampang,
1476461,"Friendship Bridge, Tui River",18.474373,99.46628,Thailand,ThaiWater (HII),MOU325,FOP,Lampang,
421,Wiang,19.94109,99.21811,Thailand,ThaiWater (HII),FANG,HII,Chiang Mai,
1481101,Watershed Management and Community Development Unit in the Mae Serm Conservation Forest Area,18.1331,99.1106,Thailand,ThaiWater (HII),MOU331,FOP,Lampang,
1481105,Maelek Forest Protection Unit,18.312527,98.978264,Thailand,ThaiWater (HII),MOU333,FOP,Lamphun,
420,Mae Ngad Dam,19.16175,99.03968,Thailand,ThaiWater (HII),MNDM,HII,Chiang Mai,
1481108,Mae Ka Bridge,19.337248,100.43124,Thailand,ThaiWater (HII),MOU335,FOP,Phayao,
1481110,National Park Protection Unit 4 (Mae Mok),17.661854,99.39075,Thailand,ThaiWater (HII),MOU336,FOP,Lampang,
1481112,National Park Protection Unit 4 (Mae Kae),18.74446,99.81539,Thailand,ThaiWater (HII),MOU337,FOP,Lampang,
1481122,Nam Ngao Bridge,18.889063,99.940125,Thailand,ThaiWater (HII),MOU342,FOP,Lampang,
418,Chiang Mai 5,19.12207,98.94447,Thailand,ThaiWater (HII),CHM005,HII,Chiang Mai,
417,Pa Sak Ngam Communuty,18.9926,99.12811,Thailand,ThaiWater (HII),VLGE04,HII,Chiang Mai,
1481151,Mae Huat River Conservation Development Unit,18.55175,99.839226,Thailand,ThaiWater (HII),MOU358,FOP,Lampang,
416,Choeng Doi,18.86477,99.13227,Thailand,ThaiWater (HII),DSKT,HII,Chiang Mai,
1481155,Watershed Management and Community Development Unit in the Mae Tam Conservation Forest Area,18.91207,100.0537,Thailand,ThaiWater (HII),MOU362,FOP,Phayao,
1481156,Watershed Management and Community Development Unit in the Mae Nueng Conservation Forest Area,18.571398,99.43958,Thailand,ThaiWater (HII),MOU363,FOP,Lampang,
1482443,Khun Ngao River Conservation Development Unit,18.8879,99.8069,Thailand,ThaiWater (HII),MOU365,FOP,Lampang,
1482445,Nam Pi Chiang Bridge,18.881905,100.28281,Thailand,ThaiWater (HII),MOU368,FOP,Phayao,
1483103,Phaya Athitraj Bridge,17.37028,98.48728,Thailand,ThaiWater (HII),MOU370,FOP,Chiang Mai,
1483111,Khlong Mae Mon Bridge,18.810192,99.50328,Thailand,ThaiWater (HII),MOU373,FOP,Lampang,
1483113,Nam Ngim River Conservation Development Unit,19.3401,100.4781,Thailand,ThaiWater (HII),MOU374,FOP,Phayao,
1483117,Watershed Management and Community Development Unit in the Sop Sai Conservation Forest Area,19.11322,100.706726,Thailand,ThaiWater (HII),MOU376,FOP,Nan,
1483119,Watershed Management and Community Development Unit in the Nam Hui Conservation Forest Area,19.2556,100.732,Thailand,ThaiWater (HII),MOU378,FOP,Nan,
1601344,Mae Tao Reservoir,18.0204,98.83142,Thailand,ThaiWater (HII),RES022,HII,Lamphun,
1483124,Watershed Management and Community Development Unit in the Sanian-Salai Conservation Forest Area,18.8532,100.592,Thailand,ThaiWater (HII),MOU382,FOP,Nan,
415,Mae Na,19.34123,98.96134,Thailand,ThaiWater (HII),CGDO,HII,Chiang Mai,
414,Chiang Mai 4,19.36728,98.96884,Thailand,ThaiWater (HII),CHM004,HII,Chiang Mai,
1483137,Ton Sak National Park Office,17.596693,100.5496,Thailand,ThaiWater (HII),MOU389,FOP,Uttaradit,
409,Chang Phueak,18.8101,98.96992,Thailand,ThaiWater (HII),TAPE,HII,Chiang Mai,
1483142,National Park Protection Unit 7 (Huai Ngam),18.2799,100.9562,Thailand,ThaiWater (HII),MOU392,FOP,Nan,
408,Nam Thiang,16.5431,104.4085,Thailand,ThaiWater (HII),KMCE,HII,Mukdahan,
1483159,Watershed Management and Community Development Unit in the Nam Mao Mok Conservation Forest Area,19.061718,101.10231,Thailand,ThaiWater (HII),MOU400,FOP,Nan,
299,Nong Phon Ngam,16.43053,101.96625,Thailand,ThaiWater (HII),HUYG,HII,Chaiyaphum,
1483164,Watershed Management and Community Development Unit in the Nam Ngao Conservation Forest Area,18.981392,100.71825,Thailand,ThaiWater (HII),MOU403,FOP,Nan,
219,Talad Sai Communuty,15.18156,102.84448,Thailand,ThaiWater (HII),VLGE01,HII,Nakhon Ratchasima,
1483168,Watershed Management and Community Development Unit in Khun Nam Tuang Conservation Forest,18.997,101.1884,Thailand,ThaiWater (HII),MOU405,FOP,Nan,
1601345,Huai Hin Fon Reservoir,18.00469,99.00955,Thailand,ThaiWater (HII),RES023,HII,Lamphun,
187,Wong Kaeng Bridge,14.364806,101.09028,Thailand,ThaiWater (HII),NYK001,HII,Nakhon Nayok,
1484459,National Park Protection Unit (Tham Chan),17.5832,100.4222,Thailand,ThaiWater (HII),MOU408,FOP,Uttaradit,
1485161,Watershed Management and Community Development Unit in the Mae Saluam Conservation Forest Area,19.421482,99.306526,Thailand,ThaiWater (HII),MOU412,FOP,Chiang Mai,
1512927,Huai Tun Reservoir,19.14538,99.79137,Thailand,ThaiWater (HII),RES001,HII,Phayao,
1525754,ห้องสมุดประจำหมู่บ้านปิน หมู่ 9,19.51796,100.34596,Thailand,ThaiWater (HII),TH87,DISASTER,Phayao,
1548591,Huai Muang Reservoir (Huai Hae),19.13814,99.80512,Thailand,ThaiWater (HII),RES003,HII,Phayao,
1556813,Mae Surin Waterfall National Park Office,19.353487,97.981285,Thailand,ThaiWater (HII),MOU149,FOP,Mae Hong Son,
131,Na Yai Am,12.722433,101.95606,Thailand,ThaiWater (HII),CHN005,HII,Chanthaburi,
1556815,Watershed Management and Community Development Unit in Mae Uam Conservation Forest Area (Subunit),18.5526,98.41401,Thailand,ThaiWater (HII),MOU153,FOP,Chiang Mai,
1556816,Watershed Management and Community Development Unit in the Mon Angket Conservation Forest Area,19.106,98.6566,Thailand,ThaiWater (HII),MOU154,FOP,Chiang Mai,
1556817,Mae Saep Waterfall Forest Park,17.921886,97.90344,Thailand,ThaiWater (HII),MOU155,FOP,Mae Hong Son,
1556818,Watershed Management and Community Development Unit in the Pang Mapha Conservation Forest Area,19.516518,98.25083,Thailand,ThaiWater (HII),MOU156,FOP,Mae Hong Son,
106,Wang Muang,14.84867,101.14549,Thailand,ThaiWater (HII),WGYG,HII,Saraburi,
1556828,National Park Protection Unit Sor Ro 4 (Pha Bong Waterfall),19.1923,97.9965,Thailand,ThaiWater (HII),MOU179,FOP,Mae Hong Son,
1556830,Operations of Thap Phaya Lor Wildlife,19.449446,100.07453,Thailand,ThaiWater (HII),MOU181,FOP,Phayao,
1556831,Watershed Management and Community Development Unit in Khun Nam Fang Conservation Forest,19.5793,99.2607,Thailand,ThaiWater (HII),MOU182,FOP,Chiang Mai,
1556832,Watershed Management and Community Development Unit in the Mae Ta Chang Conservation Forest Area,19.727201,99.3704,Thailand,ThaiWater (HII),MOU183,FOP,Chiang Rai,
1556833,Watershed Management and Community Development Unit in Huai Sun Conservation Forest Area,19.710876,99.068085,Thailand,ThaiWater (HII),MOU184,FOP,Chiang Mai,
1556834,Watershed Management and Community Development Unit in the Mae Sai Conservation Forest Area,20.020224,99.60671,Thailand,ThaiWater (HII),MOU185,FOP,Chiang Rai,
1556839,Watershed Management and Community Development Unit in Khun Mae Taeng Conservation Forest (Subunit),19.5768,98.6722,Thailand,ThaiWater (HII),MOU193,FOP,Chiang Mai,
1556843,"National Park Protection Unit, Dor Lor 3 (Huai Sai)",19.427584,99.52559,Thailand,ThaiWater (HII),MOU197,FOP,Chiang Rai,
1556847,Huai Mae Sak Waterfall Fall,19.957552,100.07919,Thailand,ThaiWater (HII),MOU201,FOP,Chiang Rai,
1556874,Watershed Management and Community Development Unit in the Mae Haad Conservation Forest Area,19.6323,98.5291,Thailand,ThaiWater (HII),MOU270,FOP,Chiang Mai,
1556879,Watershed Management and Community Development Unit in Mae Raa Conservation Forest Area,17.4721,98.3436,Thailand,ThaiWater (HII),MOU275,FOP,Chiang Mai,
1556887,Watershed Management and Community Development Unit in the Pang Hin Fon Conservation Forest Area,18.48307,98.22409,Thailand,ThaiWater (HII),MOU283,FOP,Chiang Mai,
1556888,Watershed Management and Community Development Unit in the Pang Sadet Conservation Forest Area,19.241009,98.63501,Thailand,ThaiWater (HII),MOU284,FOP,Chiang Mai,
1556889,Watershed Management and Community Development Unit in the Doi Sam Muen Conservation Forest Area,19.413826,98.593124,Thailand,ThaiWater (HII),MOU285,FOP,Chiang Mai,
1556890,Watershed Management and Community Development Unit in the Khun Wang Conservation Forest Area,19.4138,98.593,Thailand,ThaiWater (HII),MOU286,FOP,Chiang Mai,
1556891,Watershed Management and Community Development Unit in Khun Mae Hat Conservation Forest Area,17.664206,98.514175,Thailand,ThaiWater (HII),MOU287,FOP,Chiang Mai,
1601346,Mae Pam Reservoir,17.86006,99.13616,Thailand,ThaiWater (HII),RES024,HII,Lamphun,
50,Lop Buri 1,14.42731,100.55605,Thailand,ThaiWater (HII),LBI001,HII,Phra Nakhon Si Ayutthaya,
1556901,Chiang Dao Wildlife Sanctuary,19.405449,98.922516,Thailand,ThaiWater (HII),MOU297,FOP,Chiang Mai,
49,Chao Phraya 12,14.30455,100.56645,Thailand,ThaiWater (HII),CPY012,HII,Phra Nakhon Si Ayutthaya,
1556911,Watershed Management and Community Development Unit in the Khun Mae Ya Conservation Forest Area,19.230482,98.57719,Thailand,ThaiWater (HII),MOU307,FOP,Mae Hong Son,
44,Pa Sak 9,14.40269,100.5864,Thailand,ThaiWater (HII),PAS009,HII,Phra Nakhon Si Ayutthaya,
1556913,Watershed Management and Community Development Unit in the Yang Om Phai Conservation Forest Area,18.2873,98.1429,Thailand,ThaiWater (HII),MOU309,FOP,Mae Hong Son,
1556914,Watershed Management and Community Development Unit in the Mae Sala Luang Conservation Forest Area,19.336,98.591,Thailand,ThaiWater (HII),MOU310,FOP,Mae Hong Son,
1556915,Watershed Management and Community Development Unit in the Mae La Noi Conservation Forest Area,18.3675,98.0724,Thailand,ThaiWater (HII),MOU311,FOP,Mae Hong Son,
40,Pa Sak 8,14.56014,100.71987,Thailand,ThaiWater (HII),PAS008,HII,Phra Nakhon Si Ayutthaya,
39,Chao Phraya 11,14.36913,100.52861,Thailand,ThaiWater (HII),CPY011,HII,Phra Nakhon Si Ayutthaya,
1556992,Watershed Management and Community Development Unit in the Mae Pun Conservation Forest Area,19.430109,99.32686,Thailand,ThaiWater (HII),MOU360,FOP,Chiang Rai,
34,Khlong 13 Bridge,14.076805,100.89407,Thailand,ThaiWater (HII),FROC02,HII,Pathum Thani,
10,Krung Thep 5,13.69158,100.38127,Thailand,ThaiWater (HII),BKK005,HII,Bangkok,
503032,บ้านผาลั้ง,19.928852,99.569317,Thailand,ThaiWater (HII),STN1460,DWR,Chiang Rai,
502992,บ้านต้าม,18.717311,100.626146,Thailand,ThaiWater (HII),STN1420,DWR,Nan,
503119,บ้านขุนแม่รวม,18.915711,98.19744,Thailand,ThaiWater (HII),STN1547,DWR,Chiang Mai,
502885,บ้านสะเนียน,18.814657,100.701851,Thailand,ThaiWater (HII),STN1313,DWR,Nan,
502884,บ้านผาสิงห์,18.892062,100.750934,Thailand,ThaiWater (HII),STN1312,DWR,Nan,
502743,บ้านร่มไทย,20.06332,99.360469,Thailand,ThaiWater (HII),STN1171,DWR,Chiang Mai,
502740,บ้านแม่ตะละม้ง,18.934595,98.455287,Thailand,ThaiWater (HII),STN1168,DWR,Chiang Mai,
516212,Ban Pha Wiang,19.159258,101.02896,Thailand,ThaiWater (HII),FOP007,FOP,Nan,
516213,Lamnam Kun,19.148926,100.94644,Thailand,ThaiWater (HII),FOP008,FOP,Nan,
516214,Ban Pang Yang School,19.1356,100.9964,Thailand,ThaiWater (HII),FOP009,FOP,Nan,
516215,HuaiYang Reservoir,18.94491,100.95525,Thailand,ThaiWater (HII),FOP010,FOP,Nan,
516216,Nam Muap (Ban Phu Yaeng) Bridge,18.924017,100.92668,Thailand,ThaiWater (HII),FOP011,FOP,Nan,
502734,บ้านวังดิน,17.801474,98.947044,Thailand,ThaiWater (HII),STN1162,DWR,Lamphun,
516218,Ban Tong,18.846567,101.028946,Thailand,ThaiWater (HII),FOP013,FOP,Nan,
502715,บ้านแม่แดดน้อย,18.964641,98.415808,Thailand,ThaiWater (HII),STN1143,DWR,Chiang Mai,
501583,บ้านใหม่ปางเติม,18.614812,98.767551,Thailand,ThaiWater (HII),STN1557,DWR,Chiang Mai,
502688,บ้านแพะแม่แฝกใหม่,18.995562,98.988604,Thailand,ThaiWater (HII),STN1116,DWR,Chiang Mai,
501582,บ้านศรีวังมูล,19.809141,99.757824,Thailand,ThaiWater (HII),STN1556,DWR,Chiang Rai,
501577,บ้านริมอิง,19.613914,100.183984,Thailand,ThaiWater (HII),STN1551,DWR,Chiang Rai,
528740,สนข.บางคอแหลม,13.69311,100.50229,Thailand,ThaiWater (HII),RF.BKL.01,BMA,Bangkok,
528741,สนข.ยานนาวา,13.69627,100.54222,Thailand,ThaiWater (HII),RF.YNW.01,BMA,Bangkok,
528742,สนข.ปทุมวัน,13.74493,100.5222,Thailand,ThaiWater (HII),RF.PTW.01,BMA,Bangkok,
501574,บ้านหนองแห้ว,17.791067,100.748942,Thailand,ThaiWater (HII),STN1548,DWR,Uttaradit,
501570,บ้านผาละปิ,18.802806,98.230744,Thailand,ThaiWater (HII),STN1543,DWR,Chiang Mai,
501565,บ้านแม่นาจร,18.684451,98.376045,Thailand,ThaiWater (HII),STN1538,DWR,Chiang Mai,
501562,บ้านทาทุ่งไผ่,18.528099,99.234264,Thailand,ThaiWater (HII),STN1535,DWR,Lamphun,
501559,บ้านกอก,19.262329,101.055668,Thailand,ThaiWater (HII),STN1532,DWR,Nan,
501558,บ้านน้ำแคะ,19.271172,101.211957,Thailand,ThaiWater (HII),STN1530,DWR,Nan,
501555,บ้านห้วยขวาก,19.347972,101.14245,Thailand,ThaiWater (HII),STN1527,DWR,Nan,
501554,บ้านซับสมบูรณ์,15.566287,100.778566,Thailand,ThaiWater (HII),STN1526,DWR,Nakhon Sawan,
501550,บ้านหนองบัวคำ,19.891524,100.174247,Thailand,ThaiWater (HII),STN1522,DWR,Chiang Rai,
501545,บ้านปางเกลือ,17.637974,100.550941,Thailand,ThaiWater (HII),STN1517,DWR,Uttaradit,
501543,บ้านม่วงเครือ,19.646861,98.642664,Thailand,ThaiWater (HII),STN1515,DWR,Chiang Mai,
501540,บ้านห้วยส้าน,19.443176,99.171023,Thailand,ThaiWater (HII),STN1512,DWR,Chiang Mai,
501538,บ้านเทอดชาติ,17.61824,100.884014,Thailand,ThaiWater (HII),STN1510,DWR,Phitsanulok,
501536,บ้านดงสุระ,17.999057,100.0974,Thailand,ThaiWater (HII),STN1508,DWR,Phrae,
501532,บ้านขุนน้ำพริก,19.332737,100.672612,Thailand,ThaiWater (HII),STN1504,DWR,Nan,
501528,บ้านหนองหมื่นชัย,17.368487,99.596077,Thailand,ThaiWater (HII),STN1500,DWR,Sukhothai,
501527,บ้านตีนตก,19.144361,100.945172,Thailand,ThaiWater (HII),STN1499,DWR,Nan,
501526,บ้านดอนทราย,18.783243,99.259893,Thailand,ThaiWater (HII),STN1498,DWR,Chiang Mai,
528773,สนข.ภาษีเจริญ,13.71441,100.43696,Thailand,ThaiWater (HII),RF.PSC.01,BMA,Bangkok,
528774,สนข.จอมทอง,13.67744,100.48427,Thailand,ThaiWater (HII),RF.JTG.01,BMA,Bangkok,
528775,สนข.ราษฎร์บูรณะ,13.68207,100.50586,Thailand,ThaiWater (HII),RF.RBN.01,BMA,Bangkok,
501522,บ้านป่าคา,17.822465,99.551282,Thailand,ThaiWater (HII),STN1494,DWR,Phrae,
528778,สนข.บางแค,13.69622,100.40919,Thailand,ThaiWater (HII),RF.BKE.01,BMA,Bangkok,
528779,สนข.บางบอน,13.63392,100.36884,Thailand,ThaiWater (HII),RF.BBN.01,BMA,Bangkok,
528780,สนข.บางขุนเทียน,13.66083,100.43531,Thailand,ThaiWater (HII),RF.BKT.01,BMA,Bangkok,
528781,สนข.หนองแขม,13.70574,100.34931,Thailand,ThaiWater (HII),RF.NKM.01,BMA,Bangkok,
501518,บ้านห้วยมุ่น,17.808603,100.938839,Thailand,ThaiWater (HII),STN1490,DWR,Uttaradit,
528787,ส.คลองบางจาก,13.71471,100.39555,Thailand,ThaiWater (HII),RF.BKE.03,BMA,Bangkok,
501502,บ้านหนองไข่น้ำ,14.829646,101.450214,Thailand,ThaiWater (HII),STN1474,DWR,Nakhon Ratchasima,
501490,บ้านแม่โมงเย้า,19.95186,99.456116,Thailand,ThaiWater (HII),STN1462,DWR,Chiang Rai,
501489,บ้านขุนสรวย,19.891286,99.408798,Thailand,ThaiWater (HII),STN1461,DWR,Chiang Rai,
501488,บ้านดอยฮางใน,19.914137,99.737655,Thailand,ThaiWater (HII),STN1459,DWR,Chiang Rai,
501487,บ้านหัวดง,19.679375,100.268101,Thailand,ThaiWater (HII),STN1458,DWR,Chiang Rai,
501486,บ้านผาลาด,19.650059,100.2992,Thailand,ThaiWater (HII),STN1457,DWR,Chiang Rai,
501485,บ้านไคร้,19.727817,100.29416,Thailand,ThaiWater (HII),STN1456,DWR,Chiang Rai,
501484,บ้านห้วยคอกหมู,19.216015,100.255061,Thailand,ThaiWater (HII),STN1455,DWR,Phayao,
501483,บ้านแม่กาห้วยเคียน,19.044236,99.929535,Thailand,ThaiWater (HII),STN1454,DWR,Phayao,
501482,บ้านคะแนง,19.429061,100.470117,Thailand,ThaiWater (HII),STN1453,DWR,Phayao,
501481,บ้านทาน,18.450258,99.945049,Thailand,ThaiWater (HII),STN1452,DWR,Lampang,
501480,บ้านกอรวก,18.413712,99.863362,Thailand,ThaiWater (HII),STN1451,DWR,Lampang,
501475,บ้านสบแม่สะต๊อบ,18.700775,98.250846,Thailand,ThaiWater (HII),STN1446,DWR,Chiang Mai,
501474,บ้านนากลาง,18.752393,98.261339,Thailand,ThaiWater (HII),STN1445,DWR,Chiang Mai,
501472,บ้านแม่แอบ,18.262339,98.168379,Thailand,ThaiWater (HII),STN1443,DWR,Chiang Mai,
501466,บ้านแม่ซา,18.81566,98.332543,Thailand,ThaiWater (HII),STN1437,DWR,Chiang Mai,
501461,บ้านหาดไร่,18.563037,100.925618,Thailand,ThaiWater (HII),STN1432,DWR,Nan,
501459,บ้านทาทุ่งหลวง,18.421024,99.009942,Thailand,ThaiWater (HII),STN1430,DWR,Lamphun,
501458,บ้านขุนแหง,18.845999,99.998732,Thailand,ThaiWater (HII),STN1429,DWR,Lampang,
501456,บ้านงิ้วงาม,18.551374,100.011349,Thailand,ThaiWater (HII),STN1427,DWR,Lampang,
501454,บ้านต้นปล้อง,19.99,100.332558,Thailand,ThaiWater (HII),STN1425,DWR,Chiang Rai,
501447,บ้านผาช่อ,18.898174,99.605923,Thailand,ThaiWater (HII),STN1417,DWR,Lampang,
528814,ส.พระราม 4,13.7087,100.55457,Thailand,ThaiWater (HII),RF.KTY.02,BMA,Bangkok,
501446,บ้านศรีบุญเรือง,18.826529,99.576168,Thailand,ThaiWater (HII),STN1416,DWR,Lampang,
501445,บ้านกกเชียง,14.927231,99.50882,Thailand,ThaiWater (HII),STN1415,DWR,Suphan Buri,
528818,ส.วัดไทร,13.68653,100.51643,Thailand,ThaiWater (HII),RF.BKL.02,BMA,Bangkok,
501438,บ้านห้วยทรายคำ,19.205618,99.820412,Thailand,ThaiWater (HII),STN1408,DWR,Phayao,
501437,บ้านปี้,19.672385,100.22528,Thailand,ThaiWater (HII),STN1407,DWR,Chiang Rai,
528821,จุดวัด ค.บางนา-ถ.ศรีนครินทร์,13.66106,100.63942,Thailand,ThaiWater (HII),RF.BNA.03,BMA,Bangkok,
501434,บ้านหัวทุ่ง,18.201603,100.671618,Thailand,ThaiWater (HII),STN1404,DWR,Nan,
528824,ส.คลองช่องนนทรี,13.69493,100.54874,Thailand,ThaiWater (HII),RF.YNW.02,BMA,Bangkok,
501432,บ้านนาเดา,18.014434,99.201135,Thailand,ThaiWater (HII),STN1402,DWR,Lampang,
528826,ปตร.คลองวัดด่าน,13.67071,100.54018,Thailand,ThaiWater (HII),RF.YNW.03,BMA,Samut Prakan,
528827,ส.รัชดา-วิภาวดี,13.83022,100.55723,Thailand,ThaiWater (HII),RF.CTC.02,BMA,Bangkok,
501427,บ้านแม่ช่อฟ้า,18.863594,99.730043,Thailand,ThaiWater (HII),STN1397,DWR,Lampang,
501426,บ้านทุ่งฮ้าง,18.88286,99.670438,Thailand,ThaiWater (HII),STN1396,DWR,Lampang,
501422,บ้านโพนทอง,17.830728,101.976958,Thailand,ThaiWater (HII),STN1392,DWR,Loei,
501421,บ้านหนองมะค่า,17.014068,99.396445,Thailand,ThaiWater (HII),STN1391,DWR,Tak,
501418,บ้านทุ่งโห้ง,19.7125,100.23683,Thailand,ThaiWater (HII),STN1388,DWR,Chiang Rai,
501417,บ้านเจดีย์,19.852784,100.272357,Thailand,ThaiWater (HII),STN1387,DWR,Chiang Rai,
501416,บ้านตูบค้อ,17.08437,101.063954,Thailand,ThaiWater (HII),STN1386,DWR,Loei,
501413,บ้านตุ้มเหนือ,19.248309,99.811842,Thailand,ThaiWater (HII),STN1383,DWR,Phayao,
501412,บ้านป่าแดง,19.938061,100.314045,Thailand,ThaiWater (HII),STN1382,DWR,Chiang Rai,
501408,บ้านแม่กาไร่เดียว,18.985695,99.906155,Thailand,ThaiWater (HII),STN1378,DWR,Phayao,
501407,บ้านต๊ำใน,19.242104,99.758512,Thailand,ThaiWater (HII),STN1377,DWR,Phayao,
501406,บ้านม่วงชุม,20.101241,100.404096,Thailand,ThaiWater (HII),STN1376,DWR,Chiang Rai,
528844,จุดวัด ค.บางเชือกหนัง-ถ.พุทธมณฑลสาย 1,13.74223,100.42765,Thailand,ThaiWater (HII),RF.PSC.03,BMA,Bangkok,
528845,ส.คลองบางกอกใหญ่,13.74022,100.49012,Thailand,ThaiWater (HII),RF.BKY.02,BMA,Bangkok,
528847,ค.ราชมนตรี-ภาษีเจริญ,13.70754,100.42622,Thailand,ThaiWater (HII),RF.BKE.02,BMA,Bangkok,
528848,ส.คลองสำเหร่,13.7067,100.49646,Thailand,ThaiWater (HII),RF.TBR.02,BMA,Bangkok,
528850,ส.ดาวคะนอง,13.6949,100.48758,Thailand,ThaiWater (HII),RF.TBR.03,BMA,Bangkok,
528851,จุดวัด ค.ทวีฯ-ค.ภาษีฯ,13.69168,100.38097,Thailand,ThaiWater (HII),RF.NKM.02,BMA,Bangkok,
528852,ส.คลองสี่บาท,13.67325,100.44615,Thailand,ThaiWater (HII),RF.JTG.03,BMA,Bangkok,
528853,ส.คลองแจงร้อน,13.67627,100.52097,Thailand,ThaiWater (HII),RF.RBN.02,BMA,Samut Prakan,
528855,ส.คลองเลนเปน,13.607,100.41311,Thailand,ThaiWater (HII),RF.BKT.02,BMA,Bangkok,
528856,ส.คลองระหาญ,13.60381,100.39465,Thailand,ThaiWater (HII),RF.BKT.03,BMA,Bangkok,
528857,ส.คลองราชมนตรี,13.62782,100.4394,Thailand,ThaiWater (HII),RF.BKT.04,BMA,Bangkok,
501401,บ้านถ้ำจอมศีล,19.081433,100.072303,Thailand,ThaiWater (HII),STN1371,DWR,Phayao,
501399,บ้านแม่พริก,19.025394,100.062071,Thailand,ThaiWater (HII),STN1369,DWR,Phayao,
528863,จุดวัด ค.บางบอน-ค.สะแกงาม,13.64255,100.37952,Thailand,ThaiWater (HII),RF.BBN.02,BMA,Bangkok,
528864,ส.คลองสนามชัย,13.63802,100.44763,Thailand,ThaiWater (HII),RF.BKT.05,BMA,Bangkok,
501398,บ้านขวากใต้,20.047164,100.504801,Thailand,ThaiWater (HII),STN1368,DWR,Chiang Rai,
501391,บ้านดง,19.237626,100.042442,Thailand,ThaiWater (HII),STN1361,DWR,Phayao,
501381,บ้านร่องคำดง,19.081134,99.868178,Thailand,ThaiWater (HII),STN1351,DWR,Phayao,
501380,บ้านห้วยหม้อ,19.142337,99.811332,Thailand,ThaiWater (HII),STN1350,DWR,Phayao,
501376,บ้านสันหลวง,19.843855,100.131967,Thailand,ThaiWater (HII),STN1346,DWR,Chiang Rai,
501372,บ้านโทกหัวช้าง,18.243056,99.517377,Thailand,ThaiWater (HII),STN1342,DWR,Lampang,
558653,Huai Kum Dam,16.410511,101.792984,Thailand,ThaiWater (HII),URCD01,EGAT,Chaiyaphum,
501370,บ้านแม่จว้าเหนือ,19.311295,99.793459,Thailand,ThaiWater (HII),STN1340,DWR,Phayao,
558655,Nam Chern,16.639776,101.789757,Thailand,ThaiWater (HII),URCD03,EGAT,Chaiyaphum,
501368,บ้านน้ำใส,18.815276,100.859333,Thailand,ThaiWater (HII),STN1338,DWR,Nan,
501367,บ้านชมพู,18.514876,100.596832,Thailand,ThaiWater (HII),STN1337,DWR,Nan,
501366,บ้านห้วยหลอด,18.552787,100.544911,Thailand,ThaiWater (HII),STN1336,DWR,Nan,
562795,ที่ว่าการอำเภอเบตง จ.ยะลา,5.773046,101.060712,Thailand,ThaiWater (HII),BLGTU01,EGAT,Yala,
501365,บ้านแม่อ้อใน,19.691333,99.864234,Thailand,ThaiWater (HII),STN1335,DWR,Chiang Rai,
501360,บ้านท่าอุดม,17.680154,99.312242,Thailand,ThaiWater (HII),STN1330,DWR,Lampang,
501359,บ้านต้นต้อง,18.338258,99.566892,Thailand,ThaiWater (HII),STN1329,DWR,Lampang,
501358,บ้านสันทราย,19.475586,100.094297,Thailand,ThaiWater (HII),STN1328,DWR,Phayao,
501357,บ้านสักพัฒนา,19.526861,100.09632,Thailand,ThaiWater (HII),STN1327,DWR,Phayao,
562803,สะพานเมืองปัตตานี อ.เมือง จ.ปัตตานี,6.859914,101.251309,Thailand,ThaiWater (HII),BLGTD05,EGAT,Pattani,
501356,บ้านทุ่งผง,18.65339,100.684398,Thailand,ThaiWater (HII),STN1326,DWR,Nan,
570949,"Ping River Watershed Conservation Development Study Unit, Section 2, Chiang Mai Province",18.875978,98.79428,Thailand,ThaiWater (HII),MOU001,FOP,Chiang Mai,
570950,Watershed Management and Community Development Unit in the Mae Sa Conservation Forest Area,18.900038,98.84829,Thailand,ThaiWater (HII),MOU002,FOP,Chiang Mai,
570951,Watershed Management and Community Development Unit in the Huai Pa Lao Conservation Forest Area,18.836586,98.78661,Thailand,ThaiWater (HII),MOU003,FOP,Chiang Mai,
575566,Wat Bangkachao Nok Gate,13.689612,100.554886,Thailand,ThaiWater (HII),BKC002,HII,Samut Prakan,
501355,บ้านชื่น,18.680542,100.653676,Thailand,ThaiWater (HII),STN1325,DWR,Nan,
501353,บ้านนาเหลืองใน,18.674678,100.822485,Thailand,ThaiWater (HII),STN1323,DWR,Nan,
575572,Bang Namphueng Market,13.678656,100.57356,Thailand,ThaiWater (HII),BKC008,HII,Samut Prakan,
595066,Op Khan Nat National Parks,18.72412,98.82089,Thailand,ThaiWater (HII),MOU004,FOP,Chiang Mai,
595067,Watershed Management and Community Development Unit in the Mae Lan Conservation Forest Area,18.773909,98.69296,Thailand,ThaiWater (HII),MOU005,FOP,Chiang Mai,
595068,Forest Protection Of Chomo 13 (SanPa Tong),18.632383,98.70691,Thailand,ThaiWater (HII),MOU006,FOP,Chiang Mai,
595069,Watershed Management and Community Development Unit in the Mae Na Sai Conservation Forest Area,18.794664,98.832344,Thailand,ThaiWater (HII),MOU007,FOP,Chiang Mai,
595070,Watershed Management and Community Development Unit in the Bo Kaeo Conservation Forest Area,18.86068,98.51469,Thailand,ThaiWater (HII),MOU008,FOP,Chiang Mai,
595071,Mae Sa Bridge Bridge,18.885838,98.826904,Thailand,ThaiWater (HII),MOU009,FOP,Chiang Mai,
501352,บ้านแม่แก้วเหนือ,19.661275,99.836315,Thailand,ThaiWater (HII),STN1322,DWR,Chiang Rai,
501351,บ้านดอนแก้ว,19.503679,99.951998,Thailand,ThaiWater (HII),STN1321,DWR,Chiang Rai,
634988,Watershed Management and Community Development Unit in the Doi Tung Conservation Forest Area,20.323673,99.78444,Thailand,ThaiWater (HII),MOU011,FOP,Chiang Rai,
638729,Watershed Management and Community Development Unit in Mae Pho Conservation Forest (Ang Khang),19.89535,99.04919,Thailand,ThaiWater (HII),MOU017,FOP,Chiang Mai,
638731,National Park Protection Unit at SorKor. 2 (Phu Langka),19.393639,100.45062,Thailand,ThaiWater (HII),MOU066,FOP,Phayao,
501348,บ้านผาลาด,18.241118,99.596513,Thailand,ThaiWater (HII),STN1318,DWR,Lampang,
501345,บ้านแม่ทะลาย,19.257606,100.19168,Thailand,ThaiWater (HII),STN1315,DWR,Phayao,
501343,บ้านนาสา,18.593763,100.840496,Thailand,ThaiWater (HII),STN1310,DWR,Nan,
642737,National Park Protection Unit of Do Po 4,20.080585,99.181145,Thailand,ThaiWater (HII),MOU012,FOP,Chiang Mai,
642738,Watershed Management and Community Development Unit in the Khun Mae Kok Conservation Forest Area,20.07733,99.2536,Thailand,ThaiWater (HII),MOU013,FOP,Chiang Mai,
642739,Watershed Management and Community Development Unit in the Doi Pha Luang Conservation Forest Area,20.015764,99.161194,Thailand,ThaiWater (HII),MOU014,FOP,Chiang Mai,
642740,Mae Sao bridge,20.014154,99.26691,Thailand,ThaiWater (HII),MOU015,FOP,Chiang Mai,
642741,Doi Pha Hom Pok National Parks,19.968569,99.15381,Thailand,ThaiWater (HII),MOU016,FOP,Chiang Mai,
642743,Thai Phukhao Ban Pang Khong,19.772844,98.04208,Thailand,ThaiWater (HII),MOU018,FOP,Mae Hong Son,
642744,Watershed Management and Community Development Unit in Doi Thuep Conservation Forest Area,19.692413,98.80144,Thailand,ThaiWater (HII),MOU019,FOP,Chiang Mai,
642745,Watershed Management and Community Development Unit in the Mae Thalab Luang Conservation Forest Area,19.686743,99.22051,Thailand,ThaiWater (HII),MOU020,FOP,Chiang Mai,
501342,บ้านร้อง,19.162868,99.519914,Thailand,ThaiWater (HII),STN1309,DWR,Chiang Rai,
642750,Mae Nam Nan (Ban Piang Ko) Bridge,19.432049,101.15271,Thailand,ThaiWater (HII),MOU025,FOP,Nan,
501339,บ้านแสะ,19.155619,100.307051,Thailand,ThaiWater (HII),STN1306,DWR,Phayao,
642752,Wildlife Sanctuary of Doi Pha Chang,19.30203,100.40965,Thailand,ThaiWater (HII),MOU031,FOP,Phayao,
642753,Nam Khwang (Ban Rong Ngae) Bridge,19.175901,100.92981,Thailand,ThaiWater (HII),MOU035,FOP,Nan,
642755,Chae Son National Parks,18.836481,99.47019,Thailand,ThaiWater (HII),MOU041,FOP,Lampang,
642756,National Park Protection Unit of Mo Yo 6 (Na Fai),18.777088,100.30112,Thailand,ThaiWater (HII),MOU043,FOP,Phrae,
1601328,Huai Soo Reservoir,19.04885,99.85983,Thailand,ThaiWater (HII),RES006,HII,Phayao,
501338,บ้านแม่ทาย,19.266739,100.315912,Thailand,ThaiWater (HII),STN1305,DWR,Phayao,
642766,National Park Protection Unit of Pho Tho 1 (Pak Bok),19.0587,99.7755,Thailand,ThaiWater (HII),MOU078,FOP,Lampang,
662768,Wildlife Sanctuary of Sala Win,18.308006,97.85113,Thailand,ThaiWater (HII),MOU049,FOP,Mae Hong Son,
501334,บ้านหนองสองห้อง,14.45968,101.037522,Thailand,ThaiWater (HII),STN1301,DWR,Saraburi,
670715,Ban Thung Yao Nuea Bridge,18.511826,99.07731,Thailand,ThaiWater (HII),FOP016,FOP,Lamphun,
501332,บ้านน้ำเลียง,19.565184,100.92158,Thailand,ThaiWater (HII),STN1299,DWR,Nan,
685633,Watershed Management and Community Development Unit in Khun Nan Conservation Forest,19.348192,101.1751,Thailand,ThaiWater (HII),MOU028,FOP,Nan,
685634,National Park Protection Unit of So Lo 5 (Mae Ra Ngong),19.32973,99.13403,Thailand,ThaiWater (HII),MOU029,FOP,Chiang Mai,
685637,Nam Kon (Ban Phaya Kaeo) Bridge,19.286142,100.90128,Thailand,ThaiWater (HII),MOU032,FOP,Nan,
501331,บ้านภูคำ,19.483998,100.859708,Thailand,ThaiWater (HII),STN1298,DWR,Nan,
685642,Watershed Management Unit of Nam Khang (Doi Wao),19.137968,100.64121,Thailand,ThaiWater (HII),MOU037,FOP,Nan,
685643,Nam Sai Birgde,19.026337,100.73505,Thailand,ThaiWater (HII),MOU038,FOP,Nan,
685645,Doi Phu Nang National Parks,18.856329,100.182236,Thailand,ThaiWater (HII),MOU040,FOP,Phayao,
685647,Watershed Management and Community Development Unit in the Mae Charim Conservation Forest Area,18.804192,101.03546,Thailand,ThaiWater (HII),MOU042,FOP,Nan,
501330,บ้านยอด,19.393346,100.578984,Thailand,ThaiWater (HII),STN1297,DWR,Nan,
501329,บ้านปางส้าน,19.431711,100.604248,Thailand,ThaiWater (HII),STN1296,DWR,Nan,
685653,Ban Pa Hung Birdge,18.584373,100.50956,Thailand,ThaiWater (HII),MOU048,FOP,Nan,
685655,Watershed Management and Community Development Unit in the Mae Klang Conservation Forest Area,18.533205,98.52239,Thailand,ThaiWater (HII),MOU050,FOP,Chiang Mai,
685656,Watershed Management and Community Development Unit in Mae Tha Conservation Forest Area,18.516405,100.40301,Thailand,ThaiWater (HII),MOU051,FOP,Nan,
501325,บ้านแม่หอย,18.485818,98.668225,Thailand,ThaiWater (HII),STN1292,DWR,Chiang Mai,
685660,Watershed Management and Community Development Unit in the Khun Mae Chaem Conservation Forest Area,19.01651,98.413124,Thailand,ThaiWater (HII),MOU055,FOP,Chiang Mai,
501324,บ้านแม่เตี๊ยะใต้,18.393421,98.651069,Thailand,ThaiWater (HII),STN1291,DWR,Chiang Mai,
685664,Doi Pha Klong National Parks,18.15246,99.98719,Thailand,ThaiWater (HII),MOU059,FOP,Phrae,
501321,บ้านซำผาก้าม,18.101506,101.058516,Thailand,ThaiWater (HII),STN1288,DWR,Uttaradit,
501318,บ้านมหาวัน,16.577567,98.594562,Thailand,ThaiWater (HII),STN1285,DWR,Tak,
501317,บ้านผาลาด,16.627004,98.6033,Thailand,ThaiWater (HII),STN1284,DWR,Tak,
685669,Watershed Management Unit of Mae Sung,17.804312,99.828,Thailand,ThaiWater (HII),MOU064,FOP,Phrae,
501314,บ้านหนองนกปีกกา,17.130709,99.250871,Thailand,ThaiWater (HII),STN1281,DWR,Tak,
685677,Forest Protection Unit of Mae Tuen,17.22546,98.5574,Thailand,ThaiWater (HII),MOU072,FOP,Tak,
501302,บ้านห้วยก้อด,19.036747,99.61032,Thailand,ThaiWater (HII),STN1269,DWR,Lampang,
685682,National Park Protection Unit of To Mo 3 (Pu Pae),16.852543,98.770515,Thailand,ThaiWater (HII),MOU077,FOP,Tak,
501301,บ้านหล่ายทุ่ง,18.396999,99.352307,Thailand,ThaiWater (HII),STN1268,DWR,Lampang,
501300,บ้านนุชเทียน,17.664656,100.923659,Thailand,ThaiWater (HII),STN1267,DWR,Phitsanulok,
700552,บ้านหนองบัว (K.35A),14.06024,99.44414,Thailand,ThaiWater (HII),MKSND02,EGAT,Kanchanaburi,
700553,วัดไชยชุมพลชนะสงคราม (วัดใต้),14.01615,99.53029,Thailand,ThaiWater (HII),MKSND03,EGAT,Kanchanaburi,
700554,เขื่อนแม่กลอง,13.95678,99.61505,Thailand,ThaiWater (HII),MKSND04,EGAT,Kanchanaburi,
700555,วัดหนองปรือ,14.609306,99.457694,Thailand,ThaiWater (HII),MKSND05,EGAT,Kanchanaburi,
700556,โรงเรียนบ้านทุ่งนานางหรอก,14.17509,99.43382,Thailand,ThaiWater (HII),MKSND06,EGAT,Kanchanaburi,
501299,บ้านหนองเชียงคา,17.345768,99.050204,Thailand,ThaiWater (HII),STN1266,DWR,Tak,
700559,หน่วยพิทักษ์ป่าเขาบันได,15.27736,99.15219,Thailand,ThaiWater (HII),MKSNU03,EGAT,Uthai Thani,
501298,บ้านสบป้าด,18.250954,99.763794,Thailand,ThaiWater (HII),STN1265,DWR,Lampang,
700561,วัดวังผาแดง,14.72684,99.06556,Thailand,ThaiWater (HII),MKSNU05,EGAT,Kanchanaburi,
700562,เขื่อนศรีนครินทร์,14.40552,99.12831,Thailand,ThaiWater (HII),MKSNU06,EGAT,Kanchanaburi,
501293,บ้านปงป่าป๋อ,18.130482,99.207081,Thailand,ThaiWater (HII),STN1260,DWR,Lampang,
501290,บ้านทุ่งขาม,18.243647,99.316658,Thailand,ThaiWater (HII),STN1257,DWR,Lampang,
700586,บ้านลิ่นถิ่น (K.54),14.53566,98.78764,Thailand,ThaiWater (HII),MKVKD03,EGAT,Kanchanaburi,
700587,บ้านปากแซง (K.58),14.215,99.058,Thailand,ThaiWater (HII),MKVKD04,EGAT,Kanchanaburi,
501287,บ้านฮ่าง,19.286858,99.63232,Thailand,ThaiWater (HII),STN1254,DWR,Lampang,
501286,บ้านใหม่สามัคคี,17.284697,99.056294,Thailand,ThaiWater (HII),STN1253,DWR,Tak,
700590,บ้านแม่น้ำน้อย,14.44497,98.80493,Thailand,ThaiWater (HII),MKVKD07,EGAT,Kanchanaburi,
501285,บ้านใหม่พัฒนา,18.85746,99.50298,Thailand,ThaiWater (HII),STN1252,DWR,Lampang,
700593,บ้านเวียคะดี้,15.18783,98.32513,Thailand,ThaiWater (HII),MKVKU01,EGAT,Kanchanaburi,
700594,อำเภอสังขละบุรี,15.15558,98.44962,Thailand,ThaiWater (HII),MKVKU02,EGAT,Kanchanaburi,
700595,บ้านจองอัว,14.96845,98.62449,Thailand,ThaiWater (HII),MKVKU03,EGAT,Kanchanaburi,
700596,เหมืองปิล๊อก,14.67761,98.36765,Thailand,ThaiWater (HII),MKVKU04,EGAT,Kanchanaburi,
501284,บ้านใหม่เจริญผล,16.755429,99.699664,Thailand,ThaiWater (HII),STN1251,DWR,Sukhothai,
501283,บ้านแหน 2,19.175511,100.77183,Thailand,ThaiWater (HII),STN1250,DWR,Nan,
501281,บ้านแม่ตีบหลวง,18.60431,100.037,Thailand,ThaiWater (HII),STN1248,DWR,Lampang,
740533,Huay Nam Huay Bridge,18.151169,102.17911,Thailand,ThaiWater (HII),AIT003,HII,Nong Khai,
740538,Bang Ee Bridge,16.345835,104.889885,Thailand,ThaiWater (HII),AIT009,HII,Mukdahan,
740540,Nam Mun Bridge,15.310499,105.49311,Thailand,ThaiWater (HII),AIT011,HII,Ubon Ratchathani,
740720,Klong Soi Wat Mae Muak,17.775057,99.46933,Thailand,ThaiWater (HII),FOP019,FOP,Phrae,
501279,บ้านห้วยสะแตง,19.442399,100.893743,Thailand,ThaiWater (HII),STN1246,DWR,Nan,
501278,บ้านห้วยเลา,19.516668,100.630772,Thailand,ThaiWater (HII),STN1245,DWR,Nan,
501273,บ้านหนองหล่ม,18.336259,99.399912,Thailand,ThaiWater (HII),STN1240,DWR,Lampang,
501269,บ้านสุเม่นเหนือ,17.731856,99.645754,Thailand,ThaiWater (HII),STN1236,DWR,Sukhothai,
501267,บ้านสมัยเหนือ,17.904681,99.416002,Thailand,ThaiWater (HII),STN1234,DWR,Lampang,
501265,บ้านวังโป่ง,19.097161,99.61846,Thailand,ThaiWater (HII),STN1232,DWR,Lampang,
501263,บ้านวังดิน,18.508692,100.132687,Thailand,ThaiWater (HII),STN1230,DWR,Phrae,
501259,บ้านแม่ฮู้,17.704724,99.732961,Thailand,ThaiWater (HII),STN1226,DWR,Sukhothai,
1601330,Huai Na Poi Reservoir,19.01922,99.86757,Thailand,ThaiWater (HII),RES008,HII,Phayao,
501256,บ้านแม่สงเหนือ,18.974856,99.586337,Thailand,ThaiWater (HII),STN1223,DWR,Lampang,
501255,บ้านแม่เชียงรายบน,17.361821,99.145232,Thailand,ThaiWater (HII),STN1222,DWR,Lampang,
501254,บ้านแม่แคม,18.133808,100.254701,Thailand,ThaiWater (HII),STN1221,DWR,Phrae,
740737,Huai Nam Sai Bridge,7.889575,99.87421,Thailand,ThaiWater (HII),FOP036,FOP,Nakhon Si Thammarat,
740738,Kham Khlong Huai Kruat Bridge,7.8768,99.93328,Thailand,ThaiWater (HII),FOP037,FOP,Nakhon Si Thammarat,
501252,บ้านแม่กึ๊ด,18.093353,99.271891,Thailand,ThaiWater (HII),STN1219,DWR,Lampang,
501250,บ้านพญาวัง,15.864996,100.848355,Thailand,ThaiWater (HII),STN1216,DWR,Phetchabun,
501249,บ้านผาราง,18.316285,100.324273,Thailand,ThaiWater (HII),STN1215,DWR,Phrae,
501246,บ้านปางสุด,15.850186,99.429506,Thailand,ThaiWater (HII),STN1212,DWR,Nakhon Sawan,
501245,บ้านป่ากล้วย,18.223637,100.273272,Thailand,ThaiWater (HII),STN1211,DWR,Phrae,
501237,บ้านนาเปรื่อง,19.093463,101.15483,Thailand,ThaiWater (HII),STN1203,DWR,Nan,
501232,บ้านท่อสมาน,18.497578,100.208519,Thailand,ThaiWater (HII),STN1198,DWR,Phrae,
501225,บ้านซับเจริญ,15.848825,101.282011,Thailand,ThaiWater (HII),STN1191,DWR,Phetchabun,
501224,บ้านช่างเคิ่ง,18.09823,98.689093,Thailand,ThaiWater (HII),STN1190,DWR,Chiang Mai,
746038,Nong Daeng,19.131092,98.31795,Thailand,ThaiWater (HII),FOP017,FOP,Chiang Mai,
746039,Khun Mae La Up 3,19.040228,98.20028,Thailand,ThaiWater (HII),FOP018,FOP,Chiang Mai,
1601331,Huai Tung Khop Reservoir,19.00824,99.87471,Thailand,ThaiWater (HII),RES009,HII,Phayao,
501220,บ้านไผ่ขวาง (บ้านเขาถ้ำพระ),16.139596,101.055323,Thailand,ThaiWater (HII),STN1186,DWR,Phetchabun,
501218,บ้านแก่น,17.932787,99.275337,Thailand,ThaiWater (HII),STN1184,DWR,Lampang,
501213,บ้านแม่สุกใน,19.16413,99.663787,Thailand,ThaiWater (HII),STN1179,DWR,Lampang,
501211,บ้านผาแดง,19.210304,99.675235,Thailand,ThaiWater (HII),STN1177,DWR,Lampang,
501209,บ้านน้ำฮอก,18.051848,100.153986,Thailand,ThaiWater (HII),STN1175,DWR,Phrae,
501207,บ้านต้นงุ้น,18.928233,99.525717,Thailand,ThaiWater (HII),STN1173,DWR,Lampang,
501205,บ้านผาเงิบ,18.315978,98.918348,Thailand,ThaiWater (HII),STN1170,DWR,Lamphun,
501201,บ้านนาน้อย,16.818522,101.813689,Thailand,ThaiWater (HII),STN1164,DWR,Loei,
501200,บ้านแม่บอนใต้,17.898316,99.090131,Thailand,ThaiWater (HII),STN1163,DWR,Lamphun,
501197,บ้านผางาม,19.869328,100.044407,Thailand,ThaiWater (HII),STN1159,DWR,Chiang Rai,
501196,บ้านดงขนุน,19.696695,99.663751,Thailand,ThaiWater (HII),STN1158,DWR,Chiang Rai,
4,Chao Phraya 15,13.700301,100.49277,Thailand,ThaiWater (HII),CPY015,HII,Bangkok,
501195,บ้านม่วงคำ,20.004816,99.876113,Thailand,ThaiWater (HII),STN1157,DWR,Chiang Rai,
501194,บ้านใหม่สามัคคี,19.51898,99.055452,Thailand,ThaiWater (HII),STN1156,DWR,Chiang Mai,
501193,บ้านกองขากน้อย,18.88874,98.68158,Thailand,ThaiWater (HII),STN1155,DWR,Chiang Mai,
501192,บ้านโป่งนก,18.807181,99.227606,Thailand,ThaiWater (HII),STN1154,DWR,Chiang Mai,
501191,บ้านแม่จ๋อง,18.033867,98.954574,Thailand,ThaiWater (HII),STN1153,DWR,Lamphun,
501190,บ้านปูนะ,20.300714,99.677569,Thailand,ThaiWater (HII),STN1152,DWR,Chiang Rai,
501189,บ้านร้องธาร,19.651796,99.145567,Thailand,ThaiWater (HII),STN1151,DWR,Chiang Mai,
501186,บ้านดงมะเฟือง,19.763729,99.7144,Thailand,ThaiWater (HII),STN1148,DWR,Chiang Rai,
501185,บ้านม้งเก้าหลัง,20.34409,99.521129,Thailand,ThaiWater (HII),STN1147,DWR,Chiang Rai,
501181,บ้านแม่ป๋าม,19.443453,99.02858,Thailand,ThaiWater (HII),STN1142,DWR,Chiang Mai,
501180,บ้านแม่ไคร้,19.086008,98.679136,Thailand,ThaiWater (HII),STN1141,DWR,Chiang Mai,
501179,บ้านป่าไผ่,17.877175,98.925711,Thailand,ThaiWater (HII),STN1140,DWR,Lamphun,
501178,บ้านห้วยข่อยหล่อย,20.195756,100.241329,Thailand,ThaiWater (HII),STN1139,DWR,Chiang Rai,
501176,บ้านสบก๋าย,19.234176,98.783192,Thailand,ThaiWater (HII),STN1137,DWR,Chiang Mai,
501175,บ้านแม่ตืน,18.013582,98.884889,Thailand,ThaiWater (HII),STN1136,DWR,Lamphun,
501174,บ้านนาฟองแดง,17.258822,100.796417,Thailand,ThaiWater (HII),STN1135,DWR,Phitsanulok,
855506,Watershed Management and Community Development Unit in the Noen Hom Conservation Forest Area,14.174927,101.43875,Thailand,ThaiWater (HII),MOU116,FOP,Prachin Buri,
501173,บ้านเกี๋ยงห้วยน่าน,19.572217,100.035815,Thailand,ThaiWater (HII),STN1134,DWR,Chiang Rai,
501171,บ้านมอล่อง,20.210905,99.63916,Thailand,ThaiWater (HII),STN1132,DWR,Chiang Rai,
855509,Forest Protection Unit of  Map Lam Bit,13.164513,101.15418,Thailand,ThaiWater (HII),MOU119,FOP,Chon Buri,
501167,บ้านแม่ปะ,18.955123,98.746881,Thailand,ThaiWater (HII),STN1127,DWR,Chiang Mai,
501161,บ้านทุ่งบวกข้าว,19.22131,99.199167,Thailand,ThaiWater (HII),STN1121,DWR,Chiang Mai,
501160,บ้านห้วยเป้า,19.568531,98.957338,Thailand,ThaiWater (HII),STN1120,DWR,Chiang Mai,
501159,บ้านทาป่าเปา,18.477644,99.190144,Thailand,ThaiWater (HII),STN1119,DWR,Lamphun,
501158,บ้านห้วยหก,19.543074,98.643656,Thailand,ThaiWater (HII),STN1118,DWR,Chiang Mai,
855518,Watershed Management Unit of Tapi Research Station,8.593928,99.557686,Thailand,ThaiWater (HII),MOU128,FOP,Nakhon Si Thammarat,
855520,National Park Protection Unit of Ko Po 4 (Ban Namtok),7.96328,99.76106,Thailand,ThaiWater (HII),MOU130,FOP,Nakhon Si Thammarat,
855522,National Park Protection Unit of Ko Po 8,7.854691,99.80874,Thailand,ThaiWater (HII),MOU132,FOP,Phatthalung,
855523,Forest Fire Control Unit of Phatthalung,7.758506,99.817474,Thailand,ThaiWater (HII),MOU133,FOP,Phatthalung,
855524,National Park Protection Unit of Ko Po 9,7.515887,99.87866,Thailand,ThaiWater (HII),MOU134,FOP,Phatthalung,
855525,Forest Protection Unit of  Ao ThaYang,7.42019,100.33263,Thailand,ThaiWater (HII),MOU135,FOP,Phatthalung,
855526,Watershed Management and Community Development Unit in the Klong Pa Phru Pho Conservation Forest Area,7.162198,100.08452,Thailand,ThaiWater (HII),MOU136,FOP,Phatthalung,
501155,บ้านแม่แพะ,19.013729,98.699764,Thailand,ThaiWater (HII),STN1114,DWR,Chiang Mai,
855528,Khao Nam Khang National Park Office,6.600056,100.58906,Thailand,ThaiWater (HII),MOU138,FOP,Songkhla,
855529,National Park Protection Unit of Bo Lo 2  (Namtok Ha La Sa),6.058344,101.40899,Thailand,ThaiWater (HII),MOU139,FOP,Yala,
501154,บ้านป่าฮิ้น,19.385599,99.150983,Thailand,ThaiWater (HII),STN1113,DWR,Chiang Mai,
501153,บ้านแม่โจ้,19.215505,99.00844,Thailand,ThaiWater (HII),STN1112,DWR,Chiang Mai,
855532,Wildlife Sanctuary of Ha La - Ba La,5.807492,101.845184,Thailand,ThaiWater (HII),MOU142,FOP,Narathiwat,
501151,บ้านแม่หวาน,18.957837,99.233553,Thailand,ThaiWater (HII),STN1110,DWR,Chiang Mai,
501149,บ้านแม่ดอกแดง,18.898664,99.20137,Thailand,ThaiWater (HII),STN1108,DWR,Chiang Mai,
501147,บ้านไชยงาม,19.318901,99.220169,Thailand,ThaiWater (HII),STN1106,DWR,Chiang Mai,
501145,บ้านป่าสักงาม,18.98908,99.127441,Thailand,ThaiWater (HII),STN1104,DWR,Chiang Mai,
501141,บ้านปางไม้แดง,19.143328,98.865262,Thailand,ThaiWater (HII),STN1100,DWR,Chiang Mai,
1080850,บ้านคอกช้าง,9.218205,99.687548,Thailand,ThaiWater (HII),STN1561,DWR,Surat Thani,
501140,บ้านปางป่าคา,18.957106,98.862353,Thailand,ThaiWater (HII),STN1099,DWR,Chiang Mai,
1080854,บ้านคีรีรอบ,8.982562,99.527717,Thailand,ThaiWater (HII),STN1565,DWR,Surat Thani,
501137,บ้านทุ่ง,20.291739,100.222461,Thailand,ThaiWater (HII),STN1096,DWR,Chiang Rai,
501135,บ้านอีพุ่งใหญ่,15.17196,99.48342,Thailand,ThaiWater (HII),STN1094,DWR,Uthai Thani,
501132,บ้านป่าเลา,19.115884,99.068674,Thailand,ThaiWater (HII),STN1091,DWR,Chiang Mai,
501129,บ้านนาซ่าว,17.833873,101.669647,Thailand,ThaiWater (HII),STN1088,DWR,Loei,
1080860,บ้านบางกา,9.011631,98.919052,Thailand,ThaiWater (HII),STN1571,DWR,Surat Thani,
501125,บ้านไตรสภาวคาม,19.429654,98.979224,Thailand,ThaiWater (HII),STN1084,DWR,Chiang Mai,
501118,บ้านเนินสมบูรณ์,20.074762,100.260245,Thailand,ThaiWater (HII),STN1077,DWR,Chiang Rai,
501117,บ้านใหม่สุขสันต์,19.598781,100.059516,Thailand,ThaiWater (HII),STN1076,DWR,Chiang Rai,
501116,บ้านไร่พริก,14.991398,99.564953,Thailand,ThaiWater (HII),STN1075,DWR,Uthai Thani,
501114,บ้านแจ้ซ้อน,18.660141,99.157814,Thailand,ThaiWater (HII),STN1073,DWR,Lamphun,
501108,บ้านห้วยเดื่อ,18.376158,98.96111,Thailand,ThaiWater (HII),STN1067,DWR,Lamphun,
500151,บ้านสลี,19.405133,100.880954,Thailand,ThaiWater (HII),STN1542,DWR,Nan,
1080870,บ้านหนองขาหยั่ง,13.323691,101.675214,Thailand,ThaiWater (HII),STN1581,DWR,Chachoengsao,
500150,บ้านดอยเต่าใต้,17.890087,98.729695,Thailand,ThaiWater (HII),STN1540,DWR,Chiang Mai,
500149,บ้านน้ำแพ,18.035642,101.118524,Thailand,ThaiWater (HII),STN1520,DWR,Uttaradit,
500142,บ้านขุนยวม,18.817962,97.934949,Thailand,ThaiWater (HII),STN1463,DWR,Mae Hong Son,
500141,บ้านวังว้า (นาเตา),19.105793,100.80637,Thailand,ThaiWater (HII),STN1442,DWR,Nan,
500132,บ้านผากระเจ้อ,16.400057,98.73363,Thailand,ThaiWater (HII),STN1283,DWR,Tak,
500130,บ้านโป่งคอม,14.764333,99.565738,Thailand,ThaiWater (HII),STN1261,DWR,Suphan Buri,
500129,บ้านทัพป่าเส้า,19.191428,99.615416,Thailand,ThaiWater (HII),STN1256,DWR,Lampang,
500126,บ้านทุ่ง,17.873848,99.362825,Thailand,ThaiWater (HII),STN1199,DWR,Lampang,
500124,บ้านถ้ำ,19.387591,98.928357,Thailand,ThaiWater (HII),STN1103,DWR,Chiang Mai,
500122,บ้านห้วยชมพู,19.17852,98.929245,Thailand,ThaiWater (HII),STN1066,DWR,Chiang Mai,
1080882,บ้านวังรี,14.333768,101.195938,Thailand,ThaiWater (HII),STN1593,DWR,Nakhon Nayok,
1080883,บ้านควนโต๊ะเหลง,6.800666,100.07791,Thailand,ThaiWater (HII),STN1594,DWR,Satun,
1080884,บ้านควนเสม็ด,6.695564,100.521218,Thailand,ThaiWater (HII),STN1595,DWR,Songkhla,
492363,Upper Bang Rachan Gate,14.92594,100.27585,Thailand,ThaiWater (HII),ATG151,HII,Sing Buri,
1080886,บ้านควนดินดำ,7.132483,100.007778,Thailand,ThaiWater (HII),STN1597,DWR,Phatthalung,
492358,Ta Bot Gate,15.05349,100.01175,Thailand,ThaiWater (HII),ATG122,HII,Chai Nat,
492353,Intararaja Gate,14.14378,100.62075,Thailand,ThaiWater (HII),ATG092,HII,Phra Nakhon Si Ayutthaya,
492352,Upper Intararaja Gate,14.14407,100.62136,Thailand,ThaiWater (HII),ATG091,HII,Phra Nakhon Si Ayutthaya,
492347,Phra Narai gate,14.55667,100.76201,Thailand,ThaiWater (HII),ATG052,HII,Phra Nakhon Si Ayutthaya,
492346,Upper Phra Narai Gate,14.5583,100.76205,Thailand,ThaiWater (HII),ATG051,HII,Phra Nakhon Si Ayutthaya,
1080894,บ้านหัวควน,6.526957,100.512131,Thailand,ThaiWater (HII),STN1605,DWR,Songkhla,
492335,Khlong Khao Mao,14.357306,100.60569,Thailand,ThaiWater (HII),HDA003,HII,Phra Nakhon Si Ayutthaya,
492334,Kamang Gate,14.355055,100.58354,Thailand,ThaiWater (HII),HDA002,HII,Phra Nakhon Si Ayutthaya,
1080897,บ้านท่างิ้ว,7.840834,99.676926,Thailand,ThaiWater (HII),STN1608,DWR,Trang,
1080898,บ้านห้วยไทร,7.629687,99.921343,Thailand,ThaiWater (HII),STN1609,DWR,Phatthalung,
492333,HanTra Gate,14.37456,100.58441,Thailand,ThaiWater (HII),HDA001,HII,Phra Nakhon Si Ayutthaya,
479234,Chi 11-1,16.603594,103.96229,Thailand,ThaiWater (HII),TBW026,HII,Kalasin,
1080901,บ้านบ่อน้ำร้อน,5.849922,101.072864,Thailand,ThaiWater (HII),STN1612,DWR,Yala,
1080902,บ้านคลองฉนวนจันทร์,8.445369,99.37104,Thailand,ThaiWater (HII),STN1613,DWR,Nakhon Si Thammarat,
1080904,บ้านนอก,6.555163,101.106284,Thailand,ThaiWater (HII),STN1615,DWR,Yala,
9930856,"Phrarajadamri Canal, Wat Khao Krailat",12.5175,99.97219,Thailand,ThaiWater (HII),HHN003,HII,Prachuap Khiri Khan,
11567314,National Park Protection Unit at Region 12 (Than Sadet),18.779053,101.219574,Thailand,ThaiWater (HII),DNP058,FOP,Nan,
11567315,National Park Protection Unit at Area 3 (Kitti Beach),18.503033,100.79666,Thailand,ThaiWater (HII),DNP059,FOP,Nan,
9930854,"Phrarajadamri Canal, Hua Hin Soi 10",12.6096,99.9453,Thailand,ThaiWater (HII),HHN002,HII,Prachuap Khiri Khan,
9930852,Hua Hin Municipality Office,12.56669,99.95777,Thailand,ThaiWater (HII),HHN001,HII,Prachuap Khiri Khan,
11567318,National Park Protection Unit No. 6 (Kiwanok Saew),18.35957,101.04883,Thailand,ThaiWater (HII),DNP062,FOP,Nan,
11567319,Sri Nan Forest Fire Control Station,18.34464,100.7927,Thailand,ThaiWater (HII),DNP063,FOP,Nan,
9930667,CHD004,19.39339,98.92826,Thailand,ThaiWater (HII),CHD004,HII,Chiang Mai,
9822342,Main low pressure water pumping plant (Mae Sai),20.444576,99.87177,Thailand,ThaiWater (HII),MYA005,HII,Chiang Rai,
9700992,เทศบาลตำบลน้ำปาด หมู่ที่ 4,17.72512,100.68086,Thailand,ThaiWater (HII),FK05,DISASTER,Uttaradit,
9700784,องค์การบริหารส่วนตำบลบางลาย หมู่ที่ 3,16.19118,100.23879,Thailand,ThaiWater (HII),FT03,DISASTER,Phichit,
8270450,Watershed Management and Community Development Unit in the Bang Kaeo Canal Conservation Forest Area,7.23008,100.04997,Thailand,ThaiWater (HII),MOU503,FOP,Phatthalung,
11567326,National Park Protection Unit No. 5 (Mae Hat Waterfall),19.628954,98.5769,Thailand,ThaiWater (HII),DNP070,FOP,Chiang Mai,
1677420,Mae Kalong Bridge (Phayao University),19.0328,99.92907,Thailand,ThaiWater (HII),PYO007,HII,Phayao,
11567328,Watershed Management and Community Development Unit in the Doi Pha Daeng Conservation Forest Area,19.49586,99.07811,Thailand,ThaiWater (HII),DNP072,FOP,Chiang Mai,
11567329,National Park Protection Unit No. 1 (Pong Dueat),19.24157,98.68393,Thailand,ThaiWater (HII),DNP073,FOP,Chiang Mai,
11567330,Watershed Management and Community Development Unit in the Thung Cho Conservation Forest Area,19.15252,98.64242,Thailand,ThaiWater (HII),DNP074,FOP,Chiang Mai,
1601347,Muang Chum Reservoir,20.10053,100.40951,Thailand,ThaiWater (HII),RES025,HII,Chiang Rai,
11567332,National Park Protection Unit No. 8 (San Pa Yang),19.03681,98.84541,Thailand,ThaiWater (HII),DNP076,FOP,Chiang Mai,
11567333,Mae Takrai National Park Office,18.96566,99.2407,Thailand,ThaiWater (HII),DNP077,FOP,Chiang Mai,
11567334,National Park Protection Unit at MK 3 (Mae Kuang),18.95247,99.13795,Thailand,ThaiWater (HII),DNP078,FOP,Chiang Mai,
1677419,Mae Tam Bridge,19.09763,99.91642,Thailand,ThaiWater (HII),PYO006,HII,Phayao,
11567336,Watershed Management and Community Development Unit in the Mae Jon Luang Conservation Forest Area,18.66891,98.47738,Thailand,ThaiWater (HII),DNP080,FOP,Chiang Mai,
1677418,Nam Ing Bridge (I.17),19.165922,99.9343,Thailand,ThaiWater (HII),PYO005,HII,Phayao,
11567338,National Park Protection Unit at Or.3 (Mae Ya),18.44004,98.59323,Thailand,ThaiWater (HII),DNP082,FOP,Chiang Mai,
1601377,Nong Kao Pla Reservoir,17.31207,99.09735,Thailand,ThaiWater (HII),RES055,HII,Tak,
1601348,Huai Wa Reservoir,18.89904,100.83237,Thailand,ThaiWater (HII),RES026,HII,Nan,
11567341,Watershed Management and Community Development Unit in the Mae Tia Conservation Forest Area,18.31208,98.48189,Thailand,ThaiWater (HII),DNP085,FOP,Chiang Mai,
11567342,National Park Protection Unit at Village No. 4 (Thep Phanom Hot Springs),18.270575,98.39645,Thailand,ThaiWater (HII),DNP086,FOP,Chiang Mai,
11567343,Mae Tho National Park Office (preparation),18.25337,98.20966,Thailand,ThaiWater (HII),DNP087,FOP,Chiang Mai,
1601376,Nong Khae Reservoir,17.34999,99.06564,Thailand,ThaiWater (HII),RES054,HII,Tak,
1601373,Song Kwai Nuea Reservoir,17.35603,99.02463,Thailand,ThaiWater (HII),RES051,HII,Tak,
1601368,Huai Kood Reservoir,17.97108,100.03135,Thailand,ThaiWater (HII),RES046,HII,Phrae,
11567349,National Park Protection Unit No. 2 (Kiew Lom),18.54921,99.62036,Thailand,ThaiWater (HII),DNP093,FOP,Lampang,
11567350,National Park Protection Unit at Village No. 5 (Mae Pa),17.64238,99.28708,Thailand,ThaiWater (HII),DNP094,FOP,Lampang,
1601367,Mae Chua Reservoir,17.96242,100.09376,Thailand,ThaiWater (HII),RES045,HII,Phrae,
12806986,ฝายแม่ยม อ.สอง จ.แพร่,18.484167,100.161389,Thailand,ThaiWater (HII),ridtele_T.MaeyomWeir,RID,Phrae,
11567353,National Park Protection Unit No. 2 (Pong Ron),19.30765,98.47184,Thailand,ThaiWater (HII),DNP097,FOP,Mae Hong Son,
11567354,National Park Protection Unit at Village No. 3 (Mai Thung Son),18.15911,98.27473,Thailand,ThaiWater (HII),DNP098,FOP,Chiang Mai,
1601366,Num Keaun Reservoir,18.05288,100.18837,Thailand,ThaiWater (HII),RES044,HII,Phrae,
1601360,Huai Yoi Reservoir,18.30968,100.13674,Thailand,ThaiWater (HII),RES038,HII,Phrae,
1601357,Mae Kong Reservoir,18.05428,99.45685,Thailand,ThaiWater (HII),RES035,HII,Lampang,
1601356,Huai Mae Pan Noi Reservoir,18.0676,99.52639,Thailand,ThaiWater (HII),RES034,HII,Lampang,
11567307,North Mekong Basin Watershed Conservation Development Study Center,20.10677,99.77028,Thailand,ThaiWater (HII),DNP051,FOP,Chiang Rai,
11567308,Lam Nam Kok National Park Protection Unit 2 (Pong Phra Bat Waterfall),20.01075,99.80436,Thailand,ThaiWater (HII),DNP052,FOP,Chiang Rai,
11567309,Lam Nam Kok National Park Office (preparation),19.9629,99.6774,Thailand,ThaiWater (HII),DNP053,FOP,Chiang Rai,
1601350,Khon Kaen 2 Reservoir,18.96273,100.92741,Thailand,ThaiWater (HII),RES028,HII,Nan,
1601349,Huai Tiery Reservoir,19.01162,100.94317,Thailand,ThaiWater (HII),RES027,HII,Nan,
