gauge_id,station_name,latitude,longitude,country,source,country_code,uhslc_code,gloss_id,timezone,research_quality_from,research_quality_to,fast_delivery_from,fast_delivery_to,station_url
1,Pohnpei,6.9783,158.19669999999996,"Micronesia, Federated States of",University of Hawaii Sea Level Center,FM,deke,115,Pacific/Pohnpei,1969-05-08,2021-12-31,2001-12-17,2026-07-31,https://uhslc.soest.hawaii.edu/stations/?stn=001
2,Tarawa,1.3633,172.93,Kiribati,University of Hawaii Sea Level Center,KI,tara,113,Pacific/Tarawa,1974-05-03,2021-12-31,1992-12-04,2026-07-31,https://uhslc.soest.hawaii.edu/stations/?stn=002
3,Baltra,-0.43656,-90.28553,Ecuador,University of Hawaii Sea Level Center,EC,balt,169,Pacific/Galapagos,1968-06-01,2024-12-31,1985-03-26,2026-07-31,https://uhslc.soest.hawaii.edu/stations/?stn=003
4,Nauru,-0.5317,166.90999999999997,Nauru,University of Hawaii Sea Level Center,NR,naur,114,Pacific/Nauru,1974-05-07,2021-12-31,1993-07-08,2026-07-31,https://uhslc.soest.hawaii.edu/stations/?stn=004
5,Majuro,7.1083,171.37170000000003,Marshall Islands,University of Hawaii Sea Level Center,MH,majb,112,Pacific/Majuro,1968-10-06,2021-12-31,1993-05-14,2026-07-31,https://uhslc.soest.hawaii.edu/stations/?stn=005
6,Enewetok,11.43,162.38670000000002,Marshall Islands,University of Hawaii Sea Level Center,MH,enew,0,Pacific/Majuro,1951-04-23,1979-08-08,,,https://uhslc.soest.hawaii.edu/stations/?stn=006
7,Malakal,7.32852,134.45013,Palau,University of Hawaii Sea Level Center,PW,mala,120,Pacific/Palau,1926-01-01,2024-12-31,1969-05-19,2026-07-31,https://uhslc.soest.hawaii.edu/stations/?stn=007
8,Yap,9.51426,138.12466,"Micronesia, Federated States of",University of Hawaii Sea Level Center,FM,yapa,119,Pacific/Truk,1951-02-28,2024-12-31,1969-05-11,2026-07-31,https://uhslc.soest.hawaii.edu/stations/?stn=008
9,Honiara,-9.4217,159.95500000000004,Solomon Islands,University of Hawaii Sea Level Center,SB,solo,66,Pacific/Guadalcanal,1974-11-20,2021-12-30,1994-07-28,2026-07-31,https://uhslc.soest.hawaii.edu/stations/?stn=009
10,Rabaul,-4.2,152.175,Papua New Guinea,University of Hawaii Sea Level Center,PG,raba,65,Pacific/Port_Moresby,1966-04-06,1997-12-31,,,https://uhslc.soest.hawaii.edu/stations/?stn=010
11,Christmas,2.00672,-157.48771999999997,Kiribati,University of Hawaii Sea Level Center,KI,xmas,146,Pacific/Kiritimati,1955-12-01,2024-12-31,1974-02-07,2026-07-31,https://uhslc.soest.hawaii.edu/stations/?stn=011
12,Fanning,3.8567,-159.365,Kiribati,University of Hawaii Sea Level Center,KI,fann,0,Pacific/Kiritimati,1957-08-10,1990-12-31,,,https://uhslc.soest.hawaii.edu/stations/?stn=012
13,Kanton,-2.80758,-171.71425,Kiribati,University of Hawaii Sea Level Center,KI,kant,145,Pacific/Enderbury,1949-05-28,2024-01-22,1972-05-02,2026-07-31,https://uhslc.soest.hawaii.edu/stations/?stn=013
14,French Frigate Shoals,23.86781,-166.28898000000004,United States of America,University of Hawaii Sea Level Center,US,fren,107,Pacific/Honolulu,1974-07-03,2024-12-31,2019-05-20,2026-07-31,https://uhslc.soest.hawaii.edu/stations/?stn=014
15,Papeete,-17.53309,-149.57266000000004,French Polynesia,University of Hawaii Sea Level Center,PF,pape,140,Pacific/Tahiti,1969-05-01,2024-12-31,1975-06-09,2026-07-31,https://uhslc.soest.hawaii.edu/stations/?stn=015
16,Rikitea,-23.125,-134.9533,French Polynesia,University of Hawaii Sea Level Center,PF,riki,138,Pacific/Gambier,1969-10-05,2021-09-17,1969-10-06,2026-07-31,https://uhslc.soest.hawaii.edu/stations/?stn=016
17,Hiva Oa,-9.805,-139.03499999999997,French Polynesia,University of Hawaii Sea Level Center,PF,hiva,0,Pacific/Marquesas,1977-10-28,2017-09-04,2010-09-05,2026-07-31,https://uhslc.soest.hawaii.edu/stations/?stn=017
18,Suva,-18.1333,178.42830000000004,Fiji,University of Hawaii Sea Level Center,FJ,viti,122,Pacific/Fiji,1972-09-30,2021-12-31,1998-01-27,2026-07-31,https://uhslc.soest.hawaii.edu/stations/?stn=018
19,Noumea,-22.2417,166.4167,New Caledonia,University of Hawaii Sea Level Center,NC,noum,123,Pacific/Noumea,1967-02-24,2018-12-31,1967-02-25,2026-07-31,https://uhslc.soest.hawaii.edu/stations/?stn=019
21,Juan Fernandez,-33.6367,-78.82999999999998,Chile,University of Hawaii Sea Level Center,CL,juan,176,America/Santiago,1977-01-26,2018-12-31,1985-09-05,2026-07-31,https://uhslc.soest.hawaii.edu/stations/?stn=021
22,Easter,-27.155,-109.4733,Chile,University of Hawaii Sea Level Center,CL,east,137,Pacific/Easter,1957-01-16,2018-12-31,1970-04-03,2026-07-14,https://uhslc.soest.hawaii.edu/stations/?stn=022
23,Rarotonga,-21.2,-159.7867,Cook Islands,University of Hawaii Sea Level Center,CK,raro,139,Pacific/Rarotonga,1977-04-24,2021-12-31,1993-02-20,2026-07-31,https://uhslc.soest.hawaii.edu/stations/?stn=023
24,Penrhyn,-8.97692,-158.05303000000004,Cook Islands,University of Hawaii Sea Level Center,CK,penr,143,Pacific/Rarotonga,1977-04-16,2024-12-31,1977-04-17,2026-07-31,https://uhslc.soest.hawaii.edu/stations/?stn=024
25,Funafuti,-8.5033,179.21000000000004,Tuvalu,University of Hawaii Sea Level Center,TV,funa,121,Pacific/Funafuti,1977-10-17,2021-12-31,1993-03-24,2026-07-31,https://uhslc.soest.hawaii.edu/stations/?stn=025
26,"Honolulu, Kewalo",21.295,-157.86170000000004,United States of America,University of Hawaii Sea Level Center,US,honoa,0,Pacific/Honolulu,1978-01-24,1986-02-18,,,https://uhslc.soest.hawaii.edu/stations/?stn=026
27,"Honolulu, Pier 45",21.3183,-157.885,United States of America,University of Hawaii Sea Level Center,US,honop,0,Pacific/Honolulu,1985-10-26,1990-12-31,,,https://uhslc.soest.hawaii.edu/stations/?stn=027
28,Saipan,15.22634,145.73670000000004,Northern Mariana Islands,University of Hawaii Sea Level Center,MP,saip,118,Pacific/Saipan,1938-03-02,2024-12-31,1978-09-19,2026-04-14,https://uhslc.soest.hawaii.edu/stations/?stn=028
29,Kapingamarangi,1.07799,154.80669,"Micronesia, Federated States of",University of Hawaii Sea Level Center,FM,kapi,117,Pacific/Ponape,1978-09-08,2024-12-31,1978-09-09,2026-07-31,https://uhslc.soest.hawaii.edu/stations/?stn=029
30,Santa Cruz,-0.75521,-90.31265000000002,Ecuador,University of Hawaii Sea Level Center,EC,sant,0,Pacific/Galapagos,1978-10-19,2024-12-31,1978-10-20,2026-07-31,https://uhslc.soest.hawaii.edu/stations/?stn=030
31,Nuku Hiva,-8.91483,-140.09585000000004,French Polynesia,University of Hawaii Sea Level Center,PF,nuku,142,Pacific/Marquesas,1982-04-01,2024-12-31,1982-04-01,2026-07-31,https://uhslc.soest.hawaii.edu/stations/?stn=031
33,Bitung,1.43896,125.19045,Indonesia,University of Hawaii Sea Level Center,ID,bitu,69,Asia/Makassar,1986-12-14,2018-12-31,1986-12-15,2026-07-31,https://uhslc.soest.hawaii.edu/stations/?stn=033
34,Cabo San Lucas,22.88,-109.9083,Mexico,University of Hawaii Sea Level Center,MX,cabo,161,America/Mazatlan,1973-06-12,2003-08-31,1973-06-12,2014-09-14,https://uhslc.soest.hawaii.edu/stations/?stn=034
35,San Felix,-26.2917,-80.10829999999999,Chile,University of Hawaii Sea Level Center,CL,sanf,177,America/Santiago,1987-11-06,2018-12-31,1987-11-07,2026-07-31,https://uhslc.soest.hawaii.edu/stations/?stn=035
36,Guadalupe,28.8833,-118.30000000000001,Mexico,University of Hawaii Sea Level Center,MX,isla,160,America/Tijuana,1977-07-23,1985-12-31,,,https://uhslc.soest.hawaii.edu/stations/?stn=036
37,Pago Bay,13.4283,144.7967,Guam,University of Hawaii Sea Level Center,GU,pagb,0,Pacific/Guam,2004-04-29,2022-12-31,,,https://uhslc.soest.hawaii.edu/stations/?stn=037
38,Nuku'alofa,-21.14,-175.18,Tonga,University of Hawaii Sea Level Center,TO,nkfa,125,Pacific/Tongatapu,1990-06-20,2021-12-31,1990-06-21,2026-07-31,https://uhslc.soest.hawaii.edu/stations/?stn=038
39,Kodiak Island,57.7303,-152.51390000000004,United States of America,University of Hawaii Sea Level Center,US,kodi,0,America/Anchorage,1975-01-01,2024-12-31,1984-07-12,2026-07-31,https://uhslc.soest.hawaii.edu/stations/?stn=039
40,Adak,51.8633,-176.63170000000002,United States of America,University of Hawaii Sea Level Center,US,adak,302,America/Adak,1950-03-17,2021-12-31,1950-03-17,2026-07-31,https://uhslc.soest.hawaii.edu/stations/?stn=040
41,Unalaska,53.88,-166.5367,United States of America,University of Hawaii Sea Level Center,US,dutc,102,America/Anchorage,1950-01-01,2021-12-31,1982-01-02,2026-07-31,https://uhslc.soest.hawaii.edu/stations/?stn=041
43,Palmyra Island,5.88831,-162.08916,United States Minor Outlying Islands,University of Hawaii Sea Level Center,UM,plmy,0,Pacific/Honolulu,1947-05-31,2024-12-31,2012-11-30,2026-07-31,https://uhslc.soest.hawaii.edu/stations/?stn=043
45,Jarvis,-0.3833,-160.0333,United States Minor Outlying Islands,University of Hawaii Sea Level Center,UM,jarv,0,Etc/GMT+11,1957-08-19,1957-11-24,,,https://uhslc.soest.hawaii.edu/stations/?stn=045
46,Port Vila,-17.7617,168.2933,Vanuatu,University of Hawaii Sea Level Center,VU,porv,348,Pacific/Efate,1977-01-01,2021-12-31,1993-01-15,2026-07-31,https://uhslc.soest.hawaii.edu/stations/?stn=046
47,Chichijima,27.1,142.18330000000003,Japan,University of Hawaii Sea Level Center,JP,chij,103,Asia/Tokyo,1975-03-31,2023-12-31,1975-03-31,2026-07-31,https://uhslc.soest.hawaii.edu/stations/?stn=047
48,Anewa Bay,-6.1833,155.88329999999996,Papua New Guinea,University of Hawaii Sea Level Center,PG,anew,0,Pacific/Bougainville,1968-08-05,1977-12-31,,,https://uhslc.soest.hawaii.edu/stations/?stn=048
49,Minamitorishima,24.2822,153.9783,Japan,University of Hawaii Sea Level Center,JP,mina,104,Asia/Tokyo,1996-10-04,2023-12-31,2020-03-12,2026-07-31,https://uhslc.soest.hawaii.edu/stations/?stn=049
50,Midway,28.2167,-177.36670000000004,United States Minor Outlying Islands,University of Hawaii Sea Level Center,UM,midw,106,Pacific/Midway,1947-02-08,2021-12-31,1947-02-08,2026-08-31,https://uhslc.soest.hawaii.edu/stations/?stn=050
51,Wake,19.2833,166.61670000000004,United States Minor Outlying Islands,University of Hawaii Sea Level Center,UM,wake,105,Pacific/Wake,1950-05-30,2021-12-31,1950-05-30,2026-08-31,https://uhslc.soest.hawaii.edu/stations/?stn=051
52,Johnston,16.73622,-169.52826,United States Minor Outlying Islands,University of Hawaii Sea Level Center,UM,john,109,Pacific/Honolulu,1947-05-01,2024-12-31,1947-05-02,2026-07-31,https://uhslc.soest.hawaii.edu/stations/?stn=052
53,Apra Harbor,13.4333,144.64999999999998,Guam,University of Hawaii Sea Level Center,GU,guam,149,Pacific/Guam,1948-03-10,2021-12-31,1948-03-10,2026-08-31,https://uhslc.soest.hawaii.edu/stations/?stn=053
54,Chuuk,7.45368,151.89819,"Micronesia, Federated States of",University of Hawaii Sea Level Center,FM,chuu,116,Pacific/Truk,1947-10-01,2024-12-31,2020-08-01,2026-07-31,https://uhslc.soest.hawaii.edu/stations/?stn=054
55,Kwajalein,8.7333,167.73329999999999,Marshall Islands,University of Hawaii Sea Level Center,MH,kwaj,111,Pacific/Kwajalein,1946-06-07,2021-12-31,1946-06-07,2026-08-31,https://uhslc.soest.hawaii.edu/stations/?stn=055
56,Pago Pago,-14.2833,-170.68330000000003,American Samoa,University of Hawaii Sea Level Center,AS,pago,144,Pacific/Pago_Pago,1948-09-08,2019-12-31,1948-09-08,2026-08-31,https://uhslc.soest.hawaii.edu/stations/?stn=056
57,Honolulu,21.3067,-157.86670000000004,United States of America,University of Hawaii Sea Level Center,US,hono,108,Pacific/Honolulu,1877-06-21,2021-12-31,1905-01-01,2026-08-31,https://uhslc.soest.hawaii.edu/stations/?stn=057
58,Nawiliwili,21.9667,-159.35000000000002,United States of America,University of Hawaii Sea Level Center,US,nawi,0,Pacific/Honolulu,1954-12-01,2021-12-31,1954-12-01,2026-08-31,https://uhslc.soest.hawaii.edu/stations/?stn=058
59,Kahului,20.9,-156.4667,United States of America,University of Hawaii Sea Level Center,US,kahu,0,Pacific/Honolulu,1950-10-19,2021-12-31,1950-10-19,2026-08-31,https://uhslc.soest.hawaii.edu/stations/?stn=059
60,Hilo,19.7333,-155.06669999999997,United States of America,University of Hawaii Sea Level Center,US,hilo,287,Pacific/Honolulu,1927-01-22,2021-12-31,1927-01-22,2026-08-31,https://uhslc.soest.hawaii.edu/stations/?stn=060
61,Mokuoloe,21.4333,-157.8,United States of America,University of Hawaii Sea Level Center,US,moku,0,Pacific/Honolulu,1957-05-01,2021-12-31,1957-05-01,2026-08-31,https://uhslc.soest.hawaii.edu/stations/?stn=061
62,Norfolk Island,-29.0667,167.93330000000003,Norfolk Island,University of Hawaii Sea Level Center,NF,norf,124,Pacific/Norfolk,1985-11-13,1999-12-31,,,https://uhslc.soest.hawaii.edu/stations/?stn=062
63,Wewak,-3.57,143.63329999999996,Papua New Guinea,University of Hawaii Sea Level Center,PG,wewa,0,Pacific/Port_Moresby,1984-08-29,1994-10-30,,,https://uhslc.soest.hawaii.edu/stations/?stn=063
64,Port Moresby,-9.4783,147.14,Papua New Guinea,University of Hawaii Sea Level Center,PG,ptmo,0,Pacific/Port_Moresby,1984-08-10,1994-12-31,,,https://uhslc.soest.hawaii.edu/stations/?stn=064
65,Manus,-2.0133,147.2717,Papua New Guinea,University of Hawaii Sea Level Center,PG,manu,0,Pacific/Port_Moresby,1984-09-04,1994-12-31,,,https://uhslc.soest.hawaii.edu/stations/?stn=065
66,Madang,-5.2,145.8,Papua New Guinea,University of Hawaii Sea Level Center,PG,mada,0,Pacific/Port_Moresby,1984-08-22,1998-12-31,,,https://uhslc.soest.hawaii.edu/stations/?stn=066
67,Lae,-6.7333,146.98329999999999,Papua New Guinea,University of Hawaii Sea Level Center,PG,laep,0,Pacific/Port_Moresby,1984-08-31,1998-02-27,,,https://uhslc.soest.hawaii.edu/stations/?stn=067
68,Kavieng,-2.585,150.79499999999996,Papua New Guinea,University of Hawaii Sea Level Center,PG,kavi,0,Pacific/Port_Moresby,1984-09-10,1994-12-31,,,https://uhslc.soest.hawaii.edu/stations/?stn=068
69,Alotau,-10.3167,150.4533,Papua New Guinea,University of Hawaii Sea Level Center,PG,alot,63,Pacific/Port_Moresby,1984-09-21,1995-02-24,,,https://uhslc.soest.hawaii.edu/stations/?stn=069
70,Auckland,-36.85,174.76670000000001,New Zealand,University of Hawaii Sea Level Center,NZ,auct,127,Pacific/Auckland,1984-05-01,1988-12-31,,,https://uhslc.soest.hawaii.edu/stations/?stn=070
71,Wellington,-41.2833,174.7833,New Zealand,University of Hawaii Sea Level Center,NZ,wlgt,101,Pacific/Auckland,1944-11-18,2024-12-31,1944-11-18,2026-06-30,https://uhslc.soest.hawaii.edu/stations/?stn=071
72,Bluff,-46.6,168.35000000000002,New Zealand,University of Hawaii Sea Level Center,NZ,bluf,129,Pacific/Auckland,1984-10-01,2024-12-31,1984-10-01,2026-06-29,https://uhslc.soest.hawaii.edu/stations/?stn=072
73,Tauranga,-37.65,176.18330000000003,New Zealand,University of Hawaii Sea Level Center,NZ,taut,0,Pacific/Auckland,1984-08-01,2024-12-31,,,https://uhslc.soest.hawaii.edu/stations/?stn=073
74,Westport,-41.7333,171.60000000000002,New Zealand,University of Hawaii Sea Level Center,NZ,west,0,Pacific/Auckland,1984-08-01,1985-12-31,,,https://uhslc.soest.hawaii.edu/stations/?stn=074
75,Wanganui,-39.9467,174.99,New Zealand,University of Hawaii Sea Level Center,NZ,wang,0,Pacific/Auckland,1984-09-01,1985-12-31,,,https://uhslc.soest.hawaii.edu/stations/?stn=075
76,Taranaki,-39.05,174.0333,New Zealand,University of Hawaii Sea Level Center,NZ,taran,0,Pacific/Auckland,1955-12-02,2024-12-31,,,https://uhslc.soest.hawaii.edu/stations/?stn=076
77,Nelson,-41.2667,173.26670000000001,New Zealand,University of Hawaii Sea Level Center,NZ,nels,0,Pacific/Auckland,1984-06-30,2024-12-31,,,https://uhslc.soest.hawaii.edu/stations/?stn=077
78,Gisborne,-38.6833,178.0333,New Zealand,University of Hawaii Sea Level Center,NZ,gist,0,Pacific/Auckland,1984-10-01,2024-12-31,,,https://uhslc.soest.hawaii.edu/stations/?stn=078
79,Chatham,-43.9467,-176.56169999999997,New Zealand,University of Hawaii Sea Level Center,NZ,chat,128,Pacific/Chatham,1992-01-01,2010-09-30,1992-01-01,2016-02-15,https://uhslc.soest.hawaii.edu/stations/?stn=079
80,Antofagasta,-23.6533,-70.40499999999997,Chile,University of Hawaii Sea Level Center,CL,anto,174,America/Santiago,1945-12-06,2018-12-31,1945-12-07,2026-07-31,https://uhslc.soest.hawaii.edu/stations/?stn=080
81,Valparaiso,-33.0267,-71.62670000000003,Chile,University of Hawaii Sea Level Center,CL,valp,175,America/Santiago,1944-01-02,2018-12-31,1944-01-03,2026-07-31,https://uhslc.soest.hawaii.edu/stations/?stn=081
82,Acajutla,13.57421,-89.83697000000001,El Salvador,University of Hawaii Sea Level Center,SV,acaj,182,America/El_Salvador,1962-07-18,2018-12-31,2010-08-20,2026-07-31,https://uhslc.soest.hawaii.edu/stations/?stn=082
83,Arica,-18.4667,-70.33330000000001,Chile,University of Hawaii Sea Level Center,CL,aric,0,America/Santiago,1982-10-03,1998-12-31,1982-10-03,2026-07-20,https://uhslc.soest.hawaii.edu/stations/?stn=083
84,Lobos de Afuera,-6.9333,-80.7167,Peru,University of Hawaii Sea Level Center,PE,lobo,0,America/Lima,1982-07-01,2016-12-31,1982-07-01,2016-12-31,https://uhslc.soest.hawaii.edu/stations/?stn=084
85,Buenaventura,3.89,-77.06169999999997,Colombia,University of Hawaii Sea Level Center,CO,buve,170,America/Bogota,1953-05-12,2014-12-31,,,https://uhslc.soest.hawaii.edu/stations/?stn=085
86,La Union,13.3333,-87.81669999999997,El Salvador,University of Hawaii Sea Level Center,SV,laun,0,America/El_Salvador,1954-01-01,2010-12-31,,,https://uhslc.soest.hawaii.edu/stations/?stn=086
87,Quepos,9.42554,-84.17012999999997,Costa Rica,University of Hawaii Sea Level Center,CR,quep,167,America/Costa_Rica,1961-01-01,2024-12-31,2015-05-23,2026-07-31,https://uhslc.soest.hawaii.edu/stations/?stn=087
88,Caldera,-27.0667,-70.83330000000001,Chile,University of Hawaii Sea Level Center,CL,cald,0,America/Santiago,1980-01-01,1999-12-31,1980-01-02,2026-07-31,https://uhslc.soest.hawaii.edu/stations/?stn=088
89,Manta,-0.9317,-80.7217,Ecuador,University of Hawaii Sea Level Center,EC,mant,0,America/Guayaquil,1979-01-01,2012-12-31,,,https://uhslc.soest.hawaii.edu/stations/?stn=089
90,Socorro,18.7333,-111.01670000000001,Mexico,University of Hawaii Sea Level Center,MX,soco,162,America/Mazatlan,1957-03-01,1959-07-04,1957-03-01,1997-09-22,https://uhslc.soest.hawaii.edu/stations/?stn=090
91,La Libertad,-2.21776,-80.90613000000002,Ecuador,University of Hawaii Sea Level Center,EC,lali,172,America/Guayaquil,1949-09-01,2024-12-31,1949-09-02,2026-07-31,https://uhslc.soest.hawaii.edu/stations/?stn=091
92,Talara,-4.57491,-81.28271000000001,Peru,University of Hawaii Sea Level Center,PE,tala,0,America/Lima,1950-01-01,2014-12-31,1970-06-01,2025-08-19,https://uhslc.soest.hawaii.edu/stations/?stn=092
93,Callao,-12.06897,-77.16673000000003,Peru,University of Hawaii Sea Level Center,PE,call,173,America/Lima,1950-01-01,2024-12-31,1970-01-02,2026-07-31,https://uhslc.soest.hawaii.edu/stations/?stn=093
94,Matarani,-17.00098,-72.10881999999998,Peru,University of Hawaii Sea Level Center,PE,mata,0,America/Lima,1954-03-22,2024-12-31,2011-10-16,2026-07-31,https://uhslc.soest.hawaii.edu/stations/?stn=094
96,San Juan,-15.3667,-75.19999999999999,Peru,University of Hawaii Sea Level Center,PE,sanju,0,America/Lima,1978-01-01,2023-04-01,,,https://uhslc.soest.hawaii.edu/stations/?stn=096
98,Esmeraldas,0.9917,-79.64670000000001,Ecuador,University of Hawaii Sea Level Center,EC,esme,0,America/Guayaquil,1990-01-01,2012-12-31,,,https://uhslc.soest.hawaii.edu/stations/?stn=098
100,Port Stanvac,-35.1083,138.4667,Australia,University of Hawaii Sea Level Center,AU,pors,0,Australia/Adelaide,1992-06-23,2010-11-30,,,https://uhslc.soest.hawaii.edu/stations/?stn=100
101,Mombasa,-4.06999,39.65732,Kenya,University of Hawaii Sea Level Center,KE,momb,8,Africa/Nairobi,1986-06-17,2024-12-31,1986-06-18,2026-07-31,https://uhslc.soest.hawaii.edu/stations/?stn=101
102,Dar Es Salaam,-6.82,39.28829999999999,"Tanzania, United Republic of",University of Hawaii Sea Level Center,TZ,dare,0,Africa/Dar_es_Salaam,1986-07-06,1990-09-30,,,https://uhslc.soest.hawaii.edu/stations/?stn=102
103,Port Louis,-20.15721,57.50429,Mauritius,University of Hawaii Sea Level Center,MU,plou,18,Indian/Mauritius,1942-01-01,2023-11-09,1986-08-01,2026-07-31,https://uhslc.soest.hawaii.edu/stations/?stn=103
104,Diego Garcia,-7.29032,72.39384999999999,British Indian Ocean Territory,University of Hawaii Sea Level Center,IO,dieg,26,Indian/Chagos,1969-01-31,2024-12-28,2006-09-09,2026-07-31,https://uhslc.soest.hawaii.edu/stations/?stn=104
105,Rodrigues,-19.68032,63.4212,Mauritius,University of Hawaii Sea Level Center,MU,rodr,19,Indian/Mauritius,1986-11-08,2017-09-04,1986-11-09,2026-07-31,https://uhslc.soest.hawaii.edu/stations/?stn=105
106,Praslin,-4.3433,55.766700000000014,Seychelles,University of Hawaii Sea Level Center,SC,pras,0,Indian/Mahe,1987-11-05,1989-06-27,,,https://uhslc.soest.hawaii.edu/stations/?stn=106
107,Padang,-0.9963,100.37565000000001,Indonesia,University of Hawaii Sea Level Center,ID,pada,45,Asia/Jakarta,1986-11-16,2018-12-31,2005-12-08,2026-07-31,https://uhslc.soest.hawaii.edu/stations/?stn=107
108,Male,4.18747,73.52521000000002,Maldives,University of Hawaii Sea Level Center,MV,male,28,Indian/Maldives,1988-02-29,2024-12-31,1989-08-27,2026-07-31,https://uhslc.soest.hawaii.edu/stations/?stn=108
109,Gan,-0.6878,73.15204,Maldives,University of Hawaii Sea Level Center,MV,gana,27,Indian/Maldives,1987-03-04,2024-12-31,1987-03-05,2026-07-31,https://uhslc.soest.hawaii.edu/stations/?stn=109
110,Muscat,23.6283,58.565,Oman,University of Hawaii Sea Level Center,OM,musc,0,Asia/Muscat,1987-04-03,2018-12-31,2009-12-10,2021-05-31,https://uhslc.soest.hawaii.edu/stations/?stn=110
111,Port Victoria,-4.6217,55.45830000000001,Seychelles,University of Hawaii Sea Level Center,SC,pvic,0,Indian/Mahe,1975-06-17,1992-12-31,,,https://uhslc.soest.hawaii.edu/stations/?stn=111
113,Masirah,20.6867,58.871700000000004,Oman,University of Hawaii Sea Level Center,OM,masi,0,Asia/Muscat,1996-12-07,2018-12-31,1996-12-07,2019-12-13,https://uhslc.soest.hawaii.edu/stations/?stn=113
114,Salalah,16.935,54.006699999999995,Oman,University of Hawaii Sea Level Center,OM,sala,4,Asia/Muscat,1989-10-01,2018-05-23,1989-10-02,2026-07-31,https://uhslc.soest.hawaii.edu/stations/?stn=114
115,Colombo,6.94012,79.85005999999998,Sri Lanka,University of Hawaii Sea Level Center,LK,colo,33,Asia/Colombo,1953-01-01,2024-12-31,2017-01-05,2026-07-31,https://uhslc.soest.hawaii.edu/stations/?stn=115
117,Hanimaadhoo,6.76444,73.17250000000001,Maldives,University of Hawaii Sea Level Center,MV,hani,0,Indian/Maldives,1991-07-19,2024-12-31,2002-09-19,2026-07-31,https://uhslc.soest.hawaii.edu/stations/?stn=117
118,Ko Miang,8.567,97.63299999999998,Thailand,University of Hawaii Sea Level Center,TH,komi,0,Asia/Bangkok,,,2005-11-19,2006-10-31,https://uhslc.soest.hawaii.edu/stations/?stn=118
119,Djibouti,11.6083,43.139999999999986,Djibouti,University of Hawaii Sea Level Center,DJ,djib,2,Africa/Djibouti,2007-02-20,2016-05-16,2007-02-20,2016-07-01,https://uhslc.soest.hawaii.edu/stations/?stn=119
121,Pointe La Rue,-4.67618,55.52942999999999,Seychelles,University of Hawaii Sea Level Center,SC,plar,339,Indian/Mahe,1993-01-11,2024-12-31,1993-01-11,2026-07-31,https://uhslc.soest.hawaii.edu/stations/?stn=121
122,Sibolga,1.72849,98.78575000000001,Indonesia,University of Hawaii Sea Level Center,ID,sibo,0,Asia/Jakarta,1989-04-06,2018-12-31,2005-04-25,2025-12-14,https://uhslc.soest.hawaii.edu/stations/?stn=122
123,Sabang,5.88865,95.31732999999997,Indonesia,University of Hawaii Sea Level Center,ID,saba,347,Asia/Jakarta,2005-12-18,2024-12-31,2005-12-19,2026-07-31,https://uhslc.soest.hawaii.edu/stations/?stn=123
124,Chittagong,22.23652,91.82517999999999,Bangladesh,University of Hawaii Sea Level Center,BD,chit,36,Asia/Dhaka,2007-07-01,2024-12-31,2007-07-01,2025-05-16,https://uhslc.soest.hawaii.edu/stations/?stn=124
125,Prigi,-8.2865,111.72723000000002,Indonesia,University of Hawaii Sea Level Center,ID,prig,0,Asia/Jakarta,2007-02-25,2024-12-31,2007-02-26,2026-07-31,https://uhslc.soest.hawaii.edu/stations/?stn=125
126,Jask,25.63,57.77000000000001,"Iran, Islamic Republic of",University of Hawaii Sea Level Center,IR,jask,0,Asia/Tehran,,,2009-10-28,2017-07-19,https://uhslc.soest.hawaii.edu/stations/?stn=126
127,Syowa,-69.0,39.599999999999994,Antarctica,University of Hawaii Sea Level Center,AQ,syow,95,Antarctica/Syowa,1987-01-31,2015-12-31,1987-01-31,2020-12-31,https://uhslc.soest.hawaii.edu/stations/?stn=127
128,Thevenard,-32.15,133.64,Australia,University of Hawaii Sea Level Center,AU,thev,308,Australia/Adelaide,1992-03-19,2021-12-31,1992-03-20,2026-07-31,https://uhslc.soest.hawaii.edu/stations/?stn=128
129,Portland,-38.3433,141.61329999999998,Australia,University of Hawaii Sea Level Center,AU,porl,55,Australia/Melbourne,1991-01-01,2021-12-31,1991-01-01,2026-07-31,https://uhslc.soest.hawaii.edu/stations/?stn=129
130,Casey,-66.2833,110.5333,Antarctica,University of Hawaii Sea Level Center,AQ,case,278,Antarctica/Casey,1996-01-08,2008-11-16,1996-01-08,2008-11-16,https://uhslc.soest.hawaii.edu/stations/?stn=130
132,Hillarys,-31.825,115.73829999999998,Australia,University of Hawaii Sea Level Center,AU,hill,0,Australia/Perth,1992-01-01,2021-12-31,,,https://uhslc.soest.hawaii.edu/stations/?stn=132
133,Ambon,-3.63904,128.20036,Indonesia,University of Hawaii Sea Level Center,ID,ambo,68,Asia/Jayapura,1992-08-12,2024-12-31,2008-10-02,2026-07-31,https://uhslc.soest.hawaii.edu/stations/?stn=133
134,Hiron Point,21.7833,89.4667,Bangladesh,University of Hawaii Sea Level Center,BD,hiro,0,Asia/Dhaka,1977-01-16,2003-12-31,,,https://uhslc.soest.hawaii.edu/stations/?stn=134
135,Khal #10,22.2667,91.81669999999997,Bangladesh,University of Hawaii Sea Level Center,BD,khal,0,Asia/Dhaka,1982-01-01,1992-12-31,,,https://uhslc.soest.hawaii.edu/stations/?stn=135
136,Cox's Bazaar,21.45,91.83330000000001,Bangladesh,University of Hawaii Sea Level Center,BD,coxs,0,Asia/Dhaka,1977-01-01,2006-12-31,,,https://uhslc.soest.hawaii.edu/stations/?stn=136
137,Teknaf,20.8833,92.30000000000001,Bangladesh,University of Hawaii Sea Level Center,BD,tekn,0,Asia/Dhaka,1983-06-19,1988-11-24,,,https://uhslc.soest.hawaii.edu/stations/?stn=137
138,Charchanga,22.2167,91.05000000000001,Bangladesh,University of Hawaii Sea Level Center,BD,chch,0,Asia/Dhaka,1980-01-01,2000-12-31,,,https://uhslc.soest.hawaii.edu/stations/?stn=138
139,Khepupara,21.8333,89.83330000000001,Bangladesh,University of Hawaii Sea Level Center,BD,khep,0,Asia/Dhaka,1987-01-01,2000-12-31,,,https://uhslc.soest.hawaii.edu/stations/?stn=139
140,Kelang,3.05,101.35829999999999,Malaysia,University of Hawaii Sea Level Center,MY,kela,0,Asia/Kuala_Lumpur,1983-12-15,2023-01-06,,,https://uhslc.soest.hawaii.edu/stations/?stn=140
141,Keling,2.215,102.1533,Malaysia,University of Hawaii Sea Level Center,MY,keli,0,Asia/Kuala_Lumpur,1984-11-06,2023-01-03,,,https://uhslc.soest.hawaii.edu/stations/?stn=141
142,Langkawi,6.43049,99.76285999999999,Malaysia,University of Hawaii Sea Level Center,MY,lang,0,Asia/Kuala_Lumpur,1985-11-29,2024-12-31,1985-11-30,2026-07-31,https://uhslc.soest.hawaii.edu/stations/?stn=142
143,Lumut,4.24,100.61329999999998,Malaysia,University of Hawaii Sea Level Center,MY,peng,43,Asia/Kuala_Lumpur,1984-12-12,2022-12-31,,,https://uhslc.soest.hawaii.edu/stations/?stn=143
144,Penang,5.4217,100.3467,Malaysia,University of Hawaii Sea Level Center,MY,pena,0,Asia/Kuala_Lumpur,1984-11-15,2023-01-06,,,https://uhslc.soest.hawaii.edu/stations/?stn=144
145,Groote Eylandt,-13.86,136.4167,Australia,University of Hawaii Sea Level Center,AU,groo,0,Australia/Darwin,1993-09-22,2021-12-31,,,https://uhslc.soest.hawaii.edu/stations/?stn=145
147,Karachi,24.8117,66.975,Pakistan,University of Hawaii Sea Level Center,PK,kara,30,Asia/Karachi,1985-01-01,2016-12-15,2007-01-31,2026-02-12,https://uhslc.soest.hawaii.edu/stations/?stn=147
148,Ko Taphao Noi,7.8317,98.42500000000001,Thailand,University of Hawaii Sea Level Center,TH,kota,42,Asia/Bangkok,1985-01-01,2019-12-31,1985-01-01,2025-12-31,https://uhslc.soest.hawaii.edu/stations/?stn=148
149,Lamu,-2.26758,40.90270000000001,Kenya,University of Hawaii Sea Level Center,KE,lamu,0,Africa/Nairobi,1989-01-01,2024-12-31,1995-06-29,2026-05-07,https://uhslc.soest.hawaii.edu/stations/?stn=149
150,Nosy Be,-13.4,48.30000000000001,Madagascar,University of Hawaii Sea Level Center,MG,nosy,15,Indian/Antananarivo,1958-01-01,2014-10-05,,,https://uhslc.soest.hawaii.edu/stations/?stn=150
151,Zanzibar,-6.15668,39.19197,"Tanzania, United Republic of",University of Hawaii Sea Level Center,TZ,zanz,297,Africa/Dar_es_Salaam,1984-03-01,2022-12-31,1984-03-01,2025-08-17,https://uhslc.soest.hawaii.edu/stations/?stn=151
153,Minicoy,8.117,73.05000000000001,India,University of Hawaii Sea Level Center,IN,mini,29,Asia/Colombo,,,2011-09-30,2025-02-25,https://uhslc.soest.hawaii.edu/stations/?stn=153
155,Dzaoudzi,-12.7817,45.25829999999999,Mayotte,University of Hawaii Sea Level Center,YT,dzao,96,Indian/Mayotte,1963-10-17,2018-12-31,1963-10-17,2024-12-14,https://uhslc.soest.hawaii.edu/stations/?stn=155
157,Vishakhapatnam,17.683,83.28300000000002,India,University of Hawaii Sea Level Center,IN,vish,35,Asia/Colombo,,,2011-10-01,2026-05-19,https://uhslc.soest.hawaii.edu/stations/?stn=157
158,Meneng,-8.1167,114.38330000000002,Indonesia,University of Hawaii Sea Level Center,ID,mene,0,Asia/Jakarta,1987-06-14,1990-04-11,,,https://uhslc.soest.hawaii.edu/stations/?stn=158
159,Pari,-5.85,106.61669999999998,Indonesia,University of Hawaii Sea Level Center,ID,pari,0,Asia/Jakarta,1987-05-30,1990-01-21,,,https://uhslc.soest.hawaii.edu/stations/?stn=159
160,Surabaya,-7.2083,112.72500000000002,Indonesia,University of Hawaii Sea Level Center,ID,sura,292,Asia/Jakarta,1984-01-31,2004-11-30,,,https://uhslc.soest.hawaii.edu/stations/?stn=160
161,Jakarta,-6.1167,106.85000000000002,Indonesia,University of Hawaii Sea Level Center,ID,koli,0,Asia/Jakarta,1984-01-01,2004-09-18,,,https://uhslc.soest.hawaii.edu/stations/?stn=161
162,Cilacap,-7.72649,109.02355999999997,Indonesia,University of Hawaii Sea Level Center,ID,cila,291,Asia/Jakarta,1984-03-31,2024-12-31,2018-04-01,2026-07-31,https://uhslc.soest.hawaii.edu/stations/?stn=162
163,Benoa,-8.74643,115.20987000000002,Indonesia,University of Hawaii Sea Level Center,ID,beno,49,Asia/Makassar,1988-04-29,2024-12-31,2006-01-25,2026-07-31,https://uhslc.soest.hawaii.edu/stations/?stn=163
164,Pointe des Galets,-20.935,55.285,Réunion,University of Hawaii Sea Level Center,RE,reun,17,Indian/Reunion,1967-02-28,2018-12-31,1967-03-01,2026-07-31,https://uhslc.soest.hawaii.edu/stations/?stn=164
165,Wyndham,-15.4533,128.1017,Australia,University of Hawaii Sea Level Center,AU,wynd,0,Australia/Perth,1984-08-08,2021-12-31,,,https://uhslc.soest.hawaii.edu/stations/?stn=165
166,Broome,-18.0017,122.2183,Australia,University of Hawaii Sea Level Center,AU,brom,40,Australia/Perth,1986-07-12,2021-12-31,1986-07-13,2026-07-31,https://uhslc.soest.hawaii.edu/stations/?stn=166
167,Carnarvon,-24.8983,113.6517,Australia,University of Hawaii Sea Level Center,AU,carn,52,Australia/Perth,1984-04-07,2021-12-31,1984-04-07,2021-12-31,https://uhslc.soest.hawaii.edu/stations/?stn=167
168,Darwin,-12.4717,130.8467,Australia,University of Hawaii Sea Level Center,AU,darw,62,Australia/Darwin,1984-01-01,2021-12-31,1984-01-01,2026-07-31,https://uhslc.soest.hawaii.edu/stations/?stn=168
169,Port Hedland,-20.3183,118.57499999999999,Australia,University of Hawaii Sea Level Center,AU,pthe,51,Australia/Perth,1984-01-01,2021-12-31,1984-01-01,2021-12-31,https://uhslc.soest.hawaii.edu/stations/?stn=169
170,Christmas,-10.4167,105.66669999999999,Christmas Island,University of Hawaii Sea Level Center,CX,chrs,47,Indian/Christmas,1986-09-29,2021-12-31,1986-09-30,2026-07-31,https://uhslc.soest.hawaii.edu/stations/?stn=170
171,Cocos,-12.1167,96.89170000000001,Cocos (Keeling) Islands,University of Hawaii Sea Level Center,CC,cocb,46,Indian/Cocos,1985-12-11,2021-12-31,1985-12-12,2026-07-31,https://uhslc.soest.hawaii.edu/stations/?stn=171
172,Aden,12.7883,44.974999999999994,Yemen,University of Hawaii Sea Level Center,YE,aden,3,Asia/Aden,2007-10-09,2014-12-31,2007-10-09,2018-11-25,https://uhslc.soest.hawaii.edu/stations/?stn=172
173,Davis,-68.45,77.9667,Antarctica,University of Hawaii Sea Level Center,AQ,davi,277,Antarctica/Davis,1993-04-22,2010-01-28,1993-04-22,2010-01-28,https://uhslc.soest.hawaii.edu/stations/?stn=173
174,Cochin,9.967,76.267,India,University of Hawaii Sea Level Center,IN,coch,32,Asia/Colombo,,,2011-10-01,2026-07-31,https://uhslc.soest.hawaii.edu/stations/?stn=174
175,Fremantle,-32.05,115.73329999999999,Australia,University of Hawaii Sea Level Center,AU,frem,53,Australia/Perth,1984-01-01,2021-12-31,1984-01-01,2026-06-30,https://uhslc.soest.hawaii.edu/stations/?stn=175
176,Esperance,-33.87,121.89670000000001,Australia,University of Hawaii Sea Level Center,AU,espe,54,Australia/Perth,1985-01-01,2021-12-31,1985-01-01,2026-07-31,https://uhslc.soest.hawaii.edu/stations/?stn=176
177,Mawson,-67.6,62.86670000000001,Antarctica,University of Hawaii Sea Level Center,AQ,maws,22,Antarctica/Mawson,1992-01-05,2009-12-21,1992-01-05,2009-12-21,https://uhslc.soest.hawaii.edu/stations/?stn=177
178,Crozet,-46.425,51.870000000000005,French Southern Territories,University of Hawaii Sea Level Center,TF,croz,21,Indian/Kerguelen,1995-11-18,2001-07-29,2000-03-12,2001-07-29,https://uhslc.soest.hawaii.edu/stations/?stn=178
179,Saint Paul,-38.7117,77.53829999999999,French Southern Territories,University of Hawaii Sea Level Center,TF,stpa,24,Indian/Kerguelen,1994-10-25,2006-12-24,1994-10-25,2022-01-22,https://uhslc.soest.hawaii.edu/stations/?stn=179
180,Kerguelen,-49.345,70.22,French Southern Territories,University of Hawaii Sea Level Center,TF,kerg,23,Indian/Kerguelen,1993-04-05,2012-12-31,1993-04-05,2013-06-03,https://uhslc.soest.hawaii.edu/stations/?stn=180
181,Durban,-29.8667,31.05000000000001,South Africa,University of Hawaii Sea Level Center,ZA,durb,13,Africa/Johannesburg,1970-09-30,2018-12-31,1970-10-01,2026-07-31,https://uhslc.soest.hawaii.edu/stations/?stn=181
182,Mina Sulman,26.2333,50.599999999999994,Bahrain,University of Hawaii Sea Level Center,BH,minas,0,Asia/Bahrain,1979-01-01,2007-11-05,,,https://uhslc.soest.hawaii.edu/stations/?stn=182
184,Port Elizabeth,-33.96,25.629999999999995,South Africa,University of Hawaii Sea Level Center,ZA,prte,76,Africa/Johannesburg,1973-03-01,2018-12-31,1973-03-02,2026-06-19,https://uhslc.soest.hawaii.edu/stations/?stn=184
185,Mossel Bay,-34.1833,22.13329999999999,South Africa,University of Hawaii Sea Level Center,ZA,moss,0,Africa/Johannesburg,1964-01-01,2016-12-31,1964-01-01,2018-10-31,https://uhslc.soest.hawaii.edu/stations/?stn=185
186,Knysna,-34.05,23.045000000000016,South Africa,University of Hawaii Sea Level Center,ZA,knys,0,Africa/Johannesburg,1966-01-01,2016-12-31,1966-01-01,2018-10-31,https://uhslc.soest.hawaii.edu/stations/?stn=186
187,East London,-33.0167,27.91669999999999,South Africa,University of Hawaii Sea Level Center,ZA,ealo,0,Africa/Johannesburg,1965-05-21,2016-12-31,1965-05-21,2018-10-31,https://uhslc.soest.hawaii.edu/stations/?stn=187
188,Richard's Bay,-28.8,32.08330000000001,South Africa,University of Hawaii Sea Level Center,ZA,rich,0,Africa/Johannesburg,1977-06-08,2016-12-29,1977-06-08,2018-10-31,https://uhslc.soest.hawaii.edu/stations/?stn=188
189,Dumont d'Urville,-66.6617,140.01,Antarctica,University of Hawaii Sea Level Center,AQ,dumo,131,Antarctica/DumontDUrville,2008-01-16,2010-08-19,2008-01-16,2023-02-28,https://uhslc.soest.hawaii.edu/stations/?stn=189
190,Maputo,-25.975,32.56999999999999,Mozambique,University of Hawaii Sea Level Center,MZ,mapu,0,Africa/Maputo,1974-01-01,1986-12-31,,,https://uhslc.soest.hawaii.edu/stations/?stn=190
191,Antonio Enes,-16.2317,39.901700000000005,Mozambique,University of Hawaii Sea Level Center,MZ,antoe,0,Africa/Maputo,1967-05-11,1967-08-31,,,https://uhslc.soest.hawaii.edu/stations/?stn=191
192,Pemba,-12.9683,40.486699999999985,Mozambique,University of Hawaii Sea Level Center,MZ,pemb,11,Africa/Maputo,1971-09-30,2013-06-28,2007-04-19,2013-06-28,https://uhslc.soest.hawaii.edu/stations/?stn=192
193,Nacala,-14.4633,40.68000000000001,Mozambique,University of Hawaii Sea Level Center,MZ,naca,0,Africa/Maputo,1975-01-14,1983-01-01,,,https://uhslc.soest.hawaii.edu/stations/?stn=193
201,St. Peter & Paul Rocks,0.92,-29.3433,Brazil,University of Hawaii Sea Level Center,BR,stpe,199,America/Noronha,1982-11-05,1985-11-21,,,https://uhslc.soest.hawaii.edu/stations/?stn=201
202,Natal,-5.7517,-35.19499999999999,Brazil,University of Hawaii Sea Level Center,BR,pton,0,America/Fortaleza,1982-10-28,1985-11-05,,,https://uhslc.soest.hawaii.edu/stations/?stn=202
203,Fernando de Noronha,-3.8167,-32.38330000000002,Brazil,University of Hawaii Sea Level Center,BR,fern,198,America/Noronha,1982-11-07,1986-12-31,,,https://uhslc.soest.hawaii.edu/stations/?stn=203
204,Trindade,-20.5033,-29.310000000000002,Brazil,University of Hawaii Sea Level Center,BR,trind,265,America/Sao_Paulo,1983-06-13,1983-08-09,,,https://uhslc.soest.hawaii.edu/stations/?stn=204
205,Arrecife,28.95,-13.566700000000083,Spain,University of Hawaii Sea Level Center,ES,arre,0,Atlantic/Canary,1959-04-01,1991-12-31,,,https://uhslc.soest.hawaii.edu/stations/?stn=205
206,Santa Cruz de la Palma,28.6833,-17.75,Spain,University of Hawaii Sea Level Center,ES,lapa,0,Atlantic/Canary,1949-05-01,1990-12-31,,,https://uhslc.soest.hawaii.edu/stations/?stn=206
207,Ceuta,35.9,-5.316700000000083,Spain,University of Hawaii Sea Level Center,ES,ceut,249,Africa/Ceuta,1944-03-01,2017-12-31,1944-03-01,2024-09-24,https://uhslc.soest.hawaii.edu/stations/?stn=207
208,Vigo,42.2333,-8.733299999999986,Spain,University of Hawaii Sea Level Center,ES,vigo,0,Europe/Madrid,1943-03-08,1990-12-31,,,https://uhslc.soest.hawaii.edu/stations/?stn=208
209,Cascais,38.6917,-9.416699999999992,Portugal,University of Hawaii Sea Level Center,PT,casc,246,Europe/Lisbon,1959-01-01,2005-12-31,1959-01-01,2026-07-31,https://uhslc.soest.hawaii.edu/stations/?stn=209
210,"Flores, Santa Cruz",39.4533,-31.120000000000005,Portugal,University of Hawaii Sea Level Center,PT,santf,244,Atlantic/Azores,1976-07-09,2009-11-24,1976-07-09,2009-11-24,https://uhslc.soest.hawaii.edu/stations/?stn=210
211,Ponta Delgada,37.7356,-25.67139999999995,Portugal,University of Hawaii Sea Level Center,PT,pdel,245,Atlantic/Azores,1978-05-19,2024-12-31,1978-05-19,2026-07-31,https://uhslc.soest.hawaii.edu/stations/?stn=211
212,Horta,38.5333,-28.621699999999976,Portugal,University of Hawaii Sea Level Center,PT,hort,0,Atlantic/Azores,1984-01-01,1986-06-30,,,https://uhslc.soest.hawaii.edu/stations/?stn=212
213,"Flores, Lajes",39.3783,-31.168299999999988,Portugal,University of Hawaii Sea Level Center,PT,flor,244,Atlantic/Azores,2006-01-01,2013-12-31,,,https://uhslc.soest.hawaii.edu/stations/?stn=213
214,Lameshur Bay,18.3167,-64.7233,Virgin Islands (U.S.),University of Hawaii Sea Level Center,VI,lame,0,America/St_Thomas,2006-08-03,2022-12-31,,,https://uhslc.soest.hawaii.edu/stations/?stn=214
215,Angra Heroismo,38.65,-27.24000000000001,Portugal,University of Hawaii Sea Level Center,PT,angr,0,Atlantic/Azores,1957-07-04,1986-03-15,,,https://uhslc.soest.hawaii.edu/stations/?stn=215
216,Porto Grande,16.8667,-24.983299999999986,Cabo Verde,University of Hawaii Sea Level Center,CV,ptog,0,Atlantic/Cape_Verde,1990-07-10,1993-12-31,,,https://uhslc.soest.hawaii.edu/stations/?stn=216
217,Las Palmas,28.1333,-15.416699999999992,Spain,University of Hawaii Sea Level Center,ES,pluz,251,Europe/Madrid,1949-04-17,2017-12-31,1991-05-07,2024-09-24,https://uhslc.soest.hawaii.edu/stations/?stn=217
218,Funchal,32.6433,-16.913299999999936,Portugal,University of Hawaii Sea Level Center,PT,func,250,Atlantic/Madeira,1976-10-06,2013-12-31,1976-10-06,2013-12-31,https://uhslc.soest.hawaii.edu/stations/?stn=218
219,Culebra,18.3,-65.30169999999998,Puerto Rico,University of Hawaii Sea Level Center,PR,cule,0,America/Puerto_Rico,2005-08-19,2022-12-31,,,https://uhslc.soest.hawaii.edu/stations/?stn=219
220,Walvis Bay,-22.95,14.5,Namibia,University of Hawaii Sea Level Center,NA,walvi,314,Africa/Windhoek,1959-01-01,2015-12-04,1959-01-01,2016-03-07,https://uhslc.soest.hawaii.edu/stations/?stn=220
221,Simon's Town,-34.1833,18.433300000000003,South Africa,University of Hawaii Sea Level Center,ZA,sitin,268,Africa/Johannesburg,1959-04-24,2018-12-31,1959-04-24,2024-02-04,https://uhslc.soest.hawaii.edu/stations/?stn=221
222,Praia,14.9083,-23.508299999999963,Cabo Verde,University of Hawaii Sea Level Center,CV,prai,0,Atlantic/Cape_Verde,1984-03-02,1996-01-31,,,https://uhslc.soest.hawaii.edu/stations/?stn=222
223,Dakar,14.67619,-17.420370000000048,Senegal,University of Hawaii Sea Level Center,SN,daka,253,Africa/Dakar,1982-12-24,2022-11-23,1992-03-15,2024-02-26,https://uhslc.soest.hawaii.edu/stations/?stn=223
225,Sao Tome,0.348333,6.736670000000004,Sao Tome and Principe,University of Hawaii Sea Level Center,ST,saot,260,Africa/Sao_Tome,1985-12-04,1988-11-30,1985-12-04,2010-08-09,https://uhslc.soest.hawaii.edu/stations/?stn=225
227,Cayenne,4.8533,-52.27170000000001,French Guiana,University of Hawaii Sea Level Center,GF,caye,202,America/Cayenne,2006-01-01,2007-12-31,2006-01-01,2011-10-31,https://uhslc.soest.hawaii.edu/stations/?stn=227
228,Tenerife,28.4783,-16.24000000000001,Spain,University of Hawaii Sea Level Center,ES,tene,0,Atlantic/Canary,1992-07-01,2019-07-18,,,https://uhslc.soest.hawaii.edu/stations/?stn=228
229,Belem,-1.45,-48.5,Brazil,University of Hawaii Sea Level Center,BR,bele,0,America/Belem,1955-01-01,1968-12-31,,,https://uhslc.soest.hawaii.edu/stations/?stn=229
230,Abidjan-Vridi,5.2417,-4.0,Côte d'Ivoire,University of Hawaii Sea Level Center,CI,abid,257,Africa/Abidjan,1982-01-01,1988-12-31,,,https://uhslc.soest.hawaii.edu/stations/?stn=230
231,Takoradi,4.885,-1.7450000000000045,Ghana,University of Hawaii Sea Level Center,GH,tako,335,Africa/Accra,1983-01-01,2012-09-08,2007-01-04,2012-09-08,https://uhslc.soest.hawaii.edu/stations/?stn=231
233,Lagos,6.4233,3.411699999999996,Nigeria,University of Hawaii Sea Level Center,NG,lagos,259,Africa/Lagos,1961-05-24,1996-10-06,1992-08-02,2009-04-17,https://uhslc.soest.hawaii.edu/stations/?stn=233
234,Pointe Noire,-4.7833,11.833300000000008,Congo,University of Hawaii Sea Level Center,CG,pntn,261,Africa/Brazzaville,1980-01-01,2015-04-18,2008-09-10,2015-04-18,https://uhslc.soest.hawaii.edu/stations/?stn=234
235,Palmeira,16.75478,-22.98275000000001,Cabo Verde,University of Hawaii Sea Level Center,CV,palm,329,Atlantic/Cape_Verde,2000-03-12,2024-12-31,2000-03-13,2026-07-31,https://uhslc.soest.hawaii.edu/stations/?stn=235
236,Luanda,-8.7867,13.236700000000013,Angola,University of Hawaii Sea Level Center,AO,luan,0,Africa/Luanda,1972-01-01,1975-06-30,,,https://uhslc.soest.hawaii.edu/stations/?stn=236
237,Lobito,-12.3333,13.558300000000003,Angola,University of Hawaii Sea Level Center,AO,lobi,262,Africa/Luanda,1971-05-31,1975-12-31,,,https://uhslc.soest.hawaii.edu/stations/?stn=237
238,Mocamedes,-15.1917,12.14500000000001,Angola,University of Hawaii Sea Level Center,AO,moca,0,Africa/Luanda,1971-06-30,1975-05-13,,,https://uhslc.soest.hawaii.edu/stations/?stn=238
239,Siboney,23.0917,-82.4717,Cuba,University of Hawaii Sea Level Center,CU,sibon,215,America/Havana,1990-01-01,1990-12-31,,,https://uhslc.soest.hawaii.edu/stations/?stn=239
240,Fernandina Beach,30.6717,-81.4667,United States of America,University of Hawaii Sea Level Center,US,fbfl,0,America/New_York,1897-05-08,2024-12-31,,,https://uhslc.soest.hawaii.edu/stations/?stn=240
241,"Miami, Haulover Pier",25.9033,-80.12,United States of America,University of Hawaii Sea Level Center,US,miam,218,America/New_York,1985-01-01,1992-09-22,,,https://uhslc.soest.hawaii.edu/stations/?stn=241
242,Key West,24.5533,-81.80830000000003,United States of America,University of Hawaii Sea Level Center,US,keyw,216,America/New_York,1913-01-19,2021-12-31,1913-01-19,2026-08-31,https://uhslc.soest.hawaii.edu/stations/?stn=242
243,Penuelas,17.9717,-66.76170000000002,Puerto Rico,University of Hawaii Sea Level Center,PR,penu,0,America/Puerto_Rico,2001-04-01,2005-02-10,,,https://uhslc.soest.hawaii.edu/stations/?stn=243
244,Gibara,21.1167,-76.11669999999998,Cuba,University of Hawaii Sea Level Center,CU,giba,276,America/Havana,1985-01-01,1992-12-31,,,https://uhslc.soest.hawaii.edu/stations/?stn=244
245,San Juan,18.46,-66.11669999999998,Puerto Rico,University of Hawaii Sea Level Center,PR,sanj,206,America/Puerto_Rico,1977-11-29,2021-12-31,1977-11-30,2026-07-31,https://uhslc.soest.hawaii.edu/stations/?stn=245
246,Magueyes Island,17.9717,-67.04669999999999,Puerto Rico,University of Hawaii Sea Level Center,PR,magi,0,America/Puerto_Rico,1954-12-04,2021-12-31,,,https://uhslc.soest.hawaii.edu/stations/?stn=246
247,La Guaira,10.6167,-66.93330000000003,"Venezuela, Bolivarian Republic of",University of Hawaii Sea Level Center,VE,lagu,328,America/Caracas,1985-01-01,1994-12-31,,,https://uhslc.soest.hawaii.edu/stations/?stn=247
248,Port of Spain,10.65,-61.516700000000014,Trinidad and Tobago,University of Hawaii Sea Level Center,TT,ptsp,203,America/Port_of_Spain,1984-01-01,1992-12-07,,,https://uhslc.soest.hawaii.edu/stations/?stn=248
249,Bridgetown,13.1117,-59.63170000000002,Barbados,University of Hawaii Sea Level Center,BB,brid,0,America/Barbados,1968-10-29,2010-12-31,,,https://uhslc.soest.hawaii.edu/stations/?stn=249
250,Veracruz,19.2,-96.13330000000002,Mexico,University of Hawaii Sea Level Center,MX,vera,212,America/Mexico_City,1985-02-01,2012-12-31,,,https://uhslc.soest.hawaii.edu/stations/?stn=250
251,Guantanamo Bay,19.9067,-75.14670000000001,Cuba,University of Hawaii Sea Level Center,CU,guan,0,America/New_York,1937-06-01,1997-01-31,,,https://uhslc.soest.hawaii.edu/stations/?stn=251
252,Portland,43.6567,-70.24670000000003,United States of America,University of Hawaii Sea Level Center,US,ptme,0,America/New_York,1910-03-04,2021-12-31,,,https://uhslc.soest.hawaii.edu/stations/?stn=252
253,Newport,41.505,-71.32670000000002,United States of America,University of Hawaii Sea Level Center,US,newp,290,America/New_York,1930-09-10,2021-12-31,1930-09-10,2026-08-31,https://uhslc.soest.hawaii.edu/stations/?stn=253
254,Limetree Bay,17.6967,-64.75329999999997,Virgin Islands (U.S.),University of Hawaii Sea Level Center,VI,lime,0,America/St_Thomas,1982-02-02,2023-12-31,,,https://uhslc.soest.hawaii.edu/stations/?stn=254
255,Charlotte Amalie,18.335,-64.92000000000002,Virgin Islands (U.S.),University of Hawaii Sea Level Center,VI,amal,0,America/St_Thomas,1978-10-01,2021-12-31,,,https://uhslc.soest.hawaii.edu/stations/?stn=255
256,Exuma Cays,23.7733,-76.10500000000002,Bahamas,University of Hawaii Sea Level Center,BS,exum,12,America/Nassau,1992-03-23,1993-04-23,,,https://uhslc.soest.hawaii.edu/stations/?stn=256
257,Settlement Point,26.6899,-78.96698000000004,Bahamas,University of Hawaii Sea Level Center,BS,setp,211,America/Nassau,1985-10-19,2018-12-31,2002-06-05,2026-07-31,https://uhslc.soest.hawaii.edu/stations/?stn=257
258,Christiansted,17.75,-64.70499999999998,Virgin Islands (U.S.),University of Hawaii Sea Level Center,VI,chrt,0,America/St_Thomas,2006-02-24,2022-12-31,,,https://uhslc.soest.hawaii.edu/stations/?stn=258
259,"Bermuda, St. Georges Island",32.3733,-64.70330000000001,Bermuda,University of Hawaii Sea Level Center,BM,esso,221,Atlantic/Bermuda,1932-10-02,2019-11-23,1985-01-01,2026-08-31,https://uhslc.soest.hawaii.edu/stations/?stn=259
260,Duck Pier,36.1833,-75.74670000000003,United States of America,University of Hawaii Sea Level Center,US,duck,219,America/New_York,1978-06-01,2021-12-31,1978-06-01,2026-08-31,https://uhslc.soest.hawaii.edu/stations/?stn=260
261,Charleston,32.7817,-79.92500000000001,United States of America,University of Hawaii Sea Level Center,US,chas,0,America/New_York,1901-01-01,2021-12-31,1921-10-01,2026-08-31,https://uhslc.soest.hawaii.edu/stations/?stn=261
262,St. Augustine Beach,29.8567,-81.26170000000002,United States of America,University of Hawaii Sea Level Center,US,stau,0,America/New_York,1978-08-01,2002-07-15,,,https://uhslc.soest.hawaii.edu/stations/?stn=262
263,Aguadilla,18.4567,-67.16329999999999,Puerto Rico,University of Hawaii Sea Level Center,PR,agua,0,America/Puerto_Rico,2006-06-20,2012-10-30,,,https://uhslc.soest.hawaii.edu/stations/?stn=263
264,Atlantic City,39.355,-74.41829999999999,United States of America,University of Hawaii Sea Level Center,US,atla,220,America/New_York,1911-08-19,2021-12-31,1911-08-19,2026-08-31,https://uhslc.soest.hawaii.edu/stations/?stn=264
265,Cartagena,10.39,-75.5317,Colombia,University of Hawaii Sea Level Center,CO,carg,207,America/Bogota,1951-11-02,2019-07-30,,,https://uhslc.soest.hawaii.edu/stations/?stn=265
266,Cristobal,9.355,-79.91500000000002,Panama,University of Hawaii Sea Level Center,PA,coco,208,America/Panama,1907-04-03,2017-12-31,1907-04-03,2017-12-31,https://uhslc.soest.hawaii.edu/stations/?stn=266
267,Mona Island,18.09,-67.93830000000003,Puerto Rico,University of Hawaii Sea Level Center,PR,mona,0,America/Puerto_Rico,2006-09-18,2022-12-31,,,https://uhslc.soest.hawaii.edu/stations/?stn=267
268,Limon,9.9887,-83.02037999999999,Costa Rica,University of Hawaii Sea Level Center,CR,limn,0,America/Costa_Rica,1970-01-01,2024-12-31,2009-10-16,2026-07-31,https://uhslc.soest.hawaii.edu/stations/?stn=268
269,Cochino Pequeno,15.9533,-86.5,Honduras,University of Hawaii Sea Level Center,HN,cochi,0,America/Tegucigalpa,1995-05-01,1996-06-30,,,https://uhslc.soest.hawaii.edu/stations/?stn=269
270,Le Robert,14.6833,-60.93330000000003,Martinique,University of Hawaii Sea Level Center,MQ,lero,0,America/Martinique,1976-12-13,1984-12-31,,,https://uhslc.soest.hawaii.edu/stations/?stn=270
271,Fort-de-France,14.6017,-61.06330000000003,Martinique,University of Hawaii Sea Level Center,MQ,ftfr,338,America/Martinique,1976-10-30,2018-12-31,1976-10-31,2026-06-30,https://uhslc.soest.hawaii.edu/stations/?stn=271
272,Pointe-a-Pitre,16.225,-61.5317,Guadeloupe,University of Hawaii Sea Level Center,GP,pnea,0,America/Guadeloupe,1983-01-04,2018-12-31,,,https://uhslc.soest.hawaii.edu/stations/?stn=272
273,Port aux Basques,47.5667,-59.13330000000002,Canada,University of Hawaii Sea Level Center,CA,portj,0,America/St_Johns,,,1997-03-01,2023-06-01,https://uhslc.soest.hawaii.edu/stations/?stn=273
274,Churchill,58.7667,-94.18330000000003,Canada,University of Hawaii Sea Level Center,CA,chur,0,America/Winnipeg,1961-11-01,2018-12-31,1961-11-01,2024-01-01,https://uhslc.soest.hawaii.edu/stations/?stn=274
275,Halifax,44.6667,-63.58330000000001,Canada,University of Hawaii Sea Level Center,CA,hali,222,America/Halifax,1895-10-15,2014-08-13,1895-10-15,2023-06-01,https://uhslc.soest.hawaii.edu/stations/?stn=275
276,St. John's,47.5667,-52.69999999999999,Canada,University of Hawaii Sea Level Center,CA,stjo,223,America/St_Johns,1935-08-02,2018-12-31,1989-09-02,2023-06-01,https://uhslc.soest.hawaii.edu/stations/?stn=276
277,"Madero, Tampico Harbor",22.2617,-97.79500000000002,Mexico,University of Hawaii Sea Level Center,MX,ciuda,0,America/Monterrey,2004-03-24,2007-11-19,,,https://uhslc.soest.hawaii.edu/stations/?stn=277
279,Montauk,41.0483,-71.95999999999998,United States of America,University of Hawaii Sea Level Center,US,monk,0,America/New_York,1947-09-07,2021-12-31,,,https://uhslc.soest.hawaii.edu/stations/?stn=279
280,"Ilha Fiscal, Rio de Janeiro",-22.8967,-43.16500000000002,Brazil,University of Hawaii Sea Level Center,BR,fisc,195,America/Sao_Paulo,1963-02-02,2013-12-31,1963-02-02,2013-12-31,https://uhslc.soest.hawaii.edu/stations/?stn=280
281,Cananeia,-25.0167,-47.92500000000001,Brazil,University of Hawaii Sea Level Center,BR,cana,194,America/Sao_Paulo,1954-02-26,2016-10-29,,,https://uhslc.soest.hawaii.edu/stations/?stn=281
282,Ubatuba,-23.5,-45.11669999999998,Brazil,University of Hawaii Sea Level Center,BR,ubat,0,America/Sao_Paulo,2013-06-03,2017-07-11,,,https://uhslc.soest.hawaii.edu/stations/?stn=282
283,Fortaleza,-3.71444,-38.47665999999998,Brazil,University of Hawaii Sea Level Center,BR,forz,336,America/Fortaleza,1955-01-01,2023-02-27,2008-04-15,2026-07-31,https://uhslc.soest.hawaii.edu/stations/?stn=283
284,Termisa,-4.8167,-37.05000000000001,Brazil,University of Hawaii Sea Level Center,BR,term,0,America/Fortaleza,1993-07-01,1995-04-30,,,https://uhslc.soest.hawaii.edu/stations/?stn=284
285,Buenos Aires,-34.6667,-58.5,Argentina,University of Hawaii Sea Level Center,AR,bueno,0,America/Argentina/Buenos_Aires,1905-01-01,1961-12-31,,,https://uhslc.soest.hawaii.edu/stations/?stn=285
286,Puerto Deseado,-47.75354,-65.91469000000001,Argentina,University of Hawaii Sea Level Center,AR,pdes,190,America/Argentina/Rio_Gallegos,1988-01-06,2024-12-31,2010-03-18,2026-07-31,https://uhslc.soest.hawaii.edu/stations/?stn=286
287,Puerto Williams,-54.9333,-67.61669999999998,Chile,University of Hawaii Sea Level Center,CL,pwil,0,America/Punta_Arenas,1985-01-01,1999-12-31,,,https://uhslc.soest.hawaii.edu/stations/?stn=287
288,Reykjavik,64.15,-21.933299999999917,Iceland,University of Hawaii Sea Level Center,IS,reyk,229,Iceland,1984-04-16,1999-12-31,1984-04-16,2020-03-20,https://uhslc.soest.hawaii.edu/stations/?stn=288
289,Gibraltar,36.1333,-5.350000000000023,Gibraltar,University of Hawaii Sea Level Center,GI,gibr,248,Europe/Gibraltar,1961-07-01,2014-05-21,1993-03-26,2026-07-31,https://uhslc.soest.hawaii.edu/stations/?stn=289
290,Port Stanley,-51.75,-57.93330000000003,Falkland Islands (Malvinas),University of Hawaii Sea Level Center,FK,stan,305,Atlantic/Stanley,1964-11-02,2014-01-31,1992-10-29,2026-07-31,https://uhslc.soest.hawaii.edu/stations/?stn=290
291,Ascension,-7.9167,-14.416699999999992,"Saint Helena, Ascension and Tristan da Cunha",University of Hawaii Sea Level Center,SH,asce,263,Etc/Greenwich,1993-05-23,2013-06-19,1993-05-24,2026-07-31,https://uhslc.soest.hawaii.edu/stations/?stn=291
292,St. Helena,-15.9167,-5.716699999999946,"Saint Helena, Ascension and Tristan da Cunha",University of Hawaii Sea Level Center,SH,sthl,264,Atlantic/St_Helena,1993-06-05,2013-02-26,2011-01-24,2013-02-26,https://uhslc.soest.hawaii.edu/stations/?stn=292
293,Lerwick,60.155,-1.1399999999999864,United Kingdom of Great Britain and Northern Ireland,University of Hawaii Sea Level Center,GB,lerw,236,Europe/London,1959-01-01,2016-11-27,1959-01-01,2016-11-27,https://uhslc.soest.hawaii.edu/stations/?stn=293
294,Newlyn,50.1017,-5.541699999999992,United Kingdom of Great Britain and Northern Ireland,University of Hawaii Sea Level Center,GB,newl,241,Europe/London,1915-04-22,2016-12-31,1915-04-22,2016-12-31,https://uhslc.soest.hawaii.edu/stations/?stn=294
295,Stornoway,58.2083,-6.388300000000072,United Kingdom of Great Britain and Northern Ireland,University of Hawaii Sea Level Center,GB,stor,238,Europe/London,1976-01-01,2016-12-31,1976-01-01,2016-12-31,https://uhslc.soest.hawaii.edu/stations/?stn=295
296,Sisimiut,66.9333,-53.66669999999999,Greenland,University of Hawaii Sea Level Center,GL,sisi,0,America/Nuuk,1991-09-10,1998-12-31,,,https://uhslc.soest.hawaii.edu/stations/?stn=296
297,Ammassalik,65.615,-37.625,Greenland,University of Hawaii Sea Level Center,GL,amma,228,America/Nuuk,1990-11-13,1998-12-31,,,https://uhslc.soest.hawaii.edu/stations/?stn=297
298,Ilulissat,69.2167,-51.10000000000002,Greenland,University of Hawaii Sea Level Center,GL,ilul,0,America/Nuuk,1992-07-01,1997-06-23,,,https://uhslc.soest.hawaii.edu/stations/?stn=298
299,Qaqortoq,60.7167,-46.0333,Greenland,University of Hawaii Sea Level Center,GL,qaqo,344,America/Nuuk,1991-09-04,1998-12-31,1991-09-05,2026-07-31,https://uhslc.soest.hawaii.edu/stations/?stn=299
300,Naos,8.9167,-79.5333,Panama,University of Hawaii Sea Level Center,PA,naos,0,America/Panama,1961-01-01,1997-12-31,,,https://uhslc.soest.hawaii.edu/stations/?stn=300
301,Puerto Quetza,13.9167,-90.82999999999998,Guatemala,University of Hawaii Sea Level Center,GT,ptqu,0,America/Guatemala,1983-11-22,2002-01-31,,,https://uhslc.soest.hawaii.edu/stations/?stn=301
302,Balboa,8.965,-79.57330000000002,Panama,University of Hawaii Sea Level Center,PA,balb,168,America/Panama,1907-06-19,2018-12-31,1907-06-19,2018-12-31,https://uhslc.soest.hawaii.edu/stations/?stn=302
303,Tumaco,1.8167,-78.73000000000002,Colombia,University of Hawaii Sea Level Center,CO,tumc,171,America/Bogota,1951-11-01,2018-12-31,,,https://uhslc.soest.hawaii.edu/stations/?stn=303
304,Puerto Armuelles,8.2733,-82.86000000000001,Panama,University of Hawaii Sea Level Center,PA,ptoa,0,America/Panama,1955-07-12,2001-12-31,,,https://uhslc.soest.hawaii.edu/stations/?stn=304
305,Cedros Island,28.1,-115.18330000000003,Mexico,University of Hawaii Sea Level Center,MX,cedr,0,America/Tijuana,1976-07-20,1989-12-29,,,https://uhslc.soest.hawaii.edu/stations/?stn=305
307,San Felipe,31.0183,-114.81830000000002,Mexico,University of Hawaii Sea Level Center,MX,sanfe,0,America/Tijuana,1982-01-02,1986-10-09,,,https://uhslc.soest.hawaii.edu/stations/?stn=307
308,San Quintin,30.4833,-115.98329999999999,Mexico,University of Hawaii Sea Level Center,MX,sanq,0,America/Tijuana,1977-05-27,1990-12-31,,,https://uhslc.soest.hawaii.edu/stations/?stn=308
310,Bahia de Los Angeles,28.9583,-113.55000000000001,Mexico,University of Hawaii Sea Level Center,MX,bahi,0,America/Tijuana,1973-01-02,1994-09-09,,,https://uhslc.soest.hawaii.edu/stations/?stn=310
313,Catalina,33.45,-118.48329999999999,United States of America,University of Hawaii Sea Level Center,US,cata,0,America/Los_Angeles,1978-06-27,1988-06-01,,,https://uhslc.soest.hawaii.edu/stations/?stn=313
316,Acapulco,16.8417,-99.8517,Mexico,University of Hawaii Sea Level Center,MX,acap,267,America/Mexico_City,1952-05-01,2011-04-25,2007-05-24,2011-04-25,https://uhslc.soest.hawaii.edu/stations/?stn=316
317,Ensenada,31.85,-116.63330000000002,Mexico,University of Hawaii Sea Level Center,MX,ense,0,America/Tijuana,1956-05-24,1991-05-02,1956-05-24,2009-09-30,https://uhslc.soest.hawaii.edu/stations/?stn=317
318,Puerto Madero,14.7167,-92.43330000000003,Mexico,University of Hawaii Sea Level Center,MX,chia,0,America/Mexico_City,1986-01-01,1988-05-01,,,https://uhslc.soest.hawaii.edu/stations/?stn=318
319,Loreto,26.0167,-111.36669999999998,Mexico,University of Hawaii Sea Level Center,MX,lore,0,America/Mazatlan,1975-05-01,1988-07-31,,,https://uhslc.soest.hawaii.edu/stations/?stn=319
320,Cendering,5.265,103.18669999999997,Malaysia,University of Hawaii Sea Level Center,MY,chen,293,Asia/Kuala_Lumpur,1984-10-31,2023-01-15,,,https://uhslc.soest.hawaii.edu/stations/?stn=320
321,Johor Baharu,1.4617,103.79169999999999,Malaysia,University of Hawaii Sea Level Center,MY,joho,0,Asia/Singapore,1983-12-18,2013-12-31,,,https://uhslc.soest.hawaii.edu/stations/?stn=321
322,Kuantan,3.975,103.43,Malaysia,University of Hawaii Sea Level Center,MY,kuan,0,Asia/Kuala_Lumpur,1983-12-21,2019-07-28,,,https://uhslc.soest.hawaii.edu/stations/?stn=322
323,Tioman,2.8067,104.13999999999999,Malaysia,University of Hawaii Sea Level Center,MY,tiom,0,Asia/Kuala_Lumpur,1985-11-13,2020-03-11,,,https://uhslc.soest.hawaii.edu/stations/?stn=323
324,Sedili,1.9317,104.11500000000001,Malaysia,University of Hawaii Sea Level Center,MY,sedi,0,Asia/Kuala_Lumpur,1986-12-22,2023-01-15,,,https://uhslc.soest.hawaii.edu/stations/?stn=324
325,Kukup,1.325,103.44330000000002,Malaysia,University of Hawaii Sea Level Center,MY,kuku,0,Asia/Kuala_Lumpur,1985-11-17,2023-01-07,,,https://uhslc.soest.hawaii.edu/stations/?stn=325
326,Geting,6.2267,102.10669999999999,Malaysia,University of Hawaii Sea Level Center,MY,geti,0,Asia/Kuala_Lumpur,1986-12-16,2017-11-07,,,https://uhslc.soest.hawaii.edu/stations/?stn=326
327,Keppel Harbour,1.2633,103.82170000000002,Singapore,University of Hawaii Sea Level Center,SG,kepp,44,Asia/Singapore,1981-08-13,1990-01-31,,,https://uhslc.soest.hawaii.edu/stations/?stn=327
328,Ko Lak,11.795,99.81669999999997,Thailand,University of Hawaii Sea Level Center,TH,kola,39,Asia/Bangkok,1985-01-01,2019-12-31,1985-01-01,2025-12-31,https://uhslc.soest.hawaii.edu/stations/?stn=328
329,Quarry Bay,22.3,114.2167,Hong Kong,University of Hawaii Sea Level Center,HK,quar,77,Asia/Hong_Kong,1962-01-01,2024-12-31,1986-01-01,2026-07-31,https://uhslc.soest.hawaii.edu/stations/?stn=329
330,Rosslyn Bay,-23.1617,150.78999999999996,Australia,University of Hawaii Sea Level Center,AU,ross,0,Australia/Brisbane,1993-03-17,2021-12-31,,,https://uhslc.soest.hawaii.edu/stations/?stn=330
331,Brisbane,-27.3667,153.1667,Australia,University of Hawaii Sea Level Center,AU,bris,58,Australia/Brisbane,1984-01-01,2021-12-31,1984-01-01,2026-07-31,https://uhslc.soest.hawaii.edu/stations/?stn=331
332,Bundaberg,-24.7667,152.38,Australia,University of Hawaii Sea Level Center,AU,burn,59,Australia/Brisbane,1984-01-01,2021-12-31,1984-01-01,2026-07-31,https://uhslc.soest.hawaii.edu/stations/?stn=332
333,"Fort Denison, Sydney",-33.855,151.2267,Australia,University of Hawaii Sea Level Center,AU,sydn,57,Australia/Sydney,1965-01-01,2021-12-31,1965-01-01,2026-07-31,https://uhslc.soest.hawaii.edu/stations/?stn=333
334,Townsville,-19.25,146.8333,Australia,University of Hawaii Sea Level Center,AU,town,60,Australia/Brisbane,1984-01-01,2021-12-31,1984-01-01,2026-07-31,https://uhslc.soest.hawaii.edu/stations/?stn=334
335,Spring Bay,-42.5467,147.93169999999998,Australia,University of Hawaii Sea Level Center,AU,sprg,56,Australia/Hobart,1985-04-12,2021-12-31,1985-04-13,2026-07-31,https://uhslc.soest.hawaii.edu/stations/?stn=335
336,Booby Island,-10.6033,141.90999999999997,Australia,University of Hawaii Sea Level Center,AU,boob,61,Australia/Brisbane,1988-01-01,2021-12-31,1988-01-01,2026-07-31,https://uhslc.soest.hawaii.edu/stations/?stn=336
337,Victoria Dock,1.2633,103.82170000000002,Singapore,University of Hawaii Sea Level Center,SG,vict,44,Asia/Singapore,1972-01-01,1981-12-31,,,https://uhslc.soest.hawaii.edu/stations/?stn=337
338,Macau,22.1667,113.55000000000001,Macau,University of Hawaii Sea Level Center,MO,maca,0,Asia/Macau,1978-01-01,1985-05-31,,,https://uhslc.soest.hawaii.edu/stations/?stn=338
339,Hobart,-42.8767,147.3417,Australia,University of Hawaii Sea Level Center,AU,hoba,0,Australia/Hobart,1985-03-29,2021-12-31,,,https://uhslc.soest.hawaii.edu/stations/?stn=339
340,Kaohsiung,22.615,120.28829999999999,"Taiwan, Province of China",University of Hawaii Sea Level Center,TW,kaoh,0,Asia/Taipei,1980-01-01,2016-12-31,1980-01-01,2016-12-31,https://uhslc.soest.hawaii.edu/stations/?stn=340
341,Keelung,25.155,121.75170000000003,"Taiwan, Province of China",University of Hawaii Sea Level Center,TW,keel,0,Asia/Taipei,1980-01-01,2016-12-31,1980-01-01,2016-12-31,https://uhslc.soest.hawaii.edu/stations/?stn=341
342,Port Kembla,-34.4733,150.9117,Australia,University of Hawaii Sea Level Center,AU,toka,0,Australia/Brisbane,1991-07-05,2021-12-31,,,https://uhslc.soest.hawaii.edu/stations/?stn=342
343,Cape Ferguson,-19.2767,147.05830000000003,Australia,University of Hawaii Sea Level Center,AU,ferg,0,Australia/Brisbane,1991-09-12,2021-12-31,,,https://uhslc.soest.hawaii.edu/stations/?stn=343
344,Burnie,-41.05,145.91499999999996,Australia,University of Hawaii Sea Level Center,AU,barn,0,Australia/Hobart,1992-09-03,2021-12-31,,,https://uhslc.soest.hawaii.edu/stations/?stn=344
345,Nakano Shima,29.8417,129.8417,Japan,University of Hawaii Sea Level Center,JP,naka,0,Asia/Tokyo,1984-01-29,2018-12-31,1984-01-30,2026-07-31,https://uhslc.soest.hawaii.edu/stations/?stn=345
347,Abashiri,44.0167,144.2833,Japan,University of Hawaii Sea Level Center,JP,abas,327,Asia/Tokyo,1955-12-06,2023-12-31,1955-12-07,2026-07-31,https://uhslc.soest.hawaii.edu/stations/?stn=347
348,Hamada,34.9,132.06669999999997,Japan,University of Hawaii Sea Level Center,JP,hmda,326,Asia/Tokyo,1984-03-31,2023-12-31,1984-04-01,2026-07-31,https://uhslc.soest.hawaii.edu/stations/?stn=348
349,Toyama,36.7667,137.23329999999999,Japan,University of Hawaii Sea Level Center,JP,toya,325,Asia/Tokyo,1967-04-30,2023-12-31,1967-05-01,2026-07-31,https://uhslc.soest.hawaii.edu/stations/?stn=349
350,Kushiro,42.9667,144.36670000000004,Japan,University of Hawaii Sea Level Center,JP,kush,89,Asia/Tokyo,1946-11-09,2023-12-31,1946-11-10,2026-07-31,https://uhslc.soest.hawaii.edu/stations/?stn=350
351,Ofunato,39.0167,141.75,Japan,University of Hawaii Sea Level Center,JP,ofun,87,Asia/Tokyo,1963-07-31,2023-12-31,1963-08-01,2026-07-31,https://uhslc.soest.hawaii.edu/stations/?stn=351
352,Mera,34.9167,139.81669999999997,Japan,University of Hawaii Sea Level Center,JP,mera,86,Asia/Tokyo,1930-02-13,2023-12-31,1930-02-14,2026-07-31,https://uhslc.soest.hawaii.edu/stations/?stn=352
353,Kushimoto,33.4833,135.76670000000001,Japan,University of Hawaii Sea Level Center,JP,kusm,85,Asia/Tokyo,1924-12-15,2023-12-31,1924-12-16,2026-07-31,https://uhslc.soest.hawaii.edu/stations/?stn=353
354,Aburatsu,31.5833,131.4167,Japan,University of Hawaii Sea Level Center,JP,abur,82,Asia/Tokyo,1930-02-13,2023-12-31,1930-02-14,2026-07-31,https://uhslc.soest.hawaii.edu/stations/?stn=354
355,Naha,26.2167,127.66669999999999,Japan,University of Hawaii Sea Level Center,JP,naha,81,Asia/Tokyo,1966-12-31,2023-12-31,1967-01-01,2026-07-31,https://uhslc.soest.hawaii.edu/stations/?stn=355
356,Maisaka,34.6833,137.61670000000004,Japan,University of Hawaii Sea Level Center,JP,maisa,0,Asia/Tokyo,1958-01-26,2023-12-31,1958-01-27,2026-07-31,https://uhslc.soest.hawaii.edu/stations/?stn=356
357,Miyakejima,34.0667,139.4817,Japan,University of Hawaii Sea Level Center,JP,miya,0,Asia/Tokyo,1964-01-31,2018-12-31,,,https://uhslc.soest.hawaii.edu/stations/?stn=357
358,Hosojima,32.4167,131.68330000000003,Japan,University of Hawaii Sea Level Center,JP,hoso,0,Asia/Tokyo,1933-01-01,1975-12-31,,,https://uhslc.soest.hawaii.edu/stations/?stn=358
359,Naze,28.4,129.49829999999997,Japan,University of Hawaii Sea Level Center,JP,naze,0,Asia/Tokyo,1957-04-08,2018-12-31,1957-04-09,2026-07-31,https://uhslc.soest.hawaii.edu/stations/?stn=359
360,Wakkanai,45.4,141.68330000000003,Japan,University of Hawaii Sea Level Center,JP,waka,324,Asia/Tokyo,1954-12-31,2023-12-31,1955-01-01,2026-07-31,https://uhslc.soest.hawaii.edu/stations/?stn=360
362,Nagasaki,32.7333,129.86670000000004,Japan,University of Hawaii Sea Level Center,JP,nagas,83,Asia/Tokyo,1960-12-31,2023-12-31,1961-01-01,2026-07-31,https://uhslc.soest.hawaii.edu/stations/?stn=362
363,Nishinoomote,30.735,130.99170000000004,Japan,University of Hawaii Sea Level Center,JP,nisi,0,Asia/Tokyo,1965-04-21,2018-12-31,1965-04-22,2026-07-18,https://uhslc.soest.hawaii.edu/stations/?stn=363
364,Hakodate,41.7833,140.7167,Japan,University of Hawaii Sea Level Center,JP,hako,88,Asia/Tokyo,1955-04-04,2023-12-31,1955-04-11,2026-07-31,https://uhslc.soest.hawaii.edu/stations/?stn=364
365,Ishigaki,24.3333,124.14999999999998,Japan,University of Hawaii Sea Level Center,JP,ishi,0,Asia/Tokyo,1968-12-31,2023-12-31,1969-01-01,2026-07-31,https://uhslc.soest.hawaii.edu/stations/?stn=365
370,Manila,14.58214,120.97152,Philippines,University of Hawaii Sea Level Center,PH,mani,73,Asia/Manila,1984-01-01,2024-12-31,1984-01-01,2026-07-31,https://uhslc.soest.hawaii.edu/stations/?stn=370
371,Legaspi,13.14475,123.75657999999999,Philippines,University of Hawaii Sea Level Center,PH,lega,72,Asia/Manila,1984-01-01,2017-09-04,1984-01-01,2026-07-31,https://uhslc.soest.hawaii.edu/stations/?stn=371
372,Davao,7.1537,125.66286000000002,Philippines,University of Hawaii Sea Level Center,PH,dava,71,Asia/Manila,1984-01-01,2024-12-31,1998-01-01,2026-07-31,https://uhslc.soest.hawaii.edu/stations/?stn=372
373,Jolo,6.0667,121.0,Philippines,University of Hawaii Sea Level Center,PH,jolo,70,Asia/Manila,1984-01-01,1995-12-31,,,https://uhslc.soest.hawaii.edu/stations/?stn=373
375,Hachinohe,40.5333,141.5333,Japan,University of Hawaii Sea Level Center,JP,hach,0,Asia/Tokyo,1980-01-01,2011-03-11,,,https://uhslc.soest.hawaii.edu/stations/?stn=375
376,Xiamen,24.45,118.06669999999997,China,University of Hawaii Sea Level Center,CN,xiam,247,Asia/Shanghai,1954-01-01,1997-12-31,,,https://uhslc.soest.hawaii.edu/stations/?stn=376
379,Cebu,10.3,123.91669999999999,Philippines,University of Hawaii Sea Level Center,PH,cebu,0,Asia/Manila,1998-01-01,2014-05-27,,,https://uhslc.soest.hawaii.edu/stations/?stn=379
380,Puerto Princesa,9.75,118.73329999999999,Philippines,University of Hawaii Sea Level Center,PH,desea,0,Asia/Manila,1998-01-01,2014-05-13,,,https://uhslc.soest.hawaii.edu/stations/?stn=380
381,Qui Nhon,13.775,109.25419999999997,Viet Nam,University of Hawaii Sea Level Center,VN,quin,75,Asia/Saigon,1994-01-01,2024-12-31,2007-10-20,2026-07-31,https://uhslc.soest.hawaii.edu/stations/?stn=381
382,Subic Bay,14.765,120.25170000000003,Philippines,University of Hawaii Sea Level Center,PH,subi,0,Asia/Manila,2007-02-27,2018-12-31,2007-02-28,2026-07-31,https://uhslc.soest.hawaii.edu/stations/?stn=382
383,Vung Tau,10.34021,107.07107000000002,Viet Nam,University of Hawaii Sea Level Center,VN,vung,0,Asia/Saigon,1986-01-01,2024-12-31,2007-10-16,2026-07-31,https://uhslc.soest.hawaii.edu/stations/?stn=383
385,Tawau,4.2333,117.88330000000002,Malaysia,University of Hawaii Sea Level Center,MY,tawa,0,Asia/Kuching,1987-06-26,2023-01-07,,,https://uhslc.soest.hawaii.edu/stations/?stn=385
386,Kota Kinabalu,5.9833,116.06669999999997,Malaysia,University of Hawaii Sea Level Center,MY,kotak,0,Asia/Kuching,1987-06-23,2023-01-06,,,https://uhslc.soest.hawaii.edu/stations/?stn=386
387,Bintulu,3.2167,113.06669999999997,Malaysia,University of Hawaii Sea Level Center,MY,bint,0,Asia/Kuching,1992-04-30,2018-12-31,,,https://uhslc.soest.hawaii.edu/stations/?stn=387
388,Miri,4.3917,113.9717,Malaysia,University of Hawaii Sea Level Center,MY,miri,0,Asia/Kuching,1992-12-21,2015-12-19,,,https://uhslc.soest.hawaii.edu/stations/?stn=388
389,Sandakan,5.81,118.06669999999997,Malaysia,University of Hawaii Sea Level Center,MY,sanda,0,Asia/Kuching,1993-12-24,2023-01-07,,,https://uhslc.soest.hawaii.edu/stations/?stn=389
391,Clipperton,10.28,-109.2217,France,University of Hawaii Sea Level Center,FR,clip,165,Etc/GMT+7,2007-04-09,2012-10-16,,,https://uhslc.soest.hawaii.edu/stations/?stn=391
392,Cocos Island,5.55674,-87.04800999999998,Costa Rica,University of Hawaii Sea Level Center,CR,cocc,0,America/Costa_Rica,2018-03-25,2024-12-31,2018-03-27,2026-07-31,https://uhslc.soest.hawaii.edu/stations/?stn=392
393,Puerto Vallarta,20.615,-105.245,Mexico,University of Hawaii Sea Level Center,MX,puert,0,America/Mexico_City,1973-08-19,1991-03-01,,,https://uhslc.soest.hawaii.edu/stations/?stn=393
394,Salina Cruz,16.16,-95.20330000000001,Mexico,University of Hawaii Sea Level Center,MX,sali,0,America/Mexico_City,1952-04-01,1991-03-01,,,https://uhslc.soest.hawaii.edu/stations/?stn=394
395,Manzanillo,19.0633,-104.29829999999998,Mexico,University of Hawaii Sea Level Center,MX,manz,163,America/Mexico_City,1953-05-01,2013-08-29,1992-12-01,2013-08-29,https://uhslc.soest.hawaii.edu/stations/?stn=395
396,Puntarenas,9.9667,-84.83330000000001,Costa Rica,University of Hawaii Sea Level Center,CR,punr,0,America/Costa_Rica,1961-01-01,1980-12-31,,,https://uhslc.soest.hawaii.edu/stations/?stn=396
397,Guaymas,27.9333,-110.89999999999998,Mexico,University of Hawaii Sea Level Center,MX,guay,0,America/Hermosillo,1953-01-01,1986-12-31,,,https://uhslc.soest.hawaii.edu/stations/?stn=397
398,Marsden Point,-35.8333,174.5,New Zealand,University of Hawaii Sea Level Center,NZ,marsd,0,Pacific/Auckland,1975-10-19,2024-12-31,,,https://uhslc.soest.hawaii.edu/stations/?stn=398
399,Lord Howe,-31.5167,159.06669999999997,Australia,University of Hawaii Sea Level Center,AU,lord,148,Australia/Lord_Howe,1958-07-04,2021-12-31,1991-04-23,2021-12-31,https://uhslc.soest.hawaii.edu/stations/?stn=399
400,Lombrum,-2.0367,147.375,Papua New Guinea,University of Hawaii Sea Level Center,PG,lomb,331,Pacific/Port_Moresby,1994-09-29,2021-12-31,1994-09-29,2026-07-31,https://uhslc.soest.hawaii.edu/stations/?stn=400
401,Apia,-13.82,-171.75670000000002,Samoa,University of Hawaii Sea Level Center,WS,upol,0,Pacific/Apia,1954-01-01,2021-12-31,1993-02-27,2026-07-31,https://uhslc.soest.hawaii.edu/stations/?stn=401
402,Lautoka,-17.605,177.43830000000003,Fiji,University of Hawaii Sea Level Center,FJ,levu,0,Pacific/Fiji,1992-10-24,2021-12-22,1992-10-24,2026-07-31,https://uhslc.soest.hawaii.edu/stations/?stn=402
403,Jackson,-43.9833,168.61670000000004,New Zealand,University of Hawaii Sea Level Center,NZ,jack,0,Pacific/Auckland,1999-01-01,2021-12-31,2013-12-11,2025-11-28,https://uhslc.soest.hawaii.edu/stations/?stn=403
404,Auasi,-14.27158,-170.57306,American Samoa,University of Hawaii Sea Level Center,AS,auas,0,Pacific/Pago_Pago,2023-04-28,2024-12-31,2023-04-29,2026-07-31,https://uhslc.soest.hawaii.edu/stations/?stn=404
405,Jeremie,18.643,-74.11000000000001,Haiti,University of Hawaii Sea Level Center,HT,jrmi,0,America/Port-au-Prince,,,2022-02-26,2022-11-30,https://uhslc.soest.hawaii.edu/stations/?stn=405
406,St. Louis du Sud,18.228,-73.618,Haiti,University of Hawaii Sea Level Center,HT,slds,0,America/Port-au-Prince,,,2022-03-02,2026-07-31,https://uhslc.soest.hawaii.edu/stations/?stn=406
407,Aunuu,-14.28351,-170.56093999999996,American Samoa,University of Hawaii Sea Level Center,AS,aunu,0,Pacific/Pago_Pago,2023-04-27,2024-12-31,2023-04-28,2026-07-15,https://uhslc.soest.hawaii.edu/stations/?stn=407
408,Tau,-14.23985,-169.51034000000004,American Samoa,University of Hawaii Sea Level Center,AS,taua,0,Pacific/Pago_Pago,2023-05-16,2024-12-31,2023-05-17,2026-06-27,https://uhslc.soest.hawaii.edu/stations/?stn=408
409,Ofu,-14.16334,-169.68102999999996,American Samoa,University of Hawaii Sea Level Center,AS,ofua,0,Pacific/Pago_Pago,2023-05-16,2024-12-31,2023-05-17,2026-07-31,https://uhslc.soest.hawaii.edu/stations/?stn=409
410,Lungsurannaga,2.1,117.75,Indonesia,University of Hawaii Sea Level Center,ID,lung,0,Asia/Makassar,1943-01-01,1944-11-30,,,https://uhslc.soest.hawaii.edu/stations/?stn=410
411,Balikpapan,-1.2667,116.80000000000001,Indonesia,University of Hawaii Sea Level Center,ID,bali,0,Asia/Makassar,1942-11-30,1943-11-30,,,https://uhslc.soest.hawaii.edu/stations/?stn=411
414,Bajor,-0.6833,117.41669999999999,Indonesia,University of Hawaii Sea Level Center,ID,bajo,0,Asia/Makassar,1943-01-05,1944-11-30,,,https://uhslc.soest.hawaii.edu/stations/?stn=414
416,Tanjung Lesung,-6.483,105.66700000000003,Indonesia,University of Hawaii Sea Level Center,ID,tjls,0,Asia/Jakarta,,,2008-01-30,2012-12-31,https://uhslc.soest.hawaii.edu/stations/?stn=416
417,Sadeng,-8.190194,110.79798,Indonesia,University of Hawaii Sea Level Center,ID,sadp,0,Etc/GMT-7,,,2008-07-18,2016-04-13,https://uhslc.soest.hawaii.edu/stations/?stn=417
418,Waikelo,-9.4,119.233,Indonesia,University of Hawaii Sea Level Center,ID,waik,346,Asia/Makassar,,,2008-04-11,2019-11-10,https://uhslc.soest.hawaii.edu/stations/?stn=418
419,Lembar,-8.73089,116.07226000000003,Indonesia,University of Hawaii Sea Level Center,ID,lemb,0,Asia/Makassar,2008-09-22,2018-12-24,2008-09-23,2026-07-31,https://uhslc.soest.hawaii.edu/stations/?stn=419
420,Saumlaki,-7.981491,131.290596,Indonesia,University of Hawaii Sea Level Center,ID,saum,0,Asia/Jayapura,2008-10-01,2021-10-01,2008-10-02,2026-07-31,https://uhslc.soest.hawaii.edu/stations/?stn=420
421,Ala Wai,21.28432,-157.84018000000003,United States of America,University of Hawaii Sea Level Center,US,alaw,0,Pacific/Honolulu,2023-04-01,2024-12-31,2023-04-01,2026-07-31,https://uhslc.soest.hawaii.edu/stations/?stn=421
422,Haleiwa,21.59309,-158.10553,United States of America,University of Hawaii Sea Level Center,US,hale,0,Pacific/Honolulu,2023-03-23,2024-12-31,2023-03-24,2026-07-31,https://uhslc.soest.hawaii.edu/stations/?stn=422
423,Heeia,21.44395,-157.8102,United States of America,University of Hawaii Sea Level Center,US,heei,0,Pacific/Honolulu,2023-03-23,2024-12-31,2023-03-24,2026-07-31,https://uhslc.soest.hawaii.edu/stations/?stn=423
424,Keehi,21.316,-157.89108999999996,United States of America,University of Hawaii Sea Level Center,US,keeh,0,Pacific/Honolulu,2023-04-01,2024-12-08,2023-04-01,2026-07-31,https://uhslc.soest.hawaii.edu/stations/?stn=424
425,Waianae,21.4502,-158.19718,United States of America,University of Hawaii Sea Level Center,US,waia,0,Pacific/Honolulu,2023-03-23,2024-12-31,2023-03-24,2026-07-31,https://uhslc.soest.hawaii.edu/stations/?stn=425
426,Lahaina,20.87214,-156.67863,United States of America,University of Hawaii Sea Level Center,US,laha,0,Pacific/Honolulu,,,2025-10-29,2026-07-31,https://uhslc.soest.hawaii.edu/stations/?stn=426
428,Kaunakakai,21.08093,-157.02810999999997,United States of America,University of Hawaii Sea Level Center,US,kaun,0,Pacific/Honolulu,2024-07-01,2024-12-31,2024-07-01,2026-07-31,https://uhslc.soest.hawaii.edu/stations/?stn=428
429,Manele Bay,20.74149,-156.88801,United States of America,University of Hawaii Sea Level Center,US,mane,0,Pacific/Honolulu,2024-06-01,2024-12-31,2024-06-01,2026-07-31,https://uhslc.soest.hawaii.edu/stations/?stn=429
430,Honokohau,19.66892,-156.02351,United States of America,University of Hawaii Sea Level Center,US,hoko,0,Pacific/Honolulu,2024-09-01,2024-12-31,2024-09-01,2026-07-31,https://uhslc.soest.hawaii.edu/stations/?stn=430
431,Milolii,19.18505,-155.90724999999998,United States of America,University of Hawaii Sea Level Center,US,milo,0,Pacific/Honolulu,2024-09-06,2024-11-30,2024-09-10,2026-07-31,https://uhslc.soest.hawaii.edu/stations/?stn=431
432,Hanalei,22.21252,-159.49831,United States of America,University of Hawaii Sea Level Center,US,hanl,0,Pacific/Honolulu,2024-07-11,2024-12-31,2024-07-12,2026-07-31,https://uhslc.soest.hawaii.edu/stations/?stn=432
434,Pearl Harbor,21.367,-157.96299999999997,United States of America,University of Hawaii Sea Level Center,US,phar,0,Pacific/Honolulu,,,2024-06-19,2026-08-31,https://uhslc.soest.hawaii.edu/stations/?stn=434
436,Kamesang,7.495992,134.485257,Palau,University of Hawaii Sea Level Center,PW,kame,0,Pacific/Palau,,,2025-08-27,2026-07-31,https://uhslc.soest.hawaii.edu/stations/?stn=436
437,Peleliu,7.049027,134.26647300000002,Palau,University of Hawaii Sea Level Center,PW,pele,0,Pacific/Palau,,,2025-08-29,2026-07-31,https://uhslc.soest.hawaii.edu/stations/?stn=437
438,Imekang,7.537217,134.624995,Palau,University of Hawaii Sea Level Center,PW,imek,0,Pacific/Palau,,,2025-08-26,2026-07-31,https://uhslc.soest.hawaii.edu/stations/?stn=438
453,Leava,-14.292,-178.15700000000004,Wallis and Futuna,University of Hawaii Sea Level Center,WF,leav,353,Pacific/Wallis,,,2019-04-15,2024-12-31,https://uhslc.soest.hawaii.edu/stations/?stn=453
454,Makemo,-16.598,-143.66200000000003,French Polynesia,University of Hawaii Sea Level Center,PF,make,354,Pacific/Tahiti,,,2019-01-01,2026-07-31,https://uhslc.soest.hawaii.edu/stations/?stn=454
455,Rangiroa Atoll,-14.945,-147.707,French Polynesia,University of Hawaii Sea Level Center,PF,rang,355,Pacific/Tahiti,,,2019-01-01,2026-07-31,https://uhslc.soest.hawaii.edu/stations/?stn=455
456,Tubuai,-23.342,-149.47500000000002,French Polynesia,University of Hawaii Sea Level Center,PF,tubu,356,Pacific/Tahiti,,,2019-03-03,2026-07-31,https://uhslc.soest.hawaii.edu/stations/?stn=456
540,Prince Rupert,54.3167,-130.32330000000002,Canada,University of Hawaii Sea Level Center,CA,prin,155,America/Vancouver,1909-01-01,2018-12-31,1909-01-02,2026-07-31,https://uhslc.soest.hawaii.edu/stations/?stn=540
541,Bamfield,48.833,-125.13299999999998,Canada,University of Hawaii Sea Level Center,CA,bamf,0,America/Vancouver,,,2001-12-01,2026-07-31,https://uhslc.soest.hawaii.edu/stations/?stn=541
542,Tofino,49.1533,-125.91329999999999,Canada,University of Hawaii Sea Level Center,CA,tofi,156,America/Vancouver,1909-10-01,2018-12-31,1909-10-02,2026-07-31,https://uhslc.soest.hawaii.edu/stations/?stn=542
543,Victoria,48.425,-123.37,Canada,University of Hawaii Sea Level Center,CA,vibc,0,America/Vancouver,1909-02-18,2018-12-31,,,https://uhslc.soest.hawaii.edu/stations/?stn=543
545,Vandenberg,34.55522,-120.60982000000001,United States of America,University of Hawaii Sea Level Center,US,vsfb,0,America/Los_Angeles,2023-08-30,2024-12-31,2023-08-31,2026-07-31,https://uhslc.soest.hawaii.edu/stations/?stn=545
547,Barbers Point,21.32188,-158.11941000000002,United States of America,University of Hawaii Sea Level Center,US,barp,0,Pacific/Honolulu,2018-01-01,2024-12-31,2009-06-06,2026-07-31,https://uhslc.soest.hawaii.edu/stations/?stn=547
548,Kaumalapau,20.78,-156.89999999999998,United States of America,University of Hawaii Sea Level Center,US,kaum,0,Pacific/Honolulu,2007-07-14,2015-03-23,2007-07-14,2015-03-23,https://uhslc.soest.hawaii.edu/stations/?stn=548
550,Massacre Bay,52.8333,173.2,United States of America,University of Hawaii Sea Level Center,US,mass,0,America/Adak,1943-01-01,1966-12-31,,,https://uhslc.soest.hawaii.edu/stations/?stn=550
551,San Francisco,37.8067,-122.46500000000003,United States of America,University of Hawaii Sea Level Center,US,fpnt,158,America/Los_Angeles,1897-08-01,2021-12-31,1897-08-02,2026-07-31,https://uhslc.soest.hawaii.edu/stations/?stn=551
552,Kawaihae,20.0333,-155.8333,United States of America,University of Hawaii Sea Level Center,US,kawa,0,Pacific/Honolulu,1989-03-01,2022-12-31,1989-03-01,2026-08-31,https://uhslc.soest.hawaii.edu/stations/?stn=552
553,Port Allen,21.90203,-159.5897,United States of America,University of Hawaii Sea Level Center,US,pall,0,Pacific/Honolulu,1989-03-01,2024-12-31,2024-07-11,2026-07-31,https://uhslc.soest.hawaii.edu/stations/?stn=553
554,La Jolla,32.8667,-117.25670000000002,United States of America,University of Hawaii Sea Level Center,US,lajo,159,America/Los_Angeles,1924-08-01,2024-12-31,1924-08-02,2026-07-31,https://uhslc.soest.hawaii.edu/stations/?stn=554
555,Monterey,36.605,-121.88830000000002,United States of America,University of Hawaii Sea Level Center,US,mont,0,America/Los_Angeles,1973-11-08,2021-12-31,,,https://uhslc.soest.hawaii.edu/stations/?stn=555
556,Crescent City,41.745,-124.18330000000003,United States of America,University of Hawaii Sea Level Center,US,cres,0,America/Los_Angeles,1933-04-11,2021-12-31,1933-04-12,2026-07-31,https://uhslc.soest.hawaii.edu/stations/?stn=556
557,Port Orford,42.74,-124.49670000000003,United States of America,University of Hawaii Sea Level Center,US,porf,0,America/Los_Angeles,1978-08-01,2022-12-31,,,https://uhslc.soest.hawaii.edu/stations/?stn=557
558,Neah Bay,48.3683,-124.61669999999998,United States of America,University of Hawaii Sea Level Center,US,neah,0,America/Los_Angeles,1934-08-01,2021-12-31,1934-08-02,2026-07-31,https://uhslc.soest.hawaii.edu/stations/?stn=558
559,Sitka,57.0517,-135.3417,United States of America,University of Hawaii Sea Level Center,US,sitk,154,America/Anchorage,1938-05-20,2021-12-31,1938-05-20,2026-07-31,https://uhslc.soest.hawaii.edu/stations/?stn=559
560,Seward,60.12,-149.42669999999998,United States of America,University of Hawaii Sea Level Center,US,sewa,150,America/Anchorage,1925-05-21,2021-12-31,1967-01-02,2026-07-31,https://uhslc.soest.hawaii.edu/stations/?stn=560
561,Seldovia,59.44,-151.72000000000003,United States of America,University of Hawaii Sea Level Center,US,seld,0,America/Anchorage,1975-07-12,2021-12-31,,,https://uhslc.soest.hawaii.edu/stations/?stn=561
562,Valdez,61.125,-146.36170000000004,United States of America,University of Hawaii Sea Level Center,US,vald,0,America/Anchorage,1973-04-16,2021-12-31,,,https://uhslc.soest.hawaii.edu/stations/?stn=562
564,"Toke Point, Willapa Bay",46.7083,-123.96500000000003,United States of America,University of Hawaii Sea Level Center,US,wilb,0,America/Los_Angeles,1972-11-06,2021-12-31,,,https://uhslc.soest.hawaii.edu/stations/?stn=564
565,Port San Luis,35.1767,-120.75999999999999,United States of America,University of Hawaii Sea Level Center,US,pslu,0,America/Los_Angeles,1948-01-01,2021-12-31,,,https://uhslc.soest.hawaii.edu/stations/?stn=565
567,Los Angeles,33.72,-118.27170000000001,United States of America,University of Hawaii Sea Level Center,US,losa,0,America/Los_Angeles,1923-11-29,2021-12-31,,,https://uhslc.soest.hawaii.edu/stations/?stn=567
569,San Diego,32.7133,-117.17329999999998,United States of America,University of Hawaii Sea Level Center,US,sand,0,America/Los_Angeles,1906-01-21,2021-12-31,1906-01-22,2026-07-31,https://uhslc.soest.hawaii.edu/stations/?stn=569
570,Yakutat,59.5483,-139.735,United States of America,University of Hawaii Sea Level Center,US,yaku,0,America/Anchorage,1961-01-01,2021-12-31,1961-01-02,2026-07-31,https://uhslc.soest.hawaii.edu/stations/?stn=570
571,Ketchikan,55.3333,-131.625,United States of America,University of Hawaii Sea Level Center,US,ketc,0,America/Anchorage,1918-10-12,2021-12-31,1918-10-12,2026-07-31,https://uhslc.soest.hawaii.edu/stations/?stn=571
572,Astoria,46.2083,-123.76670000000001,United States of America,University of Hawaii Sea Level Center,US,asto,0,America/Los_Angeles,1925-01-25,2024-12-31,,,https://uhslc.soest.hawaii.edu/stations/?stn=572
573,Arena Cove,38.9133,-123.70830000000001,United States of America,University of Hawaii Sea Level Center,US,aren,0,America/Los_Angeles,1979-08-01,2022-12-31,,,https://uhslc.soest.hawaii.edu/stations/?stn=573
574,Sand Point,55.3367,-160.50170000000003,United States of America,University of Hawaii Sea Level Center,US,sanp,100,America/Anchorage,1972-09-10,2022-12-31,1972-09-11,2026-07-31,https://uhslc.soest.hawaii.edu/stations/?stn=574
575,Charleston,43.345,-124.32170000000002,United States of America,University of Hawaii Sea Level Center,US,char,0,America/Los_Angeles,1970-03-06,2021-12-31,,,https://uhslc.soest.hawaii.edu/stations/?stn=575
576,Humboldt Bay,40.7667,-124.2167,United States of America,University of Hawaii Sea Level Center,US,nspi,0,America/Los_Angeles,1977-08-16,2021-12-31,,,https://uhslc.soest.hawaii.edu/stations/?stn=576
577,Santa Barbara,34.4083,-119.685,United States of America,University of Hawaii Sea Level Center,US,sanb,0,America/Los_Angeles,1979-08-01,2021-12-31,,,https://uhslc.soest.hawaii.edu/stations/?stn=577
578,Santa Monica,34.0083,-118.5,United States of America,University of Hawaii Sea Level Center,US,sanm,0,America/Los_Angeles,1973-11-22,2021-12-31,,,https://uhslc.soest.hawaii.edu/stations/?stn=578
579,Prudhoe Bay,70.4,-148.5267,United States of America,University of Hawaii Sea Level Center,US,prud,151,America/Anchorage,1989-05-01,2022-12-31,1989-05-01,2026-07-31,https://uhslc.soest.hawaii.edu/stations/?stn=579
583,Cordova,60.5583,-145.75329999999997,United States of America,University of Hawaii Sea Level Center,US,cord,0,America/Anchorage,1949-05-14,2022-12-31,,,https://uhslc.soest.hawaii.edu/stations/?stn=583
584,Port Angeles,48.125,-123.44,United States of America,University of Hawaii Sea Level Center,US,pang,0,America/Los_Angeles,1975-09-05,2022-12-31,,,https://uhslc.soest.hawaii.edu/stations/?stn=584
590,Matavai,-17.5167,-149.51670000000001,French Polynesia,University of Hawaii Sea Level Center,PF,matav,0,Pacific/Tahiti,1958-01-01,1967-11-27,,,https://uhslc.soest.hawaii.edu/stations/?stn=590
592,South Beach,44.625,-124.04329999999999,United States of America,University of Hawaii Sea Level Center,US,soub,157,America/Los_Angeles,1967-02-01,2021-12-31,1967-02-02,2026-07-31,https://uhslc.soest.hawaii.edu/stations/?stn=592
594,Oil Platform Harvest,34.4683,-120.67329999999998,United States of America,University of Hawaii Sea Level Center,US,harv,0,America/Los_Angeles,1992-05-14,2020-11-30,,,https://uhslc.soest.hawaii.edu/stations/?stn=594
595,Nome,64.5,-165.43,United States of America,University of Hawaii Sea Level Center,US,nome,74,America/Anchorage,1992-10-01,2021-12-31,1992-10-01,2026-07-31,https://uhslc.soest.hawaii.edu/stations/?stn=595
598,Alofi,-19.05,-169.9167,Niue,University of Hawaii Sea Level Center,NU,alof,0,Pacific/Niue,2015-08-05,2020-01-17,2015-08-06,2026-07-31,https://uhslc.soest.hawaii.edu/stations/?stn=598
599,Diego Ramirez,-56.5083,-68.71500000000003,Chile,University of Hawaii Sea Level Center,CL,dram,0,America/Punta_Arenas,1991-02-25,1997-09-30,,,https://uhslc.soest.hawaii.edu/stations/?stn=599
600,Ushuaia,-54.80508,-68.28910000000002,Argentina,University of Hawaii Sea Level Center,AR,ushu,181,America/Argentina/Ushuaia,1996-01-01,2024-12-31,1996-01-01,2026-07-30,https://uhslc.soest.hawaii.edu/stations/?stn=600
601,Esperanza,-63.395,-56.995000000000005,Antarctica,University of Hawaii Sea Level Center,AQ,espr,185,America/Argentina/Ushuaia,1996-01-17,1998-08-31,1996-01-17,2005-09-11,https://uhslc.soest.hawaii.edu/stations/?stn=601
626,Providenya,64.4,-173.2,Russian Federation,University of Hawaii Sea Level Center,RU,prov,309,Asia/Anadyr,1977-01-01,1989-12-31,,,https://uhslc.soest.hawaii.edu/stations/?stn=626
630,Dalian,38.925,121.6583,China,University of Hawaii Sea Level Center,CN,dali,79,Asia/Shanghai,1975-01-01,1990-12-31,,,https://uhslc.soest.hawaii.edu/stations/?stn=630
631,Laohutan,38.8667,121.68330000000003,China,University of Hawaii Sea Level Center,CN,laoh,79,Asia/Shanghai,1991-01-01,1997-12-31,,,https://uhslc.soest.hawaii.edu/stations/?stn=631
632,Kanmen,28.0883,121.2817,China,University of Hawaii Sea Level Center,CN,kanm,94,Asia/Shanghai,1975-01-01,1997-12-31,,,https://uhslc.soest.hawaii.edu/stations/?stn=632
633,Lusi,32.1333,121.61669999999998,China,University of Hawaii Sea Level Center,CN,lusi,283,Asia/Shanghai,1975-01-01,1996-10-31,,,https://uhslc.soest.hawaii.edu/stations/?stn=633
635,Zhapo,21.5833,111.83330000000001,China,University of Hawaii Sea Level Center,CN,zhap,78,Asia/Shanghai,1975-01-01,1997-12-31,,,https://uhslc.soest.hawaii.edu/stations/?stn=635
636,Beihai,21.4833,109.08330000000001,China,University of Hawaii Sea Level Center,CN,beih,0,Asia/Shanghai,1975-01-01,1997-12-31,,,https://uhslc.soest.hawaii.edu/stations/?stn=636
637,Dongfang,19.1,108.61669999999998,China,University of Hawaii Sea Level Center,CN,dong,0,Asia/Shanghai,1975-01-01,1997-12-31,,,https://uhslc.soest.hawaii.edu/stations/?stn=637
638,Haikou,20.0167,110.2833,China,University of Hawaii Sea Level Center,CN,haik,0,Asia/Shanghai,1976-01-01,1997-12-31,,,https://uhslc.soest.hawaii.edu/stations/?stn=638
639,Lianyungang,34.75,119.41669999999999,China,University of Hawaii Sea Level Center,CN,lian,0,Asia/Shanghai,1975-01-01,1997-12-31,,,https://uhslc.soest.hawaii.edu/stations/?stn=639
641,Shanwei,22.75,115.35000000000002,China,University of Hawaii Sea Level Center,CN,shan,0,Asia/Shanghai,1975-01-01,1997-12-31,,,https://uhslc.soest.hawaii.edu/stations/?stn=641
642,Shijiusuo,35.3833,119.55000000000001,China,University of Hawaii Sea Level Center,CN,shij,0,Asia/Shanghai,1975-01-01,1997-12-31,,,https://uhslc.soest.hawaii.edu/stations/?stn=642
650,Hon Dau,20.6667,106.81669999999997,Viet Nam,University of Hawaii Sea Level Center,VN,hond,0,Asia/Bangkok,1959-12-31,1995-12-31,,,https://uhslc.soest.hawaii.edu/stations/?stn=650
651,Vung Ang,18.0833,106.2833,Viet Nam,University of Hawaii Sea Level Center,VN,vuna,0,Asia/Bangkok,1996-09-03,1997-08-31,,,https://uhslc.soest.hawaii.edu/stations/?stn=651
654,Currimao,17.9883,120.48829999999998,Philippines,University of Hawaii Sea Level Center,PH,curr,0,Asia/Manila,2009-10-09,2018-12-31,2009-10-10,2026-07-30,https://uhslc.soest.hawaii.edu/stations/?stn=654
655,Lubang,13.8183,120.20170000000002,Philippines,University of Hawaii Sea Level Center,PH,lubn,0,Asia/Manila,2010-06-11,2018-12-31,2010-06-12,2026-07-31,https://uhslc.soest.hawaii.edu/stations/?stn=655
663,Scott Base,-77.85,166.76670000000001,Antarctica,University of Hawaii Sea Level Center,AQ,scot,134,Antarctica/McMurdo,2001-01-15,2017-06-13,,,https://uhslc.soest.hawaii.edu/stations/?stn=663
665,Timaru,-44.3833,171.25,New Zealand,University of Hawaii Sea Level Center,NZ,tima,0,Pacific/Auckland,1987-03-01,2024-12-31,,,https://uhslc.soest.hawaii.edu/stations/?stn=665
667,Lyttelton,-43.6,172.7167,New Zealand,University of Hawaii Sea Level Center,NZ,sumt,0,Pacific/Auckland,1994-05-24,2024-12-31,,,https://uhslc.soest.hawaii.edu/stations/?stn=667
668,Napier,-39.4833,176.9167,New Zealand,University of Hawaii Sea Level Center,NZ,napt,0,Pacific/Auckland,1989-01-01,2024-12-31,,,https://uhslc.soest.hawaii.edu/stations/?stn=668
669,Port Chalmers,-45.8167,170.64999999999998,New Zealand,University of Hawaii Sea Level Center,NZ,otat,0,Pacific/Auckland,1985-06-11,2024-12-31,,,https://uhslc.soest.hawaii.edu/stations/?stn=669
670,Champerico,14.3,-91.91669999999999,Guatemala,University of Hawaii Sea Level Center,GT,cham,0,America/Guatemala,1971-01-01,1975-06-14,,,https://uhslc.soest.hawaii.edu/stations/?stn=670
671,La Paz,24.1617,-110.34500000000003,Mexico,University of Hawaii Sea Level Center,MX,lpaz,0,America/Mazatlan,1952-01-02,1983-12-01,,,https://uhslc.soest.hawaii.edu/stations/?stn=671
672,Puerto Angel,15.6567,-96.49329999999998,Mexico,University of Hawaii Sea Level Center,MX,ptan,164,America/Mexico_City,1962-01-02,1984-11-01,,,https://uhslc.soest.hawaii.edu/stations/?stn=672
673,Mazatlan,23.1983,-106.42169999999999,Mexico,University of Hawaii Sea Level Center,MX,maza,0,America/Mazatlan,1953-01-02,1975-06-28,,,https://uhslc.soest.hawaii.edu/stations/?stn=673
674,San Carlos,24.79,-112.12,Mexico,University of Hawaii Sea Level Center,MX,sanc,0,America/Mazatlan,1968-10-01,1983-05-01,,,https://uhslc.soest.hawaii.edu/stations/?stn=674
675,San Jose,13.9167,-90.83330000000001,Guatemala,University of Hawaii Sea Level Center,GT,sanjs,0,America/Guatemala,1955-01-01,1975-09-25,,,https://uhslc.soest.hawaii.edu/stations/?stn=675
676,Topolobampo,25.6,-109.04829999999998,Mexico,University of Hawaii Sea Level Center,MX,topo,0,America/Mazatlan,1956-02-25,1974-12-31,,,https://uhslc.soest.hawaii.edu/stations/?stn=676
677,Yavaros,26.7033,-109.51330000000002,Mexico,University of Hawaii Sea Level Center,MX,yava,0,America/Hermosillo,1970-01-01,1973-12-31,,,https://uhslc.soest.hawaii.edu/stations/?stn=677
678,Paita,-5.0833,-81.16669999999999,Peru,University of Hawaii Sea Level Center,PE,pait,0,America/Lima,1981-01-01,2023-04-01,,,https://uhslc.soest.hawaii.edu/stations/?stn=678
679,Corinto,12.4783,-87.16829999999999,Nicaragua,University of Hawaii Sea Level Center,NI,cori,0,America/Managua,1967-01-01,2001-09-30,,,https://uhslc.soest.hawaii.edu/stations/?stn=679
680,Macquarie Island,-54.4833,158.9667,Australia,University of Hawaii Sea Level Center,AU,macq,130,Antarctica/Macquarie,1912-07-31,2007-01-31,1993-12-28,2008-07-09,https://uhslc.soest.hawaii.edu/stations/?stn=680
681,San Martin,-68.1333,-67.10000000000002,Antarctica,University of Hawaii Sea Level Center,AQ,sanma,0,America/Argentina/Ushuaia,1995-01-21,1999-02-09,,,https://uhslc.soest.hawaii.edu/stations/?stn=681
682,Dallmann,-62.2333,-58.68330000000003,Antarctica,University of Hawaii Sea Level Center,AQ,dall,0,America/Argentina/Ushuaia,1996-01-29,1999-04-16,,,https://uhslc.soest.hawaii.edu/stations/?stn=682
683,Pisco,-13.4167,-76.13330000000002,Peru,University of Hawaii Sea Level Center,PE,pisc,0,America/Lima,1985-01-15,2023-04-01,,,https://uhslc.soest.hawaii.edu/stations/?stn=683
684,Puerto Montt,-41.485,-72.96170000000001,Chile,University of Hawaii Sea Level Center,CL,pmon,178,America/Santiago,1980-04-02,2018-12-31,1980-04-02,2024-04-03,https://uhslc.soest.hawaii.edu/stations/?stn=684
687,Zihuatanejo,17.6367,-101.55830000000003,Mexico,University of Hawaii Sea Level Center,MX,zihu,0,America/Mexico_City,2011-03-03,2013-07-10,,,https://uhslc.soest.hawaii.edu/stations/?stn=687
698,Tinian,14.964166,145.623469,Northern Mariana Islands,University of Hawaii Sea Level Center,MP,tini,0,Pacific/Saipan,1991-01-01,1997-08-01,,,https://uhslc.soest.hawaii.edu/stations/?stn=698
699,Tanjong Pagar,1.2617,103.85329999999999,Singapore,University of Hawaii Sea Level Center,SG,tanjo,44,Asia/Singapore,1984-01-01,2023-12-31,1984-01-01,2023-12-31,https://uhslc.soest.hawaii.edu/stations/?stn=699
700,Faraday,-65.25,-64.26670000000001,Antarctica,University of Hawaii Sea Level Center,AQ,vern,188,Etc/Greenwich,1959-10-15,2018-12-31,1959-10-15,2026-07-31,https://uhslc.soest.hawaii.edu/stations/?stn=700
701,Port Nolloth,-29.25,16.86670000000001,South Africa,University of Hawaii Sea Level Center,ZA,ptno,0,Africa/Johannesburg,1958-01-03,2016-06-03,1958-01-03,2016-06-03,https://uhslc.soest.hawaii.edu/stations/?stn=701
702,Luderitz,-26.65,15.150000000000006,Namibia,University of Hawaii Sea Level Center,NA,lude,0,Africa/Windhoek,1958-08-10,2015-10-28,1958-08-10,2015-10-28,https://uhslc.soest.hawaii.edu/stations/?stn=702
703,Saldahna Bay,-33.0167,17.94999999999999,South Africa,University of Hawaii Sea Level Center,ZA,sald,0,Africa/Johannesburg,1973-09-17,2016-08-21,1973-09-17,2018-10-31,https://uhslc.soest.hawaii.edu/stations/?stn=703
704,"Granger Bay, Cape Town",-33.9,18.433300000000003,South Africa,University of Hawaii Sea Level Center,ZA,cape,0,Africa/Johannesburg,1967-06-15,2014-12-31,1967-06-15,2018-10-31,https://uhslc.soest.hawaii.edu/stations/?stn=704
705,Little Cornwallis Island,75.3833,-96.94999999999999,Canada,University of Hawaii Sea Level Center,CA,litt,0,America/Rankin_Inlet,1986-11-06,1994-09-28,,,https://uhslc.soest.hawaii.edu/stations/?stn=705
707,Canavieiras,-15.6667,-38.9667,Brazil,University of Hawaii Sea Level Center,BR,canav,0,America/Bahia,1956-02-01,1961-12-31,,,https://uhslc.soest.hawaii.edu/stations/?stn=707
708,Salvador,-12.97389,-38.51722000000001,Brazil,University of Hawaii Sea Level Center,BR,salv,334,America/Bahia,1955-01-01,2018-12-31,2004-10-03,2026-07-31,https://uhslc.soest.hawaii.edu/stations/?stn=708
709,Rio de Janeiro,-22.9333,-43.13330000000002,Brazil,University of Hawaii Sea Level Center,BR,rioj,195,America/Sao_Paulo,1955-01-01,1968-12-31,,,https://uhslc.soest.hawaii.edu/stations/?stn=709
710,Suape,-8.35,-34.94999999999999,Brazil,University of Hawaii Sea Level Center,BR,suap,0,America/Recife,1982-01-01,1984-02-01,,,https://uhslc.soest.hawaii.edu/stations/?stn=710
711,Luis Correia,-2.8667,-41.67169999999999,Brazil,University of Hawaii Sea Level Center,BR,luis,0,America/Fortaleza,1984-02-03,1985-02-15,,,https://uhslc.soest.hawaii.edu/stations/?stn=711
712,Recife,-8.05,-34.86669999999998,Brazil,University of Hawaii Sea Level Center,BR,reci,0,America/Recife,1955-01-01,1968-04-30,,,https://uhslc.soest.hawaii.edu/stations/?stn=712
714,Porto do Rio Grande,-32.1,-52.10329999999999,Brazil,University of Hawaii Sea Level Center,BR,ptor,193,America/Sao_Paulo,1981-06-27,2003-12-31,,,https://uhslc.soest.hawaii.edu/stations/?stn=714
715,Madeira,-2.565,-44.378300000000024,Brazil,University of Hawaii Sea Level Center,BR,poam,200,America/Fortaleza,1988-01-01,2009-02-01,,,https://uhslc.soest.hawaii.edu/stations/?stn=715
716,Santana,-0.0667,-51.16669999999999,Brazil,University of Hawaii Sea Level Center,BR,ptos,0,America/Belem,1970-05-05,2007-12-31,,,https://uhslc.soest.hawaii.edu/stations/?stn=716
717,Santana SSN,-0.0617,-51.15999999999997,Brazil,University of Hawaii Sea Level Center,BR,ptos2,0,America/Belem,1994-05-24,2000-02-01,,,https://uhslc.soest.hawaii.edu/stations/?stn=717
718,Imbituba,-28.23,-48.64999999999998,Brazil,University of Hawaii Sea Level Center,BR,imbi,351,America/Sao_Paulo,2001-08-22,2010-12-31,,,https://uhslc.soest.hawaii.edu/stations/?stn=718
719,Macae,-22.385,-41.76999999999998,Brazil,University of Hawaii Sea Level Center,BR,macae,352,America/Sao_Paulo,2001-07-13,2008-12-31,,,https://uhslc.soest.hawaii.edu/stations/?stn=719
720,South Caicos,21.4833,-71.5333,Turks and Caicos Islands,University of Hawaii Sea Level Center,TC,soca,0,America/Grand_Turk,1992-01-01,1992-12-08,,,https://uhslc.soest.hawaii.edu/stations/?stn=720
721,Progreso,21.3033,-89.66669999999999,Mexico,University of Hawaii Sea Level Center,MX,prog,213,America/Merida,1980-01-01,2013-06-05,,,https://uhslc.soest.hawaii.edu/stations/?stn=721
722,Tristan da Cunha,-37.05,-12.299999999999955,"Saint Helena, Ascension and Tristan da Cunha",University of Hawaii Sea Level Center,SH,tdcu,266,Atlantic/St_Helena,2011-02-01,2013-06-19,,,https://uhslc.soest.hawaii.edu/stations/?stn=722
723,"Lagos, Algarve",37.0983,-8.668300000000045,Portugal,University of Hawaii Sea Level Center,PT,lgos,0,Europe/Lisbon,1986-01-01,2000-04-04,,,https://uhslc.soest.hawaii.edu/stations/?stn=723
724,Puerto Cabezas,14.0417,-83.38170000000002,Nicaragua,University of Hawaii Sea Level Center,NI,cabez,0,America/Managua,2001-11-01,2002-01-31,,,https://uhslc.soest.hawaii.edu/stations/?stn=724
727,Nassau,25.0833,-77.35000000000002,Bahamas,University of Hawaii Sea Level Center,BS,nass,0,America/Nassau,1904-07-01,1905-06-30,,,https://uhslc.soest.hawaii.edu/stations/?stn=727
728,Point Fortin,10.1,-61.41669999999999,Trinidad and Tobago,University of Hawaii Sea Level Center,TT,pnfo,0,America/Port_of_Spain,1987-01-01,1996-12-31,,,https://uhslc.soest.hawaii.edu/stations/?stn=728
729,Mar del Plata,-38.00061,-57.538419999999974,Argentina,University of Hawaii Sea Level Center,AR,plat,192,America/Buenos_Aires,2004-11-15,2024-12-31,2010-03-24,2026-07-31,https://uhslc.soest.hawaii.edu/stations/?stn=729
730,Base Prat,-62.4783,-59.66500000000002,Antarctica,University of Hawaii Sea Level Center,AQ,prat,189,America/Santiago,1984-03-08,2018-12-31,2010-03-10,2026-07-31,https://uhslc.soest.hawaii.edu/stations/?stn=730
731,Puerto Madryn,-42.76268,-65.03084000000001,Argentina,University of Hawaii Sea Level Center,AR,pmad,191,America/Catamarca,2010-03-14,2024-12-31,2010-03-15,2026-07-31,https://uhslc.soest.hawaii.edu/stations/?stn=731
732,Isabel Segunda,18.1517,-65.44330000000002,Puerto Rico,University of Hawaii Sea Level Center,PR,isab,0,America/Puerto_Rico,2009-03-06,2017-10-20,,,https://uhslc.soest.hawaii.edu/stations/?stn=732
733,Esperanza,18.0933,-65.47000000000003,Puerto Rico,University of Hawaii Sea Level Center,PR,esper,0,America/Puerto_Rico,2005-08-15,2022-12-31,,,https://uhslc.soest.hawaii.edu/stations/?stn=733
734,Yabucoa Harbor,18.055,-65.83170000000001,Puerto Rico,University of Hawaii Sea Level Center,PR,yabu,0,America/Puerto_Rico,2008-08-28,2017-12-31,,,https://uhslc.soest.hawaii.edu/stations/?stn=734
735,Arecibo,18.48,-66.70170000000002,Puerto Rico,University of Hawaii Sea Level Center,PR,arac,0,America/Puerto_Rico,2008-08-28,2017-12-31,,,https://uhslc.soest.hawaii.edu/stations/?stn=735
736,Mayaguez,18.22,-67.15999999999997,Puerto Rico,University of Hawaii Sea Level Center,PR,maya,0,America/Puerto_Rico,2008-03-11,2021-12-31,,,https://uhslc.soest.hawaii.edu/stations/?stn=736
737,San Andres,12.5695,-81.70145000000002,Colombia,University of Hawaii Sea Level Center,CO,sana,0,America/Bogota,1997-01-01,2024-12-31,1997-01-02,2026-07-31,https://uhslc.soest.hawaii.edu/stations/?stn=737
738,Santa Marta,11.2351,-74.22154999999998,Colombia,University of Hawaii Sea Level Center,CO,sama,0,America/Bogota,2012-10-01,2024-12-31,2012-10-01,2026-02-03,https://uhslc.soest.hawaii.edu/stations/?stn=738
739,El Porvenir,9.55825,-78.94918000000001,Panama,University of Hawaii Sea Level Center,PA,pven,0,America/Panama,2012-08-22,2024-12-31,2012-08-23,2026-07-31,https://uhslc.soest.hawaii.edu/stations/?stn=739
740,Eastport,44.9033,-66.98500000000001,United States of America,University of Hawaii Sea Level Center,US,epme,0,America/New_York,1929-09-12,2021-12-31,,,https://uhslc.soest.hawaii.edu/stations/?stn=740
741,Boston,42.355,-71.05169999999998,United States of America,University of Hawaii Sea Level Center,US,boma,0,America/New_York,1921-05-03,2021-12-31,,,https://uhslc.soest.hawaii.edu/stations/?stn=741
742,Woods Hole,41.5233,-70.67169999999999,United States of America,University of Hawaii Sea Level Center,US,wood,0,America/New_York,1957-01-01,2021-12-31,,,https://uhslc.soest.hawaii.edu/stations/?stn=742
743,Nantucket,41.285,-70.0967,United States of America,University of Hawaii Sea Level Center,US,tuma,0,America/New_York,1965-02-01,2021-12-31,,,https://uhslc.soest.hawaii.edu/stations/?stn=743
744,New London,41.355,-72.08670000000001,United States of America,University of Hawaii Sea Level Center,US,nlct,0,America/New_York,1938-06-12,2021-12-31,,,https://uhslc.soest.hawaii.edu/stations/?stn=744
745,New York (The Battery),40.7,-74.01499999999999,United States of America,University of Hawaii Sea Level Center,US,btny,0,America/New_York,1920-06-01,2021-12-31,,,https://uhslc.soest.hawaii.edu/stations/?stn=745
746,Cape May,38.9683,-74.95999999999998,United States of America,University of Hawaii Sea Level Center,US,cmnj,0,America/New_York,1965-11-21,2021-12-31,,,https://uhslc.soest.hawaii.edu/stations/?stn=746
747,Lewes,38.7817,-75.12,United States of America,University of Hawaii Sea Level Center,US,lede,0,America/New_York,1919-02-01,2021-12-31,,,https://uhslc.soest.hawaii.edu/stations/?stn=747
749,Chesapeake Bay Bridge Tunnel,36.9667,-76.11329999999998,United States of America,University of Hawaii Sea Level Center,US,cbva,0,America/New_York,1975-01-29,2016-12-31,,,https://uhslc.soest.hawaii.edu/stations/?stn=749
750,Wilmington,34.2267,-77.95330000000001,United States of America,University of Hawaii Sea Level Center,US,winc,0,America/New_York,1935-12-28,2021-12-31,,,https://uhslc.soest.hawaii.edu/stations/?stn=750
752,Fort Pulaski,32.0333,-80.9017,United States of America,University of Hawaii Sea Level Center,US,forp,289,America/New_York,1935-07-01,2021-12-31,1935-07-01,2026-08-31,https://uhslc.soest.hawaii.edu/stations/?stn=752
753,Mayport (Ferry Depot),30.395,-81.43169999999998,United States of America,University of Hawaii Sea Level Center,US,mpfl,0,America/New_York,1928-04-26,2000-11-30,,,https://uhslc.soest.hawaii.edu/stations/?stn=753
754,Cocoa Beach,28.3683,-80.60000000000002,United States of America,University of Hawaii Sea Level Center,US,cocoa,0,America/New_York,1994-10-17,1996-12-31,,,https://uhslc.soest.hawaii.edu/stations/?stn=754
755,Virginia Key,25.7317,-80.1617,United States of America,University of Hawaii Sea Level Center,US,virk,332,America/New_York,1994-01-28,2021-12-31,1994-01-28,2026-08-31,https://uhslc.soest.hawaii.edu/stations/?stn=755
757,Naples,26.13,-81.80669999999998,United States of America,University of Hawaii Sea Level Center,US,nafl,0,America/New_York,1965-03-04,2021-12-31,,,https://uhslc.soest.hawaii.edu/stations/?stn=757
759,St. Petersburg,27.76,-82.62670000000003,United States of America,University of Hawaii Sea Level Center,US,spfl,0,America/New_York,1946-12-18,2021-12-31,,,https://uhslc.soest.hawaii.edu/stations/?stn=759
760,Apalachicola,29.7267,-84.98169999999999,United States of America,University of Hawaii Sea Level Center,US,apfl,0,America/New_York,1976-04-01,2021-12-31,,,https://uhslc.soest.hawaii.edu/stations/?stn=760
761,Panama City Beach,30.2133,-85.88,United States of America,University of Hawaii Sea Level Center,US,pbfl,0,America/Chicago,1993-01-01,2022-12-31,,,https://uhslc.soest.hawaii.edu/stations/?stn=761
762,Pensacola,30.4033,-87.2133,United States of America,University of Hawaii Sea Level Center,US,pens,288,America/New_York,1923-05-01,2021-12-31,1923-05-01,2026-08-31,https://uhslc.soest.hawaii.edu/stations/?stn=762
763,Dauphin Island,30.25,-88.07499999999999,United States of America,University of Hawaii Sea Level Center,US,dial,0,America/Chicago,1981-03-31,2021-12-31,,,https://uhslc.soest.hawaii.edu/stations/?stn=763
764,South Pass,28.99,-89.13999999999999,United States of America,University of Hawaii Sea Level Center,US,sopa,0,America/Chicago,1993-03-29,1999-01-31,,,https://uhslc.soest.hawaii.edu/stations/?stn=764
765,Grand Isle,29.2633,-89.95670000000001,United States of America,University of Hawaii Sea Level Center,US,gila,0,America/Chicago,1980-01-01,2021-12-31,,,https://uhslc.soest.hawaii.edu/stations/?stn=765
766,Sabine Pass North,29.73,-93.87,United States of America,University of Hawaii Sea Level Center,US,sptx,0,America/Chicago,1985-01-28,2020-09-30,,,https://uhslc.soest.hawaii.edu/stations/?stn=766
767,"Galveston, Pleasure Pier",29.2867,-94.79000000000002,United States of America,University of Hawaii Sea Level Center,US,gapp,0,America/Chicago,1957-08-21,2011-07-20,1957-08-21,2011-07-20,https://uhslc.soest.hawaii.edu/stations/?stn=767
769,Rockport,28.0217,-97.04669999999999,United States of America,University of Hawaii Sea Level Center,US,rptx,0,America/Chicago,1937-03-01,2021-12-31,,,https://uhslc.soest.hawaii.edu/stations/?stn=769
770,Corpus Cristi,27.58,-97.2167,United States of America,University of Hawaii Sea Level Center,US,cctx,0,America/Chicago,1983-12-01,2021-12-31,,,https://uhslc.soest.hawaii.edu/stations/?stn=770
772,Port Isabel,26.06,-97.21500000000003,United States of America,University of Hawaii Sea Level Center,US,pitx,0,America/Chicago,1944-04-01,2021-12-31,,,https://uhslc.soest.hawaii.edu/stations/?stn=772
773,Clearwater Beach,27.9767,-82.83170000000001,United States of America,University of Hawaii Sea Level Center,US,cwfl,0,America/New_York,1996-01-01,2021-12-31,,,https://uhslc.soest.hawaii.edu/stations/?stn=773
774,"Trident Pier, Port Canaveral",28.415,-80.5933,United States of America,University of Hawaii Sea Level Center,US,tpfl,0,America/New_York,1994-10-21,2021-12-31,,,https://uhslc.soest.hawaii.edu/stations/?stn=774
775,"Galveston, Pier 21",29.31,-94.79329999999999,United States of America,University of Hawaii Sea Level Center,US,galv,217,US/Central,1904-01-01,2021-12-31,1904-01-01,2026-08-31,https://uhslc.soest.hawaii.edu/stations/?stn=775
776,Punta Cana,18.50485,-68.37576999999999,Dominican Republic,University of Hawaii Sea Level Center,DO,punt,0,America/Santo_Domingo,2010-06-18,2024-12-31,2010-06-19,2026-07-31,https://uhslc.soest.hawaii.edu/stations/?stn=776
777,Puerto Plata,19.79875,-70.70204999999999,Dominican Republic,University of Hawaii Sea Level Center,DO,pplt,0,America/Santo_Domingo,2010-06-22,2017-09-04,2010-06-22,2026-07-31,https://uhslc.soest.hawaii.edu/stations/?stn=777
778,Willemstad,12.1033,-68.94169999999997,Curaçao,University of Hawaii Sea Level Center,CW,willm,0,America/Curacao,2011-01-12,2012-04-03,,,https://uhslc.soest.hawaii.edu/stations/?stn=778
779,Ciudad del Carmen,18.5333,-91.83330000000001,Mexico,University of Hawaii Sea Level Center,MX,ccar,0,America/Merida,1957-01-01,1991-12-31,,,https://uhslc.soest.hawaii.edu/stations/?stn=779
780,Puerto Cortes,15.835,-87.87,Honduras,University of Hawaii Sea Level Center,HN,ptco,0,America/Tegucigalpa,1948-02-05,2002-01-31,,,https://uhslc.soest.hawaii.edu/stations/?stn=780
781,Belize,17.5,-88.18330000000003,Belize,University of Hawaii Sea Level Center,BZ,beli,0,America/Belize,1964-01-01,1967-10-02,,,https://uhslc.soest.hawaii.edu/stations/?stn=781
782,Port Royal,17.9333,-76.85000000000002,Jamaica,University of Hawaii Sea Level Center,JM,ptro,210,America/Jamaica,1965-01-01,1971-12-31,,,https://uhslc.soest.hawaii.edu/stations/?stn=782
783,Fajardo,18.335,-65.63,Puerto Rico,University of Hawaii Sea Level Center,PR,faja,0,America/Puerto_Rico,1921-08-16,2017-09-20,,,https://uhslc.soest.hawaii.edu/stations/?stn=783
784,Puerto Castilla,16.0167,-86.0333,Honduras,University of Hawaii Sea Level Center,HN,pcas,0,America/Tegucigalpa,1955-06-03,1967-12-01,,,https://uhslc.soest.hawaii.edu/stations/?stn=784
786,Roseau,15.3139,-61.38914,Dominica,University of Hawaii Sea Level Center,DM,rose,0,America/Dominica,2011-05-16,2024-12-31,2018-07-12,2026-07-31,https://uhslc.soest.hawaii.edu/stations/?stn=786
789,Prickley Bay,12.0055,-61.765210000000025,Grenada,University of Hawaii Sea Level Center,GD,pric,0,America/Grenada,2011-05-10,2024-12-31,2011-05-11,2026-07-31,https://uhslc.soest.hawaii.edu/stations/?stn=789
800,Andenes,69.3167,16.150000000000006,Norway,University of Hawaii Sea Level Center,NO,ande,322,Europe/Oslo,1991-10-09,2018-12-31,1991-10-10,2026-07-31,https://uhslc.soest.hawaii.edu/stations/?stn=800
801,Honningsvag,70.9833,25.983299999999986,Norway,University of Hawaii Sea Level Center,NO,honn,0,Europe/Oslo,1988-06-01,2014-12-31,1988-06-02,2026-07-31,https://uhslc.soest.hawaii.edu/stations/?stn=801
802,Maloy,61.9333,5.116700000000009,Norway,University of Hawaii Sea Level Center,NO,malo,0,Europe/Oslo,1986-04-21,2014-12-31,1986-04-22,2026-07-31,https://uhslc.soest.hawaii.edu/stations/?stn=802
803,Rorvik,64.8667,11.25,Norway,University of Hawaii Sea Level Center,NO,rorv,234,Europe/Oslo,1969-08-18,2018-12-31,1969-08-19,2026-07-31,https://uhslc.soest.hawaii.edu/stations/?stn=803
804,Tregde,58.0,7.566699999999997,Norway,University of Hawaii Sea Level Center,NO,treg,321,Europe/Oslo,1927-10-04,2018-12-31,1927-10-05,2026-07-31,https://uhslc.soest.hawaii.edu/stations/?stn=804
805,Vardo,70.3333,31.099999999999994,Norway,University of Hawaii Sea Level Center,NO,vard,323,Europe/Oslo,1947-09-10,2018-12-31,1947-09-11,2026-07-31,https://uhslc.soest.hawaii.edu/stations/?stn=805
806,Nouakchott,17.99,-16.036699999999996,Mauritania,University of Hawaii Sea Level Center,MR,noct,0,Africa/Nouakchott,2007-01-05,2015-02-09,2007-01-05,2024-05-08,https://uhslc.soest.hawaii.edu/stations/?stn=806
807,Alexandria,31.2117,29.923300000000012,Egypt,University of Hawaii Sea Level Center,EG,alex,349,Africa/Cairo,2009-11-06,2016-01-17,2009-11-06,2016-01-21,https://uhslc.soest.hawaii.edu/stations/?stn=807
808,Thule (Pituffik),76.5434,-68.86259999999999,Greenland,University of Hawaii Sea Level Center,GL,thul,343,America/Thule,,,2006-09-19,2026-07-31,https://uhslc.soest.hawaii.edu/stations/?stn=808
809,Ittoqqortoormiit,70.483,-21.982999999999947,Greenland,University of Hawaii Sea Level Center,GL,scor,315,America/Scoresbysund,,,2007-10-16,2026-07-18,https://uhslc.soest.hawaii.edu/stations/?stn=809
816,Port Sonara,4.0067,9.1267,Cameroon,University of Hawaii Sea Level Center,CM,sona,350,Africa/Douala,2008-06-23,2011-06-25,2008-06-23,2011-06-25,https://uhslc.soest.hawaii.edu/stations/?stn=816
817,Upernavik Harbour,72.78861,-56.14666999999997,Greenland,University of Hawaii Sea Level Center,GL,uper,0,America/Nuuk,,,2024-08-16,2026-07-31,https://uhslc.soest.hawaii.edu/stations/?stn=817
818,Smogen,58.35,11.215000000000003,Sweden,University of Hawaii Sea Level Center,SE,smog,0,Europe/Stockholm,,,2000-01-01,2026-07-31,https://uhslc.soest.hawaii.edu/stations/?stn=818
819,Goteborg-Torshamnen,57.685,11.789999999999992,Sweden,University of Hawaii Sea Level Center,SE,goto,233,Europe/Stockholm,1967-11-02,2014-12-31,1967-11-02,2023-01-19,https://uhslc.soest.hawaii.edu/stations/?stn=819
820,Nuuk,64.172,-51.72000000000003,Greenland,University of Hawaii Sea Level Center,GL,nuuk,225,America/Nuuk,,,2014-07-05,2026-07-31,https://uhslc.soest.hawaii.edu/stations/?stn=820
822,Brest,48.3833,-4.4950000000000045,France,University of Hawaii Sea Level Center,FR,bres,242,Europe/Paris,1846-01-04,2018-12-31,1846-01-04,2026-07-31,https://uhslc.soest.hawaii.edu/stations/?stn=822
823,Ny-Alesund,78.9383,11.938299999999998,Svalbard and Jan Mayen,University of Hawaii Sea Level Center,SJ,nyal,345,Arctic/Longyearbyen,1976-08-30,2018-12-30,1976-08-31,2026-07-31,https://uhslc.soest.hawaii.edu/stations/?stn=823
824,Marseille,43.2783,5.35329999999999,France,University of Hawaii Sea Level Center,FR,mars,205,Europe/Paris,1849-11-01,2018-12-31,1849-11-02,2026-07-31,https://uhslc.soest.hawaii.edu/stations/?stn=824
825,"Cuxhaven, Steubenhoft",53.8667,8.716700000000003,Germany,University of Hawaii Sea Level Center,DE,cuxh,284,Europe/Berlin,1917-12-29,2023-07-11,1917-12-29,2026-07-31,https://uhslc.soest.hawaii.edu/stations/?stn=825
826,Stockholm,59.325,18.081700000000012,Sweden,University of Hawaii Sea Level Center,SE,sthm,341,Europe/Stockholm,1889-01-01,2014-12-31,1889-01-01,2026-07-31,https://uhslc.soest.hawaii.edu/stations/?stn=826
829,Trieste,45.65,13.75,Italy,University of Hawaii Sea Level Center,IT,trst,340,Europe/Rome,,,2009-06-01,2026-06-30,https://uhslc.soest.hawaii.edu/stations/?stn=829
830,La Coruna,43.3667,-8.399999999999977,Spain,University of Hawaii Sea Level Center,ES,coru,243,Europe/Madrid,1943-03-01,2017-12-31,1943-03-01,2024-03-20,https://uhslc.soest.hawaii.edu/stations/?stn=830
832,Rothera,-67.5667,-68.13330000000002,Antarctica,University of Hawaii Sea Level Center,AQ,roth,342,Antarctica/Rothera,2002-12-23,2018-09-06,,,https://uhslc.soest.hawaii.edu/stations/?stn=832
833,Nain,56.55,-61.68330000000003,Canada,University of Hawaii Sea Level Center,CA,nain,224,Canada/Atlantic,1963-10-17,2018-12-31,1963-10-18,2026-07-31,https://uhslc.soest.hawaii.edu/stations/?stn=833
834,Malin Head,55.3667,-7.333300000000008,Ireland,University of Hawaii Sea Level Center,IE,mali,239,Europe/Dublin,1958-01-16,2001-12-31,1958-01-16,2026-02-10,https://uhslc.soest.hawaii.edu/stations/?stn=834
835,Castletownbere,51.65,-9.903299999999945,Ireland,University of Hawaii Sea Level Center,IE,catb,330,Europe/Dublin,2004-12-17,2008-12-31,2004-12-17,2026-07-28,https://uhslc.soest.hawaii.edu/stations/?stn=835
836,Alert,82.492,-62.31700000000001,Canada,University of Hawaii Sea Level Center,CA,aler,333,America/Iqaluit,,,2018-09-01,2024-01-01,https://uhslc.soest.hawaii.edu/stations/?stn=836
837,Gedser,54.5667,11.933300000000003,Denmark,University of Hawaii Sea Level Center,DK,geds,0,Europe/Copenhagen,1891-09-01,2012-12-31,,,https://uhslc.soest.hawaii.edu/stations/?stn=837
838,Hornbaek,56.1,12.466700000000003,Denmark,University of Hawaii Sea Level Center,DK,hornm,0,Europe/Copenhagen,1891-01-01,2012-12-31,,,https://uhslc.soest.hawaii.edu/stations/?stn=838
845,Chateaubelair,13.291,-61.24000000000001,Saint Vincent and the Grenadines,University of Hawaii Sea Level Center,VC,chki,0,America/St_Vincent,,,,,https://uhslc.soest.hawaii.edu/stations/?stn=845
846,Cap-Haïtien,19.759303,-72.19337100000001,Haiti,University of Hawaii Sea Level Center,HT,caph,0,America/Port-au-Prince,2011-11-30,2018-12-31,2011-11-30,2026-07-31,https://uhslc.soest.hawaii.edu/stations/?stn=846
850,Ile Royale,5.285,-52.58499999999998,French Guiana,University of Hawaii Sea Level Center,GF,iler,0,America/Cayenne,1989-05-16,2018-12-31,,,https://uhslc.soest.hawaii.edu/stations/?stn=850
851,Ile Royale Anse Legoff,5.2883,-52.58670000000001,French Guiana,University of Hawaii Sea Level Center,GF,iler2,0,America/Cayenne,1989-05-16,2007-12-06,,,https://uhslc.soest.hawaii.edu/stations/?stn=851
860,Puerto Moreles,20.8683,-86.86669999999998,Mexico,University of Hawaii Sea Level Center,MX,pumo,0,America/Cancun,2007-10-22,2013-06-26,,,https://uhslc.soest.hawaii.edu/stations/?stn=860
861,Celestun,20.8583,-90.4033,Mexico,University of Hawaii Sea Level Center,MX,clst,0,America/Merida,2010-02-12,2011-08-19,,,https://uhslc.soest.hawaii.edu/stations/?stn=861
862,Telchac,21.34,-89.30830000000003,Mexico,University of Hawaii Sea Level Center,MX,telc,0,America/Merida,2011-12-01,2013-04-30,,,https://uhslc.soest.hawaii.edu/stations/?stn=862
878,Bullen Bay,12.18728,-69.01959999999997,Curaçao,University of Hawaii Sea Level Center,CW,bull,0,America/Curacao,2013-10-16,2024-12-31,2013-10-17,2026-07-31,https://uhslc.soest.hawaii.edu/stations/?stn=878
900,Inhambane,-23.8683,35.3767,Mozambique,University of Hawaii Sea Level Center,MZ,inha,10,Africa/Maputo,2007-05-07,2014-09-09,2007-05-07,2014-09-09,https://uhslc.soest.hawaii.edu/stations/?stn=900
906,Moulmein,16.46557,97.62193000000002,Myanmar,University of Hawaii Sea Level Center,MM,moul,141,Asia/Yangon,2006-12-01,2020-06-13,2006-12-01,2023-06-14,https://uhslc.soest.hawaii.edu/stations/?stn=906
907,Sittwe (Akyab),20.14055,92.90337,Myanmar,University of Hawaii Sea Level Center,MM,sitt,37,Asia/Yangon,2006-09-07,2024-12-31,2006-09-07,2025-09-15,https://uhslc.soest.hawaii.edu/stations/?stn=907
908,Port Blair,11.683,92.767,India,University of Hawaii Sea Level Center,IN,ptbl,38,Asia/Colombo,,,2022-11-01,2026-07-23,https://uhslc.soest.hawaii.edu/stations/?stn=908
913,Telukdalam,0.55,97.81669999999997,Indonesia,University of Hawaii Sea Level Center,ID,teda,0,Asia/Jakarta,,,2008-08-25,2016-01-31,https://uhslc.soest.hawaii.edu/stations/?stn=913
914,Meulaboh,4.316667,96.21667000000002,Indonesia,University of Hawaii Sea Level Center,ID,meul,0,Asia/Jakarta,,,2008-10-26,2016-09-27,https://uhslc.soest.hawaii.edu/stations/?stn=914
915,Chabahar,25.2967,60.60329999999999,"Iran, Islamic Republic of",University of Hawaii Sea Level Center,IR,chab,337,Asia/Tehran,2007-10-31,2016-12-31,2007-10-31,2019-06-23,https://uhslc.soest.hawaii.edu/stations/?stn=915
920,Marion Island,-46.867,37.86699999999999,South Africa,University of Hawaii Sea Level Center,ZA,mais,20,Africa/Johannesburg,,,2007-09-27,2025-05-01,https://uhslc.soest.hawaii.edu/stations/?stn=920
922,Mtwara,-10.283,40.18299999999999,"Tanzania, United Republic of",University of Hawaii Sea Level Center,TZ,tanz,9,Africa/Dar_es_Salaam,,,2018-08-28,2019-03-31,https://uhslc.soest.hawaii.edu/stations/?stn=922
